protocol,seed,duration_s,flows,unicast_flows,broadcast_flows,unicast_pdr,destination_unicast_pdr,broadcast_coverage,avg_delay_s,unicast_delivery_delay_s,unicast_ack_delay_s,p95_unicast_delivery_delay_s,p95_unicast_ack_delay_s,unicast_deliveries,unicast_acks,broadcast_deliveries,tx_count,data_tx,control_tx,ack_tx,total_airtime_s,channel_busy_time_s,channel_busy_ratio,tx_energy_j,rx_energy_j,total_energy_j,energy_per_delivery_j,airtime_per_delivery_s,mean_delivery_delay_s,rx_success,rx_fail,rx_attempts,packet_reception_ratio,collision_fail,collision_rate,duplicate_rx,suppressed_forwards,route_requests,route_replies,route_discovery_attempts,route_discovery_successes,route_cache_hits,route_cache_misses,fallback_forward_count,route_repair_count,ack_timeout_invalidations,timeout_invalidations_after_destination_delivery,mean_path_confidence,control_overhead_ratio,policy_switch_count,policy_update_count,policy_reward_total,active_profile_index,profile_lean_count,profile_balanced_count,profile_rescue_count,scenario,nodes,area_m,rate_per_min,traffic,pair_schedule,matched_rreq_timing,discovery_record_count,discovery_candidate_path_total,discovery_multi_candidate_count,discovery_candidate_fingerprints_json,discovery_records_json,scheduled_unicast_flows,scheduled_broadcast_flows,scheduled_distinct_unicast_pairs,scheduled_pair_counts_json,scheduled_min_flows_per_pair,scheduled_min_time_blocks_per_pair,observed_distinct_unicast_pairs,scheduled_rate_per_min,scheduled_trace_sha256,sf,path_loss_exp,temporal_fading_sigma_db,temporal_fading_interval_s,random_pairs,pair_mode,edge_prr_threshold,min_graph_hops,max_graph_hops,candidate_pair_count,selected_pair_mean_graph_hops,independent_rng_streams,cached_route_count,multihop_cached_route_count,route_discovery_success_rate,rrep_rreq_tx_ratio,smart_max_timeout_retries,mean_cached_hops,direct_prr_p05,direct_prr_p25,direct_prr_p50,direct_prr_p75,direct_prr_p95,direct_prr_below_0_99,direct_prr_below_0_50
meshecho-calibrated,51,600.0,35,35,0,0.914286,0.914286,0.0,0.560668,0.383076,0.560668,2.352486,2.52873,32,32,0,367,82,285,79,26.400512,16.572952,0.027622,10.454603,42.322316,52.776919,1.649279,0.825016,0.383076,8300,9683,17983,0.461547,7256,0.403492,837,0,196,10,4,4,31,4,0,0,0,0,0.964936,0.776567,0,0,0.0,-1,0,0,0,icc2027_generalization_feedback_fading,50,8250.0,4.0,unicast,poisson,1,4,26,4,"[{""key"":[15,24,3],""candidate_count"":9,""sha256"":""27f16061f195b6395b4fe0c709a0721723aebf90f12742bd68dea023dca1ba46""},{""key"":[24,29,4],""candidate_count"":5,""sha256"":""90ebc4b8b14c7e2b36175d40755ea01ccb7c7bd2797702729a7d86d6d0dc1e67""},{""key"":[26,12,2],""candidate_count"":5,""sha256"":""a4b2b51b8c5f50258767666414b3710d5ef7f2f6dc5e93d80f4d28e356807595""},{""key"":[32,46,1],""candidate_count"":7,""sha256"":""1889012c123ca2c17976f01cce927f65556544b62fce06de866521934ef1ebe6""}]","[{""key"":[15,24,3],""started_at"":38.64030006714884,""closed_at"":40.64030006714884,""candidate_paths"":[[15,1,7,24],[15,1,9,24],[15,4,42,24],[15,12,24],[15,27,3,24],[15,28,24],[15,30,24],[15,39,24],[15,47,24]],""selected_path"":[15,12,24]},{""key"":[24,29,4],""started_at"":64.50380169204466,""closed_at"":66.50380169204466,""candidate_paths"":[[24,0,29],[24,6,22,29],[24,16,29],[24,17,29],[24,35,46,29]],""selected_path"":[24,35,46,29]},{""key"":[26,12,2],""started_at"":17.764155140887926,""closed_at"":19.764155140887926,""candidate_paths"":[[26,12],[26,20,8,12],[26,24,12],[26,25,12],[26,48,19,12]],""selected_path"":[26,20,8,12]},{""key"":[32,46,1],""started_at"":1.0,""closed_at"":3.0,""candidate_paths"":[[32,3,46],[32,15,46],[32,16,46],[32,20,26,46],[32,22,46],[32,35,5,46],[32,35,46]],""selected_path"":[32,15,46]}]",35,0,4,"[{""src"":15,""dst"":24,""flows"":9,""time_blocks"":8},{""src"":24,""dst"":29,""flows"":8,""time_blocks"":6},{""src"":26,""dst"":12,""flows"":9,""time_blocks"":9},{""src"":32,""dst"":46,""flows"":9,""time_blocks"":7}]",8,6,4,3.5,1ed02de20c4c931fbdab4fcc8b5c86629dbfb66d9c67348311d7b230d77dcbc3,7,2.75,6.0,60.0,0,connected-multihop,0.9,2,4,4,2.0,1,4,4,1.0,0.05102040816326531,0,2.5,0.6582779957950068,0.9992082676798771,0.9999962811764395,0.9999999954392476,0.999999999999981,0.15428571428571428,0.036734693877551024
meshtastic-like,51,600.0,35,35,0,0.371429,0.971429,0.0,0.386744,0.704798,0.386744,1.151141,1.234738,34,13,0,542,495,47,47,38.989312,21.249719,0.035416,15.439768,62.707154,78.146921,6.011302,2.999178,0.704798,7183,19375,26558,0.270465,16892,0.636042,4569,1590,0,0,0,0,0,0,0,0,0,0,0.0,0.086716,0,0,0.0,-1,0,0,0,icc2027_generalization_feedback_fading,50,8250.0,4.0,unicast,poisson,1,0,0,0,[],[],35,0,4,"[{""src"":15,""dst"":24,""flows"":9,""time_blocks"":8},{""src"":24,""dst"":29,""flows"":8,""time_blocks"":6},{""src"":26,""dst"":12,""flows"":9,""time_blocks"":9},{""src"":32,""dst"":46,""flows"":9,""time_blocks"":7}]",8,6,4,3.5,1ed02de20c4c931fbdab4fcc8b5c86629dbfb66d9c67348311d7b230d77dcbc3,7,2.75,6.0,60.0,0,connected-multihop,0.9,2,4,4,2.0,1,0,0,0.0,0.0,0,0.0,0.6582779957950068,0.9992082676798771,0.9999962811764395,0.9999999954392476,0.999999999999981,0.15428571428571428,0.036734693877551024
meshcore-like,51,600.0,35,35,0,0.228571,0.228571,0.0,0.26976,0.13488,0.26976,0.143872,0.287744,8,8,0,241,25,216,15,17.336576,7.450223,0.012417,6.865284,27.209124,34.074409,4.259301,2.167072,0.13488,2685,9124,11809,0.227369,7436,0.629689,679,0,196,5,4,2,16,19,0,0,0,0,0.0,0.896266,0,0,0.0,-1,0,0,0,icc2027_generalization_feedback_fading,50,8250.0,4.0,unicast,poisson,1,4,24,4,"[{""key"":[15,24,3],""candidate_count"":7,""sha256"":""456f0ce15e6c342c2a6d5369b1e660ba3948ca7a5268d3577ce1b0943ba93bbd""},{""key"":[24,29,4],""candidate_count"":5,""sha256"":""f2a3308887b74e9d0be05f753e11c8e726f1f80ee20fa8910655ac73cfc03176""},{""key"":[26,12,2],""candidate_count"":5,""sha256"":""a4b2b51b8c5f50258767666414b3710d5ef7f2f6dc5e93d80f4d28e356807595""},{""key"":[32,46,1],""candidate_count"":7,""sha256"":""1889012c123ca2c17976f01cce927f65556544b62fce06de866521934ef1ebe6""}]","[{""key"":[15,24,3],""started_at"":38.64030006714884,""closed_at"":40.64030006714884,""candidate_paths"":[[15,1,7,24],[15,4,2,24],[15,4,42,24],[15,28,24],[15,30,24],[15,39,24],[15,47,24]],""selected_path"":[15,28,24]},{""key"":[24,29,4],""started_at"":64.50380169204466,""closed_at"":66.50380169204466,""candidate_paths"":[[24,0,29],[24,16,29],[24,17,29],[24,29],[24,46,22,29]],""selected_path"":[24,29]},{""key"":[26,12,2],""started_at"":17.764155140887926,""closed_at"":19.764155140887926,""candidate_paths"":[[26,12],[26,20,8,12],[26,24,12],[26,25,12],[26,48,19,12]],""selected_path"":[26,12]},{""key"":[32,46,1],""started_at"":1.0,""closed_at"":3.0,""candidate_paths"":[[32,3,46],[32,15,46],[32,16,46],[32,20,26,46],[32,22,46],[32,35,5,46],[32,35,46]],""selected_path"":[32,3,46]}]",35,0,4,"[{""src"":15,""dst"":24,""flows"":9,""time_blocks"":8},{""src"":24,""dst"":29,""flows"":8,""time_blocks"":6},{""src"":26,""dst"":12,""flows"":9,""time_blocks"":9},{""src"":32,""dst"":46,""flows"":9,""time_blocks"":7}]",8,6,4,3.5,1ed02de20c4c931fbdab4fcc8b5c86629dbfb66d9c67348311d7b230d77dcbc3,7,2.75,6.0,60.0,0,connected-multihop,0.9,2,4,4,2.0,1,2,1,0.5,0.025510204081632654,0,1.5,0.6582779957950068,0.9992082676798771,0.9999962811764395,0.9999999954392476,0.999999999999981,0.15428571428571428,0.036734693877551024
prr-product-fallback-mesh,51,600.0,35,35,0,0.914286,0.914286,0.0,0.560668,0.383076,0.560668,2.352486,2.52873,32,32,0,367,82,285,79,26.400512,16.572952,0.027622,10.454603,42.322316,52.776919,1.649279,0.825016,0.383076,8300,9683,17983,0.461547,7256,0.403492,837,0,196,10,4,4,31,4,0,0,0,0,0.964935,0.776567,0,0,0.0,-1,0,0,0,icc2027_generalization_feedback_fading,50,8250.0,4.0,unicast,poisson,1,4,26,4,"[{""key"":[15,24,3],""candidate_count"":9,""sha256"":""27f16061f195b6395b4fe0c709a0721723aebf90f12742bd68dea023dca1ba46""},{""key"":[24,29,4],""candidate_count"":5,""sha256"":""90ebc4b8b14c7e2b36175d40755ea01ccb7c7bd2797702729a7d86d6d0dc1e67""},{""key"":[26,12,2],""candidate_count"":5,""sha256"":""a4b2b51b8c5f50258767666414b3710d5ef7f2f6dc5e93d80f4d28e356807595""},{""key"":[32,46,1],""candidate_count"":7,""sha256"":""1889012c123ca2c17976f01cce927f65556544b62fce06de866521934ef1ebe6""}]","[{""key"":[15,24,3],""started_at"":38.64030006714884,""closed_at"":40.64030006714884,""candidate_paths"":[[15,1,7,24],[15,1,9,24],[15,4,42,24],[15,12,24],[15,27,3,24],[15,28,24],[15,30,24],[15,39,24],[15,47,24]],""selected_path"":[15,12,24]},{""key"":[24,29,4],""started_at"":64.50380169204466,""closed_at"":66.50380169204466,""candidate_paths"":[[24,0,29],[24,6,22,29],[24,16,29],[24,17,29],[24,35,46,29]],""selected_path"":[24,35,46,29]},{""key"":[26,12,2],""started_at"":17.764155140887926,""closed_at"":19.764155140887926,""candidate_paths"":[[26,12],[26,20,8,12],[26,24,12],[26,25,12],[26,48,19,12]],""selected_path"":[26,20,8,12]},{""key"":[32,46,1],""started_at"":1.0,""closed_at"":3.0,""candidate_paths"":[[32,3,46],[32,15,46],[32,16,46],[32,20,26,46],[32,22,46],[32,35,5,46],[32,35,46]],""selected_path"":[32,15,46]}]",35,0,4,"[{""src"":15,""dst"":24,""flows"":9,""time_blocks"":8},{""src"":24,""dst"":29,""flows"":8,""time_blocks"":6},{""src"":26,""dst"":12,""flows"":9,""time_blocks"":9},{""src"":32,""dst"":46,""flows"":9,""time_blocks"":7}]",8,6,4,3.5,1ed02de20c4c931fbdab4fcc8b5c86629dbfb66d9c67348311d7b230d77dcbc3,7,2.75,6.0,60.0,0,connected-multihop,0.9,2,4,4,2.0,1,4,4,1.0,0.05102040816326531,0,2.5,0.6582779957950068,0.9992082676798771,0.9999962811764395,0.9999999954392476,0.999999999999981,0.15428571428571428,0.036734693877551024
meshecho-calibrated,52,600.0,53,53,0,0.830189,0.867925,0.0,0.505853,0.322785,0.505853,1.76976,2.131616,46,44,0,446,128,318,112,32.083456,22.27125,0.037119,12.705049,51.821548,64.526596,1.466514,0.729169,0.322785,11269,10585,21854,0.515649,7396,0.338428,726,0,196,10,4,4,49,4,0,0,0,0,0.953893,0.713004,0,0,0.0,-1,0,0,0,icc2027_generalization_feedback_fading,50,8250.0,4.0,unicast,poisson,1,4,26,4,"[{""key"":[1,2,3],""candidate_count"":7,""sha256"":""3009c260912e8dccabca3968b6a831a9faf48a855354bf9329863772da47ba5e""},{""key"":[3,9,4],""candidate_count"":8,""sha256"":""f031b117bef85d9d23778c66433c1003a6564840a74bb8d549a94c7fc9c4e220""},{""key"":[30,35,1],""candidate_count"":6,""sha256"":""898bb6096329d51d9d4df9a7afc62ad55d98eebb222f84d9599486eeb57e3e03""},{""key"":[40,46,2],""candidate_count"":5,""sha256"":""a0792b11e87abd5515ccb28ccc9c7ce75205adef583438e231b799f640e57cfb""}]","[{""key"":[1,2,3],""started_at"":13.523581456844791,""closed_at"":15.523581456844791,""candidate_paths"":[[1,0,4,2],[1,6,2],[1,13,5,2],[1,13,15,2],[1,23,45,2],[1,31,2],[1,48,10,2]],""selected_path"":[1,13,5,2]},{""key"":[3,9,4],""started_at"":16.38879103719432,""closed_at"":18.38879103719432,""candidate_paths"":[[3,8,9],[3,9],[3,10,9],[3,12,9],[3,17,30,9],[3,18,1,9],[3,22,9],[3,34,9]],""selected_path"":[3,17,30,9]},{""key"":[30,35,1],""started_at"":1.0,""closed_at"":3.0,""candidate_paths"":[[30,35],[30,37,35],[30,43,0,35],[30,43,38,35],[30,46,3,35],[30,47,35]],""selected_path"":[30,47,35]},{""key"":[40,46,2],""started_at"":4.149329853529532,""closed_at"":6.149329853529532,""candidate_paths"":[[40,5,11,46],[40,15,46],[40,37,46],[40,41,46],[40,46]],""selected_path"":[40,41,46]}]",53,0,4,"[{""src"":1,""dst"":2,""flows"":13,""time_blocks"":9},{""src"":3,""dst"":9,""flows"":13,""time_blocks"":10},{""src"":30,""dst"":35,""flows"":14,""time_blocks"":9},{""src"":40,""dst"":46,""flows"":13,""time_blocks"":8}]",13,8,4,5.3,423adbc8feef020c5ea0aa3ae467bb8ebca61abe2852851989b93c40b5c6d5f2,7,2.75,6.0,60.0,0,connected-multihop,0.9,2,4,4,2.0,1,4,4,1.0,0.05102040816326531,0,2.5,0.4154304373157764,0.9980920214488018,0.9999847772426999,0.9999999836738791,0.9999999999999857,0.18122448979591838,0.05959183673469388
meshtastic-like,52,600.0,53,53,0,0.471698,1.0,0.0,0.490605,0.693859,0.490605,1.243955,1.273214,53,25,0,762,691,71,71,54.815232,32.277543,0.053796,21.706832,88.740183,110.447015,4.417881,2.192609,0.693859,11416,25922,37338,0.305747,22575,0.604612,7163,2440,0,0,0,0,0,0,0,0,0,0,0.0,0.093176,0,0,0.0,-1,0,0,0,icc2027_generalization_feedback_fading,50,8250.0,4.0,unicast,poisson,1,0,0,0,[],[],53,0,4,"[{""src"":1,""dst"":2,""flows"":13,""time_blocks"":9},{""src"":3,""dst"":9,""flows"":13,""time_blocks"":10},{""src"":30,""dst"":35,""flows"":14,""time_blocks"":9},{""src"":40,""dst"":46,""flows"":13,""time_blocks"":8}]",13,8,4,5.3,423adbc8feef020c5ea0aa3ae467bb8ebca61abe2852851989b93c40b5c6d5f2,7,2.75,6.0,60.0,0,connected-multihop,0.9,2,4,4,2.0,1,0,0,0.0,0.0,0,0.0,0.4154304373157764,0.9980920214488018,0.9999847772426999,0.9999999836738791,0.9999999999999857,0.18122448979591838,0.05959183673469388
meshcore-like,52,600.0,53,53,0,0.471698,0.471698,0.0,0.375808,0.27222,0.375808,1.743872,1.830195,25,25,0,301,64,237,36,21.652736,11.869193,0.019782,8.574483,34.466195,43.040678,1.721627,0.866109,0.27222,5314,9435,14749,0.360296,7417,0.502882,720,0,196,5,4,4,49,4,0,0,0,0,0.0,0.787375,0,0,0.0,-1,0,0,0,icc2027_generalization_feedback_fading,50,8250.0,4.0,unicast,poisson,1,4,21,4,"[{""key"":[1,2,3],""candidate_count"":5,""sha256"":""55a0f785b2aa59b8a730b39f6cf09f62f8c4618b62933fd0d992438fff25aa40""},{""key"":[3,9,4],""candidate_count"":6,""sha256"":""fbe420641833ad371658411259c0c96e0faf211a650e98786c9652b172e825fa""},{""key"":[30,35,1],""candidate_count"":6,""sha256"":""898bb6096329d51d9d4df9a7afc62ad55d98eebb222f84d9599486eeb57e3e03""},{""key"":[40,46,2],""candidate_count"":4,""sha256"":""2ec355cb3ae2e2ecd30a7bc30dcabc0a752af0f01e2ff1c3cdf26671aa67ebfd""}]","[{""key"":[1,2,3],""started_at"":13.523581456844791,""closed_at"":15.523581456844791,""candidate_paths"":[[1,0,4,2],[1,6,2],[1,13,15,2],[1,31,2],[1,48,10,2]],""selected_path"":[1,6,2]},{""key"":[3,9,4],""started_at"":16.38879103719432,""closed_at"":18.38879103719432,""candidate_paths"":[[3,8,9],[3,9],[3,10,9],[3,12,9],[3,17,30,9],[3,34,9]],""selected_path"":[3,9]},{""key"":[30,35,1],""started_at"":1.0,""closed_at"":3.0,""candidate_paths"":[[30,35],[30,37,35],[30,43,0,35],[30,43,38,35],[30,46,3,35],[30,47,35]],""selected_path"":[30,35]},{""key"":[40,46,2],""started_at"":4.149329853529532,""closed_at"":6.149329853529532,""candidate_paths"":[[40,15,46],[40,37,46],[40,41,46],[40,46]],""selected_path"":[40,46]}]",53,0,4,"[{""src"":1,""dst"":2,""flows"":13,""time_blocks"":9},{""src"":3,""dst"":9,""flows"":13,""time_blocks"":10},{""src"":30,""dst"":35,""flows"":14,""time_blocks"":9},{""src"":40,""dst"":46,""flows"":13,""time_blocks"":8}]",13,8,4,5.3,423adbc8feef020c5ea0aa3ae467bb8ebca61abe2852851989b93c40b5c6d5f2,7,2.75,6.0,60.0,0,connected-multihop,0.9,2,4,4,2.0,1,4,1,1.0,0.025510204081632654,0,1.25,0.4154304373157764,0.9980920214488018,0.9999847772426999,0.9999999836738791,0.9999999999999857,0.18122448979591838,0.05959183673469388
prr-product-fallback-mesh,52,600.0,53,53,0,0.830189,0.867925,0.0,0.505853,0.322785,0.505853,1.76976,2.131616,46,44,0,446,128,318,112,32.083456,22.27125,0.037119,12.705049,51.821548,64.526596,1.466514,0.729169,0.322785,11269,10585,21854,0.515649,7396,0.338428,726,0,196,10,4,4,49,4,0,0,0,0,0.953893,0.713004,0,0,0.0,-1,0,0,0,icc2027_generalization_feedback_fading,50,8250.0,4.0,unicast,poisson,1,4,26,4,"[{""key"":[1,2,3],""candidate_count"":7,""sha256"":""3009c260912e8dccabca3968b6a831a9faf48a855354bf9329863772da47ba5e""},{""key"":[3,9,4],""candidate_count"":8,""sha256"":""f031b117bef85d9d23778c66433c1003a6564840a74bb8d549a94c7fc9c4e220""},{""key"":[30,35,1],""candidate_count"":6,""sha256"":""898bb6096329d51d9d4df9a7afc62ad55d98eebb222f84d9599486eeb57e3e03""},{""key"":[40,46,2],""candidate_count"":5,""sha256"":""a0792b11e87abd5515ccb28ccc9c7ce75205adef583438e231b799f640e57cfb""}]","[{""key"":[1,2,3],""started_at"":13.523581456844791,""closed_at"":15.523581456844791,""candidate_paths"":[[1,0,4,2],[1,6,2],[1,13,5,2],[1,13,15,2],[1,23,45,2],[1,31,2],[1,48,10,2]],""selected_path"":[1,13,5,2]},{""key"":[3,9,4],""started_at"":16.38879103719432,""closed_at"":18.38879103719432,""candidate_paths"":[[3,8,9],[3,9],[3,10,9],[3,12,9],[3,17,30,9],[3,18,1,9],[3,22,9],[3,34,9]],""selected_path"":[3,17,30,9]},{""key"":[30,35,1],""started_at"":1.0,""closed_at"":3.0,""candidate_paths"":[[30,35],[30,37,35],[30,43,0,35],[30,43,38,35],[30,46,3,35],[30,47,35]],""selected_path"":[30,47,35]},{""key"":[40,46,2],""started_at"":4.149329853529532,""closed_at"":6.149329853529532,""candidate_paths"":[[40,5,11,46],[40,15,46],[40,37,46],[40,41,46],[40,46]],""selected_path"":[40,41,46]}]",53,0,4,"[{""src"":1,""dst"":2,""flows"":13,""time_blocks"":9},{""src"":3,""dst"":9,""flows"":13,""time_blocks"":10},{""src"":30,""dst"":35,""flows"":14,""time_blocks"":9},{""src"":40,""dst"":46,""flows"":13,""time_blocks"":8}]",13,8,4,5.3,423adbc8feef020c5ea0aa3ae467bb8ebca61abe2852851989b93c40b5c6d5f2,7,2.75,6.0,60.0,0,connected-multihop,0.9,2,4,4,2.0,1,4,4,1.0,0.05102040816326531,0,2.5,0.4154304373157764,0.9980920214488018,0.9999847772426999,0.9999999836738791,0.9999999999999857,0.18122448979591838,0.05959183673469388
meshecho-calibrated,53,600.0,35,35,0,0.714286,0.714286,0.0,0.545009,0.401137,0.545009,2.287744,2.431616,25,25,0,305,52,253,50,21.94048,11.962133,0.019937,8.68843,34.762053,43.450483,1.738019,0.877619,0.401137,5604,9341,14945,0.374975,7212,0.482569,672,0,196,7,4,3,23,12,0,0,0,0,0.958845,0.829508,0,0,0.0,-1,0,0,0,icc2027_generalization_feedback_fading,50,8250.0,4.0,unicast,poisson,1,4,17,4,"[{""key"":[17,35,2],""candidate_count"":3,""sha256"":""b938a74b9a92373fe9f59f30ac234ee5444c06c635b729c4818473da7e76749b""},{""key"":[21,35,3],""candidate_count"":4,""sha256"":""ce03f834cf31b60301d7272944c69c9a6a94e085ccdebe3db24461b794682d96""},{""key"":[44,39,4],""candidate_count"":3,""sha256"":""5879175c126a5eb88a219338837f7d364d7595964251e5049a0aac71b2049e86""},{""key"":[48,1,1],""candidate_count"":7,""sha256"":""13d9839669673805712f38a15c72fd299cef1efa1beb55703bbbaa5c211f6147""}]","[{""key"":[17,35,2],""started_at"":19.163008294136755,""closed_at"":21.163008294136755,""candidate_paths"":[[17,1,38,35],[17,33,35],[17,36,35]],""selected_path"":[17,36,35]},{""key"":[21,35,3],""started_at"":35.974882887648775,""closed_at"":37.974882887648775,""candidate_paths"":[[21,28,47,35],[21,29,35],[21,33,35],[21,34,6,35]],""selected_path"":[21,33,35]},{""key"":[44,39,4],""started_at"":45.45496089433335,""closed_at"":47.45496089433335,""candidate_paths"":[[44,14,39],[44,39],[44,49,39]],""selected_path"":[44,14,39]},{""key"":[48,1,1],""started_at"":1.0,""closed_at"":3.0,""candidate_paths"":[[48,0,1],[48,1],[48,38,1],[48,44,2,1],[48,45,16,1],[48,47,1],[48,47,24,1]],""selected_path"":[48,0,1]}]",35,0,4,"[{""src"":17,""dst"":35,""flows"":9,""time_blocks"":7},{""src"":21,""dst"":35,""flows"":9,""time_blocks"":8},{""src"":44,""dst"":39,""flows"":8,""time_blocks"":8},{""src"":48,""dst"":1,""flows"":9,""time_blocks"":7}]",8,7,4,3.5,c44c358ba82e58346eb7e5595c05e14b595cc9dc452449dc327925bf5d292449,7,2.75,6.0,60.0,0,connected-multihop,0.9,2,4,4,2.0,1,3,3,0.75,0.03571428571428571,0,2.0,0.723153825068635,0.999302090801538,0.9999954239217346,0.9999999928766405,0.9999999999999721,0.13714285714285715,0.03346938775510204
meshtastic-like,53,600.0,35,35,0,0.457143,1.0,0.0,0.210044,0.616417,0.210044,1.207736,0.408561,35,16,0,557,513,44,44,40.068352,21.76173,0.03627,15.867067,64.401611,80.268679,5.016792,2.504272,0.616417,7216,20077,27293,0.26439,17514,0.641703,4553,1615,0,0,0,0,0,0,0,0,0,0,0.0,0.078995,0,0,0.0,-1,0,0,0,icc2027_generalization_feedback_fading,50,8250.0,4.0,unicast,poisson,1,0,0,0,[],[],35,0,4,"[{""src"":17,""dst"":35,""flows"":9,""time_blocks"":7},{""src"":21,""dst"":35,""flows"":9,""time_blocks"":8},{""src"":44,""dst"":39,""flows"":8,""time_blocks"":8},{""src"":48,""dst"":1,""flows"":9,""time_blocks"":7}]",8,7,4,3.5,c44c358ba82e58346eb7e5595c05e14b595cc9dc452449dc327925bf5d292449,7,2.75,6.0,60.0,0,connected-multihop,0.9,2,4,4,2.0,1,0,0,0.0,0.0,0,0.0,0.723153825068635,0.999302090801538,0.9999954239217346,0.9999999928766405,0.9999999999999721,0.13714285714285715,0.03346938775510204
meshcore-like,53,600.0,35,35,0,0.371429,0.4,0.0,0.671813,0.546752,0.671813,2.194227,2.302131,14,13,0,251,31,220,19,18.055936,8.069874,0.01345,7.150151,28.250739,35.40089,2.723145,1.388918,0.546752,3345,8954,12299,0.271973,7057,0.573786,741,0,196,5,4,3,23,12,0,0,0,0,0.0,0.876494,0,0,0.0,-1,0,0,0,icc2027_generalization_feedback_fading,50,8250.0,4.0,unicast,poisson,1,4,17,4,"[{""key"":[17,35,2],""candidate_count"":2,""sha256"":""880a6345da62ad05f607accc4d56d4afcb0933fe52d7638975110119982e891a""},{""key"":[21,35,3],""candidate_count"":5,""sha256"":""86d99e34696086d79615d44eb487091802b7ed2ef672e8d562b2a453cef60d44""},{""key"":[44,39,4],""candidate_count"":3,""sha256"":""5879175c126a5eb88a219338837f7d364d7595964251e5049a0aac71b2049e86""},{""key"":[48,1,1],""candidate_count"":7,""sha256"":""13d9839669673805712f38a15c72fd299cef1efa1beb55703bbbaa5c211f6147""}]","[{""key"":[17,35,2],""started_at"":19.163008294136755,""closed_at"":21.163008294136755,""candidate_paths"":[[17,33,35],[17,36,35]],""selected_path"":[17,33,35]},{""key"":[21,35,3],""started_at"":35.974882887648775,""closed_at"":37.974882887648775,""candidate_paths"":[[21,28,47,35],[21,29,35],[21,33,35],[21,34,6,35],[21,35]],""selected_path"":[21,35]},{""key"":[44,39,4],""started_at"":45.45496089433335,""closed_at"":47.45496089433335,""candidate_paths"":[[44,14,39],[44,39],[44,49,39]],""selected_path"":[44,39]},{""key"":[48,1,1],""started_at"":1.0,""closed_at"":3.0,""candidate_paths"":[[48,0,1],[48,1],[48,38,1],[48,44,2,1],[48,45,16,1],[48,47,1],[48,47,24,1]],""selected_path"":[48,1]}]",35,0,4,"[{""src"":17,""dst"":35,""flows"":9,""time_blocks"":7},{""src"":21,""dst"":35,""flows"":9,""time_blocks"":8},{""src"":44,""dst"":39,""flows"":8,""time_blocks"":8},{""src"":48,""dst"":1,""flows"":9,""time_blocks"":7}]",8,7,4,3.5,c44c358ba82e58346eb7e5595c05e14b595cc9dc452449dc327925bf5d292449,7,2.75,6.0,60.0,0,connected-multihop,0.9,2,4,4,2.0,1,3,1,0.75,0.025510204081632654,0,1.3333333333333333,0.723153825068635,0.999302090801538,0.9999954239217346,0.9999999928766405,0.9999999999999721,0.13714285714285715,0.03346938775510204
prr-product-fallback-mesh,53,600.0,35,35,0,0.714286,0.714286,0.0,0.545009,0.401137,0.545009,2.287744,2.431616,25,25,0,305,52,253,50,21.94048,11.962133,0.019937,8.68843,34.762053,43.450483,1.738019,0.877619,0.401137,5604,9341,14945,0.374975,7212,0.482569,672,0,196,7,4,3,23,12,0,0,0,0,0.958845,0.829508,0,0,0.0,-1,0,0,0,icc2027_generalization_feedback_fading,50,8250.0,4.0,unicast,poisson,1,4,17,4,"[{""key"":[17,35,2],""candidate_count"":3,""sha256"":""b938a74b9a92373fe9f59f30ac234ee5444c06c635b729c4818473da7e76749b""},{""key"":[21,35,3],""candidate_count"":4,""sha256"":""ce03f834cf31b60301d7272944c69c9a6a94e085ccdebe3db24461b794682d96""},{""key"":[44,39,4],""candidate_count"":3,""sha256"":""5879175c126a5eb88a219338837f7d364d7595964251e5049a0aac71b2049e86""},{""key"":[48,1,1],""candidate_count"":7,""sha256"":""13d9839669673805712f38a15c72fd299cef1efa1beb55703bbbaa5c211f6147""}]","[{""key"":[17,35,2],""started_at"":19.163008294136755,""closed_at"":21.163008294136755,""candidate_paths"":[[17,1,38,35],[17,33,35],[17,36,35]],""selected_path"":[17,36,35]},{""key"":[21,35,3],""started_at"":35.974882887648775,""closed_at"":37.974882887648775,""candidate_paths"":[[21,28,47,35],[21,29,35],[21,33,35],[21,34,6,35]],""selected_path"":[21,33,35]},{""key"":[44,39,4],""started_at"":45.45496089433335,""closed_at"":47.45496089433335,""candidate_paths"":[[44,14,39],[44,39],[44,49,39]],""selected_path"":[44,14,39]},{""key"":[48,1,1],""started_at"":1.0,""closed_at"":3.0,""candidate_paths"":[[48,0,1],[48,1],[48,38,1],[48,44,2,1],[48,45,16,1],[48,47,1],[48,47,24,1]],""selected_path"":[48,0,1]}]",35,0,4,"[{""src"":17,""dst"":35,""flows"":9,""time_blocks"":7},{""src"":21,""dst"":35,""flows"":9,""time_blocks"":8},{""src"":44,""dst"":39,""flows"":8,""time_blocks"":8},{""src"":48,""dst"":1,""flows"":9,""time_blocks"":7}]",8,7,4,3.5,c44c358ba82e58346eb7e5595c05e14b595cc9dc452449dc327925bf5d292449,7,2.75,6.0,60.0,0,connected-multihop,0.9,2,4,4,2.0,1,3,3,0.75,0.03571428571428571,0,2.0,0.723153825068635,0.999302090801538,0.9999954239217346,0.9999999928766405,0.9999999999999721,0.13714285714285715,0.03346938775510204
meshecho-calibrated,54,600.0,41,41,0,0.487805,0.487805,0.0,0.45968,0.283437,0.45968,0.319405,0.531616,20,20,0,302,50,252,49,21.724672,12.446738,0.020745,8.60297,34.649578,43.252548,2.162627,1.086234,0.283437,5750,9048,14798,0.388566,7287,0.492431,948,0,196,7,4,2,19,22,0,0,0,0,0.966755,0.834437,0,0,0.0,-1,0,0,0,icc2027_generalization_feedback_fading,50,8250.0,4.0,unicast,poisson,1,4,24,4,"[{""key"":[4,36,4],""candidate_count"":9,""sha256"":""8ce6927a9b61aa32ab0323ab364eb05343c6094d210cb17eece16d1a79d52cd5""},{""key"":[11,41,2],""candidate_count"":6,""sha256"":""95fb9d516a14d504f68cc82e2f6f3ab20b8af51f134c73353a4d0c8984d4c432""},{""key"":[13,42,1],""candidate_count"":3,""sha256"":""cf7c59b86e1e8f92a5eda2689b2bd550f7dd05c9123f1395279b38b1871d187f""},{""key"":[34,45,3],""candidate_count"":6,""sha256"":""53e443d73a62be8007d8e7e756878c892d0d11bca1289606b3c8e29975135426""}]","[{""key"":[4,36,4],""started_at"":13.16570580355499,""closed_at"":15.16570580355499,""candidate_paths"":[[4,6,16,36],[4,6,36],[4,19,40,36],[4,20,9,36],[4,20,36],[4,29,22,36],[4,32,36],[4,34,36],[4,41,36]],""selected_path"":[4,19,40,36]},{""key"":[11,41,2],""started_at"":2.8493643245958156,""closed_at"":4.849364324595816,""candidate_paths"":[[11,9,41],[11,14,44,41],[11,32,41],[11,36,41],[11,39,7,41],[11,39,35,41]],""selected_path"":[11,39,35,41]},{""key"":[13,42,1],""started_at"":1.0,""closed_at"":3.0,""candidate_paths"":[[13,2,42],[13,8,42],[13,42]],""selected_path"":[13,2,42]},{""key"":[34,45,3],""started_at"":4.4800548272019665,""closed_at"":6.4800548272019665,""candidate_paths"":[[34,11,29,45],[34,11,45],[34,18,13,45],[34,32,25,45],[34,32,38,45],[34,41,2,45]],""selected_path"":[34,41,2,45]}]",41,0,4,"[{""src"":4,""dst"":36,""flows"":10,""time_blocks"":8},{""src"":11,""dst"":41,""flows"":10,""time_blocks"":8},{""src"":13,""dst"":42,""flows"":11,""time_blocks"":8},{""src"":34,""dst"":45,""flows"":10,""time_blocks"":8}]",10,8,4,4.1,ed545bdaba60edd4954602c8003fde53dbc3ea1d178e390529b273423210c21a,7,2.75,6.0,60.0,0,connected-multihop,0.9,2,4,4,2.0,1,2,2,0.5,0.03571428571428571,0,2.5,0.5829344079045835,0.9989050885397788,0.9999955585810868,0.9999999914422856,0.9999999999999857,0.15755102040816327,0.044081632653061226
meshtastic-like,54,600.0,41,41,0,0.585366,1.0,0.0,0.405854,0.494832,0.405854,1.314814,1.457267,41,24,0,630,579,51,51,45.31968,25.683334,0.042806,17.946593,73.106184,91.052777,3.793866,1.88832,0.494832,9026,21844,30870,0.292387,18984,0.614966,5535,1903,0,0,0,0,0,0,0,0,0,0,0.0,0.080952,0,0,0.0,-1,0,0,0,icc2027_generalization_feedback_fading,50,8250.0,4.0,unicast,poisson,1,0,0,0,[],[],41,0,4,"[{""src"":4,""dst"":36,""flows"":10,""time_blocks"":8},{""src"":11,""dst"":41,""flows"":10,""time_blocks"":8},{""src"":13,""dst"":42,""flows"":11,""time_blocks"":8},{""src"":34,""dst"":45,""flows"":10,""time_blocks"":8}]",10,8,4,4.1,ed545bdaba60edd4954602c8003fde53dbc3ea1d178e390529b273423210c21a,7,2.75,6.0,60.0,0,connected-multihop,0.9,2,4,4,2.0,1,0,0,0.0,0.0,0,0.0,0.5829344079045835,0.9989050885397788,0.9999955585810868,0.9999999914422856,0.9999999999999857,0.15755102040816327,0.044081632653061226
meshcore-like,54,600.0,41,41,0,0.536585,0.560976,0.0,0.339415,0.212063,0.339415,0.143872,0.287744,23,22,0,288,47,241,38,20.717568,11.334916,0.018892,8.204157,32.964901,41.169058,1.871321,0.941708,0.212063,4861,9251,14112,0.344459,7384,0.523243,893,0,196,7,4,3,28,13,0,0,0,0,0.0,0.836806,0,0,0.0,-1,0,0,0,icc2027_generalization_feedback_fading,50,8250.0,4.0,unicast,poisson,1,4,24,4,"[{""key"":[4,36,4],""candidate_count"":7,""sha256"":""15b4cb26e4c46798697c6b6622c8aab9d442c51594429f087bf6c8e5bc9e4ec3""},{""key"":[11,41,2],""candidate_count"":7,""sha256"":""0eb7420e3031e391ea356775cbeee1ef2db6e2aa447416bec6e3620fe6ab9e0b""},{""key"":[13,42,1],""candidate_count"":3,""sha256"":""cf7c59b86e1e8f92a5eda2689b2bd550f7dd05c9123f1395279b38b1871d187f""},{""key"":[34,45,3],""candidate_count"":7,""sha256"":""5e52ce5d1039fa9758a0c3860e421496ec6bf48c800e321173c7571aaf4bab72""}]","[{""key"":[4,36,4],""started_at"":13.16570580355499,""closed_at"":15.16570580355499,""candidate_paths"":[[4,6,36],[4,9,36],[4,19,40,36],[4,20,35,36],[4,20,36],[4,26,31,36],[4,34,36]],""selected_path"":[4,6,36]},{""key"":[11,41,2],""started_at"":2.8493643245958156,""closed_at"":4.849364324595816,""candidate_paths"":[[11,8,1,41],[11,9,41],[11,14,44,41],[11,32,41],[11,36,41],[11,39,7,41],[11,39,35,41]],""selected_path"":[11,9,41]},{""key"":[13,42,1],""started_at"":1.0,""closed_at"":3.0,""candidate_paths"":[[13,2,42],[13,8,42],[13,42]],""selected_path"":[13,42]},{""key"":[34,45,3],""started_at"":4.4800548272019665,""closed_at"":6.4800548272019665,""candidate_paths"":[[34,11,29,45],[34,11,45],[34,18,13,45],[34,21,2,45],[34,32,25,45],[34,32,38,45],[34,41,45]],""selected_path"":[34,11,45]}]",41,0,4,"[{""src"":4,""dst"":36,""flows"":10,""time_blocks"":8},{""src"":11,""dst"":41,""flows"":10,""time_blocks"":8},{""src"":13,""dst"":42,""flows"":11,""time_blocks"":8},{""src"":34,""dst"":45,""flows"":10,""time_blocks"":8}]",10,8,4,4.1,ed545bdaba60edd4954602c8003fde53dbc3ea1d178e390529b273423210c21a,7,2.75,6.0,60.0,0,connected-multihop,0.9,2,4,4,2.0,1,3,2,0.75,0.03571428571428571,0,1.6666666666666667,0.5829344079045835,0.9989050885397788,0.9999955585810868,0.9999999914422856,0.9999999999999857,0.15755102040816327,0.044081632653061226
prr-product-fallback-mesh,54,600.0,41,41,0,0.487805,0.487805,0.0,0.45968,0.283437,0.45968,0.319405,0.531616,20,20,0,302,50,252,49,21.724672,12.446738,0.020745,8.60297,34.649578,43.252548,2.162627,1.086234,0.283437,5750,9048,14798,0.388566,7287,0.492431,948,0,196,7,4,2,19,22,0,0,0,0,0.966751,0.834437,0,0,0.0,-1,0,0,0,icc2027_generalization_feedback_fading,50,8250.0,4.0,unicast,poisson,1,4,24,4,"[{""key"":[4,36,4],""candidate_count"":9,""sha256"":""8ce6927a9b61aa32ab0323ab364eb05343c6094d210cb17eece16d1a79d52cd5""},{""key"":[11,41,2],""candidate_count"":6,""sha256"":""95fb9d516a14d504f68cc82e2f6f3ab20b8af51f134c73353a4d0c8984d4c432""},{""key"":[13,42,1],""candidate_count"":3,""sha256"":""cf7c59b86e1e8f92a5eda2689b2bd550f7dd05c9123f1395279b38b1871d187f""},{""key"":[34,45,3],""candidate_count"":6,""sha256"":""53e443d73a62be8007d8e7e756878c892d0d11bca1289606b3c8e29975135426""}]","[{""key"":[4,36,4],""started_at"":13.16570580355499,""closed_at"":15.16570580355499,""candidate_paths"":[[4,6,16,36],[4,6,36],[4,19,40,36],[4,20,9,36],[4,20,36],[4,29,22,36],[4,32,36],[4,34,36],[4,41,36]],""selected_path"":[4,19,40,36]},{""key"":[11,41,2],""started_at"":2.8493643245958156,""closed_at"":4.849364324595816,""candidate_paths"":[[11,9,41],[11,14,44,41],[11,32,41],[11,36,41],[11,39,7,41],[11,39,35,41]],""selected_path"":[11,39,35,41]},{""key"":[13,42,1],""started_at"":1.0,""closed_at"":3.0,""candidate_paths"":[[13,2,42],[13,8,42],[13,42]],""selected_path"":[13,2,42]},{""key"":[34,45,3],""started_at"":4.4800548272019665,""closed_at"":6.4800548272019665,""candidate_paths"":[[34,11,29,45],[34,11,45],[34,18,13,45],[34,32,25,45],[34,32,38,45],[34,41,2,45]],""selected_path"":[34,41,2,45]}]",41,0,4,"[{""src"":4,""dst"":36,""flows"":10,""time_blocks"":8},{""src"":11,""dst"":41,""flows"":10,""time_blocks"":8},{""src"":13,""dst"":42,""flows"":11,""time_blocks"":8},{""src"":34,""dst"":45,""flows"":10,""time_blocks"":8}]",10,8,4,4.1,ed545bdaba60edd4954602c8003fde53dbc3ea1d178e390529b273423210c21a,7,2.75,6.0,60.0,0,connected-multihop,0.9,2,4,4,2.0,1,2,2,0.5,0.03571428571428571,0,2.5,0.5829344079045835,0.9989050885397788,0.9999955585810868,0.9999999914422856,0.9999999999999857,0.15755102040816327,0.044081632653061226
meshecho-calibrated,55,600.0,31,31,0,0.870968,0.903226,0.0,0.685284,0.491246,0.685284,2.381261,2.582682,28,27,0,350,74,276,70,25.1776,15.272903,0.025455,9.97033,40.273319,50.243648,1.860876,0.932504,0.491246,7696,9405,17101,0.450032,7393,0.432314,718,0,196,10,4,4,27,4,0,0,0,0,0.957073,0.788571,0,0,0.0,-1,0,0,0,icc2027_generalization_feedback_fading,50,8250.0,4.0,unicast,poisson,1,4,15,4,"[{""key"":[6,23,4],""candidate_count"":4,""sha256"":""e41f6c27a0c733c162b6e5e4c9d4e9ca8bcc5252dcba0153ccc0fe46ed417ce1""},{""key"":[10,18,3],""candidate_count"":4,""sha256"":""20bcb6be1a2a72e6f34bcffdc12fcd18a66572b699e03e2317726146b2240d80""},{""key"":[14,11,2],""candidate_count"":4,""sha256"":""fee88696a45356dec1f2669aecfc7c55638a6ce62c42a5f277aad2648c5497da""},{""key"":[23,6,1],""candidate_count"":3,""sha256"":""25bce722613a69893038c90be65c411f514a449d245add5856b95c365cf84aa9""}]","[{""key"":[6,23,4],""started_at"":81.59291063209888,""closed_at"":83.59291063209888,""candidate_paths"":[[6,32,1,23],[6,32,25,23],[6,39,31,23],[6,41,23]],""selected_path"":[6,32,1,23]},{""key"":[10,18,3],""started_at"":74.24491708405253,""closed_at"":76.24491708405253,""candidate_paths"":[[10,21,49,18],[10,24,18],[10,32,18],[10,38,33,18]],""selected_path"":[10,32,18]},{""key"":[14,11,2],""started_at"":32.264537621814135,""closed_at"":34.264537621814135,""candidate_paths"":[[14,27,11],[14,30,5,11],[14,36,43,11],[14,42,11]],""selected_path"":[14,27,11]},{""key"":[23,6,1],""started_at"":1.0,""closed_at"":3.0,""candidate_paths"":[[23,6],[23,8,6],[23,18,32,6]],""selected_path"":[23,18,32,6]}]",31,0,4,"[{""src"":6,""dst"":23,""flows"":7,""time_blocks"":7},{""src"":10,""dst"":18,""flows"":8,""time_blocks"":6},{""src"":14,""dst"":11,""flows"":8,""time_blocks"":7},{""src"":23,""dst"":6,""flows"":8,""time_blocks"":7}]",7,6,4,3.1,f60b1df4a2b26a5088990371cc927269863180b800867762423e3badcdac7b86,7,2.75,6.0,60.0,0,connected-multihop,0.9,2,4,4,2.0,1,4,4,1.0,0.05102040816326531,0,2.5,0.7985309263144491,0.9997885518102413,0.9999993608663874,0.9999999994745952,0.9999999999999956,0.10040816326530612,0.02857142857142857
meshtastic-like,55,600.0,31,31,0,0.387097,0.967742,0.0,1.032401,0.999341,1.032401,1.55595,1.709727,30,12,0,472,426,46,46,33.953792,18.53408,0.03089,13.445702,54.638308,68.08401,5.673667,2.829483,0.999341,6491,16637,23128,0.280655,14576,0.630232,3934,1383,0,0,0,0,0,0,0,0,0,0,0.0,0.097458,0,0,0.0,-1,0,0,0,icc2027_generalization_feedback_fading,50,8250.0,4.0,unicast,poisson,1,0,0,0,[],[],31,0,4,"[{""src"":6,""dst"":23,""flows"":7,""time_blocks"":7},{""src"":10,""dst"":18,""flows"":8,""time_blocks"":6},{""src"":14,""dst"":11,""flows"":8,""time_blocks"":7},{""src"":23,""dst"":6,""flows"":8,""time_blocks"":7}]",7,6,4,3.1,f60b1df4a2b26a5088990371cc927269863180b800867762423e3badcdac7b86,7,2.75,6.0,60.0,0,connected-multihop,0.9,2,4,4,2.0,1,0,0,0.0,0.0,0,0.0,0.7985309263144491,0.9997885518102413,0.9999993608663874,0.9999999994745952,0.9999999999999956,0.10040816326530612,0.02857142857142857
meshcore-like,55,600.0,31,31,0,0.451613,0.516129,0.0,0.73173,0.536856,0.73173,2.287744,2.431616,16,14,0,273,39,234,31,19.638528,9.684753,0.016141,7.776857,30.999037,38.775894,2.769707,1.402752,0.536856,4173,9155,13328,0.3131,7346,0.55117,751,0,196,7,4,3,21,10,0,0,0,0,0.0,0.857143,0,0,0.0,-1,0,0,0,icc2027_generalization_feedback_fading,50,8250.0,4.0,unicast,poisson,1,4,16,4,"[{""key"":[6,23,4],""candidate_count"":4,""sha256"":""e41f6c27a0c733c162b6e5e4c9d4e9ca8bcc5252dcba0153ccc0fe46ed417ce1""},{""key"":[10,18,3],""candidate_count"":5,""sha256"":""553bac520255bed78b264558918249fb1e182a14db98b37f4232286756e40c07""},{""key"":[14,11,2],""candidate_count"":4,""sha256"":""fee88696a45356dec1f2669aecfc7c55638a6ce62c42a5f277aad2648c5497da""},{""key"":[23,6,1],""candidate_count"":3,""sha256"":""25bce722613a69893038c90be65c411f514a449d245add5856b95c365cf84aa9""}]","[{""key"":[6,23,4],""started_at"":81.59291063209888,""closed_at"":83.59291063209888,""candidate_paths"":[[6,32,1,23],[6,32,25,23],[6,39,31,23],[6,41,23]],""selected_path"":[6,41,23]},{""key"":[10,18,3],""started_at"":74.24491708405253,""closed_at"":76.24491708405253,""candidate_paths"":[[10,8,37,18],[10,21,49,18],[10,24,18],[10,32,18],[10,38,33,18]],""selected_path"":[10,24,18]},{""key"":[14,11,2],""started_at"":32.264537621814135,""closed_at"":34.264537621814135,""candidate_paths"":[[14,27,11],[14,30,5,11],[14,36,43,11],[14,42,11]],""selected_path"":[14,27,11]},{""key"":[23,6,1],""started_at"":1.0,""closed_at"":3.0,""candidate_paths"":[[23,6],[23,8,6],[23,18,32,6]],""selected_path"":[23,6]}]",31,0,4,"[{""src"":6,""dst"":23,""flows"":7,""time_blocks"":7},{""src"":10,""dst"":18,""flows"":8,""time_blocks"":6},{""src"":14,""dst"":11,""flows"":8,""time_blocks"":7},{""src"":23,""dst"":6,""flows"":8,""time_blocks"":7}]",7,6,4,3.1,f60b1df4a2b26a5088990371cc927269863180b800867762423e3badcdac7b86,7,2.75,6.0,60.0,0,connected-multihop,0.9,2,4,4,2.0,1,3,2,0.75,0.03571428571428571,0,1.6666666666666667,0.7985309263144491,0.9997885518102413,0.9999993608663874,0.9999999994745952,0.9999999999999956,0.10040816326530612,0.02857142857142857
prr-product-fallback-mesh,55,600.0,31,31,0,0.870968,0.903226,0.0,0.685284,0.491246,0.685284,2.381261,2.582682,28,27,0,350,74,276,70,25.1776,15.272903,0.025455,9.97033,40.273319,50.243648,1.860876,0.932504,0.491246,7696,9405,17101,0.450032,7393,0.432314,718,0,196,10,4,4,27,4,0,0,0,0,0.957073,0.788571,0,0,0.0,-1,0,0,0,icc2027_generalization_feedback_fading,50,8250.0,4.0,unicast,poisson,1,4,15,4,"[{""key"":[6,23,4],""candidate_count"":4,""sha256"":""e41f6c27a0c733c162b6e5e4c9d4e9ca8bcc5252dcba0153ccc0fe46ed417ce1""},{""key"":[10,18,3],""candidate_count"":4,""sha256"":""20bcb6be1a2a72e6f34bcffdc12fcd18a66572b699e03e2317726146b2240d80""},{""key"":[14,11,2],""candidate_count"":4,""sha256"":""fee88696a45356dec1f2669aecfc7c55638a6ce62c42a5f277aad2648c5497da""},{""key"":[23,6,1],""candidate_count"":3,""sha256"":""25bce722613a69893038c90be65c411f514a449d245add5856b95c365cf84aa9""}]","[{""key"":[6,23,4],""started_at"":81.59291063209888,""closed_at"":83.59291063209888,""candidate_paths"":[[6,32,1,23],[6,32,25,23],[6,39,31,23],[6,41,23]],""selected_path"":[6,32,1,23]},{""key"":[10,18,3],""started_at"":74.24491708405253,""closed_at"":76.24491708405253,""candidate_paths"":[[10,21,49,18],[10,24,18],[10,32,18],[10,38,33,18]],""selected_path"":[10,32,18]},{""key"":[14,11,2],""started_at"":32.264537621814135,""closed_at"":34.264537621814135,""candidate_paths"":[[14,27,11],[14,30,5,11],[14,36,43,11],[14,42,11]],""selected_path"":[14,27,11]},{""key"":[23,6,1],""started_at"":1.0,""closed_at"":3.0,""candidate_paths"":[[23,6],[23,8,6],[23,18,32,6]],""selected_path"":[23,18,32,6]}]",31,0,4,"[{""src"":6,""dst"":23,""flows"":7,""time_blocks"":7},{""src"":10,""dst"":18,""flows"":8,""time_blocks"":6},{""src"":14,""dst"":11,""flows"":8,""time_blocks"":7},{""src"":23,""dst"":6,""flows"":8,""time_blocks"":7}]",7,6,4,3.1,f60b1df4a2b26a5088990371cc927269863180b800867762423e3badcdac7b86,7,2.75,6.0,60.0,0,connected-multihop,0.9,2,4,4,2.0,1,4,4,1.0,0.05102040816326531,0,2.5,0.7985309263144491,0.9997885518102413,0.9999993608663874,0.9999999994745952,0.9999999999999956,0.10040816326530612,0.02857142857142857
meshecho-calibrated,56,600.0,41,41,0,0.707317,0.707317,0.0,0.435597,0.291725,0.435597,1.430195,1.574067,29,29,0,333,71,262,58,23.954688,14.251857,0.023753,9.486056,38.312345,47.798401,1.648221,0.826024,0.291725,6652,9665,16317,0.407673,7526,0.461237,766,0,196,8,4,4,37,4,0,0,0,0,0.962775,0.786787,0,0,0.0,-1,0,0,0,icc2027_generalization_feedback_fading,50,8250.0,4.0,unicast,poisson,1,4,18,4,"[{""key"":[3,20,4],""candidate_count"":4,""sha256"":""ef186cb662324e6773c8a0b72e53218dcb6895c18f36e6a5fb792c4888c4423f""},{""key"":[6,24,3],""candidate_count"":4,""sha256"":""af43b351f8148ee48bef60405402286e2c30766e509f7c6ceb99d6134922db02""},{""key"":[11,6,2],""candidate_count"":4,""sha256"":""3dbe3299c089d6e371e092d56574b07be80cbb4504ea7bc061887acd529f9c52""},{""key"":[29,36,1],""candidate_count"":6,""sha256"":""cd04eab6d16ac4e2e40b9a69ae6a12bf5b5e310b5fcd5925639ed181de6d6925""}]","[{""key"":[3,20,4],""started_at"":108.49854875318067,""closed_at"":110.49854875318067,""candidate_paths"":[[3,4,20],[3,8,11,20],[3,21,15,20],[3,28,20]],""selected_path"":[3,4,20]},{""key"":[6,24,3],""started_at"":85.20672800901943,""closed_at"":87.20672800901943,""candidate_paths"":[[6,7,19,24],[6,24],[6,43,24],[6,43,39,24]],""selected_path"":[6,43,24]},{""key"":[11,6,2],""started_at"":48.106853106241175,""closed_at"":50.106853106241175,""candidate_paths"":[[11,13,6],[11,22,6],[11,30,21,6],[11,35,6]],""selected_path"":[11,22,6]},{""key"":[29,36,1],""started_at"":1.0,""closed_at"":3.0,""candidate_paths"":[[29,3,36],[29,7,36],[29,28,42,36],[29,36],[29,46,36],[29,49,37,36]],""selected_path"":[29,46,36]}]",41,0,4,"[{""src"":3,""dst"":20,""flows"":10,""time_blocks"":9},{""src"":6,""dst"":24,""flows"":10,""time_blocks"":9},{""src"":11,""dst"":6,""flows"":10,""time_blocks"":9},{""src"":29,""dst"":36,""flows"":11,""time_blocks"":9}]",10,9,4,4.1,2c8bd863d2a636dabf8ffdfe716ce3055c838cf6362f1bc24c3e93b0802ac69a,7,2.75,6.0,60.0,0,connected-multihop,0.9,2,4,4,2.0,1,4,4,1.0,0.04081632653061224,0,2.0,0.45000066292137797,0.9984641886705424,0.9999939649094155,0.999999990345538,0.9999999999999463,0.17551020408163265,0.05142857142857143
meshtastic-like,56,600.0,41,41,0,0.609756,1.0,0.0,0.487472,0.537718,0.487472,1.470963,1.638122,41,25,0,626,570,56,56,45.031936,25.290287,0.04215,17.832647,72.570706,90.403352,3.616134,1.801277,0.537718,9098,21576,30674,0.296603,18574,0.605529,5584,1893,0,0,0,0,0,0,0,0,0,0,0.0,0.089457,0,0,0.0,-1,0,0,0,icc2027_generalization_feedback_fading,50,8250.0,4.0,unicast,poisson,1,0,0,0,[],[],41,0,4,"[{""src"":3,""dst"":20,""flows"":10,""time_blocks"":9},{""src"":6,""dst"":24,""flows"":10,""time_blocks"":9},{""src"":11,""dst"":6,""flows"":10,""time_blocks"":9},{""src"":29,""dst"":36,""flows"":11,""time_blocks"":9}]",10,9,4,4.1,2c8bd863d2a636dabf8ffdfe716ce3055c838cf6362f1bc24c3e93b0802ac69a,7,2.75,6.0,60.0,0,connected-multihop,0.9,2,4,4,2.0,1,0,0,0.0,0.0,0,0.0,0.45000066292137797,0.9984641886705424,0.9999939649094155,0.999999990345538,0.9999999999999463,0.17551020408163265,0.05142857142857143
meshcore-like,56,600.0,41,41,0,0.463415,0.536585,0.0,0.445265,0.299532,0.445265,2.043872,2.215808,22,19,0,290,54,236,34,20.86144,11.147651,0.018579,8.26113,33.082266,41.343396,2.175968,1.097971,0.299532,4769,9441,14210,0.335609,7375,0.519001,748,0,196,6,4,4,37,4,0,0,0,0,0.0,0.813793,0,0,0.0,-1,0,0,0,icc2027_generalization_feedback_fading,50,8250.0,4.0,unicast,poisson,1,4,20,4,"[{""key"":[3,20,4],""candidate_count"":5,""sha256"":""11bac05da9f88a10813d2563f7feeea1ccdc217967de8c3cbe1ec33eb89622ee""},{""key"":[6,24,3],""candidate_count"":4,""sha256"":""af43b351f8148ee48bef60405402286e2c30766e509f7c6ceb99d6134922db02""},{""key"":[11,6,2],""candidate_count"":5,""sha256"":""fda97126b57a6a3dc69d26832bed746cb19f8a106dd6f78225d0d10c002830b0""},{""key"":[29,36,1],""candidate_count"":6,""sha256"":""cd04eab6d16ac4e2e40b9a69ae6a12bf5b5e310b5fcd5925639ed181de6d6925""}]","[{""key"":[3,20,4],""started_at"":108.49854875318067,""closed_at"":110.49854875318067,""candidate_paths"":[[3,4,20],[3,8,48,20],[3,21,15,20],[3,28,20],[3,46,0,20]],""selected_path"":[3,4,20]},{""key"":[6,24,3],""started_at"":85.20672800901943,""closed_at"":87.20672800901943,""candidate_paths"":[[6,7,19,24],[6,24],[6,43,24],[6,43,39,24]],""selected_path"":[6,24]},{""key"":[11,6,2],""started_at"":48.106853106241175,""closed_at"":50.106853106241175,""candidate_paths"":[[11,1,32,6],[11,13,6],[11,21,6],[11,28,36,6],[11,30,6]],""selected_path"":[11,13,6]},{""key"":[29,36,1],""started_at"":1.0,""closed_at"":3.0,""candidate_paths"":[[29,3,36],[29,7,36],[29,28,42,36],[29,36],[29,46,36],[29,49,37,36]],""selected_path"":[29,36]}]",41,0,4,"[{""src"":3,""dst"":20,""flows"":10,""time_blocks"":9},{""src"":6,""dst"":24,""flows"":10,""time_blocks"":9},{""src"":11,""dst"":6,""flows"":10,""time_blocks"":9},{""src"":29,""dst"":36,""flows"":11,""time_blocks"":9}]",10,9,4,4.1,2c8bd863d2a636dabf8ffdfe716ce3055c838cf6362f1bc24c3e93b0802ac69a,7,2.75,6.0,60.0,0,connected-multihop,0.9,2,4,4,2.0,1,4,2,1.0,0.030612244897959183,0,1.5,0.45000066292137797,0.9984641886705424,0.9999939649094155,0.999999990345538,0.9999999999999463,0.17551020408163265,0.05142857142857143
prr-product-fallback-mesh,56,600.0,41,41,0,0.634146,0.658537,0.0,0.400635,0.241925,0.400635,0.215808,0.431616,27,26,0,341,76,265,60,24.530176,14.87271,0.024788,9.71395,39.270826,48.984775,1.88403,0.943468,0.241925,6915,9794,16709,0.413849,7563,0.45263,720,0,196,9,4,4,37,4,0,0,0,0,0.962777,0.777126,0,0,0.0,-1,0,0,0,icc2027_generalization_feedback_fading,50,8250.0,4.0,unicast,poisson,1,4,19,4,"[{""key"":[3,20,4],""candidate_count"":5,""sha256"":""2569638c19f206c45267125c05042b422ae0a9447eda18a6c5df6cc98aecfc9b""},{""key"":[6,24,3],""candidate_count"":4,""sha256"":""af43b351f8148ee48bef60405402286e2c30766e509f7c6ceb99d6134922db02""},{""key"":[11,6,2],""candidate_count"":4,""sha256"":""3dbe3299c089d6e371e092d56574b07be80cbb4504ea7bc061887acd529f9c52""},{""key"":[29,36,1],""candidate_count"":6,""sha256"":""cd04eab6d16ac4e2e40b9a69ae6a12bf5b5e310b5fcd5925639ed181de6d6925""}]","[{""key"":[3,20,4],""started_at"":108.49854875318067,""closed_at"":110.49854875318067,""candidate_paths"":[[3,4,20],[3,8,48,20],[3,21,15,20],[3,24,2,20],[3,28,20]],""selected_path"":[3,4,20]},{""key"":[6,24,3],""started_at"":85.20672800901943,""closed_at"":87.20672800901943,""candidate_paths"":[[6,7,19,24],[6,24],[6,43,24],[6,43,39,24]],""selected_path"":[6,43,39,24]},{""key"":[11,6,2],""started_at"":48.106853106241175,""closed_at"":50.106853106241175,""candidate_paths"":[[11,13,6],[11,22,6],[11,30,21,6],[11,35,6]],""selected_path"":[11,22,6]},{""key"":[29,36,1],""started_at"":1.0,""closed_at"":3.0,""candidate_paths"":[[29,3,36],[29,7,36],[29,28,42,36],[29,36],[29,46,36],[29,49,37,36]],""selected_path"":[29,46,36]}]",41,0,4,"[{""src"":3,""dst"":20,""flows"":10,""time_blocks"":9},{""src"":6,""dst"":24,""flows"":10,""time_blocks"":9},{""src"":11,""dst"":6,""flows"":10,""time_blocks"":9},{""src"":29,""dst"":36,""flows"":11,""time_blocks"":9}]",10,9,4,4.1,2c8bd863d2a636dabf8ffdfe716ce3055c838cf6362f1bc24c3e93b0802ac69a,7,2.75,6.0,60.0,0,connected-multihop,0.9,2,4,4,2.0,1,4,4,1.0,0.04591836734693878,0,2.25,0.45000066292137797,0.9984641886705424,0.9999939649094155,0.999999990345538,0.9999999999999463,0.17551020408163265,0.05142857142857143
meshecho-calibrated,57,600.0,39,39,0,0.923077,0.923077,0.0,0.389259,0.225404,0.389259,0.215808,0.431616,36,36,0,372,85,287,82,26.760192,17.35457,0.028924,10.597036,43.026506,53.623542,1.489543,0.743339,0.225404,8456,9772,18228,0.463902,7315,0.401306,1073,0,196,9,4,4,35,4,0,0,0,0,0.958934,0.771505,0,0,0.0,-1,0,0,0,icc2027_generalization_feedback_fading,50,8250.0,4.0,unicast,poisson,1,4,22,4,"[{""key"":[2,37,2],""candidate_count"":3,""sha256"":""d450991a170ee55801e6264cea54f5cb085700e8ec85420f8fa282a54d08218e""},{""key"":[14,38,4],""candidate_count"":6,""sha256"":""5c9cf2435629bc681808629364c9db0e58091b9af25c9e03146e7d52e38287c7""},{""key"":[25,11,3],""candidate_count"":6,""sha256"":""c70d8e67f0588ed0f1526fa90674d1bcea9f351cda73cfebb7b1e4deba3f60cd""},{""key"":[36,14,1],""candidate_count"":7,""sha256"":""f1f6a70f8566ab91f2eb764e7969ca3e7dee3e87145b9721d9854330451ee8b7""}]","[{""key"":[2,37,2],""started_at"":16.086302898063487,""closed_at"":18.086302898063487,""candidate_paths"":[[2,13,14,37],[2,34,17,37],[2,39,37]],""selected_path"":[2,34,17,37]},{""key"":[14,38,4],""started_at"":78.43790049133395,""closed_at"":80.43790049133395,""candidate_paths"":[[14,18,6,38],[14,22,38],[14,28,38],[14,31,38],[14,37,26,38],[14,39,38]],""selected_path"":[14,31,38]},{""key"":[25,11,3],""started_at"":66.54896585286129,""closed_at"":68.54896585286129,""candidate_paths"":[[25,8,11],[25,11],[25,29,22,11],[25,33,11],[25,34,39,11],[25,35,45,11]],""selected_path"":[25,33,11]},{""key"":[36,14,1],""started_at"":1.0,""closed_at"":3.0,""candidate_paths"":[[36,7,14],[36,13,14],[36,13,35,14],[36,21,14],[36,21,19,14],[36,23,14],[36,28,39,14]],""selected_path"":[36,23,14]}]",39,0,4,"[{""src"":2,""dst"":37,""flows"":10,""time_blocks"":8},{""src"":14,""dst"":38,""flows"":9,""time_blocks"":7},{""src"":25,""dst"":11,""flows"":10,""time_blocks"":8},{""src"":36,""dst"":14,""flows"":10,""time_blocks"":8}]",9,7,4,3.9,c000d91f7aea016ac4fef28b57882381a9d53a77a5da51ab51db39ba83196dab,7,2.75,6.0,60.0,0,connected-multihop,0.9,2,4,4,2.0,1,4,4,1.0,0.04591836734693878,0,2.25,0.5365086155561656,0.9981497458990922,0.9999908768505942,0.9999999908532925,0.9999999999999449,0.1820408163265306,0.04897959183673469
meshtastic-like,57,600.0,39,39,0,0.487179,0.974359,0.0,0.669726,0.694422,0.669726,1.329216,1.788227,38,19,0,548,491,57,57,39.420928,24.086888,0.040145,15.610687,63.927261,79.537948,4.186208,2.074786,0.694422,8669,18183,26852,0.322844,15716,0.585282,5171,1738,0,0,0,0,0,0,0,0,0,0,0.0,0.104015,0,0,0.0,-1,0,0,0,icc2027_generalization_feedback_fading,50,8250.0,4.0,unicast,poisson,1,0,0,0,[],[],39,0,4,"[{""src"":2,""dst"":37,""flows"":10,""time_blocks"":8},{""src"":14,""dst"":38,""flows"":9,""time_blocks"":7},{""src"":25,""dst"":11,""flows"":10,""time_blocks"":8},{""src"":36,""dst"":14,""flows"":10,""time_blocks"":8}]",9,7,4,3.9,c000d91f7aea016ac4fef28b57882381a9d53a77a5da51ab51db39ba83196dab,7,2.75,6.0,60.0,0,connected-multihop,0.9,2,4,4,2.0,1,0,0,0.0,0.0,0,0.0,0.5365086155561656,0.9981497458990922,0.9999908768505942,0.9999999908532925,0.9999999999999449,0.1820408163265306,0.04897959183673469
meshcore-like,57,600.0,39,39,0,0.461538,0.487179,0.0,0.279751,0.1363,0.279751,0.143872,0.287744,19,18,0,285,47,238,36,20.50176,11.240133,0.018734,8.118697,32.644592,40.763289,2.264627,1.138987,0.1363,4893,9072,13965,0.350376,7200,0.515575,1073,0,196,6,4,3,27,12,0,0,0,0,0.0,0.835088,0,0,0.0,-1,0,0,0,icc2027_generalization_feedback_fading,50,8250.0,4.0,unicast,poisson,1,4,21,4,"[{""key"":[2,37,2],""candidate_count"":3,""sha256"":""d450991a170ee55801e6264cea54f5cb085700e8ec85420f8fa282a54d08218e""},{""key"":[14,38,4],""candidate_count"":6,""sha256"":""5c9cf2435629bc681808629364c9db0e58091b9af25c9e03146e7d52e38287c7""},{""key"":[25,11,3],""candidate_count"":5,""sha256"":""ac84a81c177da321e60e4d97f3215a7ab37efe71c0b08bf88536d7881c67b40f""},{""key"":[36,14,1],""candidate_count"":7,""sha256"":""f1f6a70f8566ab91f2eb764e7969ca3e7dee3e87145b9721d9854330451ee8b7""}]","[{""key"":[2,37,2],""started_at"":16.086302898063487,""closed_at"":18.086302898063487,""candidate_paths"":[[2,13,14,37],[2,34,17,37],[2,39,37]],""selected_path"":[2,39,37]},{""key"":[14,38,4],""started_at"":78.43790049133395,""closed_at"":80.43790049133395,""candidate_paths"":[[14,18,6,38],[14,22,38],[14,28,38],[14,31,38],[14,37,26,38],[14,39,38]],""selected_path"":[14,22,38]},{""key"":[25,11,3],""started_at"":66.54896585286129,""closed_at"":68.54896585286129,""candidate_paths"":[[25,8,11],[25,11],[25,33,11],[25,34,39,11],[25,35,45,11]],""selected_path"":[25,11]},{""key"":[36,14,1],""started_at"":1.0,""closed_at"":3.0,""candidate_paths"":[[36,7,14],[36,13,14],[36,13,35,14],[36,21,14],[36,21,19,14],[36,23,14],[36,28,39,14]],""selected_path"":[36,7,14]}]",39,0,4,"[{""src"":2,""dst"":37,""flows"":10,""time_blocks"":8},{""src"":14,""dst"":38,""flows"":9,""time_blocks"":7},{""src"":25,""dst"":11,""flows"":10,""time_blocks"":8},{""src"":36,""dst"":14,""flows"":10,""time_blocks"":8}]",9,7,4,3.9,c000d91f7aea016ac4fef28b57882381a9d53a77a5da51ab51db39ba83196dab,7,2.75,6.0,60.0,0,connected-multihop,0.9,2,4,4,2.0,1,3,2,0.75,0.030612244897959183,0,1.6666666666666667,0.5365086155561656,0.9981497458990922,0.9999908768505942,0.9999999908532925,0.9999999999999449,0.1820408163265306,0.04897959183673469
prr-product-fallback-mesh,57,600.0,39,39,0,0.923077,0.923077,0.0,0.389259,0.225404,0.389259,0.215808,0.431616,36,36,0,372,85,287,82,26.760192,17.35457,0.028924,10.597036,43.026506,53.623542,1.489543,0.743339,0.225404,8456,9772,18228,0.463902,7315,0.401306,1073,0,196,9,4,4,35,4,0,0,0,0,0.958934,0.771505,0,0,0.0,-1,0,0,0,icc2027_generalization_feedback_fading,50,8250.0,4.0,unicast,poisson,1,4,22,4,"[{""key"":[2,37,2],""candidate_count"":3,""sha256"":""d450991a170ee55801e6264cea54f5cb085700e8ec85420f8fa282a54d08218e""},{""key"":[14,38,4],""candidate_count"":6,""sha256"":""5c9cf2435629bc681808629364c9db0e58091b9af25c9e03146e7d52e38287c7""},{""key"":[25,11,3],""candidate_count"":6,""sha256"":""c70d8e67f0588ed0f1526fa90674d1bcea9f351cda73cfebb7b1e4deba3f60cd""},{""key"":[36,14,1],""candidate_count"":7,""sha256"":""f1f6a70f8566ab91f2eb764e7969ca3e7dee3e87145b9721d9854330451ee8b7""}]","[{""key"":[2,37,2],""started_at"":16.086302898063487,""closed_at"":18.086302898063487,""candidate_paths"":[[2,13,14,37],[2,34,17,37],[2,39,37]],""selected_path"":[2,34,17,37]},{""key"":[14,38,4],""started_at"":78.43790049133395,""closed_at"":80.43790049133395,""candidate_paths"":[[14,18,6,38],[14,22,38],[14,28,38],[14,31,38],[14,37,26,38],[14,39,38]],""selected_path"":[14,31,38]},{""key"":[25,11,3],""started_at"":66.54896585286129,""closed_at"":68.54896585286129,""candidate_paths"":[[25,8,11],[25,11],[25,29,22,11],[25,33,11],[25,34,39,11],[25,35,45,11]],""selected_path"":[25,33,11]},{""key"":[36,14,1],""started_at"":1.0,""closed_at"":3.0,""candidate_paths"":[[36,7,14],[36,13,14],[36,13,35,14],[36,21,14],[36,21,19,14],[36,23,14],[36,28,39,14]],""selected_path"":[36,23,14]}]",39,0,4,"[{""src"":2,""dst"":37,""flows"":10,""time_blocks"":8},{""src"":14,""dst"":38,""flows"":9,""time_blocks"":7},{""src"":25,""dst"":11,""flows"":10,""time_blocks"":8},{""src"":36,""dst"":14,""flows"":10,""time_blocks"":8}]",9,7,4,3.9,c000d91f7aea016ac4fef28b57882381a9d53a77a5da51ab51db39ba83196dab,7,2.75,6.0,60.0,0,connected-multihop,0.9,2,4,4,2.0,1,4,4,1.0,0.04591836734693878,0,2.25,0.5365086155561656,0.9981497458990922,0.9999908768505942,0.9999999908532925,0.9999999999999449,0.1820408163265306,0.04897959183673469
meshecho-calibrated,58,600.0,43,43,0,0.651163,0.651163,0.0,0.566258,0.399264,0.566258,2.287744,2.431616,28,28,0,341,72,269,65,24.530176,15.193776,0.025323,9.71395,39.336843,49.050793,1.751814,0.876078,0.399264,7300,9409,16709,0.43689,7153,0.428093,959,0,196,8,4,3,30,13,0,0,0,0,0.94929,0.788856,0,0,0.0,-1,0,0,0,icc2027_generalization_feedback_fading,50,8250.0,4.0,unicast,poisson,1,4,25,4,"[{""key"":[10,9,2],""candidate_count"":9,""sha256"":""0128040b45517a902f58985ee9dbd434e8bec5e612fb47c7f6034bbd123dc5b4""},{""key"":[21,49,4],""candidate_count"":5,""sha256"":""299def85be6c74384af7942686937f2916d7a3673b77146c394ac7da89f5889b""},{""key"":[36,48,3],""candidate_count"":5,""sha256"":""d89744b385ae07ac0b72d8363ae7facb5577cddf99ac43c082c47483da855378""},{""key"":[38,27,1],""candidate_count"":6,""sha256"":""bcb278677d9a2bcca72041b2f38cebf7575e7f43d28462942ad269582140c3e8""}]","[{""key"":[10,9,2],""started_at"":6.224964249174685,""closed_at"":8.224964249174686,""candidate_paths"":[[10,9],[10,12,9],[10,12,28,9],[10,12,41,9],[10,18,45,9],[10,24,9],[10,25,19,9],[10,25,47,9],[10,35,9]],""selected_path"":[10,35,9]},{""key"":[21,49,4],""started_at"":34.37720599015596,""closed_at"":36.37720599015596,""candidate_paths"":[[21,18,30,49],[21,41,9,49],[21,41,49],[21,45,24,49],[21,46,42,49]],""selected_path"":[21,45,24,49]},{""key"":[36,48,3],""started_at"":23.96494307216858,""closed_at"":25.96494307216858,""candidate_paths"":[[36,16,7,48],[36,31,12,48],[36,31,23,48],[36,45,24,48],[36,48]],""selected_path"":[36,16,7,48]},{""key"":[38,27,1],""started_at"":1.0,""closed_at"":3.0,""candidate_paths"":[[38,2,27],[38,15,27],[38,27],[38,36,27],[38,47,27],[38,47,29,27]],""selected_path"":[38,47,27]}]",43,0,4,"[{""src"":10,""dst"":9,""flows"":11,""time_blocks"":7},{""src"":21,""dst"":49,""flows"":10,""time_blocks"":7},{""src"":36,""dst"":48,""flows"":11,""time_blocks"":7},{""src"":38,""dst"":27,""flows"":11,""time_blocks"":7}]",10,7,4,4.3,4870effb1853228ced00ac52c8518f08bb102e104a323faaee95f3cb9b115a59,7,2.75,6.0,60.0,0,connected-multihop,0.9,2,4,4,2.0,1,3,3,0.75,0.04081632653061224,0,2.3333333333333335,0.48500085201706095,0.9979486891208127,0.9999899263567624,0.9999999948940195,0.9999999999999976,0.18857142857142858,0.05142857142857143
meshtastic-like,58,600.0,43,43,0,0.534884,1.0,0.0,0.609616,0.729616,0.609616,1.837592,2.046207,43,23,0,635,574,61,61,45.67936,26.432856,0.044055,18.089027,73.859276,91.948302,3.997752,1.986059,0.729616,9634,21481,31115,0.309626,18721,0.601671,5812,1977,0,0,0,0,0,0,0,0,0,0,0.0,0.096063,0,0,0.0,-1,0,0,0,icc2027_generalization_feedback_fading,50,8250.0,4.0,unicast,poisson,1,0,0,0,[],[],43,0,4,"[{""src"":10,""dst"":9,""flows"":11,""time_blocks"":7},{""src"":21,""dst"":49,""flows"":10,""time_blocks"":7},{""src"":36,""dst"":48,""flows"":11,""time_blocks"":7},{""src"":38,""dst"":27,""flows"":11,""time_blocks"":7}]",10,7,4,4.3,4870effb1853228ced00ac52c8518f08bb102e104a323faaee95f3cb9b115a59,7,2.75,6.0,60.0,0,connected-multihop,0.9,2,4,4,2.0,1,0,0,0.0,0.0,0,0.0,0.48500085201706095,0.9979486891208127,0.9999899263567624,0.9999999948940195,0.9999999999999976,0.18857142857142858,0.05142857142857143
meshcore-like,58,600.0,43,43,0,0.348837,0.372093,0.0,0.620604,0.496392,0.620604,2.17984,2.28055,16,15,0,263,39,224,23,18.919168,9.272868,0.015455,7.491991,29.940306,37.432297,2.495486,1.261278,0.496392,3846,9041,12887,0.29844,7257,0.563126,865,0,196,5,4,3,29,14,0,0,0,0,0.0,0.851711,0,0,0.0,-1,0,0,0,icc2027_generalization_feedback_fading,50,8250.0,4.0,unicast,poisson,1,4,23,4,"[{""key"":[10,9,2],""candidate_count"":8,""sha256"":""a4920ac29cb9b814d9b266235c9c93776c08d29c3c4b4ec88012768a3d2430d4""},{""key"":[21,49,4],""candidate_count"":5,""sha256"":""299def85be6c74384af7942686937f2916d7a3673b77146c394ac7da89f5889b""},{""key"":[36,48,3],""candidate_count"":4,""sha256"":""7d481b77eaaba4fc6cc429724b26e63b4d7b9b18a4f5944478ede509a398f233""},{""key"":[38,27,1],""candidate_count"":6,""sha256"":""bcb278677d9a2bcca72041b2f38cebf7575e7f43d28462942ad269582140c3e8""}]","[{""key"":[10,9,2],""started_at"":6.224964249174685,""closed_at"":8.224964249174686,""candidate_paths"":[[10,9],[10,12,9],[10,18,45,9],[10,24,9],[10,25,19,9],[10,35,9],[10,41,9],[10,48,40,9]],""selected_path"":[10,9]},{""key"":[21,49,4],""started_at"":34.37720599015596,""closed_at"":36.37720599015596,""candidate_paths"":[[21,18,30,49],[21,41,9,49],[21,41,49],[21,45,24,49],[21,46,42,49]],""selected_path"":[21,41,49]},{""key"":[36,48,3],""started_at"":23.96494307216858,""closed_at"":25.96494307216858,""candidate_paths"":[[36,16,7,48],[36,31,12,48],[36,31,23,48],[36,48]],""selected_path"":[36,48]},{""key"":[38,27,1],""started_at"":1.0,""closed_at"":3.0,""candidate_paths"":[[38,2,27],[38,15,27],[38,27],[38,36,27],[38,47,27],[38,47,29,27]],""selected_path"":[38,27]}]",43,0,4,"[{""src"":10,""dst"":9,""flows"":11,""time_blocks"":7},{""src"":21,""dst"":49,""flows"":10,""time_blocks"":7},{""src"":36,""dst"":48,""flows"":11,""time_blocks"":7},{""src"":38,""dst"":27,""flows"":11,""time_blocks"":7}]",10,7,4,4.3,4870effb1853228ced00ac52c8518f08bb102e104a323faaee95f3cb9b115a59,7,2.75,6.0,60.0,0,connected-multihop,0.9,2,4,4,2.0,1,3,1,0.75,0.025510204081632654,0,1.3333333333333333,0.48500085201706095,0.9979486891208127,0.9999899263567624,0.9999999948940195,0.9999999999999976,0.18857142857142858,0.05142857142857143
prr-product-fallback-mesh,58,600.0,43,43,0,0.651163,0.651163,0.0,0.566258,0.399264,0.566258,2.287744,2.431616,28,28,0,341,72,269,65,24.530176,15.193776,0.025323,9.71395,39.336843,49.050793,1.751814,0.876078,0.399264,7300,9409,16709,0.43689,7153,0.428093,959,0,196,8,4,3,30,13,0,0,0,0,0.94929,0.788856,0,0,0.0,-1,0,0,0,icc2027_generalization_feedback_fading,50,8250.0,4.0,unicast,poisson,1,4,25,4,"[{""key"":[10,9,2],""candidate_count"":9,""sha256"":""0128040b45517a902f58985ee9dbd434e8bec5e612fb47c7f6034bbd123dc5b4""},{""key"":[21,49,4],""candidate_count"":5,""sha256"":""299def85be6c74384af7942686937f2916d7a3673b77146c394ac7da89f5889b""},{""key"":[36,48,3],""candidate_count"":5,""sha256"":""d89744b385ae07ac0b72d8363ae7facb5577cddf99ac43c082c47483da855378""},{""key"":[38,27,1],""candidate_count"":6,""sha256"":""bcb278677d9a2bcca72041b2f38cebf7575e7f43d28462942ad269582140c3e8""}]","[{""key"":[10,9,2],""started_at"":6.224964249174685,""closed_at"":8.224964249174686,""candidate_paths"":[[10,9],[10,12,9],[10,12,28,9],[10,12,41,9],[10,18,45,9],[10,24,9],[10,25,19,9],[10,25,47,9],[10,35,9]],""selected_path"":[10,35,9]},{""key"":[21,49,4],""started_at"":34.37720599015596,""closed_at"":36.37720599015596,""candidate_paths"":[[21,18,30,49],[21,41,9,49],[21,41,49],[21,45,24,49],[21,46,42,49]],""selected_path"":[21,45,24,49]},{""key"":[36,48,3],""started_at"":23.96494307216858,""closed_at"":25.96494307216858,""candidate_paths"":[[36,16,7,48],[36,31,12,48],[36,31,23,48],[36,45,24,48],[36,48]],""selected_path"":[36,16,7,48]},{""key"":[38,27,1],""started_at"":1.0,""closed_at"":3.0,""candidate_paths"":[[38,2,27],[38,15,27],[38,27],[38,36,27],[38,47,27],[38,47,29,27]],""selected_path"":[38,47,27]}]",43,0,4,"[{""src"":10,""dst"":9,""flows"":11,""time_blocks"":7},{""src"":21,""dst"":49,""flows"":10,""time_blocks"":7},{""src"":36,""dst"":48,""flows"":11,""time_blocks"":7},{""src"":38,""dst"":27,""flows"":11,""time_blocks"":7}]",10,7,4,4.3,4870effb1853228ced00ac52c8518f08bb102e104a323faaee95f3cb9b115a59,7,2.75,6.0,60.0,0,connected-multihop,0.9,2,4,4,2.0,1,3,3,0.75,0.04081632653061224,0,2.3333333333333335,0.48500085201706095,0.9979486891208127,0.9999899263567624,0.9999999948940195,0.9999999999999976,0.18857142857142858,0.05142857142857143
meshecho-calibrated,59,600.0,40,40,0,0.875,0.875,0.0,0.563588,0.405328,0.563588,2.287744,2.431616,35,35,0,368,86,282,77,26.472448,16.157558,0.026929,10.483089,42.146269,52.629358,1.503696,0.756356,0.405328,7907,10125,18032,0.438498,7313,0.405557,558,0,196,9,4,4,36,4,0,0,0,0,0.968156,0.766304,0,0,0.0,-1,0,0,0,icc2027_generalization_feedback_fading,50,8250.0,4.0,unicast,poisson,1,4,17,4,"[{""key"":[2,44,4],""candidate_count"":2,""sha256"":""1e099c12eda875656bcf32ff60b9bdfc5712e15fba25dfb920e916bf4882d628""},{""key"":[11,1,1],""candidate_count"":5,""sha256"":""a44af509d94ca8a4c6cd1f433ed0763572e9692fe59197aabf4c6e81dfb3aaa6""},{""key"":[13,49,2],""candidate_count"":3,""sha256"":""c356e687e1c56d8872d696d26134a8726016cccf68e96f1c36762400951fbd48""},{""key"":[15,33,3],""candidate_count"":7,""sha256"":""2ed8b5818aed7da800bf3e726ef41c8f9513495c79f2abd99b68c45a043c379e""}]","[{""key"":[2,44,4],""started_at"":25.124253567049852,""closed_at"":27.124253567049852,""candidate_paths"":[[2,1,44],[2,36,44]],""selected_path"":[2,36,44]},{""key"":[11,1,1],""started_at"":1.0,""closed_at"":3.0,""candidate_paths"":[[11,2,26,1],[11,17,1],[11,21,4,1],[11,27,1],[11,35,1]],""selected_path"":[11,2,26,1]},{""key"":[13,49,2],""started_at"":8.054411921782073,""closed_at"":10.054411921782073,""candidate_paths"":[[13,10,49],[13,15,2,49],[13,33,49]],""selected_path"":[13,33,49]},{""key"":[15,33,3],""started_at"":16.98664192080506,""closed_at"":18.98664192080506,""candidate_paths"":[[15,0,33],[15,10,33],[15,11,22,33],[15,11,33],[15,17,33],[15,33],[15,49,33]],""selected_path"":[15,17,33]}]",40,0,4,"[{""src"":2,""dst"":44,""flows"":10,""time_blocks"":8},{""src"":11,""dst"":1,""flows"":10,""time_blocks"":7},{""src"":13,""dst"":49,""flows"":10,""time_blocks"":7},{""src"":15,""dst"":33,""flows"":10,""time_blocks"":8}]",10,7,4,4.0,0fa0ac537ff427c033c368964a171e9d23704a55b59c12dfd0b4cb51d69a5abf,7,2.75,6.0,60.0,0,connected-multihop,0.9,2,4,4,2.0,1,4,4,1.0,0.04591836734693878,0,2.25,0.7436184392344104,0.9995268272957579,0.9999967583699997,0.9999999957472745,0.9999999999999719,0.12489795918367347,0.030204081632653063
meshtastic-like,59,600.0,40,40,0,0.55,1.0,0.0,0.701598,0.740991,0.701598,1.322507,1.461828,40,22,0,592,536,56,56,42.586112,24.659562,0.041099,16.8641,68.736782,85.600882,3.890949,1.935732,0.740991,8509,20499,29008,0.293333,17953,0.618898,5012,1830,0,0,0,0,0,0,0,0,0,0,0.0,0.094595,0,0,0.0,-1,0,0,0,icc2027_generalization_feedback_fading,50,8250.0,4.0,unicast,poisson,1,0,0,0,[],[],40,0,4,"[{""src"":2,""dst"":44,""flows"":10,""time_blocks"":8},{""src"":11,""dst"":1,""flows"":10,""time_blocks"":7},{""src"":13,""dst"":49,""flows"":10,""time_blocks"":7},{""src"":15,""dst"":33,""flows"":10,""time_blocks"":8}]",10,7,4,4.0,0fa0ac537ff427c033c368964a171e9d23704a55b59c12dfd0b4cb51d69a5abf,7,2.75,6.0,60.0,0,connected-multihop,0.9,2,4,4,2.0,1,0,0,0.0,0.0,0,0.0,0.7436184392344104,0.9995268272957579,0.9999967583699997,0.9999999957472745,0.9999999999999719,0.12489795918367347,0.030204081632653063
meshcore-like,59,600.0,40,40,0,0.6,0.725,0.0,0.555728,0.365652,0.555728,2.287744,2.431616,29,24,0,319,59,260,57,22.947584,12.838529,0.021398,9.087243,36.378267,45.46551,1.894396,0.956149,0.365652,5909,9722,15631,0.378031,7399,0.473354,614,0,196,7,4,3,27,13,0,0,0,0,0.0,0.815047,0,0,0.0,-1,0,0,0,icc2027_generalization_feedback_fading,50,8250.0,4.0,unicast,poisson,1,4,16,4,"[{""key"":[2,44,4],""candidate_count"":2,""sha256"":""1e099c12eda875656bcf32ff60b9bdfc5712e15fba25dfb920e916bf4882d628""},{""key"":[11,1,1],""candidate_count"":5,""sha256"":""a44af509d94ca8a4c6cd1f433ed0763572e9692fe59197aabf4c6e81dfb3aaa6""},{""key"":[13,49,2],""candidate_count"":3,""sha256"":""9748377f51dc9ae2b1a4e93a7017ac8980c6b1011546eaf2eb974ed9fe23d3dd""},{""key"":[15,33,3],""candidate_count"":6,""sha256"":""638b2574d776e244099827a5ebfe43662b0476449e12f899ad870dd14a14628f""}]","[{""key"":[2,44,4],""started_at"":25.124253567049852,""closed_at"":27.124253567049852,""candidate_paths"":[[2,1,44],[2,36,44]],""selected_path"":[2,1,44]},{""key"":[11,1,1],""started_at"":1.0,""closed_at"":3.0,""candidate_paths"":[[11,2,26,1],[11,17,1],[11,21,4,1],[11,27,1],[11,35,1]],""selected_path"":[11,17,1]},{""key"":[13,49,2],""started_at"":8.054411921782073,""closed_at"":10.054411921782073,""candidate_paths"":[[13,10,49],[13,24,9,49],[13,33,49]],""selected_path"":[13,10,49]},{""key"":[15,33,3],""started_at"":16.98664192080506,""closed_at"":18.98664192080506,""candidate_paths"":[[15,10,33],[15,11,22,33],[15,11,33],[15,17,33],[15,47,0,33],[15,49,33]],""selected_path"":[15,10,33]}]",40,0,4,"[{""src"":2,""dst"":44,""flows"":10,""time_blocks"":8},{""src"":11,""dst"":1,""flows"":10,""time_blocks"":7},{""src"":13,""dst"":49,""flows"":10,""time_blocks"":7},{""src"":15,""dst"":33,""flows"":10,""time_blocks"":8}]",10,7,4,4.0,0fa0ac537ff427c033c368964a171e9d23704a55b59c12dfd0b4cb51d69a5abf,7,2.75,6.0,60.0,0,connected-multihop,0.9,2,4,4,2.0,1,3,3,0.75,0.03571428571428571,0,2.0,0.7436184392344104,0.9995268272957579,0.9999967583699997,0.9999999957472745,0.9999999999999719,0.12489795918367347,0.030204081632653063
prr-product-fallback-mesh,59,600.0,40,40,0,0.875,0.875,0.0,0.563588,0.405328,0.563588,2.287744,2.431616,35,35,0,368,86,282,77,26.472448,16.157558,0.026929,10.483089,42.146269,52.629358,1.503696,0.756356,0.405328,7907,10125,18032,0.438498,7313,0.405557,558,0,196,9,4,4,36,4,0,0,0,0,0.968156,0.766304,0,0,0.0,-1,0,0,0,icc2027_generalization_feedback_fading,50,8250.0,4.0,unicast,poisson,1,4,17,4,"[{""key"":[2,44,4],""candidate_count"":2,""sha256"":""1e099c12eda875656bcf32ff60b9bdfc5712e15fba25dfb920e916bf4882d628""},{""key"":[11,1,1],""candidate_count"":5,""sha256"":""a44af509d94ca8a4c6cd1f433ed0763572e9692fe59197aabf4c6e81dfb3aaa6""},{""key"":[13,49,2],""candidate_count"":3,""sha256"":""c356e687e1c56d8872d696d26134a8726016cccf68e96f1c36762400951fbd48""},{""key"":[15,33,3],""candidate_count"":7,""sha256"":""2ed8b5818aed7da800bf3e726ef41c8f9513495c79f2abd99b68c45a043c379e""}]","[{""key"":[2,44,4],""started_at"":25.124253567049852,""closed_at"":27.124253567049852,""candidate_paths"":[[2,1,44],[2,36,44]],""selected_path"":[2,36,44]},{""key"":[11,1,1],""started_at"":1.0,""closed_at"":3.0,""candidate_paths"":[[11,2,26,1],[11,17,1],[11,21,4,1],[11,27,1],[11,35,1]],""selected_path"":[11,2,26,1]},{""key"":[13,49,2],""started_at"":8.054411921782073,""closed_at"":10.054411921782073,""candidate_paths"":[[13,10,49],[13,15,2,49],[13,33,49]],""selected_path"":[13,33,49]},{""key"":[15,33,3],""started_at"":16.98664192080506,""closed_at"":18.98664192080506,""candidate_paths"":[[15,0,33],[15,10,33],[15,11,22,33],[15,11,33],[15,17,33],[15,33],[15,49,33]],""selected_path"":[15,17,33]}]",40,0,4,"[{""src"":2,""dst"":44,""flows"":10,""time_blocks"":8},{""src"":11,""dst"":1,""flows"":10,""time_blocks"":7},{""src"":13,""dst"":49,""flows"":10,""time_blocks"":7},{""src"":15,""dst"":33,""flows"":10,""time_blocks"":8}]",10,7,4,4.0,0fa0ac537ff427c033c368964a171e9d23704a55b59c12dfd0b4cb51d69a5abf,7,2.75,6.0,60.0,0,connected-multihop,0.9,2,4,4,2.0,1,4,4,1.0,0.04591836734693878,0,2.25,0.7436184392344104,0.9995268272957579,0.9999967583699997,0.9999999957472745,0.9999999999999719,0.12489795918367347,0.030204081632653063
meshecho-calibrated,60,600.0,39,39,0,0.282051,0.307692,0.0,0.977311,0.757992,0.977311,2.594665,2.792621,12,11,0,322,38,284,29,23.163392,11.049377,0.018416,9.172703,36.622777,45.795481,4.163226,2.105763,0.757992,4335,11443,15778,0.27475,9328,0.591203,1010,0,247,8,6,2,16,23,3,2,0,0,0.966294,0.881988,0,0,0.0,-1,0,0,0,icc2027_generalization_feedback_fading,50,8250.0,4.0,unicast,poisson,1,6,15,3,"[{""key"":[23,19,2],""candidate_count"":0,""sha256"":""4f53cda18c2baa0c0354bb5f9a3ecbe5ed12ab4d8e11ba873c2f11161202b945""},{""key"":[23,19,6],""candidate_count"":5,""sha256"":""efc2de6916534eff085fa34315c618ee30275f8b64a9caef014a48ba57616bdd""},{""key"":[24,48,3],""candidate_count"":0,""sha256"":""4f53cda18c2baa0c0354bb5f9a3ecbe5ed12ab4d8e11ba873c2f11161202b945""},{""key"":[24,48,7],""candidate_count"":5,""sha256"":""61de02d4d652363b4d49b078089ab1a8d17dfca1bd204d5721d1150e4ac03eb4""},{""key"":[37,0,4],""candidate_count"":4,""sha256"":""dcf5b53c54b8e4481456a7c3a9bee6bba82557c0e9d2ea8e3a3a0b9de0722616""},{""key"":[47,5,1],""candidate_count"":1,""sha256"":""dd8f36b0061a82db25c631380e7003291fb7441ee230e46a724766be02155bf9""}]","[{""key"":[23,19,2],""started_at"":1.0500664866993932,""closed_at"":3.050066486699393,""candidate_paths"":[],""selected_path"":null},{""key"":[23,19,6],""started_at"":62.22408784657461,""closed_at"":64.2240878465746,""candidate_paths"":[[23,2,25,19],[23,24,19],[23,26,29,19],[23,30,19],[23,39,21,19]],""selected_path"":[23,2,25,19]},{""key"":[24,48,3],""started_at"":1.6372700545317809,""closed_at"":3.637270054531781,""candidate_paths"":[],""selected_path"":null},{""key"":[24,48,7],""started_at"":80.25460035116106,""closed_at"":82.25460035116106,""candidate_paths"":[[24,5,26,48],[24,8,48],[24,16,48],[24,20,48],[24,47,9,48]],""selected_path"":[24,47,9,48]},{""key"":[37,0,4],""started_at"":34.211591609947355,""closed_at"":36.211591609947355,""candidate_paths"":[[37,0],[37,14,25,0],[37,39,0],[37,48,8,0]],""selected_path"":[37,39,0]},{""key"":[47,5,1],""started_at"":1.0,""closed_at"":3.0,""candidate_paths"":[[47,31,0,5]],""selected_path"":[47,31,0,5]}]",39,0,4,"[{""src"":23,""dst"":19,""flows"":10,""time_blocks"":9},{""src"":24,""dst"":48,""flows"":10,""time_blocks"":9},{""src"":37,""dst"":0,""flows"":9,""time_blocks"":9},{""src"":47,""dst"":5,""flows"":10,""time_blocks"":8}]",9,8,4,3.9,9b5577d25e936cf0f781b120fcea7d662d9eacad0fa0a3ce17a5a3094e9f6037,7,2.75,6.0,60.0,0,connected-multihop,0.9,2,4,4,2.0,1,2,2,0.3333333333333333,0.032388663967611336,0,2.5,0.6687896612572374,0.9994467951109333,0.9999968389647784,0.9999999935441064,0.9999999999999567,0.1436734693877551,0.04081632653061224
meshtastic-like,60,600.0,39,39,0,0.435897,1.0,0.0,0.755808,0.828488,0.755808,1.4362,1.738996,39,17,0,585,527,58,58,42.08256,23.27171,0.038786,16.664694,67.594918,84.259612,4.956448,2.475445,0.828488,8120,20545,28665,0.283272,17720,0.618175,4909,1781,0,0,0,0,0,0,0,0,0,0,0.0,0.099145,0,0,0.0,-1,0,0,0,icc2027_generalization_feedback_fading,50,8250.0,4.0,unicast,poisson,1,0,0,0,[],[],39,0,4,"[{""src"":23,""dst"":19,""flows"":10,""time_blocks"":9},{""src"":24,""dst"":48,""flows"":10,""time_blocks"":9},{""src"":37,""dst"":0,""flows"":9,""time_blocks"":9},{""src"":47,""dst"":5,""flows"":10,""time_blocks"":8}]",9,8,4,3.9,9b5577d25e936cf0f781b120fcea7d662d9eacad0fa0a3ce17a5a3094e9f6037,7,2.75,6.0,60.0,0,connected-multihop,0.9,2,4,4,2.0,1,0,0,0.0,0.0,0,0.0,0.6687896612572374,0.9994467951109333,0.9999968389647784,0.9999999935441064,0.9999999999999567,0.1436734693877551,0.04081632653061224
meshcore-like,60,600.0,39,39,0,0.102564,0.128205,0.0,0.661856,0.486323,0.661856,1.729485,1.905018,5,4,0,165,9,156,5,11.86944,4.752824,0.007921,4.700298,18.722166,23.422464,5.855616,2.96736,0.486323,1498,6587,8085,0.185281,5613,0.694249,617,0,149,2,4,1,8,31,0,0,0,0,0.0,0.945455,0,0,0.0,-1,0,0,0,icc2027_generalization_feedback_fading,50,8250.0,4.0,unicast,poisson,1,4,6,1,"[{""key"":[23,19,2],""candidate_count"":0,""sha256"":""4f53cda18c2baa0c0354bb5f9a3ecbe5ed12ab4d8e11ba873c2f11161202b945""},{""key"":[24,48,3],""candidate_count"":0,""sha256"":""4f53cda18c2baa0c0354bb5f9a3ecbe5ed12ab4d8e11ba873c2f11161202b945""},{""key"":[37,0,4],""candidate_count"":5,""sha256"":""57b41d313d7fa7af441afabc5c1a726e9c24c58923670cfe7bd68aa766169514""},{""key"":[47,5,1],""candidate_count"":1,""sha256"":""dd8f36b0061a82db25c631380e7003291fb7441ee230e46a724766be02155bf9""}]","[{""key"":[23,19,2],""started_at"":1.0500664866993932,""closed_at"":3.050066486699393,""candidate_paths"":[],""selected_path"":null},{""key"":[24,48,3],""started_at"":1.6372700545317809,""closed_at"":3.637270054531781,""candidate_paths"":[],""selected_path"":null},{""key"":[37,0,4],""started_at"":34.211591609947355,""closed_at"":36.211591609947355,""candidate_paths"":[[37,0],[37,14,25,0],[37,29,2,0],[37,39,0],[37,48,8,0]],""selected_path"":[37,0]},{""key"":[47,5,1],""started_at"":1.0,""closed_at"":3.0,""candidate_paths"":[[47,31,0,5]],""selected_path"":[47,31,0,5]}]",39,0,4,"[{""src"":23,""dst"":19,""flows"":10,""time_blocks"":9},{""src"":24,""dst"":48,""flows"":10,""time_blocks"":9},{""src"":37,""dst"":0,""flows"":9,""time_blocks"":9},{""src"":47,""dst"":5,""flows"":10,""time_blocks"":8}]",9,8,4,3.9,9b5577d25e936cf0f781b120fcea7d662d9eacad0fa0a3ce17a5a3094e9f6037,7,2.75,6.0,60.0,0,connected-multihop,0.9,2,4,4,2.0,1,1,0,0.25,0.013422818791946308,0,1.0,0.6687896612572374,0.9994467951109333,0.9999968389647784,0.9999999935441064,0.9999999999999567,0.1436734693877551,0.04081632653061224
prr-product-fallback-mesh,60,600.0,39,39,0,0.282051,0.307692,0.0,0.977311,0.757992,0.977311,2.594665,2.792621,12,11,0,322,38,284,29,23.163392,11.049377,0.018416,9.172703,36.622777,45.795481,4.163226,2.105763,0.757992,4335,11443,15778,0.27475,9328,0.591203,1010,0,247,8,6,2,16,23,3,2,0,0,0.966294,0.881988,0,0,0.0,-1,0,0,0,icc2027_generalization_feedback_fading,50,8250.0,4.0,unicast,poisson,1,6,15,3,"[{""key"":[23,19,2],""candidate_count"":0,""sha256"":""4f53cda18c2baa0c0354bb5f9a3ecbe5ed12ab4d8e11ba873c2f11161202b945""},{""key"":[23,19,6],""candidate_count"":5,""sha256"":""efc2de6916534eff085fa34315c618ee30275f8b64a9caef014a48ba57616bdd""},{""key"":[24,48,3],""candidate_count"":0,""sha256"":""4f53cda18c2baa0c0354bb5f9a3ecbe5ed12ab4d8e11ba873c2f11161202b945""},{""key"":[24,48,7],""candidate_count"":5,""sha256"":""61de02d4d652363b4d49b078089ab1a8d17dfca1bd204d5721d1150e4ac03eb4""},{""key"":[37,0,4],""candidate_count"":4,""sha256"":""dcf5b53c54b8e4481456a7c3a9bee6bba82557c0e9d2ea8e3a3a0b9de0722616""},{""key"":[47,5,1],""candidate_count"":1,""sha256"":""dd8f36b0061a82db25c631380e7003291fb7441ee230e46a724766be02155bf9""}]","[{""key"":[23,19,2],""started_at"":1.0500664866993932,""closed_at"":3.050066486699393,""candidate_paths"":[],""selected_path"":null},{""key"":[23,19,6],""started_at"":62.22408784657461,""closed_at"":64.2240878465746,""candidate_paths"":[[23,2,25,19],[23,24,19],[23,26,29,19],[23,30,19],[23,39,21,19]],""selected_path"":[23,2,25,19]},{""key"":[24,48,3],""started_at"":1.6372700545317809,""closed_at"":3.637270054531781,""candidate_paths"":[],""selected_path"":null},{""key"":[24,48,7],""started_at"":80.25460035116106,""closed_at"":82.25460035116106,""candidate_paths"":[[24,5,26,48],[24,8,48],[24,16,48],[24,20,48],[24,47,9,48]],""selected_path"":[24,47,9,48]},{""key"":[37,0,4],""started_at"":34.211591609947355,""closed_at"":36.211591609947355,""candidate_paths"":[[37,0],[37,14,25,0],[37,39,0],[37,48,8,0]],""selected_path"":[37,39,0]},{""key"":[47,5,1],""started_at"":1.0,""closed_at"":3.0,""candidate_paths"":[[47,31,0,5]],""selected_path"":[47,31,0,5]}]",39,0,4,"[{""src"":23,""dst"":19,""flows"":10,""time_blocks"":9},{""src"":24,""dst"":48,""flows"":10,""time_blocks"":9},{""src"":37,""dst"":0,""flows"":9,""time_blocks"":9},{""src"":47,""dst"":5,""flows"":10,""time_blocks"":8}]",9,8,4,3.9,9b5577d25e936cf0f781b120fcea7d662d9eacad0fa0a3ce17a5a3094e9f6037,7,2.75,6.0,60.0,0,connected-multihop,0.9,2,4,4,2.0,1,2,2,0.3333333333333333,0.032388663967611336,0,2.5,0.6687896612572374,0.9994467951109333,0.9999968389647784,0.9999999935441064,0.9999999999999567,0.1436734693877551,0.04081632653061224
meshecho-calibrated,61,600.0,34,34,0,0.941176,0.941176,0.0,0.531444,0.36734,0.531444,2.287744,2.431616,32,32,0,353,75,278,73,25.393408,15.611914,0.02602,10.05579,40.596072,50.651862,1.582871,0.793544,0.36734,7796,9501,17297,0.450714,7333,0.423946,814,0,196,9,4,4,30,4,0,0,0,0,0.956933,0.787535,0,0,0.0,-1,0,0,0,icc2027_generalization_feedback_fading,50,8250.0,4.0,unicast,poisson,1,4,23,4,"[{""key"":[9,11,1],""candidate_count"":3,""sha256"":""f90c934ffe8236962abe77768e2a575b553889e4ee993dd5f017cc0a4fd11bdc""},{""key"":[12,6,2],""candidate_count"":7,""sha256"":""b549d02544aa03004e51f9aeec3417aa99aed38e33c2c6c97d2eae4cf67f4a16""},{""key"":[39,37,4],""candidate_count"":5,""sha256"":""feec5e3f59ddeea1d8e166c0a8b5968cf0f36317478d4c90a6b6b4c13fff0d9f""},{""key"":[43,11,3],""candidate_count"":8,""sha256"":""dd2e9e159530bf0eca2d43d6aef3a92584cfbdaea8a71a8c336b89b61bec94ca""}]","[{""key"":[9,11,1],""started_at"":1.0,""closed_at"":3.0,""candidate_paths"":[[9,11],[9,31,11],[9,49,11]],""selected_path"":[9,31,11]},{""key"":[12,6,2],""started_at"":28.323682658346385,""closed_at"":30.323682658346385,""candidate_paths"":[[12,6],[12,13,6],[12,26,6],[12,26,31,6],[12,48,6],[12,49,11,6],[12,49,16,6]],""selected_path"":[12,49,16,6]},{""key"":[39,37,4],""started_at"":94.37191576638611,""closed_at"":96.37191576638611,""candidate_paths"":[[39,20,37],[39,30,37],[39,32,22,37],[39,32,28,37],[39,37]],""selected_path"":[39,30,37]},{""key"":[43,11,3],""started_at"":90.70090517431487,""closed_at"":92.70090517431487,""candidate_paths"":[[43,2,11],[43,23,3,11],[43,23,30,11],[43,23,36,11],[43,31,11],[43,31,24,11],[43,37,11],[43,48,11]],""selected_path"":[43,31,11]}]",34,0,4,"[{""src"":9,""dst"":11,""flows"":9,""time_blocks"":8},{""src"":12,""dst"":6,""flows"":9,""time_blocks"":7},{""src"":39,""dst"":37,""flows"":8,""time_blocks"":8},{""src"":43,""dst"":11,""flows"":8,""time_blocks"":8}]",8,7,4,3.4,7df4945bad2a847665779214eaeb49e2336f106df304cd2824afe4065e6271d2,7,2.75,6.0,60.0,0,connected-multihop,0.9,2,4,4,2.0,1,4,4,1.0,0.04591836734693878,0,2.25,0.8444316521020215,0.9996618587513748,0.9999982989517316,0.9999999963430961,0.999999999999996,0.11346938775510204,0.02857142857142857
meshtastic-like,61,600.0,34,34,0,0.617647,1.0,0.0,0.486744,0.606796,0.486744,1.265098,1.515635,34,21,0,514,471,43,43,36.975104,21.16385,0.035273,14.642141,59.662998,74.30514,3.53834,1.760719,0.606796,7537,17649,25186,0.299254,15411,0.611888,4619,1568,0,0,0,0,0,0,0,0,0,0,0.0,0.083658,0,0,0.0,-1,0,0,0,icc2027_generalization_feedback_fading,50,8250.0,4.0,unicast,poisson,1,0,0,0,[],[],34,0,4,"[{""src"":9,""dst"":11,""flows"":9,""time_blocks"":8},{""src"":12,""dst"":6,""flows"":9,""time_blocks"":7},{""src"":39,""dst"":37,""flows"":8,""time_blocks"":8},{""src"":43,""dst"":11,""flows"":8,""time_blocks"":8}]",8,7,4,3.4,7df4945bad2a847665779214eaeb49e2336f106df304cd2824afe4065e6271d2,7,2.75,6.0,60.0,0,connected-multihop,0.9,2,4,4,2.0,1,0,0,0.0,0.0,0,0.0,0.8444316521020215,0.9996618587513748,0.9999982989517316,0.9999999963430961,0.999999999999996,0.11346938775510204,0.02857142857142857
meshcore-like,61,600.0,34,34,0,0.470588,0.5,0.0,0.340808,0.227667,0.340808,0.572646,0.823712,17,16,0,259,34,225,24,18.631424,8.985007,0.014975,7.378044,29.385268,36.763311,2.297707,1.164464,0.227667,3712,8979,12691,0.292491,7265,0.572453,874,0,196,5,4,3,23,11,0,0,0,0,0.0,0.868726,0,0,0.0,-1,0,0,0,icc2027_generalization_feedback_fading,50,8250.0,4.0,unicast,poisson,1,4,24,4,"[{""key"":[9,11,1],""candidate_count"":3,""sha256"":""f90c934ffe8236962abe77768e2a575b553889e4ee993dd5f017cc0a4fd11bdc""},{""key"":[12,6,2],""candidate_count"":7,""sha256"":""b549d02544aa03004e51f9aeec3417aa99aed38e33c2c6c97d2eae4cf67f4a16""},{""key"":[39,37,4],""candidate_count"":5,""sha256"":""d6cebe3aa07d0c444401df8b523a1a8f110af42b096f0337084b9602e81f3848""},{""key"":[43,11,3],""candidate_count"":9,""sha256"":""86346af1ef40458119f239e81e52f32ae7ced8c228f278508d163c690648d47c""}]","[{""key"":[9,11,1],""started_at"":1.0,""closed_at"":3.0,""candidate_paths"":[[9,11],[9,31,11],[9,49,11]],""selected_path"":[9,11]},{""key"":[12,6,2],""started_at"":28.323682658346385,""closed_at"":30.323682658346385,""candidate_paths"":[[12,6],[12,13,6],[12,26,6],[12,26,31,6],[12,48,6],[12,49,11,6],[12,49,16,6]],""selected_path"":[12,6]},{""key"":[39,37,4],""started_at"":94.37191576638611,""closed_at"":96.37191576638611,""candidate_paths"":[[39,20,37],[39,30,37],[39,32,22,37],[39,32,43,37],[39,37]],""selected_path"":[39,37]},{""key"":[43,11,3],""started_at"":90.70090517431487,""closed_at"":92.70090517431487,""candidate_paths"":[[43,2,11],[43,7,35,11],[43,23,3,11],[43,23,30,11],[43,23,36,11],[43,31,11],[43,31,24,11],[43,37,11],[43,48,11]],""selected_path"":[43,2,11]}]",34,0,4,"[{""src"":9,""dst"":11,""flows"":9,""time_blocks"":8},{""src"":12,""dst"":6,""flows"":9,""time_blocks"":7},{""src"":39,""dst"":37,""flows"":8,""time_blocks"":8},{""src"":43,""dst"":11,""flows"":8,""time_blocks"":8}]",8,7,4,3.4,7df4945bad2a847665779214eaeb49e2336f106df304cd2824afe4065e6271d2,7,2.75,6.0,60.0,0,connected-multihop,0.9,2,4,4,2.0,1,3,1,0.75,0.025510204081632654,0,1.3333333333333333,0.8444316521020215,0.9996618587513748,0.9999982989517316,0.9999999963430961,0.999999999999996,0.11346938775510204,0.02857142857142857
prr-product-fallback-mesh,61,600.0,34,34,0,0.941176,0.941176,0.0,0.531444,0.36734,0.531444,2.287744,2.431616,32,32,0,353,75,278,73,25.393408,15.611914,0.02602,10.05579,40.596072,50.651862,1.582871,0.793544,0.36734,7796,9501,17297,0.450714,7333,0.423946,814,0,196,9,4,4,30,4,0,0,0,0,0.956932,0.787535,0,0,0.0,-1,0,0,0,icc2027_generalization_feedback_fading,50,8250.0,4.0,unicast,poisson,1,4,23,4,"[{""key"":[9,11,1],""candidate_count"":3,""sha256"":""f90c934ffe8236962abe77768e2a575b553889e4ee993dd5f017cc0a4fd11bdc""},{""key"":[12,6,2],""candidate_count"":7,""sha256"":""b549d02544aa03004e51f9aeec3417aa99aed38e33c2c6c97d2eae4cf67f4a16""},{""key"":[39,37,4],""candidate_count"":5,""sha256"":""feec5e3f59ddeea1d8e166c0a8b5968cf0f36317478d4c90a6b6b4c13fff0d9f""},{""key"":[43,11,3],""candidate_count"":8,""sha256"":""dd2e9e159530bf0eca2d43d6aef3a92584cfbdaea8a71a8c336b89b61bec94ca""}]","[{""key"":[9,11,1],""started_at"":1.0,""closed_at"":3.0,""candidate_paths"":[[9,11],[9,31,11],[9,49,11]],""selected_path"":[9,31,11]},{""key"":[12,6,2],""started_at"":28.323682658346385,""closed_at"":30.323682658346385,""candidate_paths"":[[12,6],[12,13,6],[12,26,6],[12,26,31,6],[12,48,6],[12,49,11,6],[12,49,16,6]],""selected_path"":[12,49,16,6]},{""key"":[39,37,4],""started_at"":94.37191576638611,""closed_at"":96.37191576638611,""candidate_paths"":[[39,20,37],[39,30,37],[39,32,22,37],[39,32,28,37],[39,37]],""selected_path"":[39,30,37]},{""key"":[43,11,3],""started_at"":90.70090517431487,""closed_at"":92.70090517431487,""candidate_paths"":[[43,2,11],[43,23,3,11],[43,23,30,11],[43,23,36,11],[43,31,11],[43,31,24,11],[43,37,11],[43,48,11]],""selected_path"":[43,31,11]}]",34,0,4,"[{""src"":9,""dst"":11,""flows"":9,""time_blocks"":8},{""src"":12,""dst"":6,""flows"":9,""time_blocks"":7},{""src"":39,""dst"":37,""flows"":8,""time_blocks"":8},{""src"":43,""dst"":11,""flows"":8,""time_blocks"":8}]",8,7,4,3.4,7df4945bad2a847665779214eaeb49e2336f106df304cd2824afe4065e6271d2,7,2.75,6.0,60.0,0,connected-multihop,0.9,2,4,4,2.0,1,4,4,1.0,0.04591836734693878,0,2.25,0.8444316521020215,0.9996618587513748,0.9999982989517316,0.9999999963430961,0.999999999999996,0.11346938775510204,0.02857142857142857
meshecho-calibrated,62,600.0,37,37,0,0.324324,0.351351,0.0,0.526347,0.341986,0.526347,1.044582,1.331616,13,12,0,280,46,234,30,20.14208,10.140296,0.0169,7.976264,31.796141,39.772404,3.314367,1.678507,0.341986,4334,9386,13720,0.315889,7407,0.539869,755,0,196,8,4,2,17,20,0,0,0,0,0.95484,0.835714,0,0,0.0,-1,0,0,0,icc2027_generalization_feedback_fading,50,8250.0,4.0,unicast,poisson,1,4,19,4,"[{""key"":[2,23,4],""candidate_count"":4,""sha256"":""39175ed447f6c59e7dead3617b35e27e44ba6fe2303460fe51f8959a4784da3d""},{""key"":[19,0,1],""candidate_count"":5,""sha256"":""894cd3ba92b4f302451feff7580c18843c732967232bd37991bf1f10bee07b71""},{""key"":[30,9,2],""candidate_count"":4,""sha256"":""4f3bcb562c115dbdd0da6dcb1599786b4873808078871a54140796b8c9577ad2""},{""key"":[33,44,3],""candidate_count"":6,""sha256"":""628eec7cb753cad57ed3e1765aceb0c1f7ace89505cbd074f5cd5b1b31853df7""}]","[{""key"":[2,23,4],""started_at"":14.11052460213002,""closed_at"":16.11052460213002,""candidate_paths"":[[2,23],[2,41,14,23],[2,44,23],[2,44,46,23]],""selected_path"":[2,44,23]},{""key"":[19,0,1],""started_at"":1.0,""closed_at"":3.0,""candidate_paths"":[[19,24,34,0],[19,31,0],[19,35,0],[19,40,0],[19,47,1,0]],""selected_path"":[19,24,34,0]},{""key"":[30,9,2],""started_at"":5.150088926093046,""closed_at"":7.150088926093046,""candidate_paths"":[[30,26,9],[30,35,9],[30,43,39,9],[30,45,24,9]],""selected_path"":[30,26,9]},{""key"":[33,44,3],""started_at"":12.6852130093853,""closed_at"":14.6852130093853,""candidate_paths"":[[33,11,41,44],[33,15,44],[33,24,14,44],[33,29,44],[33,39,44],[33,44]],""selected_path"":[33,24,14,44]}]",37,0,4,"[{""src"":2,""dst"":23,""flows"":9,""time_blocks"":8},{""src"":19,""dst"":0,""flows"":10,""time_blocks"":9},{""src"":30,""dst"":9,""flows"":9,""time_blocks"":8},{""src"":33,""dst"":44,""flows"":9,""time_blocks"":8}]",9,8,4,3.7,935190dc8f7461e13a47b2305e1f8bfb17c21fee45e61cb19480e0a8cece011b,7,2.75,6.0,60.0,0,connected-multihop,0.9,2,4,4,2.0,1,2,2,0.5,0.04081632653061224,0,2.5,0.5991475564525869,0.9989079871666782,0.9999962196664587,0.9999999945513913,0.9999999999999948,0.15020408163265306,0.03918367346938775
meshtastic-like,62,600.0,37,37,0,0.486486,1.0,0.0,0.41161,0.615858,0.41161,1.200533,1.377975,37,18,0,531,484,47,47,38.198016,21.908508,0.036514,15.126414,61.672874,76.799289,4.266627,2.122112,0.615858,7724,18295,26019,0.29686,15957,0.613283,4785,1702,0,0,0,0,0,0,0,0,0,0,0.0,0.088512,0,0,0.0,-1,0,0,0,icc2027_generalization_feedback_fading,50,8250.0,4.0,unicast,poisson,1,0,0,0,[],[],37,0,4,"[{""src"":2,""dst"":23,""flows"":9,""time_blocks"":8},{""src"":19,""dst"":0,""flows"":10,""time_blocks"":9},{""src"":30,""dst"":9,""flows"":9,""time_blocks"":8},{""src"":33,""dst"":44,""flows"":9,""time_blocks"":8}]",9,8,4,3.7,935190dc8f7461e13a47b2305e1f8bfb17c21fee45e61cb19480e0a8cece011b,7,2.75,6.0,60.0,0,connected-multihop,0.9,2,4,4,2.0,1,0,0,0.0,0.0,0,0.0,0.5991475564525869,0.9989079871666782,0.9999962196664587,0.9999999945513913,0.9999999999999948,0.15020408163265306,0.03918367346938775
meshcore-like,62,600.0,37,37,0,0.27027,0.351351,0.0,0.502131,0.473698,0.502131,2.287744,1.466874,13,10,0,260,32,228,26,18.70336,8.773512,0.014623,7.406531,29.424389,36.83092,3.683092,1.870336,0.473698,3511,9229,12740,0.275589,7380,0.579278,747,0,196,6,4,2,17,20,0,0,0,0,0.0,0.876923,0,0,0.0,-1,0,0,0,icc2027_generalization_feedback_fading,50,8250.0,4.0,unicast,poisson,1,4,19,4,"[{""key"":[2,23,4],""candidate_count"":4,""sha256"":""39175ed447f6c59e7dead3617b35e27e44ba6fe2303460fe51f8959a4784da3d""},{""key"":[19,0,1],""candidate_count"":5,""sha256"":""894cd3ba92b4f302451feff7580c18843c732967232bd37991bf1f10bee07b71""},{""key"":[30,9,2],""candidate_count"":4,""sha256"":""4f3bcb562c115dbdd0da6dcb1599786b4873808078871a54140796b8c9577ad2""},{""key"":[33,44,3],""candidate_count"":6,""sha256"":""628eec7cb753cad57ed3e1765aceb0c1f7ace89505cbd074f5cd5b1b31853df7""}]","[{""key"":[2,23,4],""started_at"":14.11052460213002,""closed_at"":16.11052460213002,""candidate_paths"":[[2,23],[2,41,14,23],[2,44,23],[2,44,46,23]],""selected_path"":[2,23]},{""key"":[19,0,1],""started_at"":1.0,""closed_at"":3.0,""candidate_paths"":[[19,24,34,0],[19,31,0],[19,35,0],[19,40,0],[19,47,1,0]],""selected_path"":[19,31,0]},{""key"":[30,9,2],""started_at"":5.150088926093046,""closed_at"":7.150088926093046,""candidate_paths"":[[30,26,9],[30,35,9],[30,43,39,9],[30,45,24,9]],""selected_path"":[30,26,9]},{""key"":[33,44,3],""started_at"":12.6852130093853,""closed_at"":14.6852130093853,""candidate_paths"":[[33,11,41,44],[33,15,44],[33,24,14,44],[33,29,44],[33,39,44],[33,44]],""selected_path"":[33,44]}]",37,0,4,"[{""src"":2,""dst"":23,""flows"":9,""time_blocks"":8},{""src"":19,""dst"":0,""flows"":10,""time_blocks"":9},{""src"":30,""dst"":9,""flows"":9,""time_blocks"":8},{""src"":33,""dst"":44,""flows"":9,""time_blocks"":8}]",9,8,4,3.7,935190dc8f7461e13a47b2305e1f8bfb17c21fee45e61cb19480e0a8cece011b,7,2.75,6.0,60.0,0,connected-multihop,0.9,2,4,4,2.0,1,2,2,0.5,0.030612244897959183,0,2.0,0.5991475564525869,0.9989079871666782,0.9999962196664587,0.9999999945513913,0.9999999999999948,0.15020408163265306,0.03918367346938775
prr-product-fallback-mesh,62,600.0,37,37,0,0.324324,0.351351,0.0,0.526347,0.341986,0.526347,1.044582,1.331616,13,12,0,280,46,234,30,20.14208,10.140296,0.0169,7.976264,31.796141,39.772404,3.314367,1.678507,0.341986,4334,9386,13720,0.315889,7407,0.539869,755,0,196,8,4,2,17,20,0,0,0,0,0.95484,0.835714,0,0,0.0,-1,0,0,0,icc2027_generalization_feedback_fading,50,8250.0,4.0,unicast,poisson,1,4,19,4,"[{""key"":[2,23,4],""candidate_count"":4,""sha256"":""39175ed447f6c59e7dead3617b35e27e44ba6fe2303460fe51f8959a4784da3d""},{""key"":[19,0,1],""candidate_count"":5,""sha256"":""894cd3ba92b4f302451feff7580c18843c732967232bd37991bf1f10bee07b71""},{""key"":[30,9,2],""candidate_count"":4,""sha256"":""4f3bcb562c115dbdd0da6dcb1599786b4873808078871a54140796b8c9577ad2""},{""key"":[33,44,3],""candidate_count"":6,""sha256"":""628eec7cb753cad57ed3e1765aceb0c1f7ace89505cbd074f5cd5b1b31853df7""}]","[{""key"":[2,23,4],""started_at"":14.11052460213002,""closed_at"":16.11052460213002,""candidate_paths"":[[2,23],[2,41,14,23],[2,44,23],[2,44,46,23]],""selected_path"":[2,44,23]},{""key"":[19,0,1],""started_at"":1.0,""closed_at"":3.0,""candidate_paths"":[[19,24,34,0],[19,31,0],[19,35,0],[19,40,0],[19,47,1,0]],""selected_path"":[19,24,34,0]},{""key"":[30,9,2],""started_at"":5.150088926093046,""closed_at"":7.150088926093046,""candidate_paths"":[[30,26,9],[30,35,9],[30,43,39,9],[30,45,24,9]],""selected_path"":[30,26,9]},{""key"":[33,44,3],""started_at"":12.6852130093853,""closed_at"":14.6852130093853,""candidate_paths"":[[33,11,41,44],[33,15,44],[33,24,14,44],[33,29,44],[33,39,44],[33,44]],""selected_path"":[33,24,14,44]}]",37,0,4,"[{""src"":2,""dst"":23,""flows"":9,""time_blocks"":8},{""src"":19,""dst"":0,""flows"":10,""time_blocks"":9},{""src"":30,""dst"":9,""flows"":9,""time_blocks"":8},{""src"":33,""dst"":44,""flows"":9,""time_blocks"":8}]",9,8,4,3.7,935190dc8f7461e13a47b2305e1f8bfb17c21fee45e61cb19480e0a8cece011b,7,2.75,6.0,60.0,0,connected-multihop,0.9,2,4,4,2.0,1,2,2,0.5,0.04081632653061224,0,2.5,0.5991475564525869,0.9989079871666782,0.9999962196664587,0.9999999945513913,0.9999999999999948,0.15020408163265306,0.03918367346938775
meshecho-calibrated,63,600.0,35,35,0,0.514286,0.514286,0.0,0.525952,0.38208,0.525952,2.287744,2.431616,18,18,0,276,36,240,36,19.854336,10.219222,0.017032,7.862317,31.392698,39.255016,2.180834,1.103019,0.38208,4416,9108,13524,0.326531,7169,0.530095,951,0,196,8,4,2,16,19,0,0,0,0,0.961081,0.869565,0,0,0.0,-1,0,0,0,icc2027_generalization_feedback_fading,50,8250.0,4.0,unicast,poisson,1,4,20,3,"[{""key"":[0,22,1],""candidate_count"":5,""sha256"":""1caebbab905ec797a8715ba1239ef74ee35cc6cad999f466f9bd48c16b1c550c""},{""key"":[1,45,4],""candidate_count"":1,""sha256"":""64e479841dc9474b25054cf0d295998c0f2e56261a1e707fca89204a9154adc5""},{""key"":[4,21,2],""candidate_count"":7,""sha256"":""54ca9ec451ef47567ee4cdb2c6a0dec159aad6d3b7a52f671308e58302ad9492""},{""key"":[10,48,3],""candidate_count"":7,""sha256"":""c4f2ae69292f99506c01d845d701bca6db1174a7798c0aba40e599788a5b19ed""}]","[{""key"":[0,22,1],""started_at"":1.0,""closed_at"":3.0,""candidate_paths"":[[0,17,22],[0,31,3,22],[0,33,22],[0,40,37,22],[0,46,22]],""selected_path"":[0,17,22]},{""key"":[1,45,4],""started_at"":88.6493845963002,""closed_at"":90.6493845963002,""candidate_paths"":[[1,10,45]],""selected_path"":[1,10,45]},{""key"":[4,21,2],""started_at"":30.630668638774736,""closed_at"":32.630668638774736,""candidate_paths"":[[4,7,39,21],[4,9,37,21],[4,17,22,21],[4,21],[4,25,42,21],[4,44,21],[4,48,21]],""selected_path"":[4,48,21]},{""key"":[10,48,3],""started_at"":86.5708968964483,""closed_at"":88.5708968964483,""candidate_paths"":[[10,2,48],[10,15,39,48],[10,24,30,48],[10,31,9,48],[10,35,13,48],[10,40,37,48],[10,48]],""selected_path"":[10,35,13,48]}]",35,0,4,"[{""src"":0,""dst"":22,""flows"":9,""time_blocks"":9},{""src"":1,""dst"":45,""flows"":8,""time_blocks"":7},{""src"":4,""dst"":21,""flows"":9,""time_blocks"":8},{""src"":10,""dst"":48,""flows"":9,""time_blocks"":7}]",8,7,4,3.5,878a851e64ed26dca9a34546d8f090f0e340b0229f53f272abc25f9de00b17c9,7,2.75,6.0,60.0,0,connected-multihop,0.9,2,4,4,2.0,1,2,2,0.5,0.04081632653061224,0,2.0,0.6246089405785054,0.9993907621271705,0.9999947162150868,0.9999999921692811,0.9999999999999896,0.14612244897959184,0.04
meshtastic-like,63,600.0,35,35,0,0.6,1.0,0.0,0.538181,0.620285,0.538181,1.41306,1.557313,35,21,0,498,449,49,49,35.824128,22.447622,0.037413,14.186355,58.271734,72.458088,3.450385,1.705911,0.620285,8211,16191,24402,0.336489,14156,0.580116,5148,1624,0,0,0,0,0,0,0,0,0,0,0.0,0.098394,0,0,0.0,-1,0,0,0,icc2027_generalization_feedback_fading,50,8250.0,4.0,unicast,poisson,1,0,0,0,[],[],35,0,4,"[{""src"":0,""dst"":22,""flows"":9,""time_blocks"":9},{""src"":1,""dst"":45,""flows"":8,""time_blocks"":7},{""src"":4,""dst"":21,""flows"":9,""time_blocks"":8},{""src"":10,""dst"":48,""flows"":9,""time_blocks"":7}]",8,7,4,3.5,878a851e64ed26dca9a34546d8f090f0e340b0229f53f272abc25f9de00b17c9,7,2.75,6.0,60.0,0,connected-multihop,0.9,2,4,4,2.0,1,0,0,0.0,0.0,0,0.0,0.6246089405785054,0.9993907621271705,0.9999947162150868,0.9999999921692811,0.9999999999999896,0.14612244897959184,0.04
meshcore-like,63,600.0,35,35,0,0.485714,0.542857,0.0,0.34615,0.327896,0.34615,2.158259,0.716518,19,17,0,265,36,229,28,19.06304,9.237392,0.015396,7.548964,30.043001,37.591965,2.211292,1.121355,0.327896,3845,9140,12985,0.296111,7244,0.557874,884,0,196,5,4,3,24,11,0,0,0,0,0.0,0.864151,0,0,0.0,-1,0,0,0,icc2027_generalization_feedback_fading,50,8250.0,4.0,unicast,poisson,1,4,20,4,"[{""key"":[0,22,1],""candidate_count"":5,""sha256"":""1caebbab905ec797a8715ba1239ef74ee35cc6cad999f466f9bd48c16b1c550c""},{""key"":[1,45,4],""candidate_count"":2,""sha256"":""9c66664f6ad57a55c51db2c35a9493b1ddab52dee85aedc142ded66e22102a39""},{""key"":[4,21,2],""candidate_count"":7,""sha256"":""54ca9ec451ef47567ee4cdb2c6a0dec159aad6d3b7a52f671308e58302ad9492""},{""key"":[10,48,3],""candidate_count"":6,""sha256"":""e32282a6e2e971ef1a878afee806dfec09234cd3fc9562d261af9bbee22856fb""}]","[{""key"":[0,22,1],""started_at"":1.0,""closed_at"":3.0,""candidate_paths"":[[0,17,22],[0,31,3,22],[0,33,22],[0,40,37,22],[0,46,22]],""selected_path"":[0,17,22]},{""key"":[1,45,4],""started_at"":88.6493845963002,""closed_at"":90.6493845963002,""candidate_paths"":[[1,7,45],[1,36,45]],""selected_path"":[1,7,45]},{""key"":[4,21,2],""started_at"":30.630668638774736,""closed_at"":32.630668638774736,""candidate_paths"":[[4,7,39,21],[4,9,37,21],[4,17,22,21],[4,21],[4,25,42,21],[4,44,21],[4,48,21]],""selected_path"":[4,21]},{""key"":[10,48,3],""started_at"":86.5708968964483,""closed_at"":88.5708968964483,""candidate_paths"":[[10,15,39,48],[10,24,30,48],[10,31,9,48],[10,44,21,48],[10,44,48],[10,48]],""selected_path"":[10,48]}]",35,0,4,"[{""src"":0,""dst"":22,""flows"":9,""time_blocks"":9},{""src"":1,""dst"":45,""flows"":8,""time_blocks"":7},{""src"":4,""dst"":21,""flows"":9,""time_blocks"":8},{""src"":10,""dst"":48,""flows"":9,""time_blocks"":7}]",8,7,4,3.5,878a851e64ed26dca9a34546d8f090f0e340b0229f53f272abc25f9de00b17c9,7,2.75,6.0,60.0,0,connected-multihop,0.9,2,4,4,2.0,1,3,1,0.75,0.025510204081632654,0,1.3333333333333333,0.6246089405785054,0.9993907621271705,0.9999947162150868,0.9999999921692811,0.9999999999999896,0.14612244897959184,0.04
prr-product-fallback-mesh,63,600.0,35,35,0,0.514286,0.514286,0.0,0.525952,0.38208,0.525952,2.287744,2.431616,18,18,0,276,36,240,36,19.854336,10.219222,0.017032,7.862317,31.392698,39.255016,2.180834,1.103019,0.38208,4416,9108,13524,0.326531,7169,0.530095,951,0,196,8,4,2,16,19,0,0,0,0,0.961081,0.869565,0,0,0.0,-1,0,0,0,icc2027_generalization_feedback_fading,50,8250.0,4.0,unicast,poisson,1,4,20,3,"[{""key"":[0,22,1],""candidate_count"":5,""sha256"":""1caebbab905ec797a8715ba1239ef74ee35cc6cad999f466f9bd48c16b1c550c""},{""key"":[1,45,4],""candidate_count"":1,""sha256"":""64e479841dc9474b25054cf0d295998c0f2e56261a1e707fca89204a9154adc5""},{""key"":[4,21,2],""candidate_count"":7,""sha256"":""54ca9ec451ef47567ee4cdb2c6a0dec159aad6d3b7a52f671308e58302ad9492""},{""key"":[10,48,3],""candidate_count"":7,""sha256"":""c4f2ae69292f99506c01d845d701bca6db1174a7798c0aba40e599788a5b19ed""}]","[{""key"":[0,22,1],""started_at"":1.0,""closed_at"":3.0,""candidate_paths"":[[0,17,22],[0,31,3,22],[0,33,22],[0,40,37,22],[0,46,22]],""selected_path"":[0,17,22]},{""key"":[1,45,4],""started_at"":88.6493845963002,""closed_at"":90.6493845963002,""candidate_paths"":[[1,10,45]],""selected_path"":[1,10,45]},{""key"":[4,21,2],""started_at"":30.630668638774736,""closed_at"":32.630668638774736,""candidate_paths"":[[4,7,39,21],[4,9,37,21],[4,17,22,21],[4,21],[4,25,42,21],[4,44,21],[4,48,21]],""selected_path"":[4,48,21]},{""key"":[10,48,3],""started_at"":86.5708968964483,""closed_at"":88.5708968964483,""candidate_paths"":[[10,2,48],[10,15,39,48],[10,24,30,48],[10,31,9,48],[10,35,13,48],[10,40,37,48],[10,48]],""selected_path"":[10,35,13,48]}]",35,0,4,"[{""src"":0,""dst"":22,""flows"":9,""time_blocks"":9},{""src"":1,""dst"":45,""flows"":8,""time_blocks"":7},{""src"":4,""dst"":21,""flows"":9,""time_blocks"":8},{""src"":10,""dst"":48,""flows"":9,""time_blocks"":7}]",8,7,4,3.5,878a851e64ed26dca9a34546d8f090f0e340b0229f53f272abc25f9de00b17c9,7,2.75,6.0,60.0,0,connected-multihop,0.9,2,4,4,2.0,1,2,2,0.5,0.04081632653061224,0,2.0,0.6246089405785054,0.9993907621271705,0.9999947162150868,0.9999999921692811,0.9999999999999896,0.14612244897959184,0.04
meshecho-calibrated,64,600.0,30,30,0,0.433333,0.433333,0.0,0.678439,0.5069,0.678439,2.345293,2.517939,13,13,0,267,33,234,31,19.206912,9.651837,0.016086,7.605937,30.346194,37.952131,2.919395,1.477455,0.5069,4166,8917,13083,0.318428,7166,0.547734,850,0,196,7,4,2,13,17,0,0,0,0,0.967254,0.876404,0,0,0.0,-1,0,0,0,icc2027_generalization_feedback_fading,50,8250.0,4.0,unicast,poisson,1,4,14,4,"[{""key"":[12,41,1],""candidate_count"":2,""sha256"":""4ea15b08a8cd162c7b0aa6ae39f156e8c5a28ddfc80a81a169a4a2d84809f98e""},{""key"":[21,38,4],""candidate_count"":5,""sha256"":""bc6d0fad34a55d4617f7249dc4e97a5e13e90b5e00a4203b1c8a2250a7fc7166""},{""key"":[34,27,2],""candidate_count"":4,""sha256"":""d08803cdcb241f41555dd7fdabbbb051f7970296d57992e3757608996265e091""},{""key"":[42,9,3],""candidate_count"":3,""sha256"":""f211dcb6322c49c4ecd7ce8e883443e1ff9747708787672234043f33864364ad""}]","[{""key"":[12,41,1],""started_at"":1.0,""closed_at"":3.0,""candidate_paths"":[[12,16,41],[12,32,23,41]],""selected_path"":[12,16,41]},{""key"":[21,38,4],""started_at"":142.69773775618748,""closed_at"":144.69773775618748,""candidate_paths"":[[21,12,37,38],[21,16,48,38],[21,34,38],[21,38],[21,42,7,38]],""selected_path"":[21,12,37,38]},{""key"":[34,27,2],""started_at"":40.0365957796232,""closed_at"":42.0365957796232,""candidate_paths"":[[34,3,27],[34,12,24,27],[34,17,27],[34,28,27]],""selected_path"":[34,12,24,27]},{""key"":[42,9,3],""started_at"":72.61167624651046,""closed_at"":74.61167624651046,""candidate_paths"":[[42,9],[42,13,1,9],[42,13,14,9]],""selected_path"":[42,13,14,9]}]",30,0,4,"[{""src"":12,""dst"":41,""flows"":8,""time_blocks"":6},{""src"":21,""dst"":38,""flows"":7,""time_blocks"":5},{""src"":34,""dst"":27,""flows"":8,""time_blocks"":7},{""src"":42,""dst"":9,""flows"":7,""time_blocks"":6}]",7,5,4,3.0,178959d9b90d347c27daed0a7cef74bd9941c3409d39161f433ccdab6f0635cc,7,2.75,6.0,60.0,0,connected-multihop,0.9,2,4,4,2.0,1,2,2,0.5,0.03571428571428571,0,2.5,0.5546820077194923,0.9990735456253177,0.9999959646169095,0.9999999959310604,0.9999999999999736,0.15510204081632653,0.045714285714285714
meshtastic-like,64,600.0,30,30,0,0.5,1.0,0.0,0.873223,0.983696,0.873223,1.893626,1.791005,30,15,0,436,388,48,48,31.364096,19.44141,0.032402,12.420182,50.914414,63.334596,4.222306,2.09094,0.983696,7003,14361,21364,0.327794,12531,0.586547,4073,1381,0,0,0,0,0,0,0,0,0,0,0.0,0.110092,0,0,0.0,-1,0,0,0,icc2027_generalization_feedback_fading,50,8250.0,4.0,unicast,poisson,1,0,0,0,[],[],30,0,4,"[{""src"":12,""dst"":41,""flows"":8,""time_blocks"":6},{""src"":21,""dst"":38,""flows"":7,""time_blocks"":5},{""src"":34,""dst"":27,""flows"":8,""time_blocks"":7},{""src"":42,""dst"":9,""flows"":7,""time_blocks"":6}]",7,5,4,3.0,178959d9b90d347c27daed0a7cef74bd9941c3409d39161f433ccdab6f0635cc,7,2.75,6.0,60.0,0,connected-multihop,0.9,2,4,4,2.0,1,0,0,0.0,0.0,0,0.0,0.5546820077194923,0.9990735456253177,0.9999959646169095,0.9999999959310604,0.9999999999999736,0.15510204081632653,0.045714285714285714
meshcore-like,64,600.0,30,30,0,0.366667,0.366667,0.0,0.618682,0.500969,0.618682,2.215808,2.323712,11,11,0,249,29,220,18,17.912064,8.107324,0.013512,7.093177,28.15049,35.243667,3.20397,1.628369,0.500969,3249,8952,12201,0.26629,7251,0.594296,855,0,196,6,4,3,19,11,0,0,0,0,0.0,0.883534,0,0,0.0,-1,0,0,0,icc2027_generalization_feedback_fading,50,8250.0,4.0,unicast,poisson,1,4,13,4,"[{""key"":[12,41,1],""candidate_count"":2,""sha256"":""4ea15b08a8cd162c7b0aa6ae39f156e8c5a28ddfc80a81a169a4a2d84809f98e""},{""key"":[21,38,4],""candidate_count"":3,""sha256"":""9a448bd0b750a3e7104b1d8114df6670ccc4562846b4e788fb9cee22253ed2df""},{""key"":[34,27,2],""candidate_count"":4,""sha256"":""d08803cdcb241f41555dd7fdabbbb051f7970296d57992e3757608996265e091""},{""key"":[42,9,3],""candidate_count"":4,""sha256"":""18239768f55f549ad9f07e42df3acda71ca05bc8274cfef75dc4ea2889096c9b""}]","[{""key"":[12,41,1],""started_at"":1.0,""closed_at"":3.0,""candidate_paths"":[[12,16,41],[12,32,23,41]],""selected_path"":[12,16,41]},{""key"":[21,38,4],""started_at"":142.69773775618748,""closed_at"":144.69773775618748,""candidate_paths"":[[21,12,37,38],[21,34,38],[21,38]],""selected_path"":[21,38]},{""key"":[34,27,2],""started_at"":40.0365957796232,""closed_at"":42.0365957796232,""candidate_paths"":[[34,3,27],[34,12,24,27],[34,17,27],[34,28,27]],""selected_path"":[34,3,27]},{""key"":[42,9,3],""started_at"":72.61167624651046,""closed_at"":74.61167624651046,""candidate_paths"":[[42,6,44,9],[42,9],[42,13,1,9],[42,13,14,9]],""selected_path"":[42,9]}]",30,0,4,"[{""src"":12,""dst"":41,""flows"":8,""time_blocks"":6},{""src"":21,""dst"":38,""flows"":7,""time_blocks"":5},{""src"":34,""dst"":27,""flows"":8,""time_blocks"":7},{""src"":42,""dst"":9,""flows"":7,""time_blocks"":6}]",7,5,4,3.0,178959d9b90d347c27daed0a7cef74bd9941c3409d39161f433ccdab6f0635cc,7,2.75,6.0,60.0,0,connected-multihop,0.9,2,4,4,2.0,1,3,1,0.75,0.030612244897959183,0,1.3333333333333333,0.5546820077194923,0.9990735456253177,0.9999959646169095,0.9999999959310604,0.9999999999999736,0.15510204081632653,0.045714285714285714
prr-product-fallback-mesh,64,600.0,30,30,0,0.433333,0.433333,0.0,0.678439,0.5069,0.678439,2.345293,2.517939,13,13,0,267,33,234,31,19.206912,9.651837,0.016086,7.605937,30.346194,37.952131,2.919395,1.477455,0.5069,4166,8917,13083,0.318428,7166,0.547734,850,0,196,7,4,2,13,17,0,0,0,0,0.967254,0.876404,0,0,0.0,-1,0,0,0,icc2027_generalization_feedback_fading,50,8250.0,4.0,unicast,poisson,1,4,14,4,"[{""key"":[12,41,1],""candidate_count"":2,""sha256"":""4ea15b08a8cd162c7b0aa6ae39f156e8c5a28ddfc80a81a169a4a2d84809f98e""},{""key"":[21,38,4],""candidate_count"":5,""sha256"":""bc6d0fad34a55d4617f7249dc4e97a5e13e90b5e00a4203b1c8a2250a7fc7166""},{""key"":[34,27,2],""candidate_count"":4,""sha256"":""d08803cdcb241f41555dd7fdabbbb051f7970296d57992e3757608996265e091""},{""key"":[42,9,3],""candidate_count"":3,""sha256"":""f211dcb6322c49c4ecd7ce8e883443e1ff9747708787672234043f33864364ad""}]","[{""key"":[12,41,1],""started_at"":1.0,""closed_at"":3.0,""candidate_paths"":[[12,16,41],[12,32,23,41]],""selected_path"":[12,16,41]},{""key"":[21,38,4],""started_at"":142.69773775618748,""closed_at"":144.69773775618748,""candidate_paths"":[[21,12,37,38],[21,16,48,38],[21,34,38],[21,38],[21,42,7,38]],""selected_path"":[21,12,37,38]},{""key"":[34,27,2],""started_at"":40.0365957796232,""closed_at"":42.0365957796232,""candidate_paths"":[[34,3,27],[34,12,24,27],[34,17,27],[34,28,27]],""selected_path"":[34,12,24,27]},{""key"":[42,9,3],""started_at"":72.61167624651046,""closed_at"":74.61167624651046,""candidate_paths"":[[42,9],[42,13,1,9],[42,13,14,9]],""selected_path"":[42,13,14,9]}]",30,0,4,"[{""src"":12,""dst"":41,""flows"":8,""time_blocks"":6},{""src"":21,""dst"":38,""flows"":7,""time_blocks"":5},{""src"":34,""dst"":27,""flows"":8,""time_blocks"":7},{""src"":42,""dst"":9,""flows"":7,""time_blocks"":6}]",7,5,4,3.0,178959d9b90d347c27daed0a7cef74bd9941c3409d39161f433ccdab6f0635cc,7,2.75,6.0,60.0,0,connected-multihop,0.9,2,4,4,2.0,1,2,2,0.5,0.03571428571428571,0,2.5,0.5546820077194923,0.9990735456253177,0.9999959646169095,0.9999999959310604,0.9999999999999736,0.15510204081632653,0.045714285714285714
meshecho-calibrated,65,600.0,49,49,0,0.489796,0.489796,0.0,0.377072,0.2332,0.377072,0.143872,0.287744,24,24,0,301,50,251,48,21.652736,11.576733,0.019295,8.574483,34.209459,42.783942,1.782664,0.902197,0.2332,5126,9623,14749,0.347549,7395,0.50139,666,0,196,7,4,2,23,26,0,0,0,0,0.961101,0.833887,0,0,0.0,-1,0,0,0,icc2027_generalization_feedback_fading,50,8250.0,4.0,unicast,poisson,1,4,14,3,"[{""key"":[6,5,2],""candidate_count"":3,""sha256"":""188e3025200a8a577d0e81b10c07658ca41079f1ad7f4e5ccbd23c94382d891e""},{""key"":[14,33,1],""candidate_count"":3,""sha256"":""34b21b5f9a1b5999ccb68a1773d2be7010bf827e50320ed24464bb99a7fbe6c0""},{""key"":[23,31,4],""candidate_count"":1,""sha256"":""b4827dff24380d7e535227e964fe21854b34585e450ca30cac28917c289ee027""},{""key"":[36,18,3],""candidate_count"":7,""sha256"":""851899a7b3df967ee00359f355cbafb7fa06eb61714db5e3f9b1b80bb44118c2""}]","[{""key"":[6,5,2],""started_at"":4.902966126499223,""closed_at"":6.902966126499223,""candidate_paths"":[[6,0,5],[6,33,22,5],[6,49,5]],""selected_path"":[6,49,5]},{""key"":[14,33,1],""started_at"":1.0,""closed_at"":3.0,""candidate_paths"":[[14,3,41,33],[14,45,33],[14,45,37,33]],""selected_path"":[14,45,33]},{""key"":[23,31,4],""started_at"":6.878101495835437,""closed_at"":8.878101495835438,""candidate_paths"":[[23,28,31]],""selected_path"":[23,28,31]},{""key"":[36,18,3],""started_at"":5.790969052553771,""closed_at"":7.790969052553771,""candidate_paths"":[[36,15,18],[36,28,4,18],[36,28,6,18],[36,28,18],[36,28,20,18],[36,28,39,18],[36,44,18]],""selected_path"":[36,15,18]}]",49,0,4,"[{""src"":6,""dst"":5,""flows"":12,""time_blocks"":8},{""src"":14,""dst"":33,""flows"":13,""time_blocks"":8},{""src"":23,""dst"":31,""flows"":12,""time_blocks"":9},{""src"":36,""dst"":18,""flows"":12,""time_blocks"":9}]",12,8,4,4.9,64eeebd4afd241a2b983456d4bdcac54775ec41707b6795cbd22d8d8fe899d3f,7,2.75,6.0,60.0,0,connected-multihop,0.9,2,4,4,2.0,1,2,2,0.5,0.03571428571428571,0,2.0,0.7194415964054901,0.9990424954175469,0.9999953558594964,0.9999999946768652,0.9999999999999525,0.15428571428571428,0.03918367346938775
meshtastic-like,65,600.0,49,49,0,0.408163,0.959184,0.0,0.679202,0.818929,0.679202,1.373976,1.592717,47,20,0,795,729,66,66,57.18912,30.395847,0.05066,22.646892,91.82346,114.470351,5.723518,2.859456,0.818929,10266,28689,38955,0.263535,24845,0.637787,6454,2241,0,0,0,0,0,0,0,0,0,0,0.0,0.083019,0,0,0.0,-1,0,0,0,icc2027_generalization_feedback_fading,50,8250.0,4.0,unicast,poisson,1,0,0,0,[],[],49,0,4,"[{""src"":6,""dst"":5,""flows"":12,""time_blocks"":8},{""src"":14,""dst"":33,""flows"":13,""time_blocks"":8},{""src"":23,""dst"":31,""flows"":12,""time_blocks"":9},{""src"":36,""dst"":18,""flows"":12,""time_blocks"":9}]",12,8,4,4.9,64eeebd4afd241a2b983456d4bdcac54775ec41707b6795cbd22d8d8fe899d3f,7,2.75,6.0,60.0,0,connected-multihop,0.9,2,4,4,2.0,1,0,0,0.0,0.0,0,0.0,0.7194415964054901,0.9990424954175469,0.9999953558594964,0.9999999946768652,0.9999999999999525,0.15428571428571428,0.03918367346938775
meshcore-like,65,600.0,49,49,0,0.489796,0.489796,0.0,0.377072,0.2332,0.377072,0.143872,0.287744,24,24,0,301,50,251,48,21.652736,11.668994,0.019448,8.574483,34.253471,42.827954,1.784498,0.902197,0.2332,5192,9557,14749,0.352024,7368,0.499559,724,0,196,7,4,2,23,26,0,0,0,0,0.0,0.833887,0,0,0.0,-1,0,0,0,icc2027_generalization_feedback_fading,50,8250.0,4.0,unicast,poisson,1,4,14,3,"[{""key"":[6,5,2],""candidate_count"":3,""sha256"":""188e3025200a8a577d0e81b10c07658ca41079f1ad7f4e5ccbd23c94382d891e""},{""key"":[14,33,1],""candidate_count"":3,""sha256"":""34b21b5f9a1b5999ccb68a1773d2be7010bf827e50320ed24464bb99a7fbe6c0""},{""key"":[23,31,4],""candidate_count"":1,""sha256"":""b4827dff24380d7e535227e964fe21854b34585e450ca30cac28917c289ee027""},{""key"":[36,18,3],""candidate_count"":7,""sha256"":""851899a7b3df967ee00359f355cbafb7fa06eb61714db5e3f9b1b80bb44118c2""}]","[{""key"":[6,5,2],""started_at"":4.902966126499223,""closed_at"":6.902966126499223,""candidate_paths"":[[6,0,5],[6,33,22,5],[6,49,5]],""selected_path"":[6,0,5]},{""key"":[14,33,1],""started_at"":1.0,""closed_at"":3.0,""candidate_paths"":[[14,3,41,33],[14,45,33],[14,45,37,33]],""selected_path"":[14,45,33]},{""key"":[23,31,4],""started_at"":6.878101495835437,""closed_at"":8.878101495835438,""candidate_paths"":[[23,28,31]],""selected_path"":[23,28,31]},{""key"":[36,18,3],""started_at"":5.790969052553771,""closed_at"":7.790969052553771,""candidate_paths"":[[36,15,18],[36,28,4,18],[36,28,6,18],[36,28,18],[36,28,20,18],[36,28,39,18],[36,44,18]],""selected_path"":[36,15,18]}]",49,0,4,"[{""src"":6,""dst"":5,""flows"":12,""time_blocks"":8},{""src"":14,""dst"":33,""flows"":13,""time_blocks"":8},{""src"":23,""dst"":31,""flows"":12,""time_blocks"":9},{""src"":36,""dst"":18,""flows"":12,""time_blocks"":9}]",12,8,4,4.9,64eeebd4afd241a2b983456d4bdcac54775ec41707b6795cbd22d8d8fe899d3f,7,2.75,6.0,60.0,0,connected-multihop,0.9,2,4,4,2.0,1,2,2,0.5,0.03571428571428571,0,2.0,0.7194415964054901,0.9990424954175469,0.9999953558594964,0.9999999946768652,0.9999999999999525,0.15428571428571428,0.03918367346938775
prr-product-fallback-mesh,65,600.0,49,49,0,0.489796,0.489796,0.0,0.377072,0.2332,0.377072,0.143872,0.287744,24,24,0,301,50,251,48,21.652736,11.576733,0.019295,8.574483,34.209459,42.783942,1.782664,0.902197,0.2332,5126,9623,14749,0.347549,7395,0.50139,666,0,196,7,4,2,23,26,0,0,0,0,0.961101,0.833887,0,0,0.0,-1,0,0,0,icc2027_generalization_feedback_fading,50,8250.0,4.0,unicast,poisson,1,4,14,3,"[{""key"":[6,5,2],""candidate_count"":3,""sha256"":""188e3025200a8a577d0e81b10c07658ca41079f1ad7f4e5ccbd23c94382d891e""},{""key"":[14,33,1],""candidate_count"":3,""sha256"":""34b21b5f9a1b5999ccb68a1773d2be7010bf827e50320ed24464bb99a7fbe6c0""},{""key"":[23,31,4],""candidate_count"":1,""sha256"":""b4827dff24380d7e535227e964fe21854b34585e450ca30cac28917c289ee027""},{""key"":[36,18,3],""candidate_count"":7,""sha256"":""851899a7b3df967ee00359f355cbafb7fa06eb61714db5e3f9b1b80bb44118c2""}]","[{""key"":[6,5,2],""started_at"":4.902966126499223,""closed_at"":6.902966126499223,""candidate_paths"":[[6,0,5],[6,33,22,5],[6,49,5]],""selected_path"":[6,49,5]},{""key"":[14,33,1],""started_at"":1.0,""closed_at"":3.0,""candidate_paths"":[[14,3,41,33],[14,45,33],[14,45,37,33]],""selected_path"":[14,45,33]},{""key"":[23,31,4],""started_at"":6.878101495835437,""closed_at"":8.878101495835438,""candidate_paths"":[[23,28,31]],""selected_path"":[23,28,31]},{""key"":[36,18,3],""started_at"":5.790969052553771,""closed_at"":7.790969052553771,""candidate_paths"":[[36,15,18],[36,28,4,18],[36,28,6,18],[36,28,18],[36,28,20,18],[36,28,39,18],[36,44,18]],""selected_path"":[36,15,18]}]",49,0,4,"[{""src"":6,""dst"":5,""flows"":12,""time_blocks"":8},{""src"":14,""dst"":33,""flows"":13,""time_blocks"":8},{""src"":23,""dst"":31,""flows"":12,""time_blocks"":9},{""src"":36,""dst"":18,""flows"":12,""time_blocks"":9}]",12,8,4,4.9,64eeebd4afd241a2b983456d4bdcac54775ec41707b6795cbd22d8d8fe899d3f,7,2.75,6.0,60.0,0,connected-multihop,0.9,2,4,4,2.0,1,2,2,0.5,0.03571428571428571,0,2.0,0.7194415964054901,0.9990424954175469,0.9999953558594964,0.9999999946768652,0.9999999999999525,0.15428571428571428,0.03918367346938775
meshecho-calibrated,66,600.0,46,46,0,0.434783,0.478261,0.0,0.45968,0.277289,0.45968,0.215808,0.531616,22,20,0,315,56,259,55,22.65984,12.776964,0.021295,8.973297,36.09708,45.070376,2.253519,1.132992,0.277289,5844,9591,15435,0.37862,7390,0.478782,711,0,196,8,4,2,21,25,0,0,0,0,0.960629,0.822222,0,0,0.0,-1,0,0,0,icc2027_generalization_feedback_fading,50,8250.0,4.0,unicast,poisson,1,4,20,4,"[{""key"":[4,27,1],""candidate_count"":3,""sha256"":""b582cddb7424351518a1962d04a21ef2236d0d59a36489798020a868f42d218c""},{""key"":[28,11,3],""candidate_count"":6,""sha256"":""32486cc66288b764bd2404fc2ce5cdc39f190e0721deb69e729144ae21548093""},{""key"":[32,0,2],""candidate_count"":4,""sha256"":""1aabf34cfe6647371ef965a2b6eafad29566621b245fcdc73a57a3425403662a""},{""key"":[41,37,4],""candidate_count"":7,""sha256"":""514cb8933a8c7a9684f85b557f7f68f49e4465b508ad352bd7bad6b82da6e978""}]","[{""key"":[4,27,1],""started_at"":1.0,""closed_at"":3.0,""candidate_paths"":[[4,17,27],[4,22,19,27],[4,36,27]],""selected_path"":[4,22,19,27]},{""key"":[28,11,3],""started_at"":14.418273794025083,""closed_at"":16.418273794025083,""candidate_paths"":[[28,8,11],[28,17,11],[28,18,11],[28,30,20,11],[28,45,11],[28,49,36,11]],""selected_path"":[28,8,11]},{""key"":[32,0,2],""started_at"":7.472458057815133,""closed_at"":9.472458057815132,""candidate_paths"":[[32,34,0],[32,37,49,0],[32,38,0],[32,47,16,0]],""selected_path"":[32,38,0]},{""key"":[41,37,4],""started_at"":30.68021041813325,""closed_at"":32.68021041813325,""candidate_paths"":[[41,16,37],[41,29,37],[41,40,37],[41,40,48,37],[41,49,36,37],[41,49,37],[41,49,45,37]],""selected_path"":[41,40,48,37]}]",46,0,4,"[{""src"":4,""dst"":27,""flows"":12,""time_blocks"":9},{""src"":28,""dst"":11,""flows"":11,""time_blocks"":7},{""src"":32,""dst"":0,""flows"":12,""time_blocks"":9},{""src"":41,""dst"":37,""flows"":11,""time_blocks"":8}]",11,7,4,4.6,922038cb211bbdfa385c5020b2de2efd70267e398c2127fe3b29036b10a8c4c4,7,2.75,6.0,60.0,0,connected-multihop,0.9,2,4,4,2.0,1,2,2,0.5,0.04081632653061224,0,2.5,0.43474394708032743,0.99823477398053,0.9999896304067577,0.9999999858770996,0.9999999999999654,0.1730612244897959,0.053877551020408164
meshtastic-like,66,600.0,46,46,0,0.608696,0.978261,0.0,0.482587,0.602413,0.482587,1.327967,1.523489,45,28,0,687,629,58,58,49.420032,29.441191,0.049069,19.570333,80.001379,99.571711,3.556133,1.765001,0.602413,10161,23453,33614,0.302285,20427,0.607693,6163,2086,0,0,0,0,0,0,0,0,0,0,0.0,0.084425,0,0,0.0,-1,0,0,0,icc2027_generalization_feedback_fading,50,8250.0,4.0,unicast,poisson,1,0,0,0,[],[],46,0,4,"[{""src"":4,""dst"":27,""flows"":12,""time_blocks"":9},{""src"":28,""dst"":11,""flows"":11,""time_blocks"":7},{""src"":32,""dst"":0,""flows"":12,""time_blocks"":9},{""src"":41,""dst"":37,""flows"":11,""time_blocks"":8}]",11,7,4,4.6,922038cb211bbdfa385c5020b2de2efd70267e398c2127fe3b29036b10a8c4c4,7,2.75,6.0,60.0,0,connected-multihop,0.9,2,4,4,2.0,1,0,0,0.0,0.0,0,0.0,0.43474394708032743,0.99823477398053,0.9999896304067577,0.9999999858770996,0.9999999999999654,0.1730612244897959,0.053877551020408164
meshcore-like,66,600.0,46,46,0,0.608696,0.630435,0.0,0.440878,0.291725,0.440878,1.430195,1.681261,29,28,0,326,65,261,58,23.451136,13.393333,0.022322,9.28665,37.358754,46.645404,1.665907,0.837541,0.291725,6063,9911,15974,0.379554,7489,0.468824,713,0,196,7,4,3,32,14,0,0,0,0,0.0,0.800613,0,0,0.0,-1,0,0,0,icc2027_generalization_feedback_fading,50,8250.0,4.0,unicast,poisson,1,4,17,4,"[{""key"":[4,27,1],""candidate_count"":3,""sha256"":""b582cddb7424351518a1962d04a21ef2236d0d59a36489798020a868f42d218c""},{""key"":[28,11,3],""candidate_count"":4,""sha256"":""10b90dbb8acb979bc85b17731a01b56cda3fc50615107ce25e0a22c2e209583c""},{""key"":[32,0,2],""candidate_count"":4,""sha256"":""1aabf34cfe6647371ef965a2b6eafad29566621b245fcdc73a57a3425403662a""},{""key"":[41,37,4],""candidate_count"":6,""sha256"":""11d171113cab9ae3b61715a6e7b25fb75d115135da8b18d9042ee45fb1d11f07""}]","[{""key"":[4,27,1],""started_at"":1.0,""closed_at"":3.0,""candidate_paths"":[[4,17,27],[4,22,19,27],[4,36,27]],""selected_path"":[4,17,27]},{""key"":[28,11,3],""started_at"":14.418273794025083,""closed_at"":16.418273794025083,""candidate_paths"":[[28,8,11],[28,17,11],[28,18,11],[28,45,11]],""selected_path"":[28,8,11]},{""key"":[32,0,2],""started_at"":7.472458057815133,""closed_at"":9.472458057815132,""candidate_paths"":[[32,34,0],[32,37,49,0],[32,38,0],[32,47,16,0]],""selected_path"":[32,34,0]},{""key"":[41,37,4],""started_at"":30.68021041813325,""closed_at"":32.68021041813325,""candidate_paths"":[[41,16,37],[41,29,37],[41,29,39,37],[41,40,37],[41,40,48,37],[41,49,36,37]],""selected_path"":[41,16,37]}]",46,0,4,"[{""src"":4,""dst"":27,""flows"":12,""time_blocks"":9},{""src"":28,""dst"":11,""flows"":11,""time_blocks"":7},{""src"":32,""dst"":0,""flows"":12,""time_blocks"":9},{""src"":41,""dst"":37,""flows"":11,""time_blocks"":8}]",11,7,4,4.6,922038cb211bbdfa385c5020b2de2efd70267e398c2127fe3b29036b10a8c4c4,7,2.75,6.0,60.0,0,connected-multihop,0.9,2,4,4,2.0,1,3,3,0.75,0.03571428571428571,0,2.0,0.43474394708032743,0.99823477398053,0.9999896304067577,0.9999999858770996,0.9999999999999654,0.1730612244897959,0.053877551020408164
prr-product-fallback-mesh,66,600.0,46,46,0,0.434783,0.478261,0.0,0.45968,0.277289,0.45968,0.215808,0.531616,22,20,0,315,56,259,55,22.65984,12.776964,0.021295,8.973297,36.09708,45.070376,2.253519,1.132992,0.277289,5844,9591,15435,0.37862,7390,0.478782,711,0,196,8,4,2,21,25,0,0,0,0,0.960577,0.822222,0,0,0.0,-1,0,0,0,icc2027_generalization_feedback_fading,50,8250.0,4.0,unicast,poisson,1,4,20,4,"[{""key"":[4,27,1],""candidate_count"":3,""sha256"":""b582cddb7424351518a1962d04a21ef2236d0d59a36489798020a868f42d218c""},{""key"":[28,11,3],""candidate_count"":6,""sha256"":""32486cc66288b764bd2404fc2ce5cdc39f190e0721deb69e729144ae21548093""},{""key"":[32,0,2],""candidate_count"":4,""sha256"":""1aabf34cfe6647371ef965a2b6eafad29566621b245fcdc73a57a3425403662a""},{""key"":[41,37,4],""candidate_count"":7,""sha256"":""514cb8933a8c7a9684f85b557f7f68f49e4465b508ad352bd7bad6b82da6e978""}]","[{""key"":[4,27,1],""started_at"":1.0,""closed_at"":3.0,""candidate_paths"":[[4,17,27],[4,22,19,27],[4,36,27]],""selected_path"":[4,22,19,27]},{""key"":[28,11,3],""started_at"":14.418273794025083,""closed_at"":16.418273794025083,""candidate_paths"":[[28,8,11],[28,17,11],[28,18,11],[28,30,20,11],[28,45,11],[28,49,36,11]],""selected_path"":[28,8,11]},{""key"":[32,0,2],""started_at"":7.472458057815133,""closed_at"":9.472458057815132,""candidate_paths"":[[32,34,0],[32,37,49,0],[32,38,0],[32,47,16,0]],""selected_path"":[32,38,0]},{""key"":[41,37,4],""started_at"":30.68021041813325,""closed_at"":32.68021041813325,""candidate_paths"":[[41,16,37],[41,29,37],[41,40,37],[41,40,48,37],[41,49,36,37],[41,49,37],[41,49,45,37]],""selected_path"":[41,40,48,37]}]",46,0,4,"[{""src"":4,""dst"":27,""flows"":12,""time_blocks"":9},{""src"":28,""dst"":11,""flows"":11,""time_blocks"":7},{""src"":32,""dst"":0,""flows"":12,""time_blocks"":9},{""src"":41,""dst"":37,""flows"":11,""time_blocks"":8}]",11,7,4,4.6,922038cb211bbdfa385c5020b2de2efd70267e398c2127fe3b29036b10a8c4c4,7,2.75,6.0,60.0,0,connected-multihop,0.9,2,4,4,2.0,1,2,2,0.5,0.04081632653061224,0,2.5,0.43474394708032743,0.99823477398053,0.9999896304067577,0.9999999858770996,0.9999999999999654,0.1730612244897959,0.053877551020408164
meshecho-calibrated,67,600.0,37,37,0,0.810811,0.810811,0.0,0.547691,0.382238,0.547691,2.287744,2.431616,30,30,0,351,77,274,69,25.249536,15.538493,0.025897,9.998816,40.498268,50.497084,1.683236,0.841651,0.382238,7416,9783,17199,0.431188,7396,0.430025,823,0,196,9,4,4,33,4,0,0,0,0,0.958413,0.780627,0,0,0.0,-1,0,0,0,icc2027_generalization_feedback_fading,50,8250.0,4.0,unicast,poisson,1,4,24,4,"[{""key"":[4,17,3],""candidate_count"":10,""sha256"":""7db4d6107e5ef7ce071b167a31db6057e669c84a4bd8575520a91e589c08cbb0""},{""key"":[12,8,4],""candidate_count"":3,""sha256"":""a831420bc2790a3333015429cfe149be479ee5c5185f7a1070ea55293aef9084""},{""key"":[32,3,2],""candidate_count"":6,""sha256"":""e8c29bcf0fe36bd1ab8048df928231617317ebaf1d00e91b0aabc17e52efc26b""},{""key"":[38,33,1],""candidate_count"":5,""sha256"":""fa56424116375f45101a36ac008cf4a9bc4db5e76a77b3e7422e39b52a038e04""}]","[{""key"":[4,17,3],""started_at"":26.096425460798546,""closed_at"":28.096425460798546,""candidate_paths"":[[4,9,17],[4,13,17],[4,17],[4,20,17],[4,40,6,17],[4,40,17],[4,40,33,17],[4,40,48,17],[4,45,34,17],[4,45,42,17]],""selected_path"":[4,45,42,17]},{""key"":[12,8,4],""started_at"":42.28312848530007,""closed_at"":44.28312848530007,""candidate_paths"":[[12,6,8],[12,15,8],[12,33,48,8]],""selected_path"":[12,6,8]},{""key"":[32,3,2],""started_at"":17.330074916061804,""closed_at"":19.330074916061804,""candidate_paths"":[[32,3],[32,4,3],[32,9,35,3],[32,16,3],[32,26,3],[32,49,3]],""selected_path"":[32,49,3]},{""key"":[38,33,1],""started_at"":1.0,""closed_at"":3.0,""candidate_paths"":[[38,6,33],[38,21,48,33],[38,34,33],[38,46,5,33],[38,46,33]],""selected_path"":[38,34,33]}]",37,0,4,"[{""src"":4,""dst"":17,""flows"":9,""time_blocks"":9},{""src"":12,""dst"":8,""flows"":9,""time_blocks"":8},{""src"":32,""dst"":3,""flows"":9,""time_blocks"":7},{""src"":38,""dst"":33,""flows"":10,""time_blocks"":8}]",9,7,4,3.7,3036c4226e951aa6a23d3b5b0829146e8291b157a977eefc3b8673121c2e9d63,7,2.75,6.0,60.0,0,connected-multihop,0.9,2,4,4,2.0,1,4,4,1.0,0.04591836734693878,0,2.25,0.4553099259403576,0.9978761021367547,0.9999905466263143,0.9999999916407608,0.9999999999999941,0.1853061224489796,0.054693877551020405
meshtastic-like,67,600.0,37,37,0,0.621622,0.972973,0.0,0.553939,0.604416,0.553939,1.209162,1.339046,36,23,0,474,426,48,48,34.097664,21.171117,0.035285,13.502675,55.330273,68.832948,2.992737,1.482507,0.604416,8119,15107,23226,0.349565,12935,0.556919,4876,1620,0,0,0,0,0,0,0,0,0,0,0.0,0.101266,0,0,0.0,-1,0,0,0,icc2027_generalization_feedback_fading,50,8250.0,4.0,unicast,poisson,1,0,0,0,[],[],37,0,4,"[{""src"":4,""dst"":17,""flows"":9,""time_blocks"":9},{""src"":12,""dst"":8,""flows"":9,""time_blocks"":8},{""src"":32,""dst"":3,""flows"":9,""time_blocks"":7},{""src"":38,""dst"":33,""flows"":10,""time_blocks"":8}]",9,7,4,3.7,3036c4226e951aa6a23d3b5b0829146e8291b157a977eefc3b8673121c2e9d63,7,2.75,6.0,60.0,0,connected-multihop,0.9,2,4,4,2.0,1,0,0,0.0,0.0,0,0.0,0.4553099259403576,0.9978761021367547,0.9999905466263143,0.9999999916407608,0.9999999999999941,0.1853061224489796,0.054693877551020405
meshcore-like,67,600.0,37,37,0,0.567568,0.621622,0.0,0.389833,0.237084,0.389833,0.143872,0.287744,23,21,0,301,52,249,46,21.652736,12.029079,0.020048,8.574483,34.519987,43.094471,2.052118,1.031083,0.237084,5384,9316,14700,0.366259,7261,0.493946,871,0,196,7,4,3,25,12,0,0,0,0,0.0,0.827243,0,0,0.0,-1,0,0,0,icc2027_generalization_feedback_fading,50,8250.0,4.0,unicast,poisson,1,4,24,4,"[{""key"":[4,17,3],""candidate_count"":8,""sha256"":""aec507b83e799293ed2147cbb7aa4c020d256ab27f66452997314dbf4fb5a802""},{""key"":[12,8,4],""candidate_count"":5,""sha256"":""25dc83506a73be76fca71c0086382fd591a714c73b2d370f9fbfbe1d1fae0e87""},{""key"":[32,3,2],""candidate_count"":6,""sha256"":""e8c29bcf0fe36bd1ab8048df928231617317ebaf1d00e91b0aabc17e52efc26b""},{""key"":[38,33,1],""candidate_count"":5,""sha256"":""fa56424116375f45101a36ac008cf4a9bc4db5e76a77b3e7422e39b52a038e04""}]","[{""key"":[4,17,3],""started_at"":26.096425460798546,""closed_at"":28.096425460798546,""candidate_paths"":[[4,13,17],[4,20,17],[4,27,9,17],[4,40,6,17],[4,40,17],[4,40,33,17],[4,45,34,17],[4,45,42,17]],""selected_path"":[4,13,17]},{""key"":[12,8,4],""started_at"":42.28312848530007,""closed_at"":44.28312848530007,""candidate_paths"":[[12,6,8],[12,7,16,8],[12,14,3,8],[12,15,8],[12,33,48,8]],""selected_path"":[12,6,8]},{""key"":[32,3,2],""started_at"":17.330074916061804,""closed_at"":19.330074916061804,""candidate_paths"":[[32,3],[32,4,3],[32,9,35,3],[32,16,3],[32,26,3],[32,49,3]],""selected_path"":[32,3]},{""key"":[38,33,1],""started_at"":1.0,""closed_at"":3.0,""candidate_paths"":[[38,6,33],[38,21,48,33],[38,34,33],[38,46,5,33],[38,46,33]],""selected_path"":[38,6,33]}]",37,0,4,"[{""src"":4,""dst"":17,""flows"":9,""time_blocks"":9},{""src"":12,""dst"":8,""flows"":9,""time_blocks"":8},{""src"":32,""dst"":3,""flows"":9,""time_blocks"":7},{""src"":38,""dst"":33,""flows"":10,""time_blocks"":8}]",9,7,4,3.7,3036c4226e951aa6a23d3b5b0829146e8291b157a977eefc3b8673121c2e9d63,7,2.75,6.0,60.0,0,connected-multihop,0.9,2,4,4,2.0,1,3,3,0.75,0.03571428571428571,0,2.0,0.4553099259403576,0.9978761021367547,0.9999905466263143,0.9999999916407608,0.9999999999999941,0.1853061224489796,0.054693877551020405
prr-product-fallback-mesh,67,600.0,37,37,0,0.810811,0.810811,0.0,0.547691,0.382238,0.547691,2.287744,2.431616,30,30,0,351,77,274,69,25.249536,15.538493,0.025897,9.998816,40.498268,50.497084,1.683236,0.841651,0.382238,7416,9783,17199,0.431188,7396,0.430025,823,0,196,9,4,4,33,4,0,0,0,0,0.958412,0.780627,0,0,0.0,-1,0,0,0,icc2027_generalization_feedback_fading,50,8250.0,4.0,unicast,poisson,1,4,24,4,"[{""key"":[4,17,3],""candidate_count"":10,""sha256"":""7db4d6107e5ef7ce071b167a31db6057e669c84a4bd8575520a91e589c08cbb0""},{""key"":[12,8,4],""candidate_count"":3,""sha256"":""a831420bc2790a3333015429cfe149be479ee5c5185f7a1070ea55293aef9084""},{""key"":[32,3,2],""candidate_count"":6,""sha256"":""e8c29bcf0fe36bd1ab8048df928231617317ebaf1d00e91b0aabc17e52efc26b""},{""key"":[38,33,1],""candidate_count"":5,""sha256"":""fa56424116375f45101a36ac008cf4a9bc4db5e76a77b3e7422e39b52a038e04""}]","[{""key"":[4,17,3],""started_at"":26.096425460798546,""closed_at"":28.096425460798546,""candidate_paths"":[[4,9,17],[4,13,17],[4,17],[4,20,17],[4,40,6,17],[4,40,17],[4,40,33,17],[4,40,48,17],[4,45,34,17],[4,45,42,17]],""selected_path"":[4,45,42,17]},{""key"":[12,8,4],""started_at"":42.28312848530007,""closed_at"":44.28312848530007,""candidate_paths"":[[12,6,8],[12,15,8],[12,33,48,8]],""selected_path"":[12,6,8]},{""key"":[32,3,2],""started_at"":17.330074916061804,""closed_at"":19.330074916061804,""candidate_paths"":[[32,3],[32,4,3],[32,9,35,3],[32,16,3],[32,26,3],[32,49,3]],""selected_path"":[32,49,3]},{""key"":[38,33,1],""started_at"":1.0,""closed_at"":3.0,""candidate_paths"":[[38,6,33],[38,21,48,33],[38,34,33],[38,46,5,33],[38,46,33]],""selected_path"":[38,34,33]}]",37,0,4,"[{""src"":4,""dst"":17,""flows"":9,""time_blocks"":9},{""src"":12,""dst"":8,""flows"":9,""time_blocks"":8},{""src"":32,""dst"":3,""flows"":9,""time_blocks"":7},{""src"":38,""dst"":33,""flows"":10,""time_blocks"":8}]",9,7,4,3.7,3036c4226e951aa6a23d3b5b0829146e8291b157a977eefc3b8673121c2e9d63,7,2.75,6.0,60.0,0,connected-multihop,0.9,2,4,4,2.0,1,4,4,1.0,0.04591836734693878,0,2.25,0.4553099259403576,0.9978761021367547,0.9999905466263143,0.9999999916407608,0.9999999999999941,0.1853061224489796,0.054693877551020405
meshecho-calibrated,68,600.0,41,41,0,0.414634,0.439024,0.0,0.413854,0.262976,0.413854,0.465453,0.716518,18,17,0,279,41,238,35,20.070144,10.405247,0.017342,7.947777,31.761909,39.709686,2.335864,1.180597,0.262976,4496,9175,13671,0.328871,7220,0.528125,874,0,196,7,4,2,19,22,0,0,0,0,0.963139,0.853047,0,0,0.0,-1,0,0,0,icc2027_generalization_feedback_fading,50,8250.0,4.0,unicast,poisson,1,4,21,4,"[{""key"":[1,18,4],""candidate_count"":8,""sha256"":""f8b191c072d5f72c7f7a70f11da8d01f2a075fc63e82ff1321ef3d5416449412""},{""key"":[18,37,3],""candidate_count"":6,""sha256"":""b35779cf4abcc768a805725b539848b5b3a3c33efe8415734e89a3db46bf8a15""},{""key"":[26,23,2],""candidate_count"":2,""sha256"":""a84204bfd07dfe7135b4d8b7055582f1568eceab10bcfb151e6bd70ae5124a35""},{""key"":[40,42,1],""candidate_count"":5,""sha256"":""be7132d01935043d91ae5d3942d77f3fce758c37e82059649710585e140750df""}]","[{""key"":[1,18,4],""started_at"":19.2554707941802,""closed_at"":21.2554707941802,""candidate_paths"":[[1,4,18],[1,8,33,18],[1,12,18],[1,16,18],[1,18],[1,25,0,18],[1,27,34,18],[1,35,18]],""selected_path"":[1,16,18]},{""key"":[18,37,3],""started_at"":15.095037094867456,""closed_at"":17.095037094867457,""candidate_paths"":[[18,13,30,37],[18,13,37],[18,14,37],[18,31,37],[18,32,37],[18,49,37]],""selected_path"":[18,31,37]},{""key"":[26,23,2],""started_at"":1.6324008839360697,""closed_at"":3.6324008839360697,""candidate_paths"":[[26,15,36,23],[26,15,49,14,23]],""selected_path"":[26,15,49,14,23]},{""key"":[40,42,1],""started_at"":1.0,""closed_at"":3.0,""candidate_paths"":[[40,5,42],[40,15,26,42],[40,15,42],[40,42],[40,43,49,42]],""selected_path"":[40,5,42]}]",41,0,4,"[{""src"":1,""dst"":18,""flows"":10,""time_blocks"":8},{""src"":18,""dst"":37,""flows"":10,""time_blocks"":8},{""src"":26,""dst"":23,""flows"":10,""time_blocks"":8},{""src"":40,""dst"":42,""flows"":11,""time_blocks"":8}]",10,8,4,4.1,1d2fbe5342b0f29e32c5546697c21c242a835ba399842193dd38826bc0b5c665,7,2.75,6.0,60.0,0,connected-multihop,0.9,2,4,4,2.0,1,2,2,0.5,0.03571428571428571,0,2.0,0.45160385039823453,0.9980083119422548,0.9999888441665918,0.9999999936815669,0.9999999999999779,0.17714285714285713,0.052244897959183675
meshtastic-like,68,600.0,41,41,0,0.463415,0.97561,0.0,0.446299,0.654187,0.446299,1.341606,1.422281,40,19,0,625,571,54,54,44.96,24.727228,0.041212,17.80416,72.450896,90.255056,4.750266,2.366316,0.654187,8616,22009,30625,0.281339,19169,0.625927,5400,1894,0,0,0,0,0,0,0,0,0,0,0.0,0.0864,0,0,0.0,-1,0,0,0,icc2027_generalization_feedback_fading,50,8250.0,4.0,unicast,poisson,1,0,0,0,[],[],41,0,4,"[{""src"":1,""dst"":18,""flows"":10,""time_blocks"":8},{""src"":18,""dst"":37,""flows"":10,""time_blocks"":8},{""src"":26,""dst"":23,""flows"":10,""time_blocks"":8},{""src"":40,""dst"":42,""flows"":11,""time_blocks"":8}]",10,8,4,4.1,1d2fbe5342b0f29e32c5546697c21c242a835ba399842193dd38826bc0b5c665,7,2.75,6.0,60.0,0,connected-multihop,0.9,2,4,4,2.0,1,0,0,0.0,0.0,0,0.0,0.45160385039823453,0.9980083119422548,0.9999888441665918,0.9999999936815669,0.9999999999999779,0.17714285714285713,0.052244897959183675
meshcore-like,68,600.0,41,41,0,0.268293,0.292683,0.0,0.33223,0.244597,0.33223,1.004307,1.17984,12,11,0,244,31,213,12,17.552384,7.789472,0.012982,6.950744,27.539214,34.489958,3.135451,1.595671,0.244597,2964,8992,11956,0.247909,7284,0.609234,788,0,196,5,4,3,28,13,0,0,0,0,0.0,0.872951,0,0,0.0,-1,0,0,0,icc2027_generalization_feedback_fading,50,8250.0,4.0,unicast,poisson,1,4,22,3,"[{""key"":[1,18,4],""candidate_count"":9,""sha256"":""68020f220478713cd11dadfa580a855e7460ff08c5adab78f753c16844cad1c5""},{""key"":[18,37,3],""candidate_count"":7,""sha256"":""50823feb71b0656a8878672c815f79a96c682f48819c5039078fc9ba603a0605""},{""key"":[26,23,2],""candidate_count"":1,""sha256"":""2575dde02d09a705780499d1d047464a13aef72054224416fadfb23e6f6245ef""},{""key"":[40,42,1],""candidate_count"":5,""sha256"":""be7132d01935043d91ae5d3942d77f3fce758c37e82059649710585e140750df""}]","[{""key"":[1,18,4],""started_at"":19.2554707941802,""closed_at"":21.2554707941802,""candidate_paths"":[[1,8,18],[1,9,18],[1,12,18],[1,16,18],[1,18],[1,19,4,18],[1,35,18],[1,42,22,18],[1,49,44,18]],""selected_path"":[1,18]},{""key"":[18,37,3],""started_at"":15.095037094867456,""closed_at"":17.095037094867457,""candidate_paths"":[[18,13,30,37],[18,13,37],[18,14,37],[18,31,37],[18,32,37],[18,37],[18,49,37]],""selected_path"":[18,37]},{""key"":[26,23,2],""started_at"":1.6324008839360697,""closed_at"":3.6324008839360697,""candidate_paths"":[[26,15,49,14,23]],""selected_path"":[26,15,49,14,23]},{""key"":[40,42,1],""started_at"":1.0,""closed_at"":3.0,""candidate_paths"":[[40,5,42],[40,15,26,42],[40,15,42],[40,42],[40,43,49,42]],""selected_path"":[40,42]}]",41,0,4,"[{""src"":1,""dst"":18,""flows"":10,""time_blocks"":8},{""src"":18,""dst"":37,""flows"":10,""time_blocks"":8},{""src"":26,""dst"":23,""flows"":10,""time_blocks"":8},{""src"":40,""dst"":42,""flows"":11,""time_blocks"":8}]",10,8,4,4.1,1d2fbe5342b0f29e32c5546697c21c242a835ba399842193dd38826bc0b5c665,7,2.75,6.0,60.0,0,connected-multihop,0.9,2,4,4,2.0,1,3,0,0.75,0.025510204081632654,0,1.0,0.45160385039823453,0.9980083119422548,0.9999888441665918,0.9999999936815669,0.9999999999999779,0.17714285714285713,0.052244897959183675
prr-product-fallback-mesh,68,600.0,41,41,0,0.414634,0.439024,0.0,0.413854,0.262976,0.413854,0.465453,0.716518,18,17,0,279,41,238,35,20.070144,10.405247,0.017342,7.947777,31.761909,39.709686,2.335864,1.180597,0.262976,4496,9175,13671,0.328871,7220,0.528125,874,0,196,7,4,2,19,22,0,0,0,0,0.963139,0.853047,0,0,0.0,-1,0,0,0,icc2027_generalization_feedback_fading,50,8250.0,4.0,unicast,poisson,1,4,21,4,"[{""key"":[1,18,4],""candidate_count"":8,""sha256"":""f8b191c072d5f72c7f7a70f11da8d01f2a075fc63e82ff1321ef3d5416449412""},{""key"":[18,37,3],""candidate_count"":6,""sha256"":""b35779cf4abcc768a805725b539848b5b3a3c33efe8415734e89a3db46bf8a15""},{""key"":[26,23,2],""candidate_count"":2,""sha256"":""a84204bfd07dfe7135b4d8b7055582f1568eceab10bcfb151e6bd70ae5124a35""},{""key"":[40,42,1],""candidate_count"":5,""sha256"":""be7132d01935043d91ae5d3942d77f3fce758c37e82059649710585e140750df""}]","[{""key"":[1,18,4],""started_at"":19.2554707941802,""closed_at"":21.2554707941802,""candidate_paths"":[[1,4,18],[1,8,33,18],[1,12,18],[1,16,18],[1,18],[1,25,0,18],[1,27,34,18],[1,35,18]],""selected_path"":[1,16,18]},{""key"":[18,37,3],""started_at"":15.095037094867456,""closed_at"":17.095037094867457,""candidate_paths"":[[18,13,30,37],[18,13,37],[18,14,37],[18,31,37],[18,32,37],[18,49,37]],""selected_path"":[18,31,37]},{""key"":[26,23,2],""started_at"":1.6324008839360697,""closed_at"":3.6324008839360697,""candidate_paths"":[[26,15,36,23],[26,15,49,14,23]],""selected_path"":[26,15,49,14,23]},{""key"":[40,42,1],""started_at"":1.0,""closed_at"":3.0,""candidate_paths"":[[40,5,42],[40,15,26,42],[40,15,42],[40,42],[40,43,49,42]],""selected_path"":[40,5,42]}]",41,0,4,"[{""src"":1,""dst"":18,""flows"":10,""time_blocks"":8},{""src"":18,""dst"":37,""flows"":10,""time_blocks"":8},{""src"":26,""dst"":23,""flows"":10,""time_blocks"":8},{""src"":40,""dst"":42,""flows"":11,""time_blocks"":8}]",10,8,4,4.1,1d2fbe5342b0f29e32c5546697c21c242a835ba399842193dd38826bc0b5c665,7,2.75,6.0,60.0,0,connected-multihop,0.9,2,4,4,2.0,1,2,2,0.5,0.03571428571428571,0,2.0,0.45160385039823453,0.9980083119422548,0.9999888441665918,0.9999999936815669,0.9999999999999779,0.17714285714285713,0.052244897959183675
meshecho-calibrated,69,600.0,46,46,0,0.347826,0.347826,0.0,0.471192,0.30484,0.471192,0.76976,0.985568,16,16,0,351,59,292,37,25.249536,14.009919,0.02335,9.998816,40.412689,50.411506,3.150719,1.578096,0.30484,5464,11735,17199,0.317693,9640,0.560498,1121,1,245,10,5,3,31,15,2,1,0,0,0.951957,0.831909,0,0,0.0,-1,0,0,0,icc2027_generalization_feedback_fading,50,8250.0,4.0,unicast,poisson,1,5,15,3,"[{""key"":[27,16,4],""candidate_count"":0,""sha256"":""4f53cda18c2baa0c0354bb5f9a3ecbe5ed12ab4d8e11ba873c2f11161202b945""},{""key"":[27,16,8],""candidate_count"":4,""sha256"":""7b0f2f6f0ea59b658d31394d54cbf26b9b0ed085612d6b62e61c8f1eddcec8db""},{""key"":[27,41,2],""candidate_count"":6,""sha256"":""97af2018a7ed57827f18ec1f22d11a624d38252a1acf67483f1211db299d8bac""},{""key"":[30,25,1],""candidate_count"":4,""sha256"":""4ac387a7abd10309e48edbf094a8263a7e9feaef9e3fc240cc728c5bc3b6985c""},{""key"":[47,11,3],""candidate_count"":1,""sha256"":""135d5bdbfa3df0e69644ca3447643954628ade91047c3838f7e91458bf14a7f6""}]","[{""key"":[27,16,4],""started_at"":12.187885823247651,""closed_at"":14.187885823247651,""candidate_paths"":[],""selected_path"":null},{""key"":[27,16,8],""started_at"":49.520540780027765,""closed_at"":51.520540780027765,""candidate_paths"":[[27,24,23,16],[27,29,17,16],[27,33,16],[27,35,16]],""selected_path"":[27,33,16]},{""key"":[27,41,2],""started_at"":4.99633132536418,""closed_at"":6.99633132536418,""candidate_paths"":[[27,7,45,41],[27,16,13,41],[27,16,41],[27,31,34,41],[27,31,41],[27,31,44,41]],""selected_path"":[27,31,41]},{""key"":[30,25,1],""started_at"":1.0,""closed_at"":3.0,""candidate_paths"":[[30,10,19,25],[30,13,25],[30,17,1,25],[30,44,31,25]],""selected_path"":[30,17,1,25]},{""key"":[47,11,3],""started_at"":12.145183918925849,""closed_at"":14.145183918925849,""candidate_paths"":[[47,43,30,11]],""selected_path"":[47,43,30,11]}]",46,0,4,"[{""src"":27,""dst"":16,""flows"":11,""time_blocks"":7},{""src"":27,""dst"":41,""flows"":12,""time_blocks"":9},{""src"":30,""dst"":25,""flows"":12,""time_blocks"":8},{""src"":47,""dst"":11,""flows"":11,""time_blocks"":8}]",11,7,4,4.6,762f6514ad21febedcfdee4cc43685d2eb906878b8e8f23cbc0f4c4fcf8b6ceb,7,2.75,6.0,60.0,0,connected-multihop,0.9,2,4,4,2.0,1,3,3,0.6,0.04081632653061224,0,2.3333333333333335,0.5144461852628927,0.9975407365244708,0.9999898744022112,0.9999999833138392,0.9999999999999416,0.1983673469387755,0.0473469387755102
meshtastic-like,69,600.0,46,46,0,0.391304,0.978261,0.0,0.783017,0.896429,0.783017,1.61841,1.903484,45,18,0,657,588,69,69,47.261952,29.036945,0.048395,18.715733,76.676036,95.391769,5.299543,2.625664,0.896429,9964,22229,32193,0.309508,19459,0.604448,6168,2115,0,0,0,0,0,0,0,0,0,0,0.0,0.105023,0,0,0.0,-1,0,0,0,icc2027_generalization_feedback_fading,50,8250.0,4.0,unicast,poisson,1,0,0,0,[],[],46,0,4,"[{""src"":27,""dst"":16,""flows"":11,""time_blocks"":7},{""src"":27,""dst"":41,""flows"":12,""time_blocks"":9},{""src"":30,""dst"":25,""flows"":12,""time_blocks"":8},{""src"":47,""dst"":11,""flows"":11,""time_blocks"":8}]",11,7,4,4.6,762f6514ad21febedcfdee4cc43685d2eb906878b8e8f23cbc0f4c4fcf8b6ceb,7,2.75,6.0,60.0,0,connected-multihop,0.9,2,4,4,2.0,1,0,0,0.0,0.0,0,0.0,0.5144461852628927,0.9975407365244708,0.9999898744022112,0.9999999833138392,0.9999999999999416,0.1983673469387755,0.0473469387755102
meshcore-like,69,600.0,46,46,0,0.347826,0.413043,0.0,0.421736,0.256707,0.421736,0.358259,0.823712,19,16,0,284,43,241,38,20.429824,11.440072,0.019067,8.09021,32.7155,40.80571,2.550357,1.276864,0.256707,4639,9277,13916,0.333357,7556,0.542972,886,0,196,7,4,2,22,24,0,0,0,0,0.0,0.848592,0,0,0.0,-1,0,0,0,icc2027_generalization_feedback_fading,50,8250.0,4.0,unicast,poisson,1,4,9,2,"[{""key"":[27,16,4],""candidate_count"":0,""sha256"":""4f53cda18c2baa0c0354bb5f9a3ecbe5ed12ab4d8e11ba873c2f11161202b945""},{""key"":[27,41,2],""candidate_count"":4,""sha256"":""f57e2c79437c69e9b26d6d7fd2c80b98fbee57b7ce883a56a0328452d980d1f2""},{""key"":[30,25,1],""candidate_count"":4,""sha256"":""4ac387a7abd10309e48edbf094a8263a7e9feaef9e3fc240cc728c5bc3b6985c""},{""key"":[47,11,3],""candidate_count"":1,""sha256"":""135d5bdbfa3df0e69644ca3447643954628ade91047c3838f7e91458bf14a7f6""}]","[{""key"":[27,16,4],""started_at"":12.187885823247651,""closed_at"":14.187885823247651,""candidate_paths"":[],""selected_path"":null},{""key"":[27,41,2],""started_at"":4.99633132536418,""closed_at"":6.99633132536418,""candidate_paths"":[[27,7,45,41],[27,31,34,41],[27,31,41],[27,31,44,41]],""selected_path"":[27,31,41]},{""key"":[30,25,1],""started_at"":1.0,""closed_at"":3.0,""candidate_paths"":[[30,10,19,25],[30,13,25],[30,17,1,25],[30,44,31,25]],""selected_path"":[30,13,25]},{""key"":[47,11,3],""started_at"":12.145183918925849,""closed_at"":14.145183918925849,""candidate_paths"":[[47,43,30,11]],""selected_path"":[47,43,30,11]}]",46,0,4,"[{""src"":27,""dst"":16,""flows"":11,""time_blocks"":7},{""src"":27,""dst"":41,""flows"":12,""time_blocks"":9},{""src"":30,""dst"":25,""flows"":12,""time_blocks"":8},{""src"":47,""dst"":11,""flows"":11,""time_blocks"":8}]",11,7,4,4.6,762f6514ad21febedcfdee4cc43685d2eb906878b8e8f23cbc0f4c4fcf8b6ceb,7,2.75,6.0,60.0,0,connected-multihop,0.9,2,4,4,2.0,1,2,2,0.5,0.03571428571428571,0,2.0,0.5144461852628927,0.9975407365244708,0.9999898744022112,0.9999999833138392,0.9999999999999416,0.1983673469387755,0.0473469387755102
prr-product-fallback-mesh,69,600.0,46,46,0,0.369565,0.391304,0.0,0.545032,0.330916,0.545032,0.548179,0.874778,18,17,0,380,72,308,52,27.33568,15.978096,0.02663,10.824929,43.867622,54.692552,3.217209,1.607981,0.330916,6591,12029,18620,0.353974,9695,0.520677,1099,1,245,11,5,3,31,15,2,1,0,0,0.95196,0.810526,0,0,0.0,-1,0,0,0,icc2027_generalization_feedback_fading,50,8250.0,4.0,unicast,poisson,1,5,15,3,"[{""key"":[27,16,4],""candidate_count"":0,""sha256"":""4f53cda18c2baa0c0354bb5f9a3ecbe5ed12ab4d8e11ba873c2f11161202b945""},{""key"":[27,16,8],""candidate_count"":4,""sha256"":""5ac8bc54496ca3199ee52b4afd7291172a94cabd89c05b8081bcdc80f527325d""},{""key"":[27,41,2],""candidate_count"":6,""sha256"":""97af2018a7ed57827f18ec1f22d11a624d38252a1acf67483f1211db299d8bac""},{""key"":[30,25,1],""candidate_count"":4,""sha256"":""4ac387a7abd10309e48edbf094a8263a7e9feaef9e3fc240cc728c5bc3b6985c""},{""key"":[47,11,3],""candidate_count"":1,""sha256"":""135d5bdbfa3df0e69644ca3447643954628ade91047c3838f7e91458bf14a7f6""}]","[{""key"":[27,16,4],""started_at"":12.187885823247651,""closed_at"":14.187885823247651,""candidate_paths"":[],""selected_path"":null},{""key"":[27,16,8],""started_at"":49.520540780027765,""closed_at"":51.520540780027765,""candidate_paths"":[[27,16],[27,17,16],[27,33,16],[27,35,16]],""selected_path"":[27,33,16]},{""key"":[27,41,2],""started_at"":4.99633132536418,""closed_at"":6.99633132536418,""candidate_paths"":[[27,7,45,41],[27,16,13,41],[27,16,41],[27,31,34,41],[27,31,41],[27,31,44,41]],""selected_path"":[27,31,34,41]},{""key"":[30,25,1],""started_at"":1.0,""closed_at"":3.0,""candidate_paths"":[[30,10,19,25],[30,13,25],[30,17,1,25],[30,44,31,25]],""selected_path"":[30,17,1,25]},{""key"":[47,11,3],""started_at"":12.145183918925849,""closed_at"":14.145183918925849,""candidate_paths"":[[47,43,30,11]],""selected_path"":[47,43,30,11]}]",46,0,4,"[{""src"":27,""dst"":16,""flows"":11,""time_blocks"":7},{""src"":27,""dst"":41,""flows"":12,""time_blocks"":9},{""src"":30,""dst"":25,""flows"":12,""time_blocks"":8},{""src"":47,""dst"":11,""flows"":11,""time_blocks"":8}]",11,7,4,4.6,762f6514ad21febedcfdee4cc43685d2eb906878b8e8f23cbc0f4c4fcf8b6ceb,7,2.75,6.0,60.0,0,connected-multihop,0.9,2,4,4,2.0,1,3,3,0.6,0.044897959183673466,0,2.6666666666666665,0.5144461852628927,0.9975407365244708,0.9999898744022112,0.9999999833138392,0.9999999999999416,0.1983673469387755,0.0473469387755102
meshecho-calibrated,70,600.0,41,41,0,0.512195,0.512195,0.0,0.570709,0.389157,0.570709,2.287744,2.431616,21,21,0,311,53,258,53,22.372096,13.028405,0.021714,8.85935,35.705863,44.565213,2.122153,1.065338,0.389157,5788,9451,15239,0.379815,7332,0.481134,898,0,196,9,4,2,19,22,0,0,0,0,0.961836,0.829582,0,0,0.0,-1,0,0,0,icc2027_generalization_feedback_fading,50,8250.0,4.0,unicast,poisson,1,4,19,4,"[{""key"":[10,49,3],""candidate_count"":3,""sha256"":""8239edf896df5e4ab2bda3e28f3460d16a6e6ccdc92f65ba0b745084468c80f0""},{""key"":[14,28,4],""candidate_count"":4,""sha256"":""d9f8c59d5968582f9eb208066a66c4ca4624c6fa1193e55ac858ea608d6a50b9""},{""key"":[24,47,2],""candidate_count"":4,""sha256"":""cae6a70ff3c1dad3b6fc8a99426a3ae4731453056b50ae1494cffe52defa6d4d""},{""key"":[37,20,1],""candidate_count"":8,""sha256"":""88bc771164c5a0d5f8ab4f41d399d2f2e973a45207bbdf251ef7470881002cdd""}]","[{""key"":[10,49,3],""started_at"":6.107383190686872,""closed_at"":8.107383190686871,""candidate_paths"":[[10,11,28,49],[10,14,17,49],[10,14,21,49]],""selected_path"":[10,14,21,49]},{""key"":[14,28,4],""started_at"":65.68993590329343,""closed_at"":67.68993590329343,""candidate_paths"":[[14,17,1,28],[14,17,28],[14,32,49,28],[14,37,28]],""selected_path"":[14,37,28]},{""key"":[24,47,2],""started_at"":5.307777526061516,""closed_at"":7.307777526061516,""candidate_paths"":[[24,12,45,47],[24,21,47],[24,36,47],[24,40,25,47]],""selected_path"":[24,12,45,47]},{""key"":[37,20,1],""started_at"":1.0,""closed_at"":3.0,""candidate_paths"":[[37,10,20],[37,20],[37,22,45,20],[37,26,6,20],[37,35,18,20],[37,38,39,20],[37,46,9,20],[37,48,20]],""selected_path"":[37,35,18,20]}]",41,0,4,"[{""src"":10,""dst"":49,""flows"":10,""time_blocks"":10},{""src"":14,""dst"":28,""flows"":10,""time_blocks"":8},{""src"":24,""dst"":47,""flows"":10,""time_blocks"":8},{""src"":37,""dst"":20,""flows"":11,""time_blocks"":8}]",10,8,4,4.1,cdf0186247935be87c0b0511ca2e1abb72b787df4a1fd05f534a2e346ecdf9bf,7,2.75,6.0,60.0,0,connected-multihop,0.9,2,4,4,2.0,1,2,2,0.5,0.04591836734693878,0,2.5,0.39542884437277054,0.9982618657206977,0.9999922803687948,0.9999999851300074,0.9999999999999103,0.17061224489795918,0.05959183673469388
meshtastic-like,70,600.0,41,41,0,0.512195,1.0,0.0,0.417739,0.603747,0.417739,1.395856,1.352109,41,21,0,623,565,58,58,44.816128,26.175306,0.043626,17.747187,72.460676,90.207863,4.295613,2.134101,0.603747,9302,21225,30527,0.304714,18308,0.599731,5807,1888,0,0,0,0,0,0,0,0,0,0,0.0,0.093098,0,0,0.0,-1,0,0,0,icc2027_generalization_feedback_fading,50,8250.0,4.0,unicast,poisson,1,0,0,0,[],[],41,0,4,"[{""src"":10,""dst"":49,""flows"":10,""time_blocks"":10},{""src"":14,""dst"":28,""flows"":10,""time_blocks"":8},{""src"":24,""dst"":47,""flows"":10,""time_blocks"":8},{""src"":37,""dst"":20,""flows"":11,""time_blocks"":8}]",10,8,4,4.1,cdf0186247935be87c0b0511ca2e1abb72b787df4a1fd05f534a2e346ecdf9bf,7,2.75,6.0,60.0,0,connected-multihop,0.9,2,4,4,2.0,1,0,0,0.0,0.0,0,0.0,0.39542884437277054,0.9982618657206977,0.9999922803687948,0.9999999851300074,0.9999999999999103,0.17061224489795918,0.05959183673469388
meshcore-like,70,600.0,41,41,0,0.292683,0.317073,0.0,0.591104,0.446031,0.591104,2.201421,2.312922,13,12,0,253,30,223,22,18.199808,8.906426,0.014844,7.207124,28.751985,35.959109,2.996592,1.516651,0.446031,3386,9011,12397,0.273131,7160,0.577559,905,0,196,5,4,2,19,22,0,0,0,0,0.0,0.881423,0,0,0.0,-1,0,0,0,icc2027_generalization_feedback_fading,50,8250.0,4.0,unicast,poisson,1,4,19,4,"[{""key"":[10,49,3],""candidate_count"":3,""sha256"":""8239edf896df5e4ab2bda3e28f3460d16a6e6ccdc92f65ba0b745084468c80f0""},{""key"":[14,28,4],""candidate_count"":4,""sha256"":""044bb583040e561b87eb829b09407e03999ddfbba9954db3a6678000c7351390""},{""key"":[24,47,2],""candidate_count"":4,""sha256"":""cae6a70ff3c1dad3b6fc8a99426a3ae4731453056b50ae1494cffe52defa6d4d""},{""key"":[37,20,1],""candidate_count"":8,""sha256"":""88bc771164c5a0d5f8ab4f41d399d2f2e973a45207bbdf251ef7470881002cdd""}]","[{""key"":[10,49,3],""started_at"":6.107383190686872,""closed_at"":8.107383190686871,""candidate_paths"":[[10,11,28,49],[10,14,17,49],[10,14,21,49]],""selected_path"":[10,11,28,49]},{""key"":[14,28,4],""started_at"":65.68993590329343,""closed_at"":67.68993590329343,""candidate_paths"":[[14,17,28],[14,32,1,28],[14,32,49,28],[14,37,28]],""selected_path"":[14,17,28]},{""key"":[24,47,2],""started_at"":5.307777526061516,""closed_at"":7.307777526061516,""candidate_paths"":[[24,12,45,47],[24,21,47],[24,36,47],[24,40,25,47]],""selected_path"":[24,21,47]},{""key"":[37,20,1],""started_at"":1.0,""closed_at"":3.0,""candidate_paths"":[[37,10,20],[37,20],[37,22,45,20],[37,26,6,20],[37,35,18,20],[37,38,39,20],[37,46,9,20],[37,48,20]],""selected_path"":[37,20]}]",41,0,4,"[{""src"":10,""dst"":49,""flows"":10,""time_blocks"":10},{""src"":14,""dst"":28,""flows"":10,""time_blocks"":8},{""src"":24,""dst"":47,""flows"":10,""time_blocks"":8},{""src"":37,""dst"":20,""flows"":11,""time_blocks"":8}]",10,8,4,4.1,cdf0186247935be87c0b0511ca2e1abb72b787df4a1fd05f534a2e346ecdf9bf,7,2.75,6.0,60.0,0,connected-multihop,0.9,2,4,4,2.0,1,2,1,0.5,0.025510204081632654,0,1.5,0.39542884437277054,0.9982618657206977,0.9999922803687948,0.9999999851300074,0.9999999999999103,0.17061224489795918,0.05959183673469388
prr-product-fallback-mesh,70,600.0,41,41,0,0.512195,0.512195,0.0,0.570709,0.389157,0.570709,2.287744,2.431616,21,21,0,311,53,258,53,22.372096,13.028405,0.021714,8.85935,35.705863,44.565213,2.122153,1.065338,0.389157,5788,9451,15239,0.379815,7332,0.481134,898,0,196,9,4,2,19,22,0,0,0,0,0.961836,0.829582,0,0,0.0,-1,0,0,0,icc2027_generalization_feedback_fading,50,8250.0,4.0,unicast,poisson,1,4,19,4,"[{""key"":[10,49,3],""candidate_count"":3,""sha256"":""8239edf896df5e4ab2bda3e28f3460d16a6e6ccdc92f65ba0b745084468c80f0""},{""key"":[14,28,4],""candidate_count"":4,""sha256"":""d9f8c59d5968582f9eb208066a66c4ca4624c6fa1193e55ac858ea608d6a50b9""},{""key"":[24,47,2],""candidate_count"":4,""sha256"":""cae6a70ff3c1dad3b6fc8a99426a3ae4731453056b50ae1494cffe52defa6d4d""},{""key"":[37,20,1],""candidate_count"":8,""sha256"":""88bc771164c5a0d5f8ab4f41d399d2f2e973a45207bbdf251ef7470881002cdd""}]","[{""key"":[10,49,3],""started_at"":6.107383190686872,""closed_at"":8.107383190686871,""candidate_paths"":[[10,11,28,49],[10,14,17,49],[10,14,21,49]],""selected_path"":[10,14,21,49]},{""key"":[14,28,4],""started_at"":65.68993590329343,""closed_at"":67.68993590329343,""candidate_paths"":[[14,17,1,28],[14,17,28],[14,32,49,28],[14,37,28]],""selected_path"":[14,37,28]},{""key"":[24,47,2],""started_at"":5.307777526061516,""closed_at"":7.307777526061516,""candidate_paths"":[[24,12,45,47],[24,21,47],[24,36,47],[24,40,25,47]],""selected_path"":[24,12,45,47]},{""key"":[37,20,1],""started_at"":1.0,""closed_at"":3.0,""candidate_paths"":[[37,10,20],[37,20],[37,22,45,20],[37,26,6,20],[37,35,18,20],[37,38,39,20],[37,46,9,20],[37,48,20]],""selected_path"":[37,35,18,20]}]",41,0,4,"[{""src"":10,""dst"":49,""flows"":10,""time_blocks"":10},{""src"":14,""dst"":28,""flows"":10,""time_blocks"":8},{""src"":24,""dst"":47,""flows"":10,""time_blocks"":8},{""src"":37,""dst"":20,""flows"":11,""time_blocks"":8}]",10,8,4,4.1,cdf0186247935be87c0b0511ca2e1abb72b787df4a1fd05f534a2e346ecdf9bf,7,2.75,6.0,60.0,0,connected-multihop,0.9,2,4,4,2.0,1,2,2,0.5,0.04591836734693878,0,2.5,0.39542884437277054,0.9982618657206977,0.9999922803687948,0.9999999851300074,0.9999999999999103,0.17061224489795918,0.05959183673469388
