protocol,seed,duration_s,flows,unicast_flows,broadcast_flows,unicast_pdr,destination_unicast_pdr,broadcast_coverage,avg_delay_s,unicast_delivery_delay_s,unicast_ack_delay_s,p95_unicast_delivery_delay_s,p95_unicast_ack_delay_s,unicast_deliveries,unicast_acks,broadcast_deliveries,tx_count,data_tx,control_tx,ack_tx,total_airtime_s,channel_busy_time_s,channel_busy_ratio,tx_energy_j,rx_energy_j,total_energy_j,energy_per_delivery_j,airtime_per_delivery_s,mean_delivery_delay_s,rx_success,rx_fail,rx_attempts,packet_reception_ratio,collision_fail,collision_rate,duplicate_rx,suppressed_forwards,route_requests,route_replies,route_discovery_attempts,route_discovery_successes,route_cache_hits,route_cache_misses,fallback_forward_count,route_repair_count,mean_path_confidence,control_overhead_ratio,policy_switch_count,policy_update_count,policy_reward_total,active_profile_index,profile_lean_count,profile_balanced_count,profile_rescue_count,scenario,nodes,area_m,rate_per_min,traffic,pair_schedule,matched_rreq_timing,discovery_record_count,discovery_candidate_path_total,discovery_multi_candidate_count,discovery_candidate_fingerprints_json,discovery_records_json,scheduled_unicast_flows,scheduled_broadcast_flows,scheduled_distinct_unicast_pairs,observed_distinct_unicast_pairs,scheduled_rate_per_min,scheduled_trace_sha256,sf,path_loss_exp,random_pairs,pair_mode,edge_prr_threshold,min_graph_hops,max_graph_hops,candidate_pair_count,selected_pair_mean_graph_hops,independent_rng_streams,cached_route_count,multihop_cached_route_count,route_discovery_success_rate,rrep_rreq_tx_ratio,smart_max_timeout_retries,mean_cached_hops,direct_prr_p05,direct_prr_p25,direct_prr_p50,direct_prr_p75,direct_prr_p95,direct_prr_below_0_99,direct_prr_below_0_50
meshtastic-like,21,600.0,47,47,0,0.510638,1.0,0.0,0.411658,0.699019,0.411658,1.47897,1.51217,47,24,0,717,658,59,59,51.578112,29.420081,0.049033,20.424932,83.238697,103.66363,4.319318,2.149088,0.699019,9907,25226,35133,0.281986,22039,0.627302,6098,2157,0,0,0,0,0,0,0,0,0.0,0.082287,0,0,0.0,-1,0,0,0,icc2027_generalization_stale_fading_short_ttl,50,8250.0,4.0,unicast,poisson,0,0,0,0,[],[],47,0,4,4,4.7,3d196600934d97cbe00c45305cff21e787220ad127b6fe6cd359094dc09c5b5a,7,2.75,0,connected-multihop,0.9,2,4,4,2.0,1,0,0,0.0,0.0,0,0.0,0.4211618150512333,0.9974170576403413,0.9999885049868048,0.9999999739536434,0.9999999999999297,0.19020408163265307,0.05877551020408163
meshcore-like,21,600.0,47,47,0,0.12766,0.12766,0.0,1.561131,1.477205,1.561131,2.251776,2.377664,6,6,0,468,8,460,7,33.666048,12.060232,0.0201,13.331755,52.503732,65.835487,10.972581,5.611008,1.477205,3260,19672,22932,0.142159,16448,0.717251,1822,0,441,12,9,5,2,45,0,0,0.0,0.982906,0,0,0.0,-1,0,0,0,icc2027_generalization_stale_fading_short_ttl,50,8250.0,4.0,unicast,poisson,0,9,49,9,"[{""key"":[6,7,4],""candidate_count"":6,""sha256"":""803bfb50e9a6d862567141907988609efde431cd49293acc0ad7c039313b448f""},{""key"":[6,7,8],""candidate_count"":6,""sha256"":""ecc9442a8a0d8b80a93f9d0e5a97179a497a84772a26fe6554fbe78017c84aac""},{""key"":[6,7,16],""candidate_count"":6,""sha256"":""0638e8e826596ed9fbb84c72cb382391f01d6c88fd86bd44a42d546d5f484421""},{""key"":[6,7,20],""candidate_count"":6,""sha256"":""ee4e6222519bc90594779e1c9ae5f9a592b53b52dca1ca872e41318b85e571c4""},{""key"":[6,7,28],""candidate_count"":8,""sha256"":""d017dca74d483530c206a93cff93db387eb194ea86a71391379e42a7100a29cb""},{""key"":[6,7,32],""candidate_count"":3,""sha256"":""63ea2dea25e27952717747e9a4ee4d7cb1480fcb598cb72665691e0a084f6300""},{""key"":[12,44,1],""candidate_count"":4,""sha256"":""d98abfe19869c7f862c3a4741a03a6de5d4d15de638067bd619bcd6c86e0e168""},{""key"":[42,14,3],""candidate_count"":5,""sha256"":""9345f1c3efc160a84b854fc9f033c12e978e0a174fcc79b4f8566858b59a61f3""},{""key"":[47,36,2],""candidate_count"":5,""sha256"":""0b067a67e95972cacd2e3f9b37c8fe718eeb33cdcea7861c8bae37c1d0a473a5""}]","[{""key"":[6,7,4],""started_at"":21.106849616615023,""closed_at"":23.106849616615023,""candidate_paths"":[[6,5,26,7],[6,7],[6,12,3,7],[6,34,7],[6,39,7],[6,41,7]],""selected_path"":[6,7]},{""key"":[6,7,8],""started_at"":60.89837125176654,""closed_at"":62.89837125176654,""candidate_paths"":[[6,7],[6,9,12,7],[6,11,42,7],[6,34,3,7],[6,34,7],[6,46,7]],""selected_path"":[6,7]},{""key"":[6,7,16],""started_at"":162.13377479023353,""closed_at"":164.13377479023353,""candidate_paths"":[[6,4,7],[6,24,46,7],[6,34,3,7],[6,34,7],[6,39,7],[6,48,7]],""selected_path"":[6,4,7]},{""key"":[6,7,20],""started_at"":239.0950437784902,""closed_at"":241.0950437784902,""candidate_paths"":[[6,5,7],[6,7],[6,9,49,7],[6,34,3,7],[6,34,7],[6,39,7]],""selected_path"":[6,7]},{""key"":[6,7,28],""started_at"":291.31404325181995,""closed_at"":293.31404325181995,""candidate_paths"":[[6,7],[6,11,7],[6,21,5,7],[6,21,26,7],[6,22,13,7],[6,34,7],[6,42,7],[6,46,7]],""selected_path"":[6,7]},{""key"":[6,7,32],""started_at"":338.91052202621904,""closed_at"":340.91052202621904,""candidate_paths"":[[6,3,7],[6,34,7],[6,42,35,7]],""selected_path"":[6,3,7]},{""key"":[12,44,1],""started_at"":1.0,""closed_at"":3.0,""candidate_paths"":[[12,22,13,44],[12,22,47,44],[12,33,44],[12,41,44]],""selected_path"":[12,33,44]},{""key"":[42,14,3],""started_at"":13.514616280510573,""closed_at"":15.514616280510573,""candidate_paths"":[[42,6,14],[42,10,14],[42,11,28,14],[42,25,14],[42,34,17,14]],""selected_path"":[42,6,14]},{""key"":[47,36,2],""started_at"":11.252605597196476,""closed_at"":13.252605597196476,""candidate_paths"":[[47,9,36],[47,15,36],[47,16,36],[47,41,1,36],[47,46,36]],""selected_path"":[47,9,36]}]",47,0,4,4,4.7,3d196600934d97cbe00c45305cff21e787220ad127b6fe6cd359094dc09c5b5a,7,2.75,0,connected-multihop,0.9,2,4,4,2.0,1,0,0,0.5555555555555556,0.027210884353741496,0,0.0,0.4211618150512333,0.9974170576403413,0.9999885049868048,0.9999999739536434,0.9999999999999297,0.19020408163265307,0.05877551020408163
etx-mesh,21,600.0,47,47,0,0.106383,0.12766,0.0,1.001421,1.119893,1.001421,2.143872,2.215808,6,5,0,519,10,509,7,37.334784,13.346427,0.022244,14.784574,58.257063,73.041638,14.608328,7.466957,1.119893,3586,21845,25431,0.141009,18305,0.719791,2083,0,490,12,10,6,3,44,0,6,0.414861,0.980732,0,0,0.0,-1,0,0,0,icc2027_generalization_stale_fading_short_ttl,50,8250.0,4.0,unicast,poisson,0,10,56,10,"[{""key"":[6,7,4],""candidate_count"":6,""sha256"":""803bfb50e9a6d862567141907988609efde431cd49293acc0ad7c039313b448f""},{""key"":[6,7,8],""candidate_count"":7,""sha256"":""0734b8012ea58eba5d3705752d78c9cf0061245be5d4afd1f65845579a3823f2""},{""key"":[6,7,16],""candidate_count"":7,""sha256"":""bd5b8a50ac3b43916d4ac1db66fecd30d684a511cafee77592216fb09d2b8580""},{""key"":[6,7,20],""candidate_count"":10,""sha256"":""6978aba857c792f8c3ee19559e545bb3893c30e9c4ec941d1863719d6ba6c718""},{""key"":[6,7,28],""candidate_count"":6,""sha256"":""437975380a8137046f5caeca1186783175d742517088f79489681f13a86e9915""},{""key"":[6,7,32],""candidate_count"":2,""sha256"":""f92b27b14cf0c1ee60bbadcff06f93aac74c3ec6222fd1412c749985955cdd7d""},{""key"":[12,44,1],""candidate_count"":4,""sha256"":""d98abfe19869c7f862c3a4741a03a6de5d4d15de638067bd619bcd6c86e0e168""},{""key"":[42,14,3],""candidate_count"":5,""sha256"":""9345f1c3efc160a84b854fc9f033c12e978e0a174fcc79b4f8566858b59a61f3""},{""key"":[47,36,2],""candidate_count"":5,""sha256"":""0b067a67e95972cacd2e3f9b37c8fe718eeb33cdcea7861c8bae37c1d0a473a5""},{""key"":[47,36,10],""candidate_count"":4,""sha256"":""4b37ae57e6faa0c2b95751c0e2ae13966b76cae003faff7673bfc01089a11545""}]","[{""key"":[6,7,4],""started_at"":21.106849616615023,""closed_at"":23.106849616615023,""candidate_paths"":[[6,5,26,7],[6,7],[6,12,3,7],[6,34,7],[6,39,7],[6,41,7]],""selected_path"":[6,7]},{""key"":[6,7,8],""started_at"":60.89837125176654,""closed_at"":62.89837125176654,""candidate_paths"":[[6,7],[6,11,42,7],[6,24,3,7],[6,24,32,7],[6,34,7],[6,37,10,7],[6,46,7]],""selected_path"":[6,7]},{""key"":[6,7,16],""started_at"":162.13377479023353,""closed_at"":164.13377479023353,""candidate_paths"":[[6,7],[6,9,49,7],[6,19,38,7],[6,34,3,7],[6,34,7],[6,39,7],[6,42,46,7]],""selected_path"":[6,7]},{""key"":[6,7,20],""started_at"":239.0950437784902,""closed_at"":241.0950437784902,""candidate_paths"":[[6,7],[6,9,49,7],[6,11,7],[6,34,7],[6,39,7],[6,42,3,7],[6,42,7],[6,46,7],[6,47,44,7],[6,48,26,7]],""selected_path"":[6,7]},{""key"":[6,7,28],""started_at"":291.31404325181995,""closed_at"":293.31404325181995,""candidate_paths"":[[6,2,7],[6,7],[6,11,7],[6,25,7],[6,32,26,7],[6,44,13,7]],""selected_path"":[6,7]},{""key"":[6,7,32],""started_at"":338.91052202621904,""closed_at"":340.91052202621904,""candidate_paths"":[[6,3,7],[6,34,7]],""selected_path"":[6,34,7]},{""key"":[12,44,1],""started_at"":1.0,""closed_at"":3.0,""candidate_paths"":[[12,22,13,44],[12,22,47,44],[12,33,44],[12,41,44]],""selected_path"":[12,33,44]},{""key"":[42,14,3],""started_at"":13.514616280510573,""closed_at"":15.514616280510573,""candidate_paths"":[[42,6,14],[42,10,14],[42,11,28,14],[42,25,14],[42,34,17,14]],""selected_path"":[42,10,14]},{""key"":[47,36,2],""started_at"":11.252605597196476,""closed_at"":13.252605597196476,""candidate_paths"":[[47,9,36],[47,15,36],[47,16,36],[47,41,1,36],[47,46,36]],""selected_path"":[47,16,36]},{""key"":[47,36,10],""started_at"":65.96137678934984,""closed_at"":67.96137678934984,""candidate_paths"":[[47,5,9,36],[47,16,36],[47,34,3,36],[47,36]],""selected_path"":[47,36]}]",47,0,4,4,4.7,3d196600934d97cbe00c45305cff21e787220ad127b6fe6cd359094dc09c5b5a,7,2.75,0,connected-multihop,0.9,2,4,4,2.0,1,0,0,0.6,0.024489795918367346,0,0.0,0.4211618150512333,0.9974170576403413,0.9999885049868048,0.9999999739536434,0.9999999999999297,0.19020408163265307,0.05877551020408163
ett-mesh,21,600.0,47,47,0,0.106383,0.12766,0.0,1.001421,1.119893,1.001421,2.143872,2.215808,6,5,0,519,10,509,7,37.334784,13.346427,0.022244,14.784574,58.257063,73.041638,14.608328,7.466957,1.119893,3586,21845,25431,0.141009,18305,0.719791,2083,0,490,12,10,6,3,44,0,6,0.895624,0.980732,0,0,0.0,-1,0,0,0,icc2027_generalization_stale_fading_short_ttl,50,8250.0,4.0,unicast,poisson,0,10,56,10,"[{""key"":[6,7,4],""candidate_count"":6,""sha256"":""803bfb50e9a6d862567141907988609efde431cd49293acc0ad7c039313b448f""},{""key"":[6,7,8],""candidate_count"":7,""sha256"":""0734b8012ea58eba5d3705752d78c9cf0061245be5d4afd1f65845579a3823f2""},{""key"":[6,7,16],""candidate_count"":7,""sha256"":""bd5b8a50ac3b43916d4ac1db66fecd30d684a511cafee77592216fb09d2b8580""},{""key"":[6,7,20],""candidate_count"":10,""sha256"":""6978aba857c792f8c3ee19559e545bb3893c30e9c4ec941d1863719d6ba6c718""},{""key"":[6,7,28],""candidate_count"":6,""sha256"":""437975380a8137046f5caeca1186783175d742517088f79489681f13a86e9915""},{""key"":[6,7,32],""candidate_count"":2,""sha256"":""f92b27b14cf0c1ee60bbadcff06f93aac74c3ec6222fd1412c749985955cdd7d""},{""key"":[12,44,1],""candidate_count"":4,""sha256"":""d98abfe19869c7f862c3a4741a03a6de5d4d15de638067bd619bcd6c86e0e168""},{""key"":[42,14,3],""candidate_count"":5,""sha256"":""9345f1c3efc160a84b854fc9f033c12e978e0a174fcc79b4f8566858b59a61f3""},{""key"":[47,36,2],""candidate_count"":5,""sha256"":""0b067a67e95972cacd2e3f9b37c8fe718eeb33cdcea7861c8bae37c1d0a473a5""},{""key"":[47,36,10],""candidate_count"":4,""sha256"":""4b37ae57e6faa0c2b95751c0e2ae13966b76cae003faff7673bfc01089a11545""}]","[{""key"":[6,7,4],""started_at"":21.106849616615023,""closed_at"":23.106849616615023,""candidate_paths"":[[6,5,26,7],[6,7],[6,12,3,7],[6,34,7],[6,39,7],[6,41,7]],""selected_path"":[6,7]},{""key"":[6,7,8],""started_at"":60.89837125176654,""closed_at"":62.89837125176654,""candidate_paths"":[[6,7],[6,11,42,7],[6,24,3,7],[6,24,32,7],[6,34,7],[6,37,10,7],[6,46,7]],""selected_path"":[6,7]},{""key"":[6,7,16],""started_at"":162.13377479023353,""closed_at"":164.13377479023353,""candidate_paths"":[[6,7],[6,9,49,7],[6,19,38,7],[6,34,3,7],[6,34,7],[6,39,7],[6,42,46,7]],""selected_path"":[6,7]},{""key"":[6,7,20],""started_at"":239.0950437784902,""closed_at"":241.0950437784902,""candidate_paths"":[[6,7],[6,9,49,7],[6,11,7],[6,34,7],[6,39,7],[6,42,3,7],[6,42,7],[6,46,7],[6,47,44,7],[6,48,26,7]],""selected_path"":[6,7]},{""key"":[6,7,28],""started_at"":291.31404325181995,""closed_at"":293.31404325181995,""candidate_paths"":[[6,2,7],[6,7],[6,11,7],[6,25,7],[6,32,26,7],[6,44,13,7]],""selected_path"":[6,7]},{""key"":[6,7,32],""started_at"":338.91052202621904,""closed_at"":340.91052202621904,""candidate_paths"":[[6,3,7],[6,34,7]],""selected_path"":[6,34,7]},{""key"":[12,44,1],""started_at"":1.0,""closed_at"":3.0,""candidate_paths"":[[12,22,13,44],[12,22,47,44],[12,33,44],[12,41,44]],""selected_path"":[12,33,44]},{""key"":[42,14,3],""started_at"":13.514616280510573,""closed_at"":15.514616280510573,""candidate_paths"":[[42,6,14],[42,10,14],[42,11,28,14],[42,25,14],[42,34,17,14]],""selected_path"":[42,10,14]},{""key"":[47,36,2],""started_at"":11.252605597196476,""closed_at"":13.252605597196476,""candidate_paths"":[[47,9,36],[47,15,36],[47,16,36],[47,41,1,36],[47,46,36]],""selected_path"":[47,16,36]},{""key"":[47,36,10],""started_at"":65.96137678934984,""closed_at"":67.96137678934984,""candidate_paths"":[[47,5,9,36],[47,16,36],[47,34,3,36],[47,36]],""selected_path"":[47,36]}]",47,0,4,4,4.7,3d196600934d97cbe00c45305cff21e787220ad127b6fe6cd359094dc09c5b5a,7,2.75,0,connected-multihop,0.9,2,4,4,2.0,1,0,0,0.6,0.024489795918367346,0,0.0,0.4211618150512333,0.9974170576403413,0.9999885049868048,0.9999999739536434,0.9999999999999297,0.19020408163265307,0.05877551020408163
minhop-mesh,21,600.0,47,47,0,0.085106,0.12766,0.0,1.787744,1.489195,1.787744,2.251776,2.399245,6,4,0,417,8,409,8,29.997312,11.192356,0.018654,11.878936,46.84087,58.719805,14.679951,7.499328,1.489195,3139,17294,20433,0.153624,14426,0.706015,1810,0,392,9,8,4,2,45,0,4,0.795963,0.980815,0,0,0.0,-1,0,0,0,icc2027_generalization_stale_fading_short_ttl,50,8250.0,4.0,unicast,poisson,0,8,53,8,"[{""key"":[6,7,4],""candidate_count"":6,""sha256"":""803bfb50e9a6d862567141907988609efde431cd49293acc0ad7c039313b448f""},{""key"":[6,7,8],""candidate_count"":8,""sha256"":""f4d52e1003a85c093d337999a55e0a3caf6ae04bcae57caf393d944ad2cdc683""},{""key"":[6,7,16],""candidate_count"":7,""sha256"":""bd5b8a50ac3b43916d4ac1db66fecd30d684a511cafee77592216fb09d2b8580""},{""key"":[6,7,20],""candidate_count"":7,""sha256"":""259be47b7165afba15b35bdcf5ce01b5ad5d7ebd406fa4c313503b275318ea59""},{""key"":[12,44,1],""candidate_count"":7,""sha256"":""f265e0c7647e17647ecbcac2c76c9c7766033370aa0346f974c67aee966131be""},{""key"":[42,14,3],""candidate_count"":4,""sha256"":""84aa8566905506b870f80912929ed58fbee2fac685b1344a19bcb2c57381f21a""},{""key"":[47,36,2],""candidate_count"":9,""sha256"":""09965e8212588a356b3f36f7f8dad962c5b93274335f7e9e9b5f261758781f07""},{""key"":[47,36,10],""candidate_count"":5,""sha256"":""2d121bc2fabaa2b9fbe5e15684fddb274c918c882414048b3062e78836823770""}]","[{""key"":[6,7,4],""started_at"":21.106849616615023,""closed_at"":23.106849616615023,""candidate_paths"":[[6,5,26,7],[6,7],[6,12,3,7],[6,34,7],[6,39,7],[6,41,7]],""selected_path"":[6,7]},{""key"":[6,7,8],""started_at"":60.89837125176654,""closed_at"":62.89837125176654,""candidate_paths"":[[6,5,32,7],[6,7],[6,25,7],[6,34,3,7],[6,34,7],[6,37,7],[6,42,7],[6,46,7]],""selected_path"":[6,7]},{""key"":[6,7,16],""started_at"":162.13377479023353,""closed_at"":164.13377479023353,""candidate_paths"":[[6,7],[6,9,49,7],[6,19,38,7],[6,34,3,7],[6,34,7],[6,39,7],[6,42,46,7]],""selected_path"":[6,7]},{""key"":[6,7,20],""started_at"":239.0950437784902,""closed_at"":241.0950437784902,""candidate_paths"":[[6,7],[6,21,44,7],[6,22,13,7],[6,32,7],[6,34,3,7],[6,34,7],[6,39,7]],""selected_path"":[6,7]},{""key"":[12,44,1],""started_at"":1.0,""closed_at"":3.0,""candidate_paths"":[[12,11,19,44],[12,11,43,44],[12,21,37,44],[12,22,47,44],[12,33,44],[12,34,7,44],[12,41,44]],""selected_path"":[12,33,44]},{""key"":[42,14,3],""started_at"":13.514616280510573,""closed_at"":15.514616280510573,""candidate_paths"":[[42,6,14],[42,10,14],[42,18,14],[42,31,17,14]],""selected_path"":[42,18,14]},{""key"":[47,36,2],""started_at"":11.252605597196476,""closed_at"":13.252605597196476,""candidate_paths"":[[47,0,12,36],[47,9,36],[47,15,36],[47,16,36],[47,18,3,36],[47,18,34,36],[47,41,4,36],[47,45,36],[47,46,36]],""selected_path"":[47,16,36]},{""key"":[47,36,10],""started_at"":65.96137678934984,""closed_at"":67.96137678934984,""candidate_paths"":[[47,5,9,36],[47,16,36],[47,20,36],[47,36],[47,45,36]],""selected_path"":[47,36]}]",47,0,4,4,4.7,3d196600934d97cbe00c45305cff21e787220ad127b6fe6cd359094dc09c5b5a,7,2.75,0,connected-multihop,0.9,2,4,4,2.0,1,0,0,0.5,0.02295918367346939,0,0.0,0.4211618150512333,0.9974170576403413,0.9999885049868048,0.9999999739536434,0.9999999999999297,0.19020408163265307,0.05877551020408163
meshecho,21,600.0,47,47,0,0.404255,0.425532,0.0,1.656165,1.57984,1.656165,2.287744,2.431616,20,19,0,1020,32,988,29,73.37472,28.267104,0.047112,29.056389,114.465129,143.521518,7.553764,3.861827,1.57984,8293,41687,49980,0.165926,34393,0.688135,3846,0,931,28,19,17,6,41,0,15,0.864803,0.968627,0,0,0.0,-1,0,0,0,icc2027_generalization_stale_fading_short_ttl,50,8250.0,4.0,unicast,poisson,0,19,107,19,"[{""key"":[6,7,4],""candidate_count"":6,""sha256"":""803bfb50e9a6d862567141907988609efde431cd49293acc0ad7c039313b448f""},{""key"":[6,7,8],""candidate_count"":8,""sha256"":""8e0432c0c62f209df811fdc054cfb1f07e247aaf6c82a025298198213172da33""},{""key"":[6,7,16],""candidate_count"":7,""sha256"":""a59e16bce9cea19b4784627ee9863869b87d5be85bd5168f462850ce2427f2fd""},{""key"":[6,7,20],""candidate_count"":4,""sha256"":""36298168a5284c001ad29c80b061f8f2f8ca7a035bb032d8d41f88ead3aa0ac4""},{""key"":[6,7,28],""candidate_count"":4,""sha256"":""cd5870104de731a74ebb1493f0a64c7113341bd024b4daed8cbd231af7aee77b""},{""key"":[6,7,32],""candidate_count"":6,""sha256"":""d6e6c0834fa74a5fb64a8ff828b7bf1699e26590adaa42ac38a50fc79471e285""},{""key"":[6,7,36],""candidate_count"":7,""sha256"":""ea48e3b5aadc5e5e811c82aa09a776d5eb73617ab1b5db64d75454ac4e405446""},{""key"":[6,7,44],""candidate_count"":4,""sha256"":""67ad208052a981f314e50ae51e137a12ceb1f8dc4a58de776deed2ea15ffcf67""},{""key"":[12,44,1],""candidate_count"":7,""sha256"":""f265e0c7647e17647ecbcac2c76c9c7766033370aa0346f974c67aee966131be""},{""key"":[42,14,3],""candidate_count"":5,""sha256"":""108f5ce453d3ca1ee7ba5817fec3e7f89d1c55a946123f19e30292794f173b83""},{""key"":[47,36,2],""candidate_count"":5,""sha256"":""3d67fa433897c60aadc4737aa09dacb4a8b6dd31214da13cd289f4b1be3f76ae""},{""key"":[47,36,10],""candidate_count"":4,""sha256"":""86a495d6d3cb47e56155ef1199024f2ac82b7b71daa65b14148f07f75f0df6ed""},{""key"":[47,36,14],""candidate_count"":7,""sha256"":""5b661e6bb4b7e30422ed717ebdf02f0ba8c5adb8e0965782533dec21e3903f04""},{""key"":[47,36,18],""candidate_count"":10,""sha256"":""17111f0ac509ba1e10ed514058a89fdf7107f1ecd7a0571c593ab17f2c10f4af""},{""key"":[47,36,22],""candidate_count"":5,""sha256"":""105067bef48582762046f0ae2cf8ebd7eb7f42f55e549797ae064a004846a4cd""},{""key"":[47,36,30],""candidate_count"":6,""sha256"":""d8dc45d73bd2daf0eca651044711eab284dc1f3b15782a58938b6358534c6174""},{""key"":[47,36,34],""candidate_count"":5,""sha256"":""16dd0477a1f9150ed57c081122c220ac872ddb5aa9a197a6e1a5df1bfcc1da3c""},{""key"":[47,36,38],""candidate_count"":3,""sha256"":""a620ffc7a15e193a8ff54d710fe081e2581e78d630372e8687eb5c4a8fb38666""},{""key"":[47,36,46],""candidate_count"":4,""sha256"":""a0f6df0fe5aed3e53067d7281f08372a0a954b3d059ac65f34b9deec1e9e96e2""}]","[{""key"":[6,7,4],""started_at"":21.106849616615023,""closed_at"":23.106849616615023,""candidate_paths"":[[6,5,26,7],[6,7],[6,12,3,7],[6,34,7],[6,39,7],[6,41,7]],""selected_path"":[6,7]},{""key"":[6,7,8],""started_at"":60.89837125176654,""closed_at"":62.89837125176654,""candidate_paths"":[[6,5,32,7],[6,7],[6,9,12,7],[6,11,42,7],[6,25,7],[6,34,3,7],[6,34,7],[6,46,7]],""selected_path"":[6,7]},{""key"":[6,7,16],""started_at"":162.13377479023353,""closed_at"":164.13377479023353,""candidate_paths"":[[6,7],[6,19,38,7],[6,20,3,7],[6,24,7],[6,32,48,7],[6,34,7],[6,39,7]],""selected_path"":[6,34,7]},{""key"":[6,7,20],""started_at"":239.0950437784902,""closed_at"":241.0950437784902,""candidate_paths"":[[6,7],[6,34,7],[6,42,7],[6,48,26,7]],""selected_path"":[6,7]},{""key"":[6,7,28],""started_at"":291.31404325181995,""closed_at"":293.31404325181995,""candidate_paths"":[[6,7],[6,21,26,7],[6,32,5,7],[6,41,13,7]],""selected_path"":[6,7]},{""key"":[6,7,32],""started_at"":338.91052202621904,""closed_at"":340.91052202621904,""candidate_paths"":[[6,3,7],[6,4,7],[6,25,13,7],[6,25,34,7],[6,27,35,7],[6,32,31,7]],""selected_path"":[6,3,7]},{""key"":[6,7,36],""started_at"":438.10879118468847,""closed_at"":440.10879118468847,""candidate_paths"":[[6,3,7],[6,7],[6,21,24,7],[6,29,22,7],[6,34,7],[6,39,7],[6,46,7]],""selected_path"":[6,7]},{""key"":[6,7,44],""started_at"":550.5640130075064,""closed_at"":552.5640130075064,""candidate_paths"":[[6,3,7],[6,18,46,7],[6,39,7],[6,39,34,7]],""selected_path"":[6,39,7]},{""key"":[12,44,1],""started_at"":1.0,""closed_at"":3.0,""candidate_paths"":[[12,11,19,44],[12,11,43,44],[12,21,37,44],[12,22,47,44],[12,33,44],[12,34,7,44],[12,41,44]],""selected_path"":[12,33,44]},{""key"":[42,14,3],""started_at"":13.514616280510573,""closed_at"":15.514616280510573,""candidate_paths"":[[42,6,14],[42,6,17,14],[42,6,33,14],[42,10,14],[42,18,14]],""selected_path"":[42,18,14]},{""key"":[47,36,2],""started_at"":11.252605597196476,""closed_at"":13.252605597196476,""candidate_paths"":[[47,4,36],[47,9,36],[47,18,36],[47,41,7,36],[47,45,36]],""selected_path"":[47,45,36]},{""key"":[47,36,10],""started_at"":65.96137678934984,""closed_at"":67.96137678934984,""candidate_paths"":[[47,4,9,36],[47,16,36],[47,36],[47,40,3,36]],""selected_path"":[47,16,36]},{""key"":[47,36,14],""started_at"":128.45585867225782,""closed_at"":130.45585867225782,""candidate_paths"":[[47,1,36],[47,8,9,36],[47,16,36],[47,39,4,36],[47,39,20,36],[47,45,36],[47,49,29,36]],""selected_path"":[47,1,36]},{""key"":[47,36,18],""started_at"":205.06015901297195,""closed_at"":207.06015901297195,""candidate_paths"":[[47,1,8,36],[47,1,36],[47,9,36],[47,11,20,36],[47,18,41,36],[47,24,3,36],[47,36],[47,39,36],[47,40,29,36],[47,45,36]],""selected_path"":[47,36]},{""key"":[47,36,22],""started_at"":245.0016556819158,""closed_at"":247.0016556819158,""candidate_paths"":[[47,2,1,36],[47,16,36],[47,31,9,36],[47,36],[47,41,36]],""selected_path"":[47,36]},{""key"":[47,36,30],""started_at"":323.42107319654036,""closed_at"":325.42107319654036,""candidate_paths"":[[47,1,36],[47,24,20,36],[47,24,30,36],[47,24,36],[47,25,8,36],[47,36]],""selected_path"":[47,36]},{""key"":[47,36,34],""started_at"":384.9961413602778,""closed_at"":386.9961413602778,""candidate_paths"":[[47,12,4,36],[47,18,9,36],[47,18,16,36],[47,18,36],[47,49,8,36]],""selected_path"":[47,18,36]},{""key"":[47,36,38],""started_at"":442.97669324814086,""closed_at"":444.97669324814086,""candidate_paths"":[[47,7,3,36],[47,9,4,36],[47,35,36]],""selected_path"":[47,35,36]},{""key"":[47,36,46],""started_at"":585.2776848837764,""closed_at"":587.2776848837764,""candidate_paths"":[[47,12,4,36],[47,16,29,36],[47,16,36],[47,39,36]],""selected_path"":[47,16,36]}]",47,0,4,4,4.7,3d196600934d97cbe00c45305cff21e787220ad127b6fe6cd359094dc09c5b5a,7,2.75,0,connected-multihop,0.9,2,4,4,2.0,1,2,2,0.8947368421052632,0.03007518796992481,0,2.0,0.4211618150512333,0.9974170576403413,0.9999885049868048,0.9999999739536434,0.9999999999999297,0.19020408163265307,0.05877551020408163
meshtastic-like,22,600.0,35,35,0,0.6,1.0,0.0,0.477779,0.598166,0.477779,1.182461,1.246069,35,21,0,477,431,46,46,34.313472,20.568584,0.034281,13.588135,55.484314,69.072449,3.289164,1.633975,0.598166,7646,15727,23373,0.32713,13490,0.577162,4672,1624,0,0,0,0,0,0,0,0,0.0,0.096436,0,0,0.0,-1,0,0,0,icc2027_generalization_stale_fading_short_ttl,50,8250.0,4.0,unicast,poisson,0,0,0,0,[],[],35,0,4,4,3.5,9d1b68659f250b49210b01dd4409ad09118f9a4e81f99d4ac7d9b6ae956d0436,7,2.75,0,connected-multihop,0.9,2,4,4,2.0,1,0,0,0.0,0.0,0,0.0,0.4797611779866004,0.998760294109475,0.9999965590075816,0.9999999941250579,0.9999999999999688,0.1673469387755102,0.052244897959183675
meshcore-like,22,600.0,35,35,0,0.228571,0.228571,0.0,2.082704,1.965808,2.082704,2.287744,2.431616,8,8,0,789,18,771,13,56.757504,21.331493,0.035552,22.475972,88.407648,110.88362,13.860453,7.094688,1.965808,6375,32286,38661,0.164895,26609,0.688265,3607,0,736,22,16,12,1,34,0,0,0.0,0.977186,0,0,0.0,-1,0,0,0,icc2027_generalization_stale_fading_short_ttl,50,8250.0,4.0,unicast,poisson,0,16,68,15,"[{""key"":[2,38,1],""candidate_count"":6,""sha256"":""eac3d87d10a20e34b508625416c93f9e986c46fa485fbd2c232846d0720d8a53""},{""key"":[2,38,5],""candidate_count"":4,""sha256"":""fef7aebcfd5321a3da787e86502f3bb1ccee91fe4a8eb5737dfb0453c4f73726""},{""key"":[2,38,9],""candidate_count"":7,""sha256"":""e219ddeb284e10f43908110c423c6493fe73743e6032c7c8f460e8c5abdfafe4""},{""key"":[2,38,13],""candidate_count"":3,""sha256"":""c3d5dcf51cd666833d1dcb67c141717139ff32e181254df5d8d4fdce11bc260e""},{""key"":[2,38,17],""candidate_count"":3,""sha256"":""c1c7216871800a652200fc26e04384af38626cf4b5575b515c2a8c1c706f972c""},{""key"":[2,38,25],""candidate_count"":7,""sha256"":""abda64c3576b6c2adc193f0562195e40a5ba9bde0d04f6a23a355a16b47a0dc8""},{""key"":[2,38,29],""candidate_count"":3,""sha256"":""f70c61383f6b18d7cd533e1e57f0fd37e5822fd26ba40c20eb21b1989bd869c2""},{""key"":[8,45,3],""candidate_count"":3,""sha256"":""1a03b575f040d456f6508b25494f14b6014d7992dd83a097ca2237895feeb455""},{""key"":[8,45,7],""candidate_count"":4,""sha256"":""1fead92a10d8c9e6d1306a39e028d785a83f559b4e16a8101008f4cc8e69138e""},{""key"":[8,45,11],""candidate_count"":4,""sha256"":""bc66dc548f10ae5b509dcc77f1acbda9c5ca167e4d3a4948f7bf892ab94eade3""},{""key"":[17,10,2],""candidate_count"":4,""sha256"":""9075adfb90132523e51fe7669ffdbd0117cc7883f9c28f15e2392a75a07be35d""},{""key"":[17,10,6],""candidate_count"":0,""sha256"":""4f53cda18c2baa0c0354bb5f9a3ecbe5ed12ab4d8e11ba873c2f11161202b945""},{""key"":[22,11,4],""candidate_count"":5,""sha256"":""af703beb6059cb0ffacd16e4f7c402101b069efd06829c12ee5bbf26289d912e""},{""key"":[22,11,8],""candidate_count"":8,""sha256"":""6dec95155db741d2ce38f2118e19cd51307f8095ceff31179adf4e27170d3d38""},{""key"":[22,11,12],""candidate_count"":3,""sha256"":""23e22175b9f1eedd4ae4b3078d1a26315db9a3ec16924fc93d7ab3e9cb9b9772""},{""key"":[22,11,16],""candidate_count"":4,""sha256"":""ee67d822a1b26d6c73af3a5a154f2360c040873056108826a109a3e5f23f03a9""}]","[{""key"":[2,38,1],""started_at"":1.0,""closed_at"":3.0,""candidate_paths"":[[2,1,38],[2,3,38],[2,9,44,38],[2,37,38],[2,38],[2,48,38]],""selected_path"":[2,38]},{""key"":[2,38,5],""started_at"":137.07531940884422,""closed_at"":139.07531940884422,""candidate_paths"":[[2,13,47,38],[2,20,38],[2,34,44,38],[2,37,38]],""selected_path"":[2,20,38]},{""key"":[2,38,9],""started_at"":205.8151494555903,""closed_at"":207.8151494555903,""candidate_paths"":[[2,3,36,38],[2,17,38],[2,24,45,38],[2,37,38],[2,38],[2,42,38],[2,48,38]],""selected_path"":[2,38]},{""key"":[2,38,13],""started_at"":278.1751264163036,""closed_at"":280.1751264163036,""candidate_paths"":[[2,9,6,38],[2,37,38],[2,44,5,38]],""selected_path"":[2,37,38]},{""key"":[2,38,17],""started_at"":343.7787388075484,""closed_at"":345.7787388075484,""candidate_paths"":[[2,1,3,38],[2,1,38],[2,48,37,38]],""selected_path"":[2,1,38]},{""key"":[2,38,25],""started_at"":439.73056516504835,""closed_at"":441.73056516504835,""candidate_paths"":[[2,3,14,38],[2,10,45,38],[2,27,47,38],[2,33,38],[2,37,38],[2,38],[2,44,38]],""selected_path"":[2,38]},{""key"":[2,38,29],""started_at"":530.9864134238627,""closed_at"":532.9864134238627,""candidate_paths"":[[2,1,38],[2,24,35,38],[2,24,45,38]],""selected_path"":[2,1,38]},{""key"":[8,45,3],""started_at"":55.41847420095762,""closed_at"":57.41847420095762,""candidate_paths"":[[8,27,18,45],[8,35,34,45],[8,46,45]],""selected_path"":[8,46,45]},{""key"":[8,45,7],""started_at"":173.38578722103026,""closed_at"":175.38578722103026,""candidate_paths"":[[8,1,16,45],[8,1,45],[8,33,41,45],[8,34,0,45]],""selected_path"":[8,1,45]},{""key"":[8,45,11],""started_at"":232.86111151290513,""closed_at"":234.86111151290513,""candidate_paths"":[[8,1,45],[8,10,45],[8,37,38,45],[8,44,49,45]],""selected_path"":[8,1,45]},{""key"":[17,10,2],""started_at"":29.445778943165372,""closed_at"":31.445778943165372,""candidate_paths"":[[17,3,10],[17,7,10],[17,12,32,10],[17,36,10]],""selected_path"":[17,3,10]},{""key"":[17,10,6],""started_at"":137.91471636617084,""closed_at"":139.91471636617084,""candidate_paths"":[],""selected_path"":null},{""key"":[22,11,4],""started_at"":95.63282080850882,""closed_at"":97.63282080850882,""candidate_paths"":[[22,6,30,11],[22,11],[22,24,10,11],[22,25,11],[22,25,12,11]],""selected_path"":[22,11]},{""key"":[22,11,8],""started_at"":191.93948774740588,""closed_at"":193.93948774740588,""candidate_paths"":[[22,4,11],[22,11],[22,18,40,11],[22,25,11],[22,28,11],[22,36,10,11],[22,42,21,11],[22,42,45,11]],""selected_path"":[22,11]},{""key"":[22,11,12],""started_at"":235.80229049398483,""closed_at"":237.80229049398483,""candidate_paths"":[[22,11],[22,12,11],[22,14,21,11]],""selected_path"":[22,11]},{""key"":[22,11,16],""started_at"":314.67563092988047,""closed_at"":316.67563092988047,""candidate_paths"":[[22,4,11],[22,9,10,11],[22,11],[22,28,11]],""selected_path"":[22,11]}]",35,0,4,4,3.5,9d1b68659f250b49210b01dd4409ad09118f9a4e81f99d4ac7d9b6ae956d0436,7,2.75,0,connected-multihop,0.9,2,4,4,2.0,1,0,0,0.75,0.029891304347826088,0,0.0,0.4797611779866004,0.998760294109475,0.9999965590075816,0.9999999941250579,0.9999999999999688,0.1673469387755102,0.052244897959183675
etx-mesh,22,600.0,35,35,0,0.2,0.2,0.0,2.339127,2.226085,2.339127,2.287744,2.431616,7,7,0,785,16,769,11,56.46976,20.218222,0.033697,22.362025,87.884396,110.246421,15.749489,8.067109,2.226085,5570,32895,38465,0.144807,27325,0.710386,3200,0,736,22,16,11,0,35,0,12,0.387815,0.979618,0,0,0.0,-1,0,0,0,icc2027_generalization_stale_fading_short_ttl,50,8250.0,4.0,unicast,poisson,0,16,65,14,"[{""key"":[2,38,1],""candidate_count"":6,""sha256"":""eac3d87d10a20e34b508625416c93f9e986c46fa485fbd2c232846d0720d8a53""},{""key"":[2,38,5],""candidate_count"":3,""sha256"":""a90750d97dfe858414798ba940d953732c10522a6541003d77b57bb1997aa501""},{""key"":[8,45,3],""candidate_count"":3,""sha256"":""1a03b575f040d456f6508b25494f14b6014d7992dd83a097ca2237895feeb455""},{""key"":[8,45,7],""candidate_count"":5,""sha256"":""64df96d2bdcd4c3e7934ded5c41d1ee9b4af858a97022fc6cc995b6b5624d7e3""},{""key"":[8,45,11],""candidate_count"":4,""sha256"":""065aff0cbd172bd34847e4de935a5f175007228572d2aedc1b81e22099d956e1""},{""key"":[8,45,15],""candidate_count"":8,""sha256"":""2fb29da923fc465354479afb96f4b4596c86009416d69191354b8b00ef9401d4""},{""key"":[8,45,19],""candidate_count"":1,""sha256"":""7efe2194624ae771a75e52c14a0a5eb1941b25414f63b5f89f5557cd0349698a""},{""key"":[17,10,2],""candidate_count"":4,""sha256"":""9075adfb90132523e51fe7669ffdbd0117cc7883f9c28f15e2392a75a07be35d""},{""key"":[17,10,6],""candidate_count"":0,""sha256"":""4f53cda18c2baa0c0354bb5f9a3ecbe5ed12ab4d8e11ba873c2f11161202b945""},{""key"":[17,10,10],""candidate_count"":4,""sha256"":""31969dfde44120b501a38d43ee5287698abebbe77bb4ca30c5aefbd8d8370c84""},{""key"":[17,10,14],""candidate_count"":4,""sha256"":""b1aae5f9ded1796a928ef9a8fb678e6839a69fe54b24caf6ffa82d75418a286a""},{""key"":[17,10,18],""candidate_count"":5,""sha256"":""2a8b4660a2a1b6026b3d5b41de67e597e17d8b7d6a0d3590e2a6711b2549f934""},{""key"":[22,11,4],""candidate_count"":5,""sha256"":""af703beb6059cb0ffacd16e4f7c402101b069efd06829c12ee5bbf26289d912e""},{""key"":[22,11,8],""candidate_count"":6,""sha256"":""52d335ebe316a39d25edc8ecc33c87177d7272e5c79679afcdb7f0779e7759fa""},{""key"":[22,11,12],""candidate_count"":3,""sha256"":""2c6d21508ca0b8d0c97f6f92e9fd0de8575685391c67ad2ed94f1783bf650d56""},{""key"":[22,11,16],""candidate_count"":4,""sha256"":""a4a5f90ce43f59697dc12e41b0b24ad06229e4ce5c4dd4d63695d07648fe379b""}]","[{""key"":[2,38,1],""started_at"":1.0,""closed_at"":3.0,""candidate_paths"":[[2,1,38],[2,3,38],[2,9,44,38],[2,37,38],[2,38],[2,48,38]],""selected_path"":[2,38]},{""key"":[2,38,5],""started_at"":137.07531940884422,""closed_at"":139.07531940884422,""candidate_paths"":[[2,33,47,38],[2,35,38],[2,37,38]],""selected_path"":[2,35,38]},{""key"":[8,45,3],""started_at"":55.41847420095762,""closed_at"":57.41847420095762,""candidate_paths"":[[8,27,18,45],[8,35,34,45],[8,46,45]],""selected_path"":[8,46,45]},{""key"":[8,45,7],""started_at"":173.38578722103026,""closed_at"":175.38578722103026,""candidate_paths"":[[8,1,45],[8,15,18,45],[8,33,41,45],[8,34,0,45],[8,42,45]],""selected_path"":[8,42,45]},{""key"":[8,45,11],""started_at"":232.86111151290513,""closed_at"":234.86111151290513,""candidate_paths"":[[8,1,45],[8,9,0,45],[8,10,45],[8,14,21,45]],""selected_path"":[8,10,45]},{""key"":[8,45,15],""started_at"":305.2353584507845,""closed_at"":307.2353584507845,""candidate_paths"":[[8,1,45],[8,30,20,45],[8,36,10,45],[8,39,34,45],[8,39,44,45],[8,45],[8,48,0,45],[8,48,37,45]],""selected_path"":[8,45]},{""key"":[8,45,19],""started_at"":345.79649633025616,""closed_at"":347.79649633025616,""candidate_paths"":[[8,40,24,45]],""selected_path"":[8,40,24,45]},{""key"":[17,10,2],""started_at"":29.445778943165372,""closed_at"":31.445778943165372,""candidate_paths"":[[17,3,10],[17,7,10],[17,12,32,10],[17,36,10]],""selected_path"":[17,3,10]},{""key"":[17,10,6],""started_at"":137.91471636617084,""closed_at"":139.91471636617084,""candidate_paths"":[],""selected_path"":null},{""key"":[17,10,10],""started_at"":226.46103133967648,""closed_at"":228.46103133967648,""candidate_paths"":[[17,3,10],[17,3,30,10],[17,25,21,10],[17,36,10]],""selected_path"":[17,3,10]},{""key"":[17,10,14],""started_at"":298.06671614052055,""closed_at"":300.06671614052055,""candidate_paths"":[[17,3,10],[17,3,30,10],[17,10],[17,28,10]],""selected_path"":[17,28,10]},{""key"":[17,10,18],""started_at"":344.85777286497955,""closed_at"":346.85777286497955,""candidate_paths"":[[17,9,10],[17,16,30,10],[17,21,3,10],[17,21,10],[17,32,10]],""selected_path"":[17,9,10]},{""key"":[22,11,4],""started_at"":95.63282080850882,""closed_at"":97.63282080850882,""candidate_paths"":[[22,6,30,11],[22,11],[22,24,10,11],[22,25,11],[22,25,12,11]],""selected_path"":[22,25,11]},{""key"":[22,11,8],""started_at"":191.93948774740588,""closed_at"":193.93948774740588,""candidate_paths"":[[22,0,45,11],[22,8,40,11],[22,11],[22,14,21,11],[22,25,11],[22,29,11]],""selected_path"":[22,11]},{""key"":[22,11,12],""started_at"":235.80229049398483,""closed_at"":237.80229049398483,""candidate_paths"":[[22,0,45,11],[22,11],[22,12,21,11]],""selected_path"":[22,11]},{""key"":[22,11,16],""started_at"":314.67563092988047,""closed_at"":316.67563092988047,""candidate_paths"":[[22,1,11],[22,1,39,11],[22,11],[22,31,36,11]],""selected_path"":[22,11]}]",35,0,4,4,3.5,9d1b68659f250b49210b01dd4409ad09118f9a4e81f99d4ac7d9b6ae956d0436,7,2.75,0,connected-multihop,0.9,2,4,4,2.0,1,0,0,0.6875,0.029891304347826088,0,0.0,0.4797611779866004,0.998760294109475,0.9999965590075816,0.9999999941250579,0.9999999999999688,0.1673469387755102,0.052244897959183675
ett-mesh,22,600.0,35,35,0,0.2,0.2,0.0,2.339127,2.226085,2.339127,2.287744,2.431616,7,7,0,785,16,769,11,56.46976,20.218222,0.033697,22.362025,87.884396,110.246421,15.749489,8.067109,2.226085,5570,32895,38465,0.144807,27325,0.710386,3200,0,736,22,16,11,0,35,0,12,0.892541,0.979618,0,0,0.0,-1,0,0,0,icc2027_generalization_stale_fading_short_ttl,50,8250.0,4.0,unicast,poisson,0,16,65,14,"[{""key"":[2,38,1],""candidate_count"":6,""sha256"":""eac3d87d10a20e34b508625416c93f9e986c46fa485fbd2c232846d0720d8a53""},{""key"":[2,38,5],""candidate_count"":3,""sha256"":""a90750d97dfe858414798ba940d953732c10522a6541003d77b57bb1997aa501""},{""key"":[8,45,3],""candidate_count"":3,""sha256"":""1a03b575f040d456f6508b25494f14b6014d7992dd83a097ca2237895feeb455""},{""key"":[8,45,7],""candidate_count"":5,""sha256"":""64df96d2bdcd4c3e7934ded5c41d1ee9b4af858a97022fc6cc995b6b5624d7e3""},{""key"":[8,45,11],""candidate_count"":4,""sha256"":""065aff0cbd172bd34847e4de935a5f175007228572d2aedc1b81e22099d956e1""},{""key"":[8,45,15],""candidate_count"":8,""sha256"":""2fb29da923fc465354479afb96f4b4596c86009416d69191354b8b00ef9401d4""},{""key"":[8,45,19],""candidate_count"":1,""sha256"":""7efe2194624ae771a75e52c14a0a5eb1941b25414f63b5f89f5557cd0349698a""},{""key"":[17,10,2],""candidate_count"":4,""sha256"":""9075adfb90132523e51fe7669ffdbd0117cc7883f9c28f15e2392a75a07be35d""},{""key"":[17,10,6],""candidate_count"":0,""sha256"":""4f53cda18c2baa0c0354bb5f9a3ecbe5ed12ab4d8e11ba873c2f11161202b945""},{""key"":[17,10,10],""candidate_count"":4,""sha256"":""31969dfde44120b501a38d43ee5287698abebbe77bb4ca30c5aefbd8d8370c84""},{""key"":[17,10,14],""candidate_count"":4,""sha256"":""b1aae5f9ded1796a928ef9a8fb678e6839a69fe54b24caf6ffa82d75418a286a""},{""key"":[17,10,18],""candidate_count"":5,""sha256"":""2a8b4660a2a1b6026b3d5b41de67e597e17d8b7d6a0d3590e2a6711b2549f934""},{""key"":[22,11,4],""candidate_count"":5,""sha256"":""af703beb6059cb0ffacd16e4f7c402101b069efd06829c12ee5bbf26289d912e""},{""key"":[22,11,8],""candidate_count"":6,""sha256"":""52d335ebe316a39d25edc8ecc33c87177d7272e5c79679afcdb7f0779e7759fa""},{""key"":[22,11,12],""candidate_count"":3,""sha256"":""2c6d21508ca0b8d0c97f6f92e9fd0de8575685391c67ad2ed94f1783bf650d56""},{""key"":[22,11,16],""candidate_count"":4,""sha256"":""a4a5f90ce43f59697dc12e41b0b24ad06229e4ce5c4dd4d63695d07648fe379b""}]","[{""key"":[2,38,1],""started_at"":1.0,""closed_at"":3.0,""candidate_paths"":[[2,1,38],[2,3,38],[2,9,44,38],[2,37,38],[2,38],[2,48,38]],""selected_path"":[2,38]},{""key"":[2,38,5],""started_at"":137.07531940884422,""closed_at"":139.07531940884422,""candidate_paths"":[[2,33,47,38],[2,35,38],[2,37,38]],""selected_path"":[2,35,38]},{""key"":[8,45,3],""started_at"":55.41847420095762,""closed_at"":57.41847420095762,""candidate_paths"":[[8,27,18,45],[8,35,34,45],[8,46,45]],""selected_path"":[8,46,45]},{""key"":[8,45,7],""started_at"":173.38578722103026,""closed_at"":175.38578722103026,""candidate_paths"":[[8,1,45],[8,15,18,45],[8,33,41,45],[8,34,0,45],[8,42,45]],""selected_path"":[8,42,45]},{""key"":[8,45,11],""started_at"":232.86111151290513,""closed_at"":234.86111151290513,""candidate_paths"":[[8,1,45],[8,9,0,45],[8,10,45],[8,14,21,45]],""selected_path"":[8,10,45]},{""key"":[8,45,15],""started_at"":305.2353584507845,""closed_at"":307.2353584507845,""candidate_paths"":[[8,1,45],[8,30,20,45],[8,36,10,45],[8,39,34,45],[8,39,44,45],[8,45],[8,48,0,45],[8,48,37,45]],""selected_path"":[8,45]},{""key"":[8,45,19],""started_at"":345.79649633025616,""closed_at"":347.79649633025616,""candidate_paths"":[[8,40,24,45]],""selected_path"":[8,40,24,45]},{""key"":[17,10,2],""started_at"":29.445778943165372,""closed_at"":31.445778943165372,""candidate_paths"":[[17,3,10],[17,7,10],[17,12,32,10],[17,36,10]],""selected_path"":[17,3,10]},{""key"":[17,10,6],""started_at"":137.91471636617084,""closed_at"":139.91471636617084,""candidate_paths"":[],""selected_path"":null},{""key"":[17,10,10],""started_at"":226.46103133967648,""closed_at"":228.46103133967648,""candidate_paths"":[[17,3,10],[17,3,30,10],[17,25,21,10],[17,36,10]],""selected_path"":[17,3,10]},{""key"":[17,10,14],""started_at"":298.06671614052055,""closed_at"":300.06671614052055,""candidate_paths"":[[17,3,10],[17,3,30,10],[17,10],[17,28,10]],""selected_path"":[17,28,10]},{""key"":[17,10,18],""started_at"":344.85777286497955,""closed_at"":346.85777286497955,""candidate_paths"":[[17,9,10],[17,16,30,10],[17,21,3,10],[17,21,10],[17,32,10]],""selected_path"":[17,9,10]},{""key"":[22,11,4],""started_at"":95.63282080850882,""closed_at"":97.63282080850882,""candidate_paths"":[[22,6,30,11],[22,11],[22,24,10,11],[22,25,11],[22,25,12,11]],""selected_path"":[22,25,11]},{""key"":[22,11,8],""started_at"":191.93948774740588,""closed_at"":193.93948774740588,""candidate_paths"":[[22,0,45,11],[22,8,40,11],[22,11],[22,14,21,11],[22,25,11],[22,29,11]],""selected_path"":[22,11]},{""key"":[22,11,12],""started_at"":235.80229049398483,""closed_at"":237.80229049398483,""candidate_paths"":[[22,0,45,11],[22,11],[22,12,21,11]],""selected_path"":[22,11]},{""key"":[22,11,16],""started_at"":314.67563092988047,""closed_at"":316.67563092988047,""candidate_paths"":[[22,1,11],[22,1,39,11],[22,11],[22,31,36,11]],""selected_path"":[22,11]}]",35,0,4,4,3.5,9d1b68659f250b49210b01dd4409ad09118f9a4e81f99d4ac7d9b6ae956d0436,7,2.75,0,connected-multihop,0.9,2,4,4,2.0,1,0,0,0.6875,0.029891304347826088,0,0.0,0.4797611779866004,0.998760294109475,0.9999965590075816,0.9999999941250579,0.9999999999999688,0.1673469387755102,0.052244897959183675
minhop-mesh,22,600.0,35,35,0,0.085714,0.085714,0.0,2.287744,2.191829,2.287744,2.273357,2.410035,3,3,0,514,7,507,4,36.975104,13.869612,0.023116,14.642141,57.812054,72.454195,24.151398,12.325035,2.191829,3573,21613,25186,0.141865,18229,0.723775,2271,0,490,13,10,6,0,35,0,6,0.895935,0.986381,0,0,0.0,-1,0,0,0,icc2027_generalization_stale_fading_short_ttl,50,8250.0,4.0,unicast,poisson,0,10,45,9,"[{""key"":[2,38,1],""candidate_count"":9,""sha256"":""4d84030a017c82d88643d52a125f1d963772e39c149015fb02a276b1c5bd64a5""},{""key"":[2,38,5],""candidate_count"":4,""sha256"":""3418c83cbb22f5dbbbdaf297f3addd9b8a6f72846c448be95b12ccc7c3af7d9a""},{""key"":[8,45,3],""candidate_count"":4,""sha256"":""dc32c65bf2efd4c55b00aca6bb6d344d55e5b8767be3e7093f8cef6bde059d64""},{""key"":[17,10,2],""candidate_count"":5,""sha256"":""65dfd37f3fbea941daf03315a020c4472ea1bf9a6dce146c7e55f54ad015d69c""},{""key"":[17,10,6],""candidate_count"":1,""sha256"":""883d1006d3235e1c6dc96beaf8fbd64b6aca63c42c3e35a5f4e17df580ba023c""},{""key"":[22,11,4],""candidate_count"":5,""sha256"":""e2924b6a0d811d9f0283db754385cc5b6b52fdf83aab2d389255938b910ca446""},{""key"":[22,11,8],""candidate_count"":5,""sha256"":""c63abd22843d2eeec77aba74bda5f895bc14282f1709f3137aa8526662e9d283""},{""key"":[22,11,12],""candidate_count"":6,""sha256"":""00a89aae044cfdaf5442ac5706684bc2b762c7a7a6456c09003a036c70cd7d4d""},{""key"":[22,11,16],""candidate_count"":3,""sha256"":""85e70909dc91c5e1d7c39a5f5897418821f2c7e1280433e292740e918fc4addf""},{""key"":[22,11,20],""candidate_count"":3,""sha256"":""422963c9740d7f4529ebf9f8f239b6d49e49f7b53e0570a37f3445b8bfe43d55""}]","[{""key"":[2,38,1],""started_at"":1.0,""closed_at"":3.0,""candidate_paths"":[[2,1,38],[2,1,45,38],[2,3,38],[2,3,44,38],[2,5,38],[2,6,34,38],[2,37,38],[2,38],[2,48,38]],""selected_path"":[2,38]},{""key"":[2,38,5],""started_at"":137.07531940884422,""closed_at"":139.07531940884422,""candidate_paths"":[[2,32,12,38],[2,33,47,38],[2,35,38],[2,37,38]],""selected_path"":[2,35,38]},{""key"":[8,45,3],""started_at"":55.41847420095762,""closed_at"":57.41847420095762,""candidate_paths"":[[8,2,18,45],[8,31,45],[8,37,34,45],[8,39,45]],""selected_path"":[8,31,45]},{""key"":[17,10,2],""started_at"":29.445778943165372,""closed_at"":31.445778943165372,""candidate_paths"":[[17,3,10],[17,7,10],[17,12,32,10],[17,31,30,10],[17,36,10]],""selected_path"":[17,3,10]},{""key"":[17,10,6],""started_at"":137.91471636617084,""closed_at"":139.91471636617084,""candidate_paths"":[[17,26,36,10]],""selected_path"":[17,26,36,10]},{""key"":[22,11,4],""started_at"":95.63282080850882,""closed_at"":97.63282080850882,""candidate_paths"":[[22,9,10,11],[22,9,11],[22,12,30,11],[22,28,11],[22,36,7,11]],""selected_path"":[22,9,11]},{""key"":[22,11,8],""started_at"":191.93948774740588,""closed_at"":193.93948774740588,""candidate_paths"":[[22,11],[22,12,11],[22,28,11],[22,34,24,11],[22,36,10,11]],""selected_path"":[22,11]},{""key"":[22,11,12],""started_at"":235.80229049398483,""closed_at"":237.80229049398483,""candidate_paths"":[[22,4,11],[22,11],[22,23,6,11],[22,31,7,11],[22,40,11],[22,44,5,11]],""selected_path"":[22,11]},{""key"":[22,11,16],""started_at"":314.67563092988047,""closed_at"":316.67563092988047,""candidate_paths"":[[22,11],[22,20,40,11],[22,21,11]],""selected_path"":[22,11]},{""key"":[22,11,20],""started_at"":358.3993426351828,""closed_at"":360.3993426351828,""candidate_paths"":[[22,7,11],[22,11],[22,12,4,11]],""selected_path"":[22,11]}]",35,0,4,4,3.5,9d1b68659f250b49210b01dd4409ad09118f9a4e81f99d4ac7d9b6ae956d0436,7,2.75,0,connected-multihop,0.9,2,4,4,2.0,1,0,0,0.6,0.026530612244897958,0,0.0,0.4797611779866004,0.998760294109475,0.9999965590075816,0.9999999941250579,0.9999999999999688,0.1673469387755102,0.052244897959183675
meshecho,22,600.0,35,35,0,0.085714,0.085714,0.0,2.431616,2.287744,2.431616,2.417229,2.625843,3,3,0,622,11,611,6,44.744192,16.74842,0.027914,17.7187,69.675702,87.394402,29.131467,14.914731,2.287744,4594,25884,30478,0.150732,21453,0.703885,2763,0,588,17,12,8,0,35,0,8,0.874498,0.982315,0,0,0.0,-1,0,0,0,icc2027_generalization_stale_fading_short_ttl,50,8250.0,4.0,unicast,poisson,0,12,60,12,"[{""key"":[2,38,1],""candidate_count"":9,""sha256"":""4d84030a017c82d88643d52a125f1d963772e39c149015fb02a276b1c5bd64a5""},{""key"":[2,38,5],""candidate_count"":3,""sha256"":""a3aa7859e5d68f016439b195d6e1bfe06d13458d370b175b45d46e7d725197f8""},{""key"":[8,45,3],""candidate_count"":6,""sha256"":""84857d637d23a6b244f8261f856dbfe2a88c6b097b2c8208cbef9bbfff4f4f60""},{""key"":[8,45,7],""candidate_count"":7,""sha256"":""bc1b70ce78e248230c344242c42df2723dd0fdcddef6696bddfec8bc92c32179""},{""key"":[8,45,11],""candidate_count"":6,""sha256"":""b8931fa3ececf32b16b9bc54a7e6213fc2a1bdbafcdd95735e17b331de277135""},{""key"":[17,10,2],""candidate_count"":4,""sha256"":""9075adfb90132523e51fe7669ffdbd0117cc7883f9c28f15e2392a75a07be35d""},{""key"":[17,10,6],""candidate_count"":2,""sha256"":""1e1c7f3547d152a9c920153c2a60bcb07b203bd142606e00e5c796e4d44568a2""},{""key"":[22,11,4],""candidate_count"":3,""sha256"":""558153cad72d01a4c15ae5713dd8503006fb12efcb1a8b61ee49e1f0ff05d533""},{""key"":[22,11,8],""candidate_count"":5,""sha256"":""aadba8004be285a3bedd29033f55b37ea6ad0cfdb55a35d184cf7204e8fd024f""},{""key"":[22,11,12],""candidate_count"":5,""sha256"":""3022c80d9617e3a0adc25af571971cde9f4ee2e9797d4f6836ce39ecf18e09c8""},{""key"":[22,11,16],""candidate_count"":5,""sha256"":""ee57b8c472ee33ed50b58bfba584e76b61a904b7a4178aeb686072741940f9fe""},{""key"":[22,11,20],""candidate_count"":5,""sha256"":""b51138fc5aca62d7283c69e6d0779a8c948552559ce52cf7ff67b775a8c242f5""}]","[{""key"":[2,38,1],""started_at"":1.0,""closed_at"":3.0,""candidate_paths"":[[2,1,38],[2,1,45,38],[2,3,38],[2,3,44,38],[2,5,38],[2,6,34,38],[2,37,38],[2,38],[2,48,38]],""selected_path"":[2,38]},{""key"":[2,38,5],""started_at"":137.07531940884422,""closed_at"":139.07531940884422,""candidate_paths"":[[2,11,14,38],[2,33,47,38],[2,35,38]],""selected_path"":[2,35,38]},{""key"":[8,45,3],""started_at"":55.41847420095762,""closed_at"":57.41847420095762,""candidate_paths"":[[8,17,18,45],[8,35,44,45],[8,39,34,45],[8,39,45],[8,46,45],[8,47,0,45]],""selected_path"":[8,39,45]},{""key"":[8,45,7],""started_at"":173.38578722103026,""closed_at"":175.38578722103026,""candidate_paths"":[[8,1,45],[8,26,17,45],[8,34,0,45],[8,38,37,45],[8,44,45],[8,48,41,45],[8,48,45]],""selected_path"":[8,1,45]},{""key"":[8,45,11],""started_at"":232.86111151290513,""closed_at"":234.86111151290513,""candidate_paths"":[[8,1,45],[8,10,45],[8,18,20,45],[8,30,16,45],[8,41,24,45],[8,44,34,45]],""selected_path"":[8,1,45]},{""key"":[17,10,2],""started_at"":29.445778943165372,""closed_at"":31.445778943165372,""candidate_paths"":[[17,3,10],[17,7,10],[17,12,32,10],[17,36,10]],""selected_path"":[17,3,10]},{""key"":[17,10,6],""started_at"":137.91471636617084,""closed_at"":139.91471636617084,""candidate_paths"":[[17,16,24,10],[17,16,43,10]],""selected_path"":[17,16,24,10]},{""key"":[22,11,4],""started_at"":95.63282080850882,""closed_at"":97.63282080850882,""candidate_paths"":[[22,7,11],[22,21,14,11],[22,35,39,11]],""selected_path"":[22,21,14,11]},{""key"":[22,11,8],""started_at"":191.93948774740588,""closed_at"":193.93948774740588,""candidate_paths"":[[22,11],[22,12,40,11],[22,14,10,11],[22,14,11],[22,29,11]],""selected_path"":[22,11]},{""key"":[22,11,12],""started_at"":235.80229049398483,""closed_at"":237.80229049398483,""candidate_paths"":[[22,7,11],[22,11],[22,12,11],[22,12,21,11],[22,14,11]],""selected_path"":[22,11]},{""key"":[22,11,16],""started_at"":314.67563092988047,""closed_at"":316.67563092988047,""candidate_paths"":[[22,11],[22,21,7,11],[22,21,14,11],[22,21,14,40,11],[22,34,39,11]],""selected_path"":[22,11]},{""key"":[22,11,20],""started_at"":358.3993426351828,""closed_at"":360.3993426351828,""candidate_paths"":[[22,1,45,11],[22,11],[22,28,11],[22,43,10,11],[22,46,8,11]],""selected_path"":[22,11]}]",35,0,4,4,3.5,9d1b68659f250b49210b01dd4409ad09118f9a4e81f99d4ac7d9b6ae956d0436,7,2.75,0,connected-multihop,0.9,2,4,4,2.0,1,0,0,0.6666666666666666,0.02891156462585034,0,0.0,0.4797611779866004,0.998760294109475,0.9999965590075816,0.9999999941250579,0.9999999999999688,0.1673469387755102,0.052244897959183675
meshtastic-like,23,600.0,33,33,0,0.575758,0.969697,0.0,0.56258,0.643407,0.56258,1.317461,1.610012,32,19,0,505,462,43,43,36.32768,20.575497,0.034292,14.385761,58.594488,72.980249,3.841066,1.911983,0.643407,7113,17632,24745,0.287452,15388,0.621863,4319,1510,0,0,0,0,0,0,0,0,0.0,0.085149,0,0,0.0,-1,0,0,0,icc2027_generalization_stale_fading_short_ttl,50,8250.0,4.0,unicast,poisson,0,0,0,0,[],[],33,0,4,4,3.3,cfa329d7d6f98dae1a27df27c39189ba69103d77f4d95e3426e32bd3f0905584,7,2.75,0,connected-multihop,0.9,2,4,4,2.0,1,0,0,0.0,0.0,0,0.0,0.6612809390709844,0.9990660878068988,0.9999963718534621,0.9999999909575393,0.999999999999961,0.1493877551020408,0.04081632653061224
meshcore-like,23,600.0,33,33,0,0.242424,0.272727,0.0,2.350688,2.223801,2.350688,2.287744,2.431616,9,8,0,683,14,669,14,49.132288,16.76596,0.027943,19.456386,75.918054,95.37444,11.921805,6.141536,2.223801,4779,28688,33467,0.142797,23407,0.699405,2274,0,637,18,13,9,0,33,0,0,0.0,0.979502,0,0,0.0,-1,0,0,0,icc2027_generalization_stale_fading_short_ttl,50,8250.0,4.0,unicast,poisson,0,13,61,12,"[{""key"":[21,33,2],""candidate_count"":8,""sha256"":""021f8e0357a5997eaedc657e11d02f7df949b1e4b3767a27ec839d015e216c41""},{""key"":[42,48,3],""candidate_count"":5,""sha256"":""00eeb89ec5e791ea1b4c934de6bb0565ac19952ec77c9485b41cfe34ff4db2b8""},{""key"":[42,48,7],""candidate_count"":8,""sha256"":""75a481a32a68ab7a5609b98fe219ed6d6ccd7d1ca0c389aa07e9104386300114""},{""key"":[42,48,11],""candidate_count"":5,""sha256"":""14eadcc7835f34e113e82682b7394aead500cf262fd123e80f24d0bd0b6c0bf5""},{""key"":[42,48,15],""candidate_count"":6,""sha256"":""bf0bf398ff5a2176c3ac4426e7c5986f9b6c751fcdea68867a57d6bdf3881152""},{""key"":[46,48,4],""candidate_count"":3,""sha256"":""d69927a95a664793cb6ac71567a20bbf9ad965ea1263e7aedfd26369dde3300d""},{""key"":[46,48,8],""candidate_count"":1,""sha256"":""9887210a77b378e6d57b8f16a34bd92f00bb134fa252c0eb8c81584e9fa11cf0""},{""key"":[46,48,12],""candidate_count"":3,""sha256"":""7bcfef2841fe1ec6b561719b8465d6f34559833c55f7e67d002645275ed12e53""},{""key"":[46,48,16],""candidate_count"":4,""sha256"":""95c291651d61429c7400a1daff7808e926939bce46ae2529ef1a750b41bc2c77""},{""key"":[46,48,20],""candidate_count"":8,""sha256"":""15417c4a2ad90b31f3ff91f10478f48ddba85dff3c3c723e0b8a81710c60d6f7""},{""key"":[47,39,1],""candidate_count"":3,""sha256"":""9a3e286e499f003cfa678cb6dfe78272b4c13b663095a1a2bb5bb26259a007ca""},{""key"":[47,39,5],""candidate_count"":4,""sha256"":""75db7cfca5c963cea3c92f7405b15883c12d133b78556428be4850b380884dfc""},{""key"":[47,39,9],""candidate_count"":3,""sha256"":""dece26341a5509b57d53a700668ae235e861b9f1c6feeabad51c21dfd325665e""}]","[{""key"":[21,33,2],""started_at"":28.550588115548372,""closed_at"":30.550588115548372,""candidate_paths"":[[21,11,33],[21,17,33],[21,27,25,33],[21,27,33],[21,27,44,33],[21,33],[21,47,7,33],[21,47,33]],""selected_path"":[21,33]},{""key"":[42,48,3],""started_at"":45.16060416754068,""closed_at"":47.16060416754068,""candidate_paths"":[[42,13,48],[42,26,27,48],[42,37,20,48],[42,39,48],[42,44,30,48]],""selected_path"":[42,13,48]},{""key"":[42,48,7],""started_at"":104.87465250821018,""closed_at"":106.87465250821018,""candidate_paths"":[[42,1,0,48],[42,9,7,48],[42,28,19,48],[42,28,48],[42,29,48],[42,39,48],[42,41,48],[42,48]],""selected_path"":[42,48]},{""key"":[42,48,11],""started_at"":192.9508507421723,""closed_at"":194.9508507421723,""candidate_paths"":[[42,17,49,48],[42,39,48],[42,40,48],[42,44,19,48],[42,44,48]],""selected_path"":[42,39,48]},{""key"":[42,48,15],""started_at"":240.1091979951661,""closed_at"":242.1091979951661,""candidate_paths"":[[42,17,19,48],[42,17,32,48],[42,17,34,48],[42,25,44,48],[42,39,48],[42,48]],""selected_path"":[42,48]},{""key"":[46,48,4],""started_at"":74.33850476051887,""closed_at"":76.33850476051887,""candidate_paths"":[[46,7,48],[46,39,48],[46,48]],""selected_path"":[46,48]},{""key"":[46,48,8],""started_at"":156.26860321258636,""closed_at"":158.26860321258636,""candidate_paths"":[[46,28,48]],""selected_path"":[46,28,48]},{""key"":[46,48,12],""started_at"":207.13223867864474,""closed_at"":209.13223867864474,""candidate_paths"":[[46,19,44,48],[46,30,48],[46,48]],""selected_path"":[46,48]},{""key"":[46,48,16],""started_at"":258.7248966430798,""closed_at"":260.7248966430798,""candidate_paths"":[[46,27,45,48],[46,30,19,48],[46,30,39,48],[46,47,48]],""selected_path"":[46,47,48]},{""key"":[46,48,20],""started_at"":351.0592068326743,""closed_at"":353.0592068326743,""candidate_paths"":[[46,1,48],[46,2,12,48],[46,2,16,48],[46,13,48],[46,29,48],[46,30,48],[46,35,26,48],[46,39,48]],""selected_path"":[46,1,48]},{""key"":[47,39,1],""started_at"":1.0,""closed_at"":3.0,""candidate_paths"":[[47,19,39],[47,44,45,39],[47,48,39]],""selected_path"":[47,19,39]},{""key"":[47,39,5],""started_at"":89.35655962406675,""closed_at"":91.35655962406675,""candidate_paths"":[[47,13,39],[47,31,39],[47,39],[47,48,39]],""selected_path"":[47,39]},{""key"":[47,39,9],""started_at"":160.20477857323058,""closed_at"":162.20477857323058,""candidate_paths"":[[47,1,39],[47,1,48,39],[47,19,39]],""selected_path"":[47,1,39]}]",33,0,4,4,3.3,cfa329d7d6f98dae1a27df27c39189ba69103d77f4d95e3426e32bd3f0905584,7,2.75,0,connected-multihop,0.9,2,4,4,2.0,1,0,0,0.6923076923076923,0.0282574568288854,0,0.0,0.6612809390709844,0.9990660878068988,0.9999963718534621,0.9999999909575393,0.999999999999961,0.1493877551020408,0.04081632653061224
etx-mesh,23,600.0,33,33,0,0.242424,0.272727,0.0,2.350688,2.223801,2.350688,2.287744,2.431616,9,8,0,683,14,669,14,49.132288,16.76596,0.027943,19.456386,75.918054,95.37444,11.921805,6.141536,2.223801,4792,28675,33467,0.143186,23407,0.699405,2274,0,637,18,13,9,0,33,0,9,0.401074,0.979502,0,0,0.0,-1,0,0,0,icc2027_generalization_stale_fading_short_ttl,50,8250.0,4.0,unicast,poisson,0,13,61,12,"[{""key"":[21,33,2],""candidate_count"":8,""sha256"":""021f8e0357a5997eaedc657e11d02f7df949b1e4b3767a27ec839d015e216c41""},{""key"":[42,48,3],""candidate_count"":5,""sha256"":""00eeb89ec5e791ea1b4c934de6bb0565ac19952ec77c9485b41cfe34ff4db2b8""},{""key"":[42,48,7],""candidate_count"":8,""sha256"":""75a481a32a68ab7a5609b98fe219ed6d6ccd7d1ca0c389aa07e9104386300114""},{""key"":[42,48,11],""candidate_count"":5,""sha256"":""14eadcc7835f34e113e82682b7394aead500cf262fd123e80f24d0bd0b6c0bf5""},{""key"":[42,48,15],""candidate_count"":6,""sha256"":""bf0bf398ff5a2176c3ac4426e7c5986f9b6c751fcdea68867a57d6bdf3881152""},{""key"":[46,48,4],""candidate_count"":3,""sha256"":""d69927a95a664793cb6ac71567a20bbf9ad965ea1263e7aedfd26369dde3300d""},{""key"":[46,48,8],""candidate_count"":1,""sha256"":""9887210a77b378e6d57b8f16a34bd92f00bb134fa252c0eb8c81584e9fa11cf0""},{""key"":[46,48,12],""candidate_count"":3,""sha256"":""7bcfef2841fe1ec6b561719b8465d6f34559833c55f7e67d002645275ed12e53""},{""key"":[46,48,16],""candidate_count"":4,""sha256"":""95c291651d61429c7400a1daff7808e926939bce46ae2529ef1a750b41bc2c77""},{""key"":[46,48,20],""candidate_count"":8,""sha256"":""15417c4a2ad90b31f3ff91f10478f48ddba85dff3c3c723e0b8a81710c60d6f7""},{""key"":[47,39,1],""candidate_count"":3,""sha256"":""9a3e286e499f003cfa678cb6dfe78272b4c13b663095a1a2bb5bb26259a007ca""},{""key"":[47,39,5],""candidate_count"":4,""sha256"":""75db7cfca5c963cea3c92f7405b15883c12d133b78556428be4850b380884dfc""},{""key"":[47,39,9],""candidate_count"":3,""sha256"":""dece26341a5509b57d53a700668ae235e861b9f1c6feeabad51c21dfd325665e""}]","[{""key"":[21,33,2],""started_at"":28.550588115548372,""closed_at"":30.550588115548372,""candidate_paths"":[[21,11,33],[21,17,33],[21,27,25,33],[21,27,33],[21,27,44,33],[21,33],[21,47,7,33],[21,47,33]],""selected_path"":[21,33]},{""key"":[42,48,3],""started_at"":45.16060416754068,""closed_at"":47.16060416754068,""candidate_paths"":[[42,13,48],[42,26,27,48],[42,37,20,48],[42,39,48],[42,44,30,48]],""selected_path"":[42,13,48]},{""key"":[42,48,7],""started_at"":104.87465250821018,""closed_at"":106.87465250821018,""candidate_paths"":[[42,1,0,48],[42,9,7,48],[42,28,19,48],[42,28,48],[42,29,48],[42,39,48],[42,41,48],[42,48]],""selected_path"":[42,48]},{""key"":[42,48,11],""started_at"":192.9508507421723,""closed_at"":194.9508507421723,""candidate_paths"":[[42,17,49,48],[42,39,48],[42,40,48],[42,44,19,48],[42,44,48]],""selected_path"":[42,44,48]},{""key"":[42,48,15],""started_at"":240.1091979951661,""closed_at"":242.1091979951661,""candidate_paths"":[[42,17,19,48],[42,17,32,48],[42,17,34,48],[42,25,44,48],[42,39,48],[42,48]],""selected_path"":[42,48]},{""key"":[46,48,4],""started_at"":74.33850476051887,""closed_at"":76.33850476051887,""candidate_paths"":[[46,7,48],[46,39,48],[46,48]],""selected_path"":[46,48]},{""key"":[46,48,8],""started_at"":156.26860321258636,""closed_at"":158.26860321258636,""candidate_paths"":[[46,28,48]],""selected_path"":[46,28,48]},{""key"":[46,48,12],""started_at"":207.13223867864474,""closed_at"":209.13223867864474,""candidate_paths"":[[46,19,44,48],[46,30,48],[46,48]],""selected_path"":[46,48]},{""key"":[46,48,16],""started_at"":258.7248966430798,""closed_at"":260.7248966430798,""candidate_paths"":[[46,27,45,48],[46,30,19,48],[46,30,39,48],[46,47,48]],""selected_path"":[46,47,48]},{""key"":[46,48,20],""started_at"":351.0592068326743,""closed_at"":353.0592068326743,""candidate_paths"":[[46,1,48],[46,2,12,48],[46,2,16,48],[46,13,48],[46,29,48],[46,30,48],[46,35,26,48],[46,39,48]],""selected_path"":[46,13,48]},{""key"":[47,39,1],""started_at"":1.0,""closed_at"":3.0,""candidate_paths"":[[47,19,39],[47,44,45,39],[47,48,39]],""selected_path"":[47,48,39]},{""key"":[47,39,5],""started_at"":89.35655962406675,""closed_at"":91.35655962406675,""candidate_paths"":[[47,13,39],[47,31,39],[47,39],[47,48,39]],""selected_path"":[47,39]},{""key"":[47,39,9],""started_at"":160.20477857323058,""closed_at"":162.20477857323058,""candidate_paths"":[[47,1,39],[47,1,48,39],[47,19,39]],""selected_path"":[47,1,39]}]",33,0,4,4,3.3,cfa329d7d6f98dae1a27df27c39189ba69103d77f4d95e3426e32bd3f0905584,7,2.75,0,connected-multihop,0.9,2,4,4,2.0,1,0,0,0.6923076923076923,0.0282574568288854,0,0.0,0.6612809390709844,0.9990660878068988,0.9999963718534621,0.9999999909575393,0.999999999999961,0.1493877551020408,0.04081632653061224
ett-mesh,23,600.0,33,33,0,0.242424,0.272727,0.0,2.350688,2.223801,2.350688,2.287744,2.431616,9,8,0,683,14,669,14,49.132288,16.76596,0.027943,19.456386,75.918054,95.37444,11.921805,6.141536,2.223801,4792,28675,33467,0.143186,23407,0.699405,2274,0,637,18,13,9,0,33,0,9,0.898762,0.979502,0,0,0.0,-1,0,0,0,icc2027_generalization_stale_fading_short_ttl,50,8250.0,4.0,unicast,poisson,0,13,61,12,"[{""key"":[21,33,2],""candidate_count"":8,""sha256"":""021f8e0357a5997eaedc657e11d02f7df949b1e4b3767a27ec839d015e216c41""},{""key"":[42,48,3],""candidate_count"":5,""sha256"":""00eeb89ec5e791ea1b4c934de6bb0565ac19952ec77c9485b41cfe34ff4db2b8""},{""key"":[42,48,7],""candidate_count"":8,""sha256"":""75a481a32a68ab7a5609b98fe219ed6d6ccd7d1ca0c389aa07e9104386300114""},{""key"":[42,48,11],""candidate_count"":5,""sha256"":""14eadcc7835f34e113e82682b7394aead500cf262fd123e80f24d0bd0b6c0bf5""},{""key"":[42,48,15],""candidate_count"":6,""sha256"":""bf0bf398ff5a2176c3ac4426e7c5986f9b6c751fcdea68867a57d6bdf3881152""},{""key"":[46,48,4],""candidate_count"":3,""sha256"":""d69927a95a664793cb6ac71567a20bbf9ad965ea1263e7aedfd26369dde3300d""},{""key"":[46,48,8],""candidate_count"":1,""sha256"":""9887210a77b378e6d57b8f16a34bd92f00bb134fa252c0eb8c81584e9fa11cf0""},{""key"":[46,48,12],""candidate_count"":3,""sha256"":""7bcfef2841fe1ec6b561719b8465d6f34559833c55f7e67d002645275ed12e53""},{""key"":[46,48,16],""candidate_count"":4,""sha256"":""95c291651d61429c7400a1daff7808e926939bce46ae2529ef1a750b41bc2c77""},{""key"":[46,48,20],""candidate_count"":8,""sha256"":""15417c4a2ad90b31f3ff91f10478f48ddba85dff3c3c723e0b8a81710c60d6f7""},{""key"":[47,39,1],""candidate_count"":3,""sha256"":""9a3e286e499f003cfa678cb6dfe78272b4c13b663095a1a2bb5bb26259a007ca""},{""key"":[47,39,5],""candidate_count"":4,""sha256"":""75db7cfca5c963cea3c92f7405b15883c12d133b78556428be4850b380884dfc""},{""key"":[47,39,9],""candidate_count"":3,""sha256"":""dece26341a5509b57d53a700668ae235e861b9f1c6feeabad51c21dfd325665e""}]","[{""key"":[21,33,2],""started_at"":28.550588115548372,""closed_at"":30.550588115548372,""candidate_paths"":[[21,11,33],[21,17,33],[21,27,25,33],[21,27,33],[21,27,44,33],[21,33],[21,47,7,33],[21,47,33]],""selected_path"":[21,33]},{""key"":[42,48,3],""started_at"":45.16060416754068,""closed_at"":47.16060416754068,""candidate_paths"":[[42,13,48],[42,26,27,48],[42,37,20,48],[42,39,48],[42,44,30,48]],""selected_path"":[42,13,48]},{""key"":[42,48,7],""started_at"":104.87465250821018,""closed_at"":106.87465250821018,""candidate_paths"":[[42,1,0,48],[42,9,7,48],[42,28,19,48],[42,28,48],[42,29,48],[42,39,48],[42,41,48],[42,48]],""selected_path"":[42,48]},{""key"":[42,48,11],""started_at"":192.9508507421723,""closed_at"":194.9508507421723,""candidate_paths"":[[42,17,49,48],[42,39,48],[42,40,48],[42,44,19,48],[42,44,48]],""selected_path"":[42,44,48]},{""key"":[42,48,15],""started_at"":240.1091979951661,""closed_at"":242.1091979951661,""candidate_paths"":[[42,17,19,48],[42,17,32,48],[42,17,34,48],[42,25,44,48],[42,39,48],[42,48]],""selected_path"":[42,48]},{""key"":[46,48,4],""started_at"":74.33850476051887,""closed_at"":76.33850476051887,""candidate_paths"":[[46,7,48],[46,39,48],[46,48]],""selected_path"":[46,48]},{""key"":[46,48,8],""started_at"":156.26860321258636,""closed_at"":158.26860321258636,""candidate_paths"":[[46,28,48]],""selected_path"":[46,28,48]},{""key"":[46,48,12],""started_at"":207.13223867864474,""closed_at"":209.13223867864474,""candidate_paths"":[[46,19,44,48],[46,30,48],[46,48]],""selected_path"":[46,48]},{""key"":[46,48,16],""started_at"":258.7248966430798,""closed_at"":260.7248966430798,""candidate_paths"":[[46,27,45,48],[46,30,19,48],[46,30,39,48],[46,47,48]],""selected_path"":[46,47,48]},{""key"":[46,48,20],""started_at"":351.0592068326743,""closed_at"":353.0592068326743,""candidate_paths"":[[46,1,48],[46,2,12,48],[46,2,16,48],[46,13,48],[46,29,48],[46,30,48],[46,35,26,48],[46,39,48]],""selected_path"":[46,13,48]},{""key"":[47,39,1],""started_at"":1.0,""closed_at"":3.0,""candidate_paths"":[[47,19,39],[47,44,45,39],[47,48,39]],""selected_path"":[47,48,39]},{""key"":[47,39,5],""started_at"":89.35655962406675,""closed_at"":91.35655962406675,""candidate_paths"":[[47,13,39],[47,31,39],[47,39],[47,48,39]],""selected_path"":[47,39]},{""key"":[47,39,9],""started_at"":160.20477857323058,""closed_at"":162.20477857323058,""candidate_paths"":[[47,1,39],[47,1,48,39],[47,19,39]],""selected_path"":[47,1,39]}]",33,0,4,4,3.3,cfa329d7d6f98dae1a27df27c39189ba69103d77f4d95e3426e32bd3f0905584,7,2.75,0,connected-multihop,0.9,2,4,4,2.0,1,0,0,0.6923076923076923,0.0282574568288854,0,0.0,0.6612809390709844,0.9990660878068988,0.9999963718534621,0.9999999909575393,0.999999999999961,0.1493877551020408,0.04081632653061224
minhop-mesh,23,600.0,33,33,0,0.363636,0.393939,0.0,2.323712,2.221342,2.323712,2.287744,2.431616,13,12,0,1053,24,1029,20,75.748608,26.182486,0.043637,29.996449,117.008037,147.004486,12.250374,6.312384,2.221342,7342,44255,51597,0.142295,36072,0.69911,3554,0,978,31,20,17,0,33,0,16,0.815507,0.977208,0,0,0.0,-1,0,0,0,icc2027_generalization_stale_fading_short_ttl,50,8250.0,4.0,unicast,poisson,0,20,90,20,"[{""key"":[21,33,2],""candidate_count"":7,""sha256"":""3e8e7d9148ab1636be7569344556fc180bcafb7b105c97e0bbff51be1f675f8f""},{""key"":[42,48,3],""candidate_count"":5,""sha256"":""005dbaaf457946794a1b004283424b66254e021f6db2b66ce1adb5514fccff20""},{""key"":[42,48,7],""candidate_count"":5,""sha256"":""ddb3d0497423943a51ff57895ca8b4e97bbf2352bbcc7f2e32d64e22893899a1""},{""key"":[42,48,11],""candidate_count"":6,""sha256"":""918a79f8be694ba26cd9045a00cf99921b4af4a1f906e98baa97edf2cadd3247""},{""key"":[42,48,15],""candidate_count"":4,""sha256"":""9d5e469c8712d746322cce971d580512272e70085458b2d0fa1236c14989745c""},{""key"":[42,48,19],""candidate_count"":4,""sha256"":""302a6f8bcfe910d383cbd24bcb1d0ec4d358ffdbea07a9c365b4f88afdc51457""},{""key"":[46,48,4],""candidate_count"":5,""sha256"":""44675c93b30bc71a4697005c8dee13fbcd84ead11275553ddb72e1f8499e01b7""},{""key"":[46,48,8],""candidate_count"":7,""sha256"":""2ab36909f724c9a5281d2fa1658c53a12a88dd1a30588d49828118819a65c2e0""},{""key"":[46,48,12],""candidate_count"":5,""sha256"":""eac496b453396c425aa216bbb1ccd5e38c299e1f6bb21cadbcd3c94e58c3fcf0""},{""key"":[46,48,16],""candidate_count"":4,""sha256"":""6229da29014512ba13f9d89777d77b51cf50f22deb588a9bd8c9fd8a52f89b58""},{""key"":[46,48,20],""candidate_count"":4,""sha256"":""70388962fb8a8e6a523533b3755d8d3e8fd4849760c5655bc3781aedf2ffbd6d""},{""key"":[47,39,1],""candidate_count"":3,""sha256"":""9a3e286e499f003cfa678cb6dfe78272b4c13b663095a1a2bb5bb26259a007ca""},{""key"":[47,39,5],""candidate_count"":4,""sha256"":""2a1e572a189704300cfa2c48fbee89563d984a42ffb80c6a4d4f6f179011a8ec""},{""key"":[47,39,9],""candidate_count"":4,""sha256"":""518ff84b98fbf043de531731f6b855616481135a495e7bae1435faa433c1506c""},{""key"":[47,39,13],""candidate_count"":6,""sha256"":""57526e46316b84da86cc60000b9a546b8d04d65456beabe97842931933fdad4c""},{""key"":[47,39,17],""candidate_count"":3,""sha256"":""bc92e5df23f4c0a2fc860400867bcbed06e6dee5adaf522ee45b203885f71db3""},{""key"":[47,39,21],""candidate_count"":4,""sha256"":""e255394409a6824dd7cc9da91d1eb579eed23ec755cacfa77da1a2c55ddcdf30""},{""key"":[47,39,25],""candidate_count"":2,""sha256"":""9e6e6e73c1808ffffcb41af07f377b05b85b9658ad76458b0028399ef9443a22""},{""key"":[47,39,29],""candidate_count"":4,""sha256"":""42b8a243bbdc7b40c4d6165ab7d166e24c50e50fcab7d9681a440ba60788f9c0""},{""key"":[47,39,33],""candidate_count"":4,""sha256"":""87a55aa430da744918a855b5275ad5ab27c0aa35887ced5774eddb23bdca6da7""}]","[{""key"":[21,33,2],""started_at"":28.550588115548372,""closed_at"":30.550588115548372,""candidate_paths"":[[21,9,44,33],[21,11,33],[21,13,25,33],[21,17,33],[21,23,2,33],[21,27,33],[21,33]],""selected_path"":[21,33]},{""key"":[42,48,3],""started_at"":45.16060416754068,""closed_at"":47.16060416754068,""candidate_paths"":[[42,13,48],[42,24,48],[42,28,19,48],[42,28,30,48],[42,28,39,48]],""selected_path"":[42,13,48]},{""key"":[42,48,7],""started_at"":104.87465250821018,""closed_at"":106.87465250821018,""candidate_paths"":[[42,1,7,48],[42,3,48],[42,39,48],[42,44,48],[42,48]],""selected_path"":[42,48]},{""key"":[42,48,11],""started_at"":192.9508507421723,""closed_at"":194.9508507421723,""candidate_paths"":[[42,25,13,48],[42,33,30,48],[42,33,48],[42,39,48],[42,40,48],[42,46,36,48]],""selected_path"":[42,39,48]},{""key"":[42,48,15],""started_at"":240.1091979951661,""closed_at"":242.1091979951661,""candidate_paths"":[[42,24,48],[42,36,47,48],[42,39,48],[42,48]],""selected_path"":[42,48]},{""key"":[42,48,19],""started_at"":327.15690601966685,""closed_at"":329.15690601966685,""candidate_paths"":[[42,26,33,48],[42,31,25,48],[42,35,48],[42,39,48]],""selected_path"":[42,39,48]},{""key"":[46,48,4],""started_at"":74.33850476051887,""closed_at"":76.33850476051887,""candidate_paths"":[[46,2,42,48],[46,4,48],[46,25,28,48],[46,39,48],[46,48]],""selected_path"":[46,48]},{""key"":[46,48,8],""started_at"":156.26860321258636,""closed_at"":158.26860321258636,""candidate_paths"":[[46,9,40,48],[46,22,48],[46,26,12,48],[46,28,48],[46,30,48],[46,41,39,48],[46,41,48]],""selected_path"":[46,30,48]},{""key"":[46,48,12],""started_at"":207.13223867864474,""closed_at"":209.13223867864474,""candidate_paths"":[[46,13,48],[46,28,48],[46,33,48],[46,39,48],[46,48]],""selected_path"":[46,48]},{""key"":[46,48,16],""started_at"":258.7248966430798,""closed_at"":260.7248966430798,""candidate_paths"":[[46,2,12,48],[46,4,21,48],[46,28,48],[46,39,48]],""selected_path"":[46,28,48]},{""key"":[46,48,20],""started_at"":351.0592068326743,""closed_at"":353.0592068326743,""candidate_paths"":[[46,11,48],[46,30,48],[46,39,48],[46,41,16,48]],""selected_path"":[46,39,48]},{""key"":[47,39,1],""started_at"":1.0,""closed_at"":3.0,""candidate_paths"":[[47,19,39],[47,44,45,39],[47,48,39]],""selected_path"":[47,48,39]},{""key"":[47,39,5],""started_at"":89.35655962406675,""closed_at"":91.35655962406675,""candidate_paths"":[[47,9,32,39],[47,22,39],[47,39],[47,48,39]],""selected_path"":[47,39]},{""key"":[47,39,9],""started_at"":160.20477857323058,""closed_at"":162.20477857323058,""candidate_paths"":[[47,2,4,39],[47,19,39],[47,30,48,39],[47,32,39]],""selected_path"":[47,19,39]},{""key"":[47,39,13],""started_at"":213.59870590029433,""closed_at"":215.59870590029433,""candidate_paths"":[[47,12,14,39],[47,13,39],[47,19,39],[47,30,39],[47,39],[47,48,39]],""selected_path"":[47,39]},{""key"":[47,39,17],""started_at"":307.0781083585889,""closed_at"":309.0781083585889,""candidate_paths"":[[47,4,39],[47,39],[47,48,39]],""selected_path"":[47,39]},{""key"":[47,39,21],""started_at"":355.36784692249194,""closed_at"":357.36784692249194,""candidate_paths"":[[47,19,39],[47,20,39],[47,48,39],[47,49,39]],""selected_path"":[47,48,39]},{""key"":[47,39,25],""started_at"":438.6334505713732,""closed_at"":440.6334505713732,""candidate_paths"":[[47,20,32,39],[47,44,39]],""selected_path"":[47,44,39]},{""key"":[47,39,29],""started_at"":521.7296512062213,""closed_at"":523.7296512062213,""candidate_paths"":[[47,29,39],[47,30,39],[47,31,39],[47,48,39]],""selected_path"":[47,48,39]},{""key"":[47,39,33],""started_at"":589.9967045894147,""closed_at"":591.9967045894147,""candidate_paths"":[[47,25,39],[47,26,39],[47,39],[47,48,39]],""selected_path"":[47,39]}]",33,0,4,4,3.3,cfa329d7d6f98dae1a27df27c39189ba69103d77f4d95e3426e32bd3f0905584,7,2.75,0,connected-multihop,0.9,2,4,4,2.0,1,1,0,0.85,0.03169734151329243,0,1.0,0.6612809390709844,0.9990660878068988,0.9999963718534621,0.9999999909575393,0.999999999999961,0.1493877551020408,0.04081632653061224
meshecho,23,600.0,33,33,0,0.636364,0.636364,0.0,2.35968,2.239787,2.35968,2.431616,2.647424,21,21,0,1444,40,1404,35,103.875584,36.173029,0.060288,41.134731,160.303505,201.438237,9.592297,4.946456,2.239787,10673,60083,70756,0.150842,48616,0.687094,4521,0,1323,46,27,26,0,33,0,23,0.842997,0.972299,0,0,0.0,-1,0,0,0,icc2027_generalization_stale_fading_short_ttl,50,8250.0,4.0,unicast,poisson,0,27,115,26,"[{""key"":[21,33,2],""candidate_count"":4,""sha256"":""732c06a9b8f09ddd3c5b4030c7f16abe5ff6b343e6747729a6482c79343dd3e5""},{""key"":[21,33,6],""candidate_count"":5,""sha256"":""fba0fe3b1cb1c0fe920d161eab1ebbb9c072f93cde278d931a8dad219b8466ce""},{""key"":[42,48,3],""candidate_count"":4,""sha256"":""20737dadbe9e007bd424690be5deb833ef07ee43e24877b52c2a84bd98f6924f""},{""key"":[42,48,7],""candidate_count"":4,""sha256"":""d9f0b1835298590c8bf6d1a561c77fab7e0ceb1a09e11e1d61c4b835651fc9a9""},{""key"":[42,48,11],""candidate_count"":5,""sha256"":""a6d462224b95195a9556d1c0c9a0c2d6c1be88cdd6477ac60c3e80a7b904edfa""},{""key"":[42,48,15],""candidate_count"":5,""sha256"":""88ed8a51a120b3509a247fb1813a1b0f227dd4eae77affdfc92645848f1b0a1f""},{""key"":[42,48,19],""candidate_count"":5,""sha256"":""1c51c216b4877d307464be5cadfc7711964f6d13897b6462301f9cf482f24d3c""},{""key"":[42,48,23],""candidate_count"":3,""sha256"":""63d338ee045961ed02cfaa507fe750e5da436e923ec35abb67cdc3280595f9a2""},{""key"":[42,48,27],""candidate_count"":3,""sha256"":""15725adcac53f74a1a37aebf568431620f37c13039dc1229d6d1e0ff03b45853""},{""key"":[42,48,31],""candidate_count"":7,""sha256"":""5149d6be4b7b3d4e616d14aa2cef0dbc66146015f18209212330098d12b1fb8a""},{""key"":[46,48,4],""candidate_count"":5,""sha256"":""653f092fdb9cfe41f0891c413658374ea58e8ca3606775323695ec2b57a8d944""},{""key"":[46,48,8],""candidate_count"":3,""sha256"":""95731661a982c21c1abc052c9ae0fe0d87a92761469e4fb86e6aa234dfae5efb""},{""key"":[46,48,12],""candidate_count"":5,""sha256"":""735fdc7ba2ad607a02c52bbc183d0432bab40b57fb49e474fb9d96a2b1de6d7e""},{""key"":[46,48,16],""candidate_count"":2,""sha256"":""db97599c888590bba2360d3dc1ef050382238292ae197cbb3f1254688e0b3a8f""},{""key"":[46,48,20],""candidate_count"":6,""sha256"":""14b99f80acb4f77386fbb8653e4f4317598fe6590856b0ddba272261864105a7""},{""key"":[46,48,24],""candidate_count"":4,""sha256"":""a6cd8f0d953021c0e39dc97b54d505a72daf6fd9eb5647d067d126270d27b809""},{""key"":[46,48,28],""candidate_count"":7,""sha256"":""ba8ece6040e63096d5c1381047bf80517ffbb034deb1ac72290e46b6952400c3""},{""key"":[46,48,32],""candidate_count"":6,""sha256"":""a22fd924dc1a54cf9f97809f1e85d7f7f04d87d5a946f2a868ae402ee8e33cb6""},{""key"":[47,39,1],""candidate_count"":3,""sha256"":""9a3e286e499f003cfa678cb6dfe78272b4c13b663095a1a2bb5bb26259a007ca""},{""key"":[47,39,5],""candidate_count"":4,""sha256"":""2a1e572a189704300cfa2c48fbee89563d984a42ffb80c6a4d4f6f179011a8ec""},{""key"":[47,39,9],""candidate_count"":4,""sha256"":""bc409a859dd5a5b59f7e718823aab5896a962eb033c03799e5d5d390cea308f0""},{""key"":[47,39,13],""candidate_count"":3,""sha256"":""53d1c1d783840d5a7f75f75a52219affb032fe7622fb355a815fb6af057023dc""},{""key"":[47,39,17],""candidate_count"":3,""sha256"":""b7b355342b4f4167dea205f237cec36630cb487ee1337f880fed7cfb50c48db5""},{""key"":[47,39,21],""candidate_count"":4,""sha256"":""43e63e3749ce2ffdc4482386e29943c9b44102543c10bd36b8d9bba03b8f932a""},{""key"":[47,39,25],""candidate_count"":5,""sha256"":""ea097069911b2d87e15010b836b30974ca8791e07934156d4c635943315a782c""},{""key"":[47,39,29],""candidate_count"":1,""sha256"":""597cd892149111095e6d8a9c8eb35c080bc814694e78d7d594afdf4ea81d5e7e""},{""key"":[47,39,33],""candidate_count"":5,""sha256"":""d950464a8f87d92ccd66478f10983dcbb91e7983cc5030bd86581ff87000b0ad""}]","[{""key"":[21,33,2],""started_at"":28.550588115548372,""closed_at"":30.550588115548372,""candidate_paths"":[[21,33],[21,47,33],[21,47,44,33],[21,48,33]],""selected_path"":[21,47,33]},{""key"":[21,33,6],""started_at"":103.17245802696758,""closed_at"":105.17245802696758,""candidate_paths"":[[21,1,33],[21,13,25,33],[21,29,40,33],[21,39,28,33],[21,47,49,33]],""selected_path"":[21,1,33]},{""key"":[42,48,3],""started_at"":45.16060416754068,""closed_at"":47.16060416754068,""candidate_paths"":[[42,13,48],[42,24,48],[42,28,30,48],[42,28,39,48]],""selected_path"":[42,13,48]},{""key"":[42,48,7],""started_at"":104.87465250821018,""closed_at"":106.87465250821018,""candidate_paths"":[[42,3,48],[42,41,39,48],[42,41,48],[42,48]],""selected_path"":[42,48]},{""key"":[42,48,11],""started_at"":192.9508507421723,""closed_at"":194.9508507421723,""candidate_paths"":[[42,25,13,48],[42,33,48],[42,39,48],[42,41,19,48],[42,41,48]],""selected_path"":[42,39,48]},{""key"":[42,48,15],""started_at"":240.1091979951661,""closed_at"":242.1091979951661,""candidate_paths"":[[42,22,13,48],[42,24,19,48],[42,24,48],[42,39,48],[42,48]],""selected_path"":[42,48]},{""key"":[42,48,19],""started_at"":327.15690601966685,""closed_at"":329.15690601966685,""candidate_paths"":[[42,1,33,48],[42,9,15,48],[42,29,48],[42,39,48],[42,48]],""selected_path"":[42,39,48]},{""key"":[42,48,23],""started_at"":413.47725077011705,""closed_at"":415.47725077011705,""candidate_paths"":[[42,7,24,48],[42,9,38,48],[42,19,30,48]],""selected_path"":[42,19,30,48]},{""key"":[42,48,27],""started_at"":504.50481439469615,""closed_at"":506.50481439469615,""candidate_paths"":[[42,13,48],[42,27,39,48],[42,48]],""selected_path"":[42,48]},{""key"":[42,48,31],""started_at"":578.351758287128,""closed_at"":580.351758287128,""candidate_paths"":[[42,7,34,48],[42,19,48],[42,39,48],[42,44,30,48],[42,44,48],[42,44,49,48],[42,48]],""selected_path"":[42,48]},{""key"":[46,48,4],""started_at"":74.33850476051887,""closed_at"":76.33850476051887,""candidate_paths"":[[46,4,48],[46,22,19,48],[46,25,28,48],[46,39,48],[46,48]],""selected_path"":[46,48]},{""key"":[46,48,8],""started_at"":156.26860321258636,""closed_at"":158.26860321258636,""candidate_paths"":[[46,30,48],[46,45,48],[46,49,39,48]],""selected_path"":[46,30,48]},{""key"":[46,48,12],""started_at"":207.13223867864474,""closed_at"":209.13223867864474,""candidate_paths"":[[46,13,48],[46,28,39,48],[46,28,48],[46,44,48],[46,48]],""selected_path"":[46,48]},{""key"":[46,48,16],""started_at"":258.7248966430798,""closed_at"":260.7248966430798,""candidate_paths"":[[46,13,19,48],[46,44,39,48]],""selected_path"":[46,13,19,48]},{""key"":[46,48,20],""started_at"":351.0592068326743,""closed_at"":353.0592068326743,""candidate_paths"":[[46,13,19,48],[46,14,42,48],[46,22,10,48],[46,39,48],[46,41,16,48],[46,45,48]],""selected_path"":[46,45,48]},{""key"":[46,48,24],""started_at"":426.59893752665147,""closed_at"":428.59893752665147,""candidate_paths"":[[46,22,48],[46,30,19,48],[46,30,48],[46,33,48]],""selected_path"":[46,30,48]},{""key"":[46,48,28],""started_at"":512.6261132011205,""closed_at"":514.6261132011205,""candidate_paths"":[[46,13,19,48],[46,13,48],[46,26,12,48],[46,28,48],[46,36,44,48],[46,39,48],[46,48]],""selected_path"":[46,48]},{""key"":[46,48,32],""started_at"":585.2545249670017,""closed_at"":587.2545249670017,""candidate_paths"":[[46,10,2,48],[46,16,14,48],[46,19,48],[46,27,48],[46,30,39,48],[46,48]],""selected_path"":[46,48]},{""key"":[47,39,1],""started_at"":1.0,""closed_at"":3.0,""candidate_paths"":[[47,19,39],[47,44,45,39],[47,48,39]],""selected_path"":[47,48,39]},{""key"":[47,39,5],""started_at"":89.35655962406675,""closed_at"":91.35655962406675,""candidate_paths"":[[47,9,32,39],[47,22,39],[47,39],[47,48,39]],""selected_path"":[47,22,39]},{""key"":[47,39,9],""started_at"":160.20477857323058,""closed_at"":162.20477857323058,""candidate_paths"":[[47,19,39],[47,30,48,39],[47,38,8,39],[47,43,4,39]],""selected_path"":[47,19,39]},{""key"":[47,39,13],""started_at"":213.59870590029433,""closed_at"":215.59870590029433,""candidate_paths"":[[47,36,39],[47,39],[47,48,39]],""selected_path"":[47,39]},{""key"":[47,39,17],""started_at"":307.0781083585889,""closed_at"":309.0781083585889,""candidate_paths"":[[47,2,14,39],[47,29,39],[47,48,39]],""selected_path"":[47,48,39]},{""key"":[47,39,21],""started_at"":355.36784692249194,""closed_at"":357.36784692249194,""candidate_paths"":[[47,29,39],[47,42,14,39],[47,48,39],[47,49,39]],""selected_path"":[47,48,39]},{""key"":[47,39,25],""started_at"":438.6334505713732,""closed_at"":440.6334505713732,""candidate_paths"":[[47,13,39],[47,19,39],[47,28,39],[47,30,39],[47,43,32,39]],""selected_path"":[47,28,39]},{""key"":[47,39,29],""started_at"":521.7296512062213,""closed_at"":523.7296512062213,""candidate_paths"":[[47,48,39]],""selected_path"":[47,48,39]},{""key"":[47,39,33],""started_at"":589.9967045894147,""closed_at"":591.9967045894147,""candidate_paths"":[[47,25,39],[47,30,39],[47,39],[47,42,39],[47,48,39]],""selected_path"":[47,39]}]",33,0,4,4,3.3,cfa329d7d6f98dae1a27df27c39189ba69103d77f4d95e3426e32bd3f0905584,7,2.75,0,connected-multihop,0.9,2,4,4,2.0,1,3,0,0.9629629629629629,0.03476946334089191,0,1.0,0.6612809390709844,0.9990660878068988,0.9999963718534621,0.9999999909575393,0.999999999999961,0.1493877551020408,0.04081632653061224
meshtastic-like,24,600.0,47,47,0,0.617021,0.957447,0.0,0.65208,0.682542,0.65208,1.56806,1.76474,45,29,0,680,612,68,68,48.91648,29.390694,0.048984,19.370926,79.201829,98.572756,3.399061,1.686775,0.682542,10842,22478,33320,0.32539,19452,0.583794,6499,2163,0,0,0,0,0,0,0,0,0.0,0.1,0,0,0.0,-1,0,0,0,icc2027_generalization_stale_fading_short_ttl,50,8250.0,4.0,unicast,poisson,0,0,0,0,[],[],47,0,4,4,4.7,46bd4a847fe378b8b4ff822fd3e24d4ce4cae15610024d5cc05a02193c9aa56b,7,2.75,0,connected-multihop,0.9,2,4,4,2.0,1,0,0,0.0,0.0,0,0.0,0.45225816074825587,0.9983722003723795,0.9999926174431409,0.9999999937145294,0.9999999999999716,0.1853061224489796,0.053877551020408164
meshcore-like,24,600.0,47,47,0,0.340426,0.361702,0.0,1.676232,1.476073,1.676232,2.287744,2.431616,17,16,0,1016,31,985,26,73.086976,27.709361,0.046182,28.942442,113.780499,142.722942,8.920184,4.567936,1.476073,8261,41523,49784,0.165937,34220,0.687369,4082,0,931,28,19,16,6,41,0,0,0.0,0.969488,0,0,0.0,-1,0,0,0,icc2027_generalization_stale_fading_short_ttl,50,8250.0,4.0,unicast,poisson,0,19,108,19,"[{""key"":[0,31,2],""candidate_count"":8,""sha256"":""f3111fc331e6237eb9c48a9b2a3fd39a71884520694ca7818172c58170bec1a4""},{""key"":[0,31,6],""candidate_count"":9,""sha256"":""47320ffe1a90718961bb99c6dcecca07e0a668ddb481dea194f135dc6e01abd4""},{""key"":[0,31,10],""candidate_count"":6,""sha256"":""daf0bfe24de05ec0a87deeba64310b835323c6265af042cb7a434cbb5d973e07""},{""key"":[0,31,18],""candidate_count"":7,""sha256"":""be65abc540efd78861fd5f6e19523a4c7eef41e71e8eac7940bc117676b79c03""},{""key"":[0,31,26],""candidate_count"":6,""sha256"":""50ed6ecec083e0d480e0889b192b3ab6f75172cf67b93efe05f95e86952345ba""},{""key"":[0,31,30],""candidate_count"":3,""sha256"":""4617b0aad4f0a07ca27ac509a1522a12faddd89192c5403b285ffdf124e54a40""},{""key"":[13,39,3],""candidate_count"":4,""sha256"":""923fdf34025edbd51ca005c5f4e13bc47ed281de602f456199c3f54387edc023""},{""key"":[13,39,7],""candidate_count"":4,""sha256"":""f87a9fc88fe163c7294b7fc405fb39d35d6651ce680b9d3b613972a96d8e2701""},{""key"":[13,39,11],""candidate_count"":6,""sha256"":""b98418e22403acbec924201a05ad0bd313e2930bc11a7b59b56e6ecb55627f36""},{""key"":[13,39,15],""candidate_count"":5,""sha256"":""b4a9fbd05414a5f77913e05526a6f644dcb943210c37cbf7e803e829f9db155d""},{""key"":[37,8,4],""candidate_count"":4,""sha256"":""3cafdf19ab043f3633ff47c7636d0ce9912ff47b1c5798eb5aff1cdf88dac50d""},{""key"":[48,11,1],""candidate_count"":7,""sha256"":""57dea8096eeec6e9df80d5e769c09f111d1c3ad1af8239974592d5d21853409a""},{""key"":[48,11,5],""candidate_count"":7,""sha256"":""74bb384b2abe515cfe9f48b29671d0c5ed0030c895389191dffe0305e3985c64""},{""key"":[48,11,9],""candidate_count"":6,""sha256"":""c194dd2db498bca691a8cf64e3318ea749e7f156d513c71175b3e2c6f5c35c9d""},{""key"":[48,11,17],""candidate_count"":5,""sha256"":""5f967e4f8d32f1cb3c20d82fa46b5971807017ebaa817c2efa50e6c6cb2142a8""},{""key"":[48,11,25],""candidate_count"":6,""sha256"":""13ee8ab0c0e06f2a15fc049f5371f3b77c207b43bc5df2aebdf0922054ededd3""},{""key"":[48,11,29],""candidate_count"":3,""sha256"":""1de220484ae7e24768e3da5a4ae215dcb76422db9cc426b129189328a39864d8""},{""key"":[48,11,37],""candidate_count"":5,""sha256"":""953ee3968114387e39b0d62d9817611e3158cfa8fae5ab70e1e014fb11e8ddd8""},{""key"":[48,11,41],""candidate_count"":7,""sha256"":""4627cf7500edb65c47b2018f1be70416f9eec896e3e833ff6198c3f07bfc9659""}]","[{""key"":[0,31,2],""started_at"":21.729368703834016,""closed_at"":23.729368703834016,""candidate_paths"":[[0,11,38,31],[0,22,31],[0,24,31],[0,24,32,31],[0,39,15,31],[0,39,31],[0,49,1,31],[0,49,31]],""selected_path"":[0,22,31]},{""key"":[0,31,6],""started_at"":56.297626721530825,""closed_at"":58.297626721530825,""candidate_paths"":[[0,12,4,31],[0,12,31],[0,19,1,31],[0,19,31],[0,19,32,31],[0,19,34,31],[0,22,31],[0,35,31],[0,49,31]],""selected_path"":[0,12,31]},{""key"":[0,31,10],""started_at"":169.27265421680605,""closed_at"":171.27265421680605,""candidate_paths"":[[0,12,36,31],[0,22,31],[0,30,21,31],[0,42,31],[0,44,1,31],[0,44,27,31]],""selected_path"":[0,22,31]},{""key"":[0,31,18],""started_at"":279.1713635053592,""closed_at"":281.1713635053592,""candidate_paths"":[[0,7,42,31],[0,19,31],[0,22,31],[0,44,1,31],[0,47,15,31],[0,47,38,31],[0,49,31]],""selected_path"":[0,19,31]},{""key"":[0,31,26],""started_at"":327.58544816514626,""closed_at"":329.58544816514626,""candidate_paths"":[[0,8,22,31],[0,19,31],[0,28,6,31],[0,37,31],[0,44,31],[0,47,15,31]],""selected_path"":[0,19,31]},{""key"":[0,31,30],""started_at"":408.8258419939701,""closed_at"":410.8258419939701,""candidate_paths"":[[0,6,31],[0,22,31],[0,24,31]],""selected_path"":[0,6,31]},{""key"":[13,39,3],""started_at"":37.12341235955997,""closed_at"":39.12341235955997,""candidate_paths"":[[13,22,31,39],[13,25,39],[13,39],[13,49,39]],""selected_path"":[13,39]},{""key"":[13,39,7],""started_at"":70.48396080472116,""closed_at"":72.48396080472116,""candidate_paths"":[[13,7,39],[13,35,33,39],[13,39],[13,46,16,39]],""selected_path"":[13,39]},{""key"":[13,39,11],""started_at"":172.011737175216,""closed_at"":174.011737175216,""candidate_paths"":[[13,3,34,39],[13,7,39],[13,21,39],[13,22,12,39],[13,24,35,39],[13,29,33,39]],""selected_path"":[13,7,39]},{""key"":[13,39,15],""started_at"":215.60637615772688,""closed_at"":217.60637615772688,""candidate_paths"":[[13,7,39],[13,19,1,39],[13,24,31,39],[13,33,8,39],[13,35,39]],""selected_path"":[13,7,39]},{""key"":[37,8,4],""started_at"":46.47637890458388,""closed_at"":48.47637890458388,""candidate_paths"":[[37,3,8],[37,27,8],[37,28,29,8],[37,28,33,8]],""selected_path"":[37,3,8]},{""key"":[48,11,1],""started_at"":1.0,""closed_at"":3.0,""candidate_paths"":[[48,11],[48,15,11],[48,15,47,11],[48,28,29,11],[48,28,33,11],[48,32,25,11],[48,38,11]],""selected_path"":[48,11]},{""key"":[48,11,5],""started_at"":51.61887452834889,""closed_at"":53.61887452834889,""candidate_paths"":[[48,6,11],[48,11],[48,15,11],[48,38,11],[48,44,11],[48,44,29,11],[48,44,42,11]],""selected_path"":[48,11]},{""key"":[48,11,9],""started_at"":163.73981024934187,""closed_at"":165.73981024934187,""candidate_paths"":[[48,2,11],[48,10,38,11],[48,11],[48,15,11],[48,29,8,11],[48,29,33,11]],""selected_path"":[48,11]},{""key"":[48,11,17],""started_at"":272.0626974228468,""closed_at"":274.0626974228468,""candidate_paths"":[[48,11],[48,15,11],[48,22,31,11],[48,27,29,11],[48,27,46,11]],""selected_path"":[48,11]},{""key"":[48,11,25],""started_at"":319.29769877348116,""closed_at"":321.29769877348116,""candidate_paths"":[[48,11],[48,15,11],[48,25,21,11],[48,28,38,11],[48,29,8,11],[48,29,33,11]],""selected_path"":[48,11]},{""key"":[48,11,29],""started_at"":397.0565847186997,""closed_at"":399.0565847186997,""candidate_paths"":[[48,6,7,11],[48,15,11],[48,47,11]],""selected_path"":[48,15,11]},{""key"":[48,11,37],""started_at"":462.03452881940234,""closed_at"":464.03452881940234,""candidate_paths"":[[48,6,11],[48,15,11],[48,22,35,11],[48,28,11],[48,37,11]],""selected_path"":[48,6,11]},{""key"":[48,11,41],""started_at"":530.4319917138004,""closed_at"":532.4319917138004,""candidate_paths"":[[48,6,11],[48,11],[48,15,11],[48,15,47,11],[48,28,11],[48,33,11],[48,33,38,11]],""selected_path"":[48,11]}]",47,0,4,4,4.7,46bd4a847fe378b8b4ff822fd3e24d4ce4cae15610024d5cc05a02193c9aa56b,7,2.75,0,connected-multihop,0.9,2,4,4,2.0,1,1,0,0.8421052631578947,0.03007518796992481,0,1.0,0.45225816074825587,0.9983722003723795,0.9999926174431409,0.9999999937145294,0.9999999999999716,0.1853061224489796,0.053877551020408164
etx-mesh,24,600.0,47,47,0,0.489362,0.510638,0.0,1.797281,1.700821,1.797281,2.287744,2.431616,24,23,0,1502,49,1453,38,108.047872,41.667205,0.069445,42.786957,168.819805,211.606762,9.200294,4.697734,1.700821,12252,61346,73598,0.166472,51117,0.694543,6082,0,1372,43,28,26,9,38,0,24,0.394694,0.967377,0,0,0.0,-1,0,0,0,icc2027_generalization_stale_fading_short_ttl,50,8250.0,4.0,unicast,poisson,0,28,149,28,"[{""key"":[0,31,2],""candidate_count"":8,""sha256"":""f3111fc331e6237eb9c48a9b2a3fd39a71884520694ca7818172c58170bec1a4""},{""key"":[0,31,6],""candidate_count"":5,""sha256"":""18f0c6503603b6531211cfd1ddf399d474178f78802814cc90803bf6cface0fa""},{""key"":[0,31,10],""candidate_count"":6,""sha256"":""ff062af375824cfde949b9bc798d16eb922beb6629396324c8f5d6f3551fa0c4""},{""key"":[0,31,18],""candidate_count"":4,""sha256"":""328b0ccf383c93292fb2f207da94463db9c681f2842e8df08507581c86200e2a""},{""key"":[0,31,26],""candidate_count"":7,""sha256"":""504f3eeabb22578273c8b77808d39858df9141e15ce74a32192f4ee59580e030""},{""key"":[0,31,30],""candidate_count"":3,""sha256"":""9da6f2ffea230ceeeaddce8bf8daeac5395c3c295be7a4a67dbcc396b9f5206c""},{""key"":[0,31,38],""candidate_count"":5,""sha256"":""d6bafd0fce6449bce4b23bb5f6d6241dc6190cb286814964a135df39ae837bd4""},{""key"":[0,31,42],""candidate_count"":7,""sha256"":""a41539b2aacd6954d0df209978d037154e7f581ae00c54d8e56383e602dc4f08""},{""key"":[0,31,46],""candidate_count"":5,""sha256"":""1d578d53f314b89323585b3d0ad9a070236cb20a0299cda58e506c494b95c929""},{""key"":[13,39,3],""candidate_count"":3,""sha256"":""6a233c38bdeb1ed621e3f9467e0743029ca0bad876401d33a016da94150a2931""},{""key"":[13,39,7],""candidate_count"":3,""sha256"":""e0629487827a436143e26c8cd20201ef95bcdb92892401981023e5277907475e""},{""key"":[37,8,4],""candidate_count"":2,""sha256"":""bb183d4c3806dc062cd1b3e9a2e7d8e39a488906813c5705dd8bb4cf70cba94f""},{""key"":[37,8,8],""candidate_count"":6,""sha256"":""58d082a58ec2a63fd88c364f4aa9dbda1ffa4c065aa756b147d690502b3efe38""},{""key"":[37,8,12],""candidate_count"":4,""sha256"":""c75af8d60b8a934e404056c2e056a3e9e957c441b95ffa16d4a72e160a748c1b""},{""key"":[37,8,16],""candidate_count"":4,""sha256"":""0b50ccdf555f4392589e3a3190119f992559985f55782d4d4bdeb72c54fd2d0c""},{""key"":[37,8,20],""candidate_count"":6,""sha256"":""f4e9aba5f8653226f462c78a0b56b26de97b2b0a7bdec71701594f3476a7f5c0""},{""key"":[37,8,28],""candidate_count"":10,""sha256"":""b0719c376dd7dfc89d88249020d4567affed160a91d65b8704337f7f106a0a02""},{""key"":[37,8,32],""candidate_count"":6,""sha256"":""fa16bbb5754048b5549f055496275a1fc721203aea4e79168270d84f9b28aa59""},{""key"":[37,8,40],""candidate_count"":4,""sha256"":""6bd76947a6ce16505a250fb4639c40e4a52fdfa2e68335d4940bd9ef96532d13""},{""key"":[37,8,44],""candidate_count"":4,""sha256"":""a085851382d2a7338a32c160cd2fd40fe210aa8e3fa0d51f08eeb3fa530fcd46""},{""key"":[48,11,1],""candidate_count"":7,""sha256"":""57dea8096eeec6e9df80d5e769c09f111d1c3ad1af8239974592d5d21853409a""},{""key"":[48,11,5],""candidate_count"":5,""sha256"":""14c8fe0541c3a7f3ab081ed3e3ea0468123732fc01fbff4d98366bb06331f0fc""},{""key"":[48,11,9],""candidate_count"":7,""sha256"":""7f5c117dee481ddf235df96302d5e04dfcfa888e6e6b6c9b6876dd58fdbc73e3""},{""key"":[48,11,17],""candidate_count"":7,""sha256"":""f304d67e8d171143eda8893c0242027da9a67125b4436154c191536b5a3a5364""},{""key"":[48,11,25],""candidate_count"":3,""sha256"":""f80429be5c747a807389c6cc64f72c1b62ba7dc79c800773cf5ac31499888468""},{""key"":[48,11,29],""candidate_count"":5,""sha256"":""6f666e1fc4c50dbe2d9899e7a5405f2e46be2dbe140c31b4b572133dfcf48487""},{""key"":[48,11,37],""candidate_count"":5,""sha256"":""591e84300baeccc48018e88c3514dd728ef0a5e6e3020ebc76643c283f87de4d""},{""key"":[48,11,41],""candidate_count"":8,""sha256"":""918d10bf26a6570219655b390e9eacd1bd2c99f73011d914504671aa9db111f2""}]","[{""key"":[0,31,2],""started_at"":21.729368703834016,""closed_at"":23.729368703834016,""candidate_paths"":[[0,11,38,31],[0,22,31],[0,24,31],[0,24,32,31],[0,39,15,31],[0,39,31],[0,49,1,31],[0,49,31]],""selected_path"":[0,49,31]},{""key"":[0,31,6],""started_at"":56.297626721530825,""closed_at"":58.297626721530825,""candidate_paths"":[[0,19,31],[0,22,31],[0,28,38,31],[0,44,32,31],[0,49,31]],""selected_path"":[0,19,31]},{""key"":[0,31,10],""started_at"":169.27265421680605,""closed_at"":171.27265421680605,""candidate_paths"":[[0,22,31],[0,29,33,31],[0,42,31],[0,44,1,31],[0,44,27,31],[0,44,49,31]],""selected_path"":[0,22,31]},{""key"":[0,31,18],""started_at"":279.1713635053592,""closed_at"":281.1713635053592,""candidate_paths"":[[0,22,31],[0,39,7,31],[0,44,1,31],[0,47,15,31]],""selected_path"":[0,22,31]},{""key"":[0,31,26],""started_at"":327.58544816514626,""closed_at"":329.58544816514626,""candidate_paths"":[[0,1,31],[0,13,6,31],[0,19,31],[0,20,22,31],[0,33,11,31],[0,37,31],[0,49,31]],""selected_path"":[0,37,31]},{""key"":[0,31,30],""started_at"":408.8258419939701,""closed_at"":410.8258419939701,""candidate_paths"":[[0,22,1,31],[0,22,31],[0,30,31]],""selected_path"":[0,30,31]},{""key"":[0,31,38],""started_at"":470.7622198572209,""closed_at"":472.7622198572209,""candidate_paths"":[[0,11,38,31],[0,12,3,31],[0,17,5,31],[0,22,31],[0,25,20,31]],""selected_path"":[0,22,31]},{""key"":[0,31,42],""started_at"":541.0106190934172,""closed_at"":543.0106190934172,""candidate_paths"":[[0,22,1,31],[0,22,19,31],[0,22,32,31],[0,29,25,31],[0,30,3,31],[0,34,31],[0,49,31]],""selected_path"":[0,34,31]},{""key"":[0,31,46],""started_at"":577.3480481581663,""closed_at"":579.3480481581663,""candidate_paths"":[[0,5,17,31],[0,7,29,31],[0,19,1,31],[0,42,31],[0,49,31]],""selected_path"":[0,49,31]},{""key"":[13,39,3],""started_at"":37.12341235955997,""closed_at"":39.12341235955997,""candidate_paths"":[[13,22,31,39],[13,34,39],[13,39]],""selected_path"":[13,39]},{""key"":[13,39,7],""started_at"":70.48396080472116,""closed_at"":72.48396080472116,""candidate_paths"":[[13,8,1,39],[13,20,39],[13,39]],""selected_path"":[13,39]},{""key"":[37,8,4],""started_at"":46.47637890458388,""closed_at"":48.47637890458388,""candidate_paths"":[[37,44,8],[37,49,34,8]],""selected_path"":[37,44,8]},{""key"":[37,8,8],""started_at"":85.94088098648253,""closed_at"":87.94088098648253,""candidate_paths"":[[37,8],[37,12,3,8],[37,12,15,8],[37,12,44,8],[37,22,8],[37,29,8]],""selected_path"":[37,8]},{""key"":[37,8,12],""started_at"":177.53556175172946,""closed_at"":179.53556175172946,""candidate_paths"":[[37,7,39,8],[37,24,8],[37,47,15,8],[37,49,35,8]],""selected_path"":[37,24,8]},{""key"":[37,8,16],""started_at"":252.03759268600407,""closed_at"":254.03759268600407,""candidate_paths"":[[37,8],[37,9,7,8],[37,12,4,8],[37,44,8]],""selected_path"":[37,8]},{""key"":[37,8,20],""started_at"":291.0139991034467,""closed_at"":293.0139991034467,""candidate_paths"":[[37,8],[37,11,15,8],[37,12,4,8],[37,24,8],[37,31,22,8],[37,40,8]],""selected_path"":[37,8]},{""key"":[37,8,28],""started_at"":343.6372853931838,""closed_at"":345.6372853931838,""candidate_paths"":[[37,3,8],[37,3,12,8],[37,8],[37,11,8],[37,19,8],[37,22,8],[37,24,8],[37,24,15,8],[37,33,8],[37,33,29,8]],""selected_path"":[37,8]},{""key"":[37,8,32],""started_at"":417.99255952355736,""closed_at"":419.99255952355736,""candidate_paths"":[[37,8],[37,11,15,8],[37,22,8],[37,33,8],[37,46,42,8],[37,49,19,8]],""selected_path"":[37,8]},{""key"":[37,8,40],""started_at"":499.5867360359378,""closed_at"":501.5867360359378,""candidate_paths"":[[37,29,8],[37,33,8],[37,42,8],[37,49,34,8]],""selected_path"":[37,42,8]},{""key"":[37,8,44],""started_at"":549.110620954801,""closed_at"":551.110620954801,""candidate_paths"":[[37,17,39,8],[37,17,42,8],[37,41,8],[37,44,49,8]],""selected_path"":[37,41,8]},{""key"":[48,11,1],""started_at"":1.0,""closed_at"":3.0,""candidate_paths"":[[48,11],[48,15,11],[48,15,47,11],[48,28,29,11],[48,28,33,11],[48,32,25,11],[48,38,11]],""selected_path"":[48,11]},{""key"":[48,11,5],""started_at"":51.61887452834889,""closed_at"":53.61887452834889,""candidate_paths"":[[48,2,11],[48,11],[48,15,11],[48,38,11],[48,38,47,11]],""selected_path"":[48,11]},{""key"":[48,11,9],""started_at"":163.73981024934187,""closed_at"":165.73981024934187,""candidate_paths"":[[48,6,11],[48,11],[48,15,11],[48,22,11],[48,22,38,11],[48,41,11],[48,47,8,11]],""selected_path"":[48,11]},{""key"":[48,11,17],""started_at"":272.0626974228468,""closed_at"":274.0626974228468,""candidate_paths"":[[48,11],[48,15,11],[48,22,8,11],[48,23,11],[48,23,33,11],[48,23,38,11],[48,24,11]],""selected_path"":[48,11]},{""key"":[48,11,25],""started_at"":319.29769877348116,""closed_at"":321.29769877348116,""candidate_paths"":[[48,6,11],[48,15,11],[48,22,33,11]],""selected_path"":[48,6,11]},{""key"":[48,11,29],""started_at"":397.0565847186997,""closed_at"":399.0565847186997,""candidate_paths"":[[48,6,11],[48,15,11],[48,32,11],[48,39,7,11],[48,47,38,11]],""selected_path"":[48,32,11]},{""key"":[48,11,37],""started_at"":462.03452881940234,""closed_at"":464.03452881940234,""candidate_paths"":[[48,22,33,11],[48,24,11],[48,24,29,11],[48,38,11],[48,42,7,11]],""selected_path"":[48,24,11]},{""key"":[48,11,41],""started_at"":530.4319917138004,""closed_at"":532.4319917138004,""candidate_paths"":[[48,1,7,11],[48,1,38,11],[48,2,11],[48,6,11],[48,11],[48,15,11],[48,25,47,11],[48,29,8,11]],""selected_path"":[48,11]}]",47,0,4,4,4.7,46bd4a847fe378b8b4ff822fd3e24d4ce4cae15610024d5cc05a02193c9aa56b,7,2.75,0,connected-multihop,0.9,2,4,4,2.0,1,2,1,0.9285714285714286,0.03134110787172012,0,1.5,0.45225816074825587,0.9983722003723795,0.9999926174431409,0.9999999937145294,0.9999999999999716,0.1853061224489796,0.053877551020408164
ett-mesh,24,600.0,47,47,0,0.489362,0.510638,0.0,1.797281,1.700821,1.797281,2.287744,2.431616,24,23,0,1502,49,1453,38,108.047872,41.667205,0.069445,42.786957,168.819805,211.606762,9.200294,4.697734,1.700821,12252,61346,73598,0.166472,51117,0.694543,6082,0,1372,43,28,26,9,38,0,24,0.888153,0.967377,0,0,0.0,-1,0,0,0,icc2027_generalization_stale_fading_short_ttl,50,8250.0,4.0,unicast,poisson,0,28,149,28,"[{""key"":[0,31,2],""candidate_count"":8,""sha256"":""f3111fc331e6237eb9c48a9b2a3fd39a71884520694ca7818172c58170bec1a4""},{""key"":[0,31,6],""candidate_count"":5,""sha256"":""18f0c6503603b6531211cfd1ddf399d474178f78802814cc90803bf6cface0fa""},{""key"":[0,31,10],""candidate_count"":6,""sha256"":""ff062af375824cfde949b9bc798d16eb922beb6629396324c8f5d6f3551fa0c4""},{""key"":[0,31,18],""candidate_count"":4,""sha256"":""328b0ccf383c93292fb2f207da94463db9c681f2842e8df08507581c86200e2a""},{""key"":[0,31,26],""candidate_count"":7,""sha256"":""504f3eeabb22578273c8b77808d39858df9141e15ce74a32192f4ee59580e030""},{""key"":[0,31,30],""candidate_count"":3,""sha256"":""9da6f2ffea230ceeeaddce8bf8daeac5395c3c295be7a4a67dbcc396b9f5206c""},{""key"":[0,31,38],""candidate_count"":5,""sha256"":""d6bafd0fce6449bce4b23bb5f6d6241dc6190cb286814964a135df39ae837bd4""},{""key"":[0,31,42],""candidate_count"":7,""sha256"":""a41539b2aacd6954d0df209978d037154e7f581ae00c54d8e56383e602dc4f08""},{""key"":[0,31,46],""candidate_count"":5,""sha256"":""1d578d53f314b89323585b3d0ad9a070236cb20a0299cda58e506c494b95c929""},{""key"":[13,39,3],""candidate_count"":3,""sha256"":""6a233c38bdeb1ed621e3f9467e0743029ca0bad876401d33a016da94150a2931""},{""key"":[13,39,7],""candidate_count"":3,""sha256"":""e0629487827a436143e26c8cd20201ef95bcdb92892401981023e5277907475e""},{""key"":[37,8,4],""candidate_count"":2,""sha256"":""bb183d4c3806dc062cd1b3e9a2e7d8e39a488906813c5705dd8bb4cf70cba94f""},{""key"":[37,8,8],""candidate_count"":6,""sha256"":""58d082a58ec2a63fd88c364f4aa9dbda1ffa4c065aa756b147d690502b3efe38""},{""key"":[37,8,12],""candidate_count"":4,""sha256"":""c75af8d60b8a934e404056c2e056a3e9e957c441b95ffa16d4a72e160a748c1b""},{""key"":[37,8,16],""candidate_count"":4,""sha256"":""0b50ccdf555f4392589e3a3190119f992559985f55782d4d4bdeb72c54fd2d0c""},{""key"":[37,8,20],""candidate_count"":6,""sha256"":""f4e9aba5f8653226f462c78a0b56b26de97b2b0a7bdec71701594f3476a7f5c0""},{""key"":[37,8,28],""candidate_count"":10,""sha256"":""b0719c376dd7dfc89d88249020d4567affed160a91d65b8704337f7f106a0a02""},{""key"":[37,8,32],""candidate_count"":6,""sha256"":""fa16bbb5754048b5549f055496275a1fc721203aea4e79168270d84f9b28aa59""},{""key"":[37,8,40],""candidate_count"":4,""sha256"":""6bd76947a6ce16505a250fb4639c40e4a52fdfa2e68335d4940bd9ef96532d13""},{""key"":[37,8,44],""candidate_count"":4,""sha256"":""a085851382d2a7338a32c160cd2fd40fe210aa8e3fa0d51f08eeb3fa530fcd46""},{""key"":[48,11,1],""candidate_count"":7,""sha256"":""57dea8096eeec6e9df80d5e769c09f111d1c3ad1af8239974592d5d21853409a""},{""key"":[48,11,5],""candidate_count"":5,""sha256"":""14c8fe0541c3a7f3ab081ed3e3ea0468123732fc01fbff4d98366bb06331f0fc""},{""key"":[48,11,9],""candidate_count"":7,""sha256"":""7f5c117dee481ddf235df96302d5e04dfcfa888e6e6b6c9b6876dd58fdbc73e3""},{""key"":[48,11,17],""candidate_count"":7,""sha256"":""f304d67e8d171143eda8893c0242027da9a67125b4436154c191536b5a3a5364""},{""key"":[48,11,25],""candidate_count"":3,""sha256"":""f80429be5c747a807389c6cc64f72c1b62ba7dc79c800773cf5ac31499888468""},{""key"":[48,11,29],""candidate_count"":5,""sha256"":""6f666e1fc4c50dbe2d9899e7a5405f2e46be2dbe140c31b4b572133dfcf48487""},{""key"":[48,11,37],""candidate_count"":5,""sha256"":""591e84300baeccc48018e88c3514dd728ef0a5e6e3020ebc76643c283f87de4d""},{""key"":[48,11,41],""candidate_count"":8,""sha256"":""918d10bf26a6570219655b390e9eacd1bd2c99f73011d914504671aa9db111f2""}]","[{""key"":[0,31,2],""started_at"":21.729368703834016,""closed_at"":23.729368703834016,""candidate_paths"":[[0,11,38,31],[0,22,31],[0,24,31],[0,24,32,31],[0,39,15,31],[0,39,31],[0,49,1,31],[0,49,31]],""selected_path"":[0,49,31]},{""key"":[0,31,6],""started_at"":56.297626721530825,""closed_at"":58.297626721530825,""candidate_paths"":[[0,19,31],[0,22,31],[0,28,38,31],[0,44,32,31],[0,49,31]],""selected_path"":[0,19,31]},{""key"":[0,31,10],""started_at"":169.27265421680605,""closed_at"":171.27265421680605,""candidate_paths"":[[0,22,31],[0,29,33,31],[0,42,31],[0,44,1,31],[0,44,27,31],[0,44,49,31]],""selected_path"":[0,22,31]},{""key"":[0,31,18],""started_at"":279.1713635053592,""closed_at"":281.1713635053592,""candidate_paths"":[[0,22,31],[0,39,7,31],[0,44,1,31],[0,47,15,31]],""selected_path"":[0,22,31]},{""key"":[0,31,26],""started_at"":327.58544816514626,""closed_at"":329.58544816514626,""candidate_paths"":[[0,1,31],[0,13,6,31],[0,19,31],[0,20,22,31],[0,33,11,31],[0,37,31],[0,49,31]],""selected_path"":[0,37,31]},{""key"":[0,31,30],""started_at"":408.8258419939701,""closed_at"":410.8258419939701,""candidate_paths"":[[0,22,1,31],[0,22,31],[0,30,31]],""selected_path"":[0,30,31]},{""key"":[0,31,38],""started_at"":470.7622198572209,""closed_at"":472.7622198572209,""candidate_paths"":[[0,11,38,31],[0,12,3,31],[0,17,5,31],[0,22,31],[0,25,20,31]],""selected_path"":[0,22,31]},{""key"":[0,31,42],""started_at"":541.0106190934172,""closed_at"":543.0106190934172,""candidate_paths"":[[0,22,1,31],[0,22,19,31],[0,22,32,31],[0,29,25,31],[0,30,3,31],[0,34,31],[0,49,31]],""selected_path"":[0,34,31]},{""key"":[0,31,46],""started_at"":577.3480481581663,""closed_at"":579.3480481581663,""candidate_paths"":[[0,5,17,31],[0,7,29,31],[0,19,1,31],[0,42,31],[0,49,31]],""selected_path"":[0,49,31]},{""key"":[13,39,3],""started_at"":37.12341235955997,""closed_at"":39.12341235955997,""candidate_paths"":[[13,22,31,39],[13,34,39],[13,39]],""selected_path"":[13,39]},{""key"":[13,39,7],""started_at"":70.48396080472116,""closed_at"":72.48396080472116,""candidate_paths"":[[13,8,1,39],[13,20,39],[13,39]],""selected_path"":[13,39]},{""key"":[37,8,4],""started_at"":46.47637890458388,""closed_at"":48.47637890458388,""candidate_paths"":[[37,44,8],[37,49,34,8]],""selected_path"":[37,44,8]},{""key"":[37,8,8],""started_at"":85.94088098648253,""closed_at"":87.94088098648253,""candidate_paths"":[[37,8],[37,12,3,8],[37,12,15,8],[37,12,44,8],[37,22,8],[37,29,8]],""selected_path"":[37,8]},{""key"":[37,8,12],""started_at"":177.53556175172946,""closed_at"":179.53556175172946,""candidate_paths"":[[37,7,39,8],[37,24,8],[37,47,15,8],[37,49,35,8]],""selected_path"":[37,24,8]},{""key"":[37,8,16],""started_at"":252.03759268600407,""closed_at"":254.03759268600407,""candidate_paths"":[[37,8],[37,9,7,8],[37,12,4,8],[37,44,8]],""selected_path"":[37,8]},{""key"":[37,8,20],""started_at"":291.0139991034467,""closed_at"":293.0139991034467,""candidate_paths"":[[37,8],[37,11,15,8],[37,12,4,8],[37,24,8],[37,31,22,8],[37,40,8]],""selected_path"":[37,8]},{""key"":[37,8,28],""started_at"":343.6372853931838,""closed_at"":345.6372853931838,""candidate_paths"":[[37,3,8],[37,3,12,8],[37,8],[37,11,8],[37,19,8],[37,22,8],[37,24,8],[37,24,15,8],[37,33,8],[37,33,29,8]],""selected_path"":[37,8]},{""key"":[37,8,32],""started_at"":417.99255952355736,""closed_at"":419.99255952355736,""candidate_paths"":[[37,8],[37,11,15,8],[37,22,8],[37,33,8],[37,46,42,8],[37,49,19,8]],""selected_path"":[37,8]},{""key"":[37,8,40],""started_at"":499.5867360359378,""closed_at"":501.5867360359378,""candidate_paths"":[[37,29,8],[37,33,8],[37,42,8],[37,49,34,8]],""selected_path"":[37,42,8]},{""key"":[37,8,44],""started_at"":549.110620954801,""closed_at"":551.110620954801,""candidate_paths"":[[37,17,39,8],[37,17,42,8],[37,41,8],[37,44,49,8]],""selected_path"":[37,41,8]},{""key"":[48,11,1],""started_at"":1.0,""closed_at"":3.0,""candidate_paths"":[[48,11],[48,15,11],[48,15,47,11],[48,28,29,11],[48,28,33,11],[48,32,25,11],[48,38,11]],""selected_path"":[48,11]},{""key"":[48,11,5],""started_at"":51.61887452834889,""closed_at"":53.61887452834889,""candidate_paths"":[[48,2,11],[48,11],[48,15,11],[48,38,11],[48,38,47,11]],""selected_path"":[48,11]},{""key"":[48,11,9],""started_at"":163.73981024934187,""closed_at"":165.73981024934187,""candidate_paths"":[[48,6,11],[48,11],[48,15,11],[48,22,11],[48,22,38,11],[48,41,11],[48,47,8,11]],""selected_path"":[48,11]},{""key"":[48,11,17],""started_at"":272.0626974228468,""closed_at"":274.0626974228468,""candidate_paths"":[[48,11],[48,15,11],[48,22,8,11],[48,23,11],[48,23,33,11],[48,23,38,11],[48,24,11]],""selected_path"":[48,11]},{""key"":[48,11,25],""started_at"":319.29769877348116,""closed_at"":321.29769877348116,""candidate_paths"":[[48,6,11],[48,15,11],[48,22,33,11]],""selected_path"":[48,6,11]},{""key"":[48,11,29],""started_at"":397.0565847186997,""closed_at"":399.0565847186997,""candidate_paths"":[[48,6,11],[48,15,11],[48,32,11],[48,39,7,11],[48,47,38,11]],""selected_path"":[48,32,11]},{""key"":[48,11,37],""started_at"":462.03452881940234,""closed_at"":464.03452881940234,""candidate_paths"":[[48,22,33,11],[48,24,11],[48,24,29,11],[48,38,11],[48,42,7,11]],""selected_path"":[48,24,11]},{""key"":[48,11,41],""started_at"":530.4319917138004,""closed_at"":532.4319917138004,""candidate_paths"":[[48,1,7,11],[48,1,38,11],[48,2,11],[48,6,11],[48,11],[48,15,11],[48,25,47,11],[48,29,8,11]],""selected_path"":[48,11]}]",47,0,4,4,4.7,46bd4a847fe378b8b4ff822fd3e24d4ce4cae15610024d5cc05a02193c9aa56b,7,2.75,0,connected-multihop,0.9,2,4,4,2.0,1,2,1,0.9285714285714286,0.03134110787172012,0,1.5,0.45225816074825587,0.9983722003723795,0.9999926174431409,0.9999999937145294,0.9999999999999716,0.1853061224489796,0.053877551020408164
minhop-mesh,24,600.0,47,47,0,0.319149,0.361702,0.0,1.988454,1.762146,1.988454,2.316518,2.496358,17,15,0,1027,35,992,31,73.878272,29.285065,0.048808,29.255796,115.506743,144.762539,9.650836,4.925218,1.762146,8712,41611,50323,0.173122,34675,0.689049,4051,0,931,30,19,16,5,42,0,15,0.849409,0.96592,0,0,0.0,-1,0,0,0,icc2027_generalization_stale_fading_short_ttl,50,8250.0,4.0,unicast,poisson,0,19,93,19,"[{""key"":[0,31,2],""candidate_count"":2,""sha256"":""cc6d9550c2019068e564d28789554f3760c38f9bcb8389c5c263fe673e810b89""},{""key"":[0,31,6],""candidate_count"":5,""sha256"":""5bccb3d734a6a244cb299d737e3625a9d3d29d01235121b6316c8df20dc8f67e""},{""key"":[0,31,10],""candidate_count"":4,""sha256"":""2969ecc3172316ae2f55aa24c8c87a1ef0139d76c976442cc03938b3ffc4791f""},{""key"":[0,31,18],""candidate_count"":8,""sha256"":""780d6b743b2cca0404c15129cba4c746bf7551cae2658709cf0ee8005ecb5c06""},{""key"":[0,31,26],""candidate_count"":4,""sha256"":""272cc1a3d743090ea81195875e388c146b0ca1fd6ef220e92f8bbeaef380f917""},{""key"":[0,31,30],""candidate_count"":2,""sha256"":""88c5b380e6619b491b74955063ef173d156858ca7fae9b4d5623769043577181""},{""key"":[0,31,38],""candidate_count"":5,""sha256"":""1fad2c1f4629d624d2c9b230b097f129692e68bde2069afda64c95548197faf9""},{""key"":[0,31,42],""candidate_count"":4,""sha256"":""4f2bd983fb90682114770b127af22e3597d88b9150fb9bfd5ffec744f6bbc188""},{""key"":[0,31,46],""candidate_count"":4,""sha256"":""a32a98290d5333955d700529fb89b2a71080e11dbbf43cf2a09d7fc2cc9074a3""},{""key"":[13,39,3],""candidate_count"":4,""sha256"":""32a99cbe8c3b6fdea9c5e9d44cfac308e5d879ddd2c1e891979f983294144543""},{""key"":[13,39,7],""candidate_count"":4,""sha256"":""e086467aa11d2d9246f721135b4cc679ecbdeb84b95c1d875c3173228c40406c""},{""key"":[13,39,11],""candidate_count"":4,""sha256"":""ce0f275ded1e4e8aee6d82e849db29842d6f7283fdc8fbb22ee962a87a7ba165""},{""key"":[37,8,4],""candidate_count"":4,""sha256"":""50341071e8ccc8d11eaac72dae94dd88608cf04eff04a10de7d586c5639c45eb""},{""key"":[37,8,8],""candidate_count"":5,""sha256"":""993b8c1fab941f33f6f644f94d240fccf99e4c53896ee895155ecb5c36575de2""},{""key"":[48,11,1],""candidate_count"":10,""sha256"":""69b52b39a3f02bf833bc385a0932f12bdb87d50384e7bec03951c3d40c4bf217""},{""key"":[48,11,5],""candidate_count"":7,""sha256"":""2d4193b98cac850856fb9f5a0965265d7989173a09289660275b6448497120be""},{""key"":[48,11,9],""candidate_count"":5,""sha256"":""3e7e9f049fcfddf1b047fec176882155e34d640efdf698bde7443bd7d7ec6ae0""},{""key"":[48,11,17],""candidate_count"":6,""sha256"":""5fc47be2d0b0b4b731dfd66b36f4d45dbead0db833b1fe75f58e3a116804d670""},{""key"":[48,11,25],""candidate_count"":6,""sha256"":""0acfa1f18e3f0847716a1b614a46e85925336503bc77d87d69e2009f2cecc678""}]","[{""key"":[0,31,2],""started_at"":21.729368703834016,""closed_at"":23.729368703834016,""candidate_paths"":[[0,34,31],[0,35,31]],""selected_path"":[0,35,31]},{""key"":[0,31,6],""started_at"":56.297626721530825,""closed_at"":58.297626721530825,""candidate_paths"":[[0,18,1,31],[0,22,31],[0,24,15,31],[0,29,31],[0,49,31]],""selected_path"":[0,22,31]},{""key"":[0,31,10],""started_at"":169.27265421680605,""closed_at"":171.27265421680605,""candidate_paths"":[[0,20,49,31],[0,22,1,31],[0,22,31],[0,42,31]],""selected_path"":[0,22,31]},{""key"":[0,31,18],""started_at"":279.1713635053592,""closed_at"":281.1713635053592,""candidate_paths"":[[0,17,16,31],[0,22,31],[0,27,31],[0,28,7,31],[0,28,15,31],[0,28,38,31],[0,32,31],[0,49,1,31]],""selected_path"":[0,22,31]},{""key"":[0,31,26],""started_at"":327.58544816514626,""closed_at"":329.58544816514626,""candidate_paths"":[[0,5,17,31],[0,19,31],[0,28,6,31],[0,44,31]],""selected_path"":[0,19,31]},{""key"":[0,31,30],""started_at"":408.8258419939701,""closed_at"":410.8258419939701,""candidate_paths"":[[0,19,1,31],[0,19,49,31]],""selected_path"":[0,19,1,31]},{""key"":[0,31,38],""started_at"":470.7622198572209,""closed_at"":472.7622198572209,""candidate_paths"":[[0,12,20,31],[0,12,21,31],[0,12,31],[0,22,31],[0,44,49,31]],""selected_path"":[0,22,31]},{""key"":[0,31,42],""started_at"":541.0106190934172,""closed_at"":543.0106190934172,""candidate_paths"":[[0,20,32,31],[0,44,1,31],[0,44,31],[0,44,42,31]],""selected_path"":[0,44,31]},{""key"":[0,31,46],""started_at"":577.3480481581663,""closed_at"":579.3480481581663,""candidate_paths"":[[0,18,32,31],[0,33,31],[0,36,1,31],[0,36,12,31]],""selected_path"":[0,33,31]},{""key"":[13,39,3],""started_at"":37.12341235955997,""closed_at"":39.12341235955997,""candidate_paths"":[[13,22,31,39],[13,34,39],[13,39],[13,49,39]],""selected_path"":[13,39]},{""key"":[13,39,7],""started_at"":70.48396080472116,""closed_at"":72.48396080472116,""candidate_paths"":[[13,24,39],[13,39],[13,45,33,39],[13,46,16,39]],""selected_path"":[13,39]},{""key"":[13,39,11],""started_at"":172.011737175216,""closed_at"":174.011737175216,""candidate_paths"":[[13,1,39],[13,21,5,39],[13,29,17,39],[13,29,33,39]],""selected_path"":[13,1,39]},{""key"":[37,8,4],""started_at"":46.47637890458388,""closed_at"":48.47637890458388,""candidate_paths"":[[37,24,8],[37,27,8],[37,44,8],[37,49,42,8]],""selected_path"":[37,24,8]},{""key"":[37,8,8],""started_at"":85.94088098648253,""closed_at"":87.94088098648253,""candidate_paths"":[[37,6,42,8],[37,8],[37,22,8],[37,23,8],[37,29,8]],""selected_path"":[37,8]},{""key"":[48,11,1],""started_at"":1.0,""closed_at"":3.0,""candidate_paths"":[[48,6,11],[48,11],[48,15,11],[48,15,47,11],[48,27,11],[48,28,29,11],[48,28,33,11],[48,34,7,11],[48,38,11],[48,44,11]],""selected_path"":[48,11]},{""key"":[48,11,5],""started_at"":51.61887452834889,""closed_at"":53.61887452834889,""candidate_paths"":[[48,2,11],[48,6,11],[48,11],[48,15,11],[48,38,11],[48,42,11],[48,44,11]],""selected_path"":[48,11]},{""key"":[48,11,9],""started_at"":163.73981024934187,""closed_at"":165.73981024934187,""candidate_paths"":[[48,6,11],[48,11],[48,15,11],[48,28,11],[48,44,33,11]],""selected_path"":[48,11]},{""key"":[48,11,17],""started_at"":272.0626974228468,""closed_at"":274.0626974228468,""candidate_paths"":[[48,11],[48,15,11],[48,22,8,11],[48,27,11],[48,38,11],[48,47,11]],""selected_path"":[48,11]},{""key"":[48,11,25],""started_at"":319.29769877348116,""closed_at"":321.29769877348116,""candidate_paths"":[[48,11],[48,15,11],[48,24,33,11],[48,41,8,11],[48,44,11],[48,47,11]],""selected_path"":[48,11]}]",47,0,4,4,4.7,46bd4a847fe378b8b4ff822fd3e24d4ce4cae15610024d5cc05a02193c9aa56b,7,2.75,0,connected-multihop,0.9,2,4,4,2.0,1,1,1,0.8421052631578947,0.0322234156820623,0,2.0,0.45225816074825587,0.9983722003723795,0.9999926174431409,0.9999999937145294,0.9999999999999716,0.1853061224489796,0.053877551020408164
meshecho,24,600.0,47,47,0,0.489362,0.510638,0.0,1.729091,1.632475,1.729091,2.287744,2.431616,24,23,0,1360,51,1309,42,97.83296,38.155582,0.063593,38.741852,152.325129,191.066981,8.30726,4.253607,1.632475,12321,54319,66640,0.184889,44381,0.665981,5498,0,1225,42,25,23,8,39,0,21,0.83517,0.9625,0,0,0.0,-1,0,0,0,icc2027_generalization_stale_fading_short_ttl,50,8250.0,4.0,unicast,poisson,0,25,137,25,"[{""key"":[0,31,2],""candidate_count"":7,""sha256"":""3c8fd74bcf914612e51fd406d6defc39218bf89456b6f66e1347bbd7000adf15""},{""key"":[0,31,6],""candidate_count"":8,""sha256"":""10ca2c9072ab1efa7156b32a76b357c5de36e60657ef77de70eecdde9ccac43c""},{""key"":[0,31,10],""candidate_count"":6,""sha256"":""b036c0b640ae8b94073715d3abc3f66eff3561d308f3c603996b6cac69f8ccc7""},{""key"":[0,31,18],""candidate_count"":5,""sha256"":""efc2798e580c7d57d6a186b5d056b3527a36718b0f0885c7392e58ff79d23905""},{""key"":[0,31,26],""candidate_count"":5,""sha256"":""92690a581f035d5033c0efc187ed6cc2eaaf5199b942574549f42065aa2ea1c3""},{""key"":[0,31,30],""candidate_count"":4,""sha256"":""d9dc3912f77ee27a6f485552e3973363d2586695767b3a469e9094ce48aa4b81""},{""key"":[0,31,38],""candidate_count"":5,""sha256"":""9a54f0373e19dc6e05bb51782e00f684757078c0dad8f3a01d7d3dcf015bb875""},{""key"":[0,31,42],""candidate_count"":6,""sha256"":""ea970df5faa85bdb6265fdc717a8b74a75161fab2ae1aa99540cd6a5cf9d2c1b""},{""key"":[0,31,46],""candidate_count"":8,""sha256"":""21b5e85296ea4447f956a31be049e6a0db731bb2ef8109b817ebb2a8b13991a9""},{""key"":[13,39,3],""candidate_count"":5,""sha256"":""059cbbfa1496598f4c0ea3a60f678e0aaf99ec1cfdf311a044eae8bba8b3bd57""},{""key"":[13,39,7],""candidate_count"":5,""sha256"":""7e4a4442f6742a39c18a6d656e3f1972b158418a2b10ca6fbc8fb273f01c385e""},{""key"":[13,39,11],""candidate_count"":5,""sha256"":""8627aa0f954fa7e31f71192c9772b9b16a6af189aba7577243e3e0d3e0a20784""},{""key"":[13,39,15],""candidate_count"":4,""sha256"":""d8dc7335730d0d2d58b70b0177322ed24d001144610fc48aee9f20ec48a72aca""},{""key"":[13,39,19],""candidate_count"":3,""sha256"":""1d732bb8ac8d0d9827e3642f85e86b525031f7c6e9c1ae7ac161e16cf92f3a3b""},{""key"":[13,39,27],""candidate_count"":3,""sha256"":""02412af07e47ef208128ce3ba7d12edbc71e0347cbcc076a3dcc668a084fa6e1""},{""key"":[13,39,31],""candidate_count"":3,""sha256"":""1dc163649a1990b194915812bf268dca0dd95f61c400bf69f89aa217879d71f3""},{""key"":[37,8,4],""candidate_count"":5,""sha256"":""5cc662bb4b6907d2ba107dd8e1e56d80beb6f015b8012f99fa5be5603f7e88d8""},{""key"":[48,11,1],""candidate_count"":11,""sha256"":""8783cd7ad891f0c70e875409fdbf1173620307b6a44c801b77f700ca6c82be6f""},{""key"":[48,11,5],""candidate_count"":5,""sha256"":""ea152fca03666c2e355e1e45a984a2344895d123c7dde7407a312b3e30f6b38b""},{""key"":[48,11,9],""candidate_count"":5,""sha256"":""7a8276e641fbd249b62faf1c2b860b7f7a0ec16bbbca4004f0044a845db32d8a""},{""key"":[48,11,17],""candidate_count"":5,""sha256"":""c14b8be329b15d6c396a6118615d74921363ccae4211033688de1c7935ee1b02""},{""key"":[48,11,25],""candidate_count"":5,""sha256"":""1f08a396f1476bfa270f79d146e40f23f37f8deeeda387ab7e64ec802daddf32""},{""key"":[48,11,29],""candidate_count"":6,""sha256"":""c265bfc204af98d762965e579d8c38a079d7519049df1eab2f8bb7ccc096dd36""},{""key"":[48,11,37],""candidate_count"":6,""sha256"":""0e051d5ff5a67950f88ecc8e42f8780076de2e2dbfa7177ab2e91e2fbef7da6d""},{""key"":[48,11,41],""candidate_count"":7,""sha256"":""24e1010fd0b44be56b8d15c247f7511343c338cd3383ff88d59faf3fe6e43572""}]","[{""key"":[0,31,2],""started_at"":21.729368703834016,""closed_at"":23.729368703834016,""candidate_paths"":[[0,7,31],[0,19,31],[0,20,32,31],[0,22,31],[0,29,33,31],[0,49,1,31],[0,49,31]],""selected_path"":[0,22,31]},{""key"":[0,31,6],""started_at"":56.297626721530825,""closed_at"":58.297626721530825,""candidate_paths"":[[0,10,4,31],[0,18,1,31],[0,20,32,31],[0,22,31],[0,29,5,31],[0,29,31],[0,29,33,15,31],[0,49,31]],""selected_path"":[0,22,31]},{""key"":[0,31,10],""started_at"":169.27265421680605,""closed_at"":171.27265421680605,""candidate_paths"":[[0,12,36,31],[0,22,31],[0,29,33,31],[0,42,31],[0,44,1,31],[0,44,27,31]],""selected_path"":[0,22,31]},{""key"":[0,31,18],""started_at"":279.1713635053592,""closed_at"":281.1713635053592,""candidate_paths"":[[0,17,16,31],[0,27,31],[0,28,15,31],[0,28,38,31],[0,46,3,31]],""selected_path"":[0,27,31]},{""key"":[0,31,26],""started_at"":327.58544816514626,""closed_at"":329.58544816514626,""candidate_paths"":[[0,12,46,31],[0,19,31],[0,28,6,31],[0,35,22,31],[0,47,11,31]],""selected_path"":[0,19,31]},{""key"":[0,31,30],""started_at"":408.8258419939701,""closed_at"":410.8258419939701,""candidate_paths"":[[0,1,31],[0,20,31],[0,24,31],[0,24,42,31]],""selected_path"":[0,24,31]},{""key"":[0,31,38],""started_at"":470.7622198572209,""closed_at"":472.7622198572209,""candidate_paths"":[[0,1,49,31],[0,12,21,31],[0,22,31],[0,32,31],[0,42,31]],""selected_path"":[0,22,31]},{""key"":[0,31,42],""started_at"":541.0106190934172,""closed_at"":543.0106190934172,""candidate_paths"":[[0,9,39,31],[0,30,3,31],[0,35,31],[0,35,42,31],[0,44,1,31],[0,49,31]],""selected_path"":[0,49,31]},{""key"":[0,31,46],""started_at"":577.3480481581663,""closed_at"":579.3480481581663,""candidate_paths"":[[0,8,29,31],[0,22,31],[0,28,31],[0,34,21,31],[0,34,31],[0,34,32,31],[0,49,1,31],[0,49,31]],""selected_path"":[0,34,31]},{""key"":[13,39,3],""started_at"":37.12341235955997,""closed_at"":39.12341235955997,""candidate_paths"":[[13,22,31,39],[13,29,39],[13,34,39],[13,39],[13,49,39]],""selected_path"":[13,39]},{""key"":[13,39,7],""started_at"":70.48396080472116,""closed_at"":72.48396080472116,""candidate_paths"":[[13,15,39],[13,29,33,39],[13,34,1,39],[13,34,49,39],[13,39]],""selected_path"":[13,39]},{""key"":[13,39,11],""started_at"":172.011737175216,""closed_at"":174.011737175216,""candidate_paths"":[[13,7,39],[13,12,39],[13,22,34,39],[13,24,35,39],[13,29,33,39]],""selected_path"":[13,24,35,39]},{""key"":[13,39,15],""started_at"":215.60637615772688,""closed_at"":217.60637615772688,""candidate_paths"":[[13,7,34,39],[13,7,39],[13,19,39],[13,24,31,39]],""selected_path"":[13,7,39]},{""key"":[13,39,19],""started_at"":288.8468773007377,""closed_at"":290.8468773007377,""candidate_paths"":[[13,39],[13,44,31,39],[13,44,39]],""selected_path"":[13,44,39]},{""key"":[13,39,27],""started_at"":332.820689844593,""closed_at"":334.820689844593,""candidate_paths"":[[13,20,25,39],[13,20,31,39],[13,42,5,39]],""selected_path"":[13,20,25,39]},{""key"":[13,39,31],""started_at"":415.84850856791394,""closed_at"":417.84850856791394,""candidate_paths"":[[13,7,39],[13,22,19,39],[13,44,39]],""selected_path"":[13,7,39]},{""key"":[37,8,4],""started_at"":46.47637890458388,""closed_at"":48.47637890458388,""candidate_paths"":[[37,11,29,8],[37,16,33,8],[37,22,7,8],[37,31,35,8],[37,49,15,8]],""selected_path"":[37,31,35,8]},{""key"":[48,11,1],""started_at"":1.0,""closed_at"":3.0,""candidate_paths"":[[48,6,11],[48,11],[48,15,11],[48,15,47,11],[48,27,11],[48,28,29,11],[48,28,33,11],[48,34,7,11],[48,35,24,11],[48,38,11],[48,44,11]],""selected_path"":[48,11]},{""key"":[48,11,5],""started_at"":51.61887452834889,""closed_at"":53.61887452834889,""candidate_paths"":[[48,6,11],[48,11],[48,15,33,11],[48,27,11],[48,41,8,11]],""selected_path"":[48,11]},{""key"":[48,11,9],""started_at"":163.73981024934187,""closed_at"":165.73981024934187,""candidate_paths"":[[48,2,11],[48,11],[48,15,11],[48,20,31,11],[48,29,8,11]],""selected_path"":[48,11]},{""key"":[48,11,17],""started_at"":272.0626974228468,""closed_at"":274.0626974228468,""candidate_paths"":[[48,1,11],[48,11],[48,15,11],[48,33,11],[48,36,46,11]],""selected_path"":[48,11]},{""key"":[48,11,25],""started_at"":319.29769877348116,""closed_at"":321.29769877348116,""candidate_paths"":[[48,11],[48,15,11],[48,31,38,11],[48,35,34,11],[48,45,11]],""selected_path"":[48,11]},{""key"":[48,11,29],""started_at"":397.0565847186997,""closed_at"":399.0565847186997,""candidate_paths"":[[48,6,11],[48,8,11],[48,15,11],[48,29,33,11],[48,47,11],[48,47,38,11]],""selected_path"":[48,47,11]},{""key"":[48,11,37],""started_at"":462.03452881940234,""closed_at"":464.03452881940234,""candidate_paths"":[[48,24,29,11],[48,32,7,11],[48,32,11],[48,40,11],[48,47,11],[48,47,33,11]],""selected_path"":[48,47,11]},{""key"":[48,11,41],""started_at"":530.4319917138004,""closed_at"":532.4319917138004,""candidate_paths"":[[48,6,11],[48,11],[48,15,11],[48,22,47,11],[48,28,11],[48,42,8,11],[48,49,27,11]],""selected_path"":[48,11]}]",47,0,4,4,4.7,46bd4a847fe378b8b4ff822fd3e24d4ce4cae15610024d5cc05a02193c9aa56b,7,2.75,0,connected-multihop,0.9,2,4,4,2.0,1,2,1,0.92,0.03428571428571429,0,1.5,0.45225816074825587,0.9983722003723795,0.9999926174431409,0.9999999937145294,0.9999999999999716,0.1853061224489796,0.053877551020408164
meshtastic-like,25,600.0,41,41,0,0.487805,0.97561,0.0,0.64167,0.767099,0.64167,1.727069,1.761121,40,20,0,651,596,55,55,46.830336,26.130183,0.04355,18.544813,75.536618,94.081431,4.704072,2.341517,0.767099,8922,22977,31899,0.279695,20031,0.627951,5424,1889,0,0,0,0,0,0,0,0,0.0,0.084485,0,0,0.0,-1,0,0,0,icc2027_generalization_stale_fading_short_ttl,50,8250.0,4.0,unicast,poisson,0,0,0,0,[],[],41,0,4,4,4.1,9737789004a6f6c4957fe42a4dbd43ff6c5306b5ed5854ee79f6c1f572620099,7,2.75,0,connected-multihop,0.9,2,4,4,2.0,1,0,0,0.0,0.0,0,0.0,0.5543346306363188,0.998778434898927,0.9999965618208139,0.9999999899347337,0.999999999999958,0.16979591836734695,0.04897959183673469
meshcore-like,25,600.0,41,41,0,0.268293,0.292683,0.0,2.138624,2.037152,2.138624,2.287744,2.431616,12,11,0,847,21,826,18,60.929792,21.105748,0.035176,24.128198,93.94581,118.074008,10.734001,5.539072,2.037152,6266,35237,41503,0.150977,28430,0.685011,3157,0,784,24,16,13,1,40,0,0,0.0,0.975207,0,0,0.0,-1,0,0,0,icc2027_generalization_stale_fading_short_ttl,50,8250.0,4.0,unicast,poisson,0,16,77,16,"[{""key"":[11,34,1],""candidate_count"":4,""sha256"":""a206a89fe2f428d570690eb4e68025555a98c589b55133bb856c5e23da6236a2""},{""key"":[30,26,2],""candidate_count"":4,""sha256"":""7096fb85e5bc94a1e90428b9c43ed79b771e184e08c3014dfeafbf7c6e6505db""},{""key"":[30,26,6],""candidate_count"":2,""sha256"":""73670d77eea8b35f1190d0ffd563affc76a773fd8f252405047785c1c00d7462""},{""key"":[31,1,3],""candidate_count"":6,""sha256"":""86abd6878ef63d968e54ccb7bc3813a7a5cb99d967d80d7682ebfefff942ea9a""},{""key"":[31,1,7],""candidate_count"":4,""sha256"":""6f73eea3c6564b7f4590ed7be841273ba22c6ee2c9edbcb951f49973a9d9b614""},{""key"":[31,1,11],""candidate_count"":7,""sha256"":""178c1c730fdf443a69c7021f424c268e7afb4cffde2ff45377938cb55b9a4a05""},{""key"":[31,1,15],""candidate_count"":5,""sha256"":""a2a74971b7f62fc4024d720f96262d42cf47846890f6e772c53a423afa9abd39""},{""key"":[31,1,19],""candidate_count"":2,""sha256"":""860a21811c2e95d226825862f08377850c67ca83aa3f83bc4f84ea54c2d409ed""},{""key"":[31,1,23],""candidate_count"":6,""sha256"":""e280048f2ba2748b4ec6e4ed10cd606bf6559e2fa3ce97a40bc18f104d884e63""},{""key"":[31,1,27],""candidate_count"":6,""sha256"":""831c47f550427e297d9ae8b7d6ed04bbdcaa0f7df0379134da1aba9b01ebd18d""},{""key"":[31,1,31],""candidate_count"":3,""sha256"":""6fbdcee2ffa741a863d9bb8f0310450b00688140e72410963b1824c9044d3338""},{""key"":[31,1,39],""candidate_count"":8,""sha256"":""41d31b8a4fc5f1b048aa60a1ab83629c68ea7242f41f374e6fc9b21482d466d9""},{""key"":[39,7,4],""candidate_count"":3,""sha256"":""5c75261d8eb9927fddb86ec0a96159463413b9e31987c7d70a5c167ce1b769e6""},{""key"":[39,7,8],""candidate_count"":5,""sha256"":""3a1d098257b2e2eea425eb7ee8c2ff1a1c4583e2c75ffca209d1a49c634a9f04""},{""key"":[39,7,12],""candidate_count"":7,""sha256"":""d28e7dd0cb3b4498e32df59d7010b70ee9a820bef672e70b0d201663b86cbb9a""},{""key"":[39,7,16],""candidate_count"":5,""sha256"":""49ebfaa5055538d50482a8a86904b8c392ab4cf609d83abc3aa7101ae48f4505""}]","[{""key"":[11,34,1],""started_at"":1.0,""closed_at"":3.0,""candidate_paths"":[[11,1,34],[11,3,13,34],[11,20,34],[11,32,5,34]],""selected_path"":[11,1,34]},{""key"":[30,26,2],""started_at"":2.2095259969356,""closed_at"":4.2095259969356,""candidate_paths"":[[30,12,14,26],[30,12,26],[30,12,32,26],[30,12,46,26]],""selected_path"":[30,12,26]},{""key"":[30,26,6],""started_at"":167.22557540154668,""closed_at"":169.22557540154668,""candidate_paths"":[[30,43,26],[30,49,44,26]],""selected_path"":[30,43,26]},{""key"":[31,1,3],""started_at"":85.4390729839876,""closed_at"":87.4390729839876,""candidate_paths"":[[31,0,34,1],[31,1],[31,5,1],[31,18,14,1],[31,23,32,1],[31,46,20,1]],""selected_path"":[31,1]},{""key"":[31,1,7],""started_at"":167.36869911673017,""closed_at"":169.36869911673017,""candidate_paths"":[[31,1],[31,23,1],[31,37,45,1],[31,39,44,1]],""selected_path"":[31,1]},{""key"":[31,1,11],""started_at"":246.64442127272932,""closed_at"":248.64442127272932,""candidate_paths"":[[31,1],[31,36,0,1],[31,37,1],[31,37,5,1],[31,37,34,1],[31,43,33,1],[31,43,42,1]],""selected_path"":[31,1]},{""key"":[31,1,15],""started_at"":284.95338458538106,""closed_at"":286.95338458538106,""candidate_paths"":[[31,1],[31,27,1],[31,28,5,1],[31,37,1],[31,43,1]],""selected_path"":[31,1]},{""key"":[31,1,19],""started_at"":370.7893710096435,""closed_at"":372.7893710096435,""candidate_paths"":[[31,1],[31,5,1]],""selected_path"":[31,1]},{""key"":[31,1,23],""started_at"":403.5206115478313,""closed_at"":405.5206115478313,""candidate_paths"":[[31,0,1],[31,1],[31,8,1],[31,23,2,1],[31,27,1],[31,45,1]],""selected_path"":[31,1]},{""key"":[31,1,27],""started_at"":470.7731133833687,""closed_at"":472.7731133833687,""candidate_paths"":[[31,4,26,1],[31,5,1],[31,10,42,1],[31,30,39,1],[31,34,1],[31,46,49,1]],""selected_path"":[31,5,1]},{""key"":[31,1,31],""started_at"":513.9780106236054,""closed_at"":515.9780106236054,""candidate_paths"":[[31,5,1],[31,25,0,1],[31,34,1]],""selected_path"":[31,5,1]},{""key"":[31,1,39],""started_at"":579.8904768613456,""closed_at"":581.8904768613456,""candidate_paths"":[[31,0,5,1],[31,4,20,1],[31,13,1],[31,23,1],[31,25,17,1],[31,30,29,1],[31,35,1],[31,43,1]],""selected_path"":[31,13,1]},{""key"":[39,7,4],""started_at"":117.4391001263806,""closed_at"":119.4391001263806,""candidate_paths"":[[39,15,7],[39,41,24,7],[39,45,34,7]],""selected_path"":[39,15,7]},{""key"":[39,7,8],""started_at"":179.41677908706598,""closed_at"":181.41677908706598,""candidate_paths"":[[39,3,13,7],[39,7],[39,10,7],[39,30,7],[39,30,11,7]],""selected_path"":[39,7]},{""key"":[39,7,12],""started_at"":254.67171158855626,""closed_at"":256.67171158855626,""candidate_paths"":[[39,5,48,7],[39,11,7],[39,15,7],[39,15,29,7],[39,37,20,7],[39,37,26,7],[39,45,4,7]],""selected_path"":[39,11,7]},{""key"":[39,7,16],""started_at"":328.3755919309802,""closed_at"":330.3755919309802,""candidate_paths"":[[39,2,34,7],[39,30,15,7],[39,40,7],[39,40,12,7],[39,45,7]],""selected_path"":[39,40,7]}]",41,0,4,4,4.1,9737789004a6f6c4957fe42a4dbd43ff6c5306b5ed5854ee79f6c1f572620099,7,2.75,0,connected-multihop,0.9,2,4,4,2.0,1,1,1,0.8125,0.030612244897959183,0,2.0,0.5543346306363188,0.998778434898927,0.9999965618208139,0.9999999899347337,0.999999999999958,0.16979591836734695,0.04897959183673469
etx-mesh,25,600.0,41,41,0,0.268293,0.292683,0.0,2.138624,2.037152,2.138624,2.287744,2.431616,12,11,0,847,21,826,18,60.929792,21.105748,0.035176,24.128198,93.94581,118.074008,10.734001,5.539072,2.037152,6261,35242,41503,0.150857,28434,0.685107,3158,0,784,24,16,13,1,40,0,12,0.396226,0.975207,0,0,0.0,-1,0,0,0,icc2027_generalization_stale_fading_short_ttl,50,8250.0,4.0,unicast,poisson,0,16,77,16,"[{""key"":[11,34,1],""candidate_count"":4,""sha256"":""a206a89fe2f428d570690eb4e68025555a98c589b55133bb856c5e23da6236a2""},{""key"":[30,26,2],""candidate_count"":4,""sha256"":""7096fb85e5bc94a1e90428b9c43ed79b771e184e08c3014dfeafbf7c6e6505db""},{""key"":[30,26,6],""candidate_count"":2,""sha256"":""73670d77eea8b35f1190d0ffd563affc76a773fd8f252405047785c1c00d7462""},{""key"":[31,1,3],""candidate_count"":6,""sha256"":""86abd6878ef63d968e54ccb7bc3813a7a5cb99d967d80d7682ebfefff942ea9a""},{""key"":[31,1,7],""candidate_count"":4,""sha256"":""6f73eea3c6564b7f4590ed7be841273ba22c6ee2c9edbcb951f49973a9d9b614""},{""key"":[31,1,11],""candidate_count"":7,""sha256"":""178c1c730fdf443a69c7021f424c268e7afb4cffde2ff45377938cb55b9a4a05""},{""key"":[31,1,15],""candidate_count"":5,""sha256"":""a2a74971b7f62fc4024d720f96262d42cf47846890f6e772c53a423afa9abd39""},{""key"":[31,1,19],""candidate_count"":2,""sha256"":""860a21811c2e95d226825862f08377850c67ca83aa3f83bc4f84ea54c2d409ed""},{""key"":[31,1,23],""candidate_count"":6,""sha256"":""e280048f2ba2748b4ec6e4ed10cd606bf6559e2fa3ce97a40bc18f104d884e63""},{""key"":[31,1,27],""candidate_count"":6,""sha256"":""831c47f550427e297d9ae8b7d6ed04bbdcaa0f7df0379134da1aba9b01ebd18d""},{""key"":[31,1,31],""candidate_count"":3,""sha256"":""6fbdcee2ffa741a863d9bb8f0310450b00688140e72410963b1824c9044d3338""},{""key"":[31,1,39],""candidate_count"":8,""sha256"":""41d31b8a4fc5f1b048aa60a1ab83629c68ea7242f41f374e6fc9b21482d466d9""},{""key"":[39,7,4],""candidate_count"":3,""sha256"":""5c75261d8eb9927fddb86ec0a96159463413b9e31987c7d70a5c167ce1b769e6""},{""key"":[39,7,8],""candidate_count"":5,""sha256"":""3a1d098257b2e2eea425eb7ee8c2ff1a1c4583e2c75ffca209d1a49c634a9f04""},{""key"":[39,7,12],""candidate_count"":7,""sha256"":""d28e7dd0cb3b4498e32df59d7010b70ee9a820bef672e70b0d201663b86cbb9a""},{""key"":[39,7,16],""candidate_count"":5,""sha256"":""49ebfaa5055538d50482a8a86904b8c392ab4cf609d83abc3aa7101ae48f4505""}]","[{""key"":[11,34,1],""started_at"":1.0,""closed_at"":3.0,""candidate_paths"":[[11,1,34],[11,3,13,34],[11,20,34],[11,32,5,34]],""selected_path"":[11,1,34]},{""key"":[30,26,2],""started_at"":2.2095259969356,""closed_at"":4.2095259969356,""candidate_paths"":[[30,12,14,26],[30,12,26],[30,12,32,26],[30,12,46,26]],""selected_path"":[30,12,26]},{""key"":[30,26,6],""started_at"":167.22557540154668,""closed_at"":169.22557540154668,""candidate_paths"":[[30,43,26],[30,49,44,26]],""selected_path"":[30,43,26]},{""key"":[31,1,3],""started_at"":85.4390729839876,""closed_at"":87.4390729839876,""candidate_paths"":[[31,0,34,1],[31,1],[31,5,1],[31,18,14,1],[31,23,32,1],[31,46,20,1]],""selected_path"":[31,1]},{""key"":[31,1,7],""started_at"":167.36869911673017,""closed_at"":169.36869911673017,""candidate_paths"":[[31,1],[31,23,1],[31,37,45,1],[31,39,44,1]],""selected_path"":[31,1]},{""key"":[31,1,11],""started_at"":246.64442127272932,""closed_at"":248.64442127272932,""candidate_paths"":[[31,1],[31,36,0,1],[31,37,1],[31,37,5,1],[31,37,34,1],[31,43,33,1],[31,43,42,1]],""selected_path"":[31,1]},{""key"":[31,1,15],""started_at"":284.95338458538106,""closed_at"":286.95338458538106,""candidate_paths"":[[31,1],[31,27,1],[31,28,5,1],[31,37,1],[31,43,1]],""selected_path"":[31,1]},{""key"":[31,1,19],""started_at"":370.7893710096435,""closed_at"":372.7893710096435,""candidate_paths"":[[31,1],[31,5,1]],""selected_path"":[31,1]},{""key"":[31,1,23],""started_at"":403.5206115478313,""closed_at"":405.5206115478313,""candidate_paths"":[[31,0,1],[31,1],[31,8,1],[31,23,2,1],[31,27,1],[31,45,1]],""selected_path"":[31,1]},{""key"":[31,1,27],""started_at"":470.7731133833687,""closed_at"":472.7731133833687,""candidate_paths"":[[31,4,26,1],[31,5,1],[31,10,42,1],[31,30,39,1],[31,34,1],[31,46,49,1]],""selected_path"":[31,5,1]},{""key"":[31,1,31],""started_at"":513.9780106236054,""closed_at"":515.9780106236054,""candidate_paths"":[[31,5,1],[31,25,0,1],[31,34,1]],""selected_path"":[31,5,1]},{""key"":[31,1,39],""started_at"":579.8904768613456,""closed_at"":581.8904768613456,""candidate_paths"":[[31,0,5,1],[31,4,20,1],[31,13,1],[31,23,1],[31,25,17,1],[31,30,29,1],[31,35,1],[31,43,1]],""selected_path"":[31,43,1]},{""key"":[39,7,4],""started_at"":117.4391001263806,""closed_at"":119.4391001263806,""candidate_paths"":[[39,15,7],[39,41,24,7],[39,45,34,7]],""selected_path"":[39,15,7]},{""key"":[39,7,8],""started_at"":179.41677908706598,""closed_at"":181.41677908706598,""candidate_paths"":[[39,3,13,7],[39,7],[39,10,7],[39,30,7],[39,30,11,7]],""selected_path"":[39,7]},{""key"":[39,7,12],""started_at"":254.67171158855626,""closed_at"":256.67171158855626,""candidate_paths"":[[39,5,48,7],[39,11,7],[39,15,7],[39,15,29,7],[39,37,20,7],[39,37,26,7],[39,45,4,7]],""selected_path"":[39,15,7]},{""key"":[39,7,16],""started_at"":328.3755919309802,""closed_at"":330.3755919309802,""candidate_paths"":[[39,2,34,7],[39,30,15,7],[39,40,7],[39,40,12,7],[39,45,7]],""selected_path"":[39,40,7]}]",41,0,4,4,4.1,9737789004a6f6c4957fe42a4dbd43ff6c5306b5ed5854ee79f6c1f572620099,7,2.75,0,connected-multihop,0.9,2,4,4,2.0,1,1,1,0.8125,0.030612244897959183,0,2.0,0.5543346306363188,0.998778434898927,0.9999965618208139,0.9999999899347337,0.999999999999958,0.16979591836734695,0.04897959183673469
ett-mesh,25,600.0,41,41,0,0.268293,0.292683,0.0,2.138624,2.037152,2.138624,2.287744,2.431616,12,11,0,847,21,826,18,60.929792,21.105748,0.035176,24.128198,93.94581,118.074008,10.734001,5.539072,2.037152,6261,35242,41503,0.150857,28434,0.685107,3158,0,784,24,16,13,1,40,0,12,0.894774,0.975207,0,0,0.0,-1,0,0,0,icc2027_generalization_stale_fading_short_ttl,50,8250.0,4.0,unicast,poisson,0,16,77,16,"[{""key"":[11,34,1],""candidate_count"":4,""sha256"":""a206a89fe2f428d570690eb4e68025555a98c589b55133bb856c5e23da6236a2""},{""key"":[30,26,2],""candidate_count"":4,""sha256"":""7096fb85e5bc94a1e90428b9c43ed79b771e184e08c3014dfeafbf7c6e6505db""},{""key"":[30,26,6],""candidate_count"":2,""sha256"":""73670d77eea8b35f1190d0ffd563affc76a773fd8f252405047785c1c00d7462""},{""key"":[31,1,3],""candidate_count"":6,""sha256"":""86abd6878ef63d968e54ccb7bc3813a7a5cb99d967d80d7682ebfefff942ea9a""},{""key"":[31,1,7],""candidate_count"":4,""sha256"":""6f73eea3c6564b7f4590ed7be841273ba22c6ee2c9edbcb951f49973a9d9b614""},{""key"":[31,1,11],""candidate_count"":7,""sha256"":""178c1c730fdf443a69c7021f424c268e7afb4cffde2ff45377938cb55b9a4a05""},{""key"":[31,1,15],""candidate_count"":5,""sha256"":""a2a74971b7f62fc4024d720f96262d42cf47846890f6e772c53a423afa9abd39""},{""key"":[31,1,19],""candidate_count"":2,""sha256"":""860a21811c2e95d226825862f08377850c67ca83aa3f83bc4f84ea54c2d409ed""},{""key"":[31,1,23],""candidate_count"":6,""sha256"":""e280048f2ba2748b4ec6e4ed10cd606bf6559e2fa3ce97a40bc18f104d884e63""},{""key"":[31,1,27],""candidate_count"":6,""sha256"":""831c47f550427e297d9ae8b7d6ed04bbdcaa0f7df0379134da1aba9b01ebd18d""},{""key"":[31,1,31],""candidate_count"":3,""sha256"":""6fbdcee2ffa741a863d9bb8f0310450b00688140e72410963b1824c9044d3338""},{""key"":[31,1,39],""candidate_count"":8,""sha256"":""41d31b8a4fc5f1b048aa60a1ab83629c68ea7242f41f374e6fc9b21482d466d9""},{""key"":[39,7,4],""candidate_count"":3,""sha256"":""5c75261d8eb9927fddb86ec0a96159463413b9e31987c7d70a5c167ce1b769e6""},{""key"":[39,7,8],""candidate_count"":5,""sha256"":""3a1d098257b2e2eea425eb7ee8c2ff1a1c4583e2c75ffca209d1a49c634a9f04""},{""key"":[39,7,12],""candidate_count"":7,""sha256"":""d28e7dd0cb3b4498e32df59d7010b70ee9a820bef672e70b0d201663b86cbb9a""},{""key"":[39,7,16],""candidate_count"":5,""sha256"":""49ebfaa5055538d50482a8a86904b8c392ab4cf609d83abc3aa7101ae48f4505""}]","[{""key"":[11,34,1],""started_at"":1.0,""closed_at"":3.0,""candidate_paths"":[[11,1,34],[11,3,13,34],[11,20,34],[11,32,5,34]],""selected_path"":[11,1,34]},{""key"":[30,26,2],""started_at"":2.2095259969356,""closed_at"":4.2095259969356,""candidate_paths"":[[30,12,14,26],[30,12,26],[30,12,32,26],[30,12,46,26]],""selected_path"":[30,12,26]},{""key"":[30,26,6],""started_at"":167.22557540154668,""closed_at"":169.22557540154668,""candidate_paths"":[[30,43,26],[30,49,44,26]],""selected_path"":[30,43,26]},{""key"":[31,1,3],""started_at"":85.4390729839876,""closed_at"":87.4390729839876,""candidate_paths"":[[31,0,34,1],[31,1],[31,5,1],[31,18,14,1],[31,23,32,1],[31,46,20,1]],""selected_path"":[31,1]},{""key"":[31,1,7],""started_at"":167.36869911673017,""closed_at"":169.36869911673017,""candidate_paths"":[[31,1],[31,23,1],[31,37,45,1],[31,39,44,1]],""selected_path"":[31,1]},{""key"":[31,1,11],""started_at"":246.64442127272932,""closed_at"":248.64442127272932,""candidate_paths"":[[31,1],[31,36,0,1],[31,37,1],[31,37,5,1],[31,37,34,1],[31,43,33,1],[31,43,42,1]],""selected_path"":[31,1]},{""key"":[31,1,15],""started_at"":284.95338458538106,""closed_at"":286.95338458538106,""candidate_paths"":[[31,1],[31,27,1],[31,28,5,1],[31,37,1],[31,43,1]],""selected_path"":[31,1]},{""key"":[31,1,19],""started_at"":370.7893710096435,""closed_at"":372.7893710096435,""candidate_paths"":[[31,1],[31,5,1]],""selected_path"":[31,1]},{""key"":[31,1,23],""started_at"":403.5206115478313,""closed_at"":405.5206115478313,""candidate_paths"":[[31,0,1],[31,1],[31,8,1],[31,23,2,1],[31,27,1],[31,45,1]],""selected_path"":[31,1]},{""key"":[31,1,27],""started_at"":470.7731133833687,""closed_at"":472.7731133833687,""candidate_paths"":[[31,4,26,1],[31,5,1],[31,10,42,1],[31,30,39,1],[31,34,1],[31,46,49,1]],""selected_path"":[31,5,1]},{""key"":[31,1,31],""started_at"":513.9780106236054,""closed_at"":515.9780106236054,""candidate_paths"":[[31,5,1],[31,25,0,1],[31,34,1]],""selected_path"":[31,5,1]},{""key"":[31,1,39],""started_at"":579.8904768613456,""closed_at"":581.8904768613456,""candidate_paths"":[[31,0,5,1],[31,4,20,1],[31,13,1],[31,23,1],[31,25,17,1],[31,30,29,1],[31,35,1],[31,43,1]],""selected_path"":[31,43,1]},{""key"":[39,7,4],""started_at"":117.4391001263806,""closed_at"":119.4391001263806,""candidate_paths"":[[39,15,7],[39,41,24,7],[39,45,34,7]],""selected_path"":[39,15,7]},{""key"":[39,7,8],""started_at"":179.41677908706598,""closed_at"":181.41677908706598,""candidate_paths"":[[39,3,13,7],[39,7],[39,10,7],[39,30,7],[39,30,11,7]],""selected_path"":[39,7]},{""key"":[39,7,12],""started_at"":254.67171158855626,""closed_at"":256.67171158855626,""candidate_paths"":[[39,5,48,7],[39,11,7],[39,15,7],[39,15,29,7],[39,37,20,7],[39,37,26,7],[39,45,4,7]],""selected_path"":[39,15,7]},{""key"":[39,7,16],""started_at"":328.3755919309802,""closed_at"":330.3755919309802,""candidate_paths"":[[39,2,34,7],[39,30,15,7],[39,40,7],[39,40,12,7],[39,45,7]],""selected_path"":[39,40,7]}]",41,0,4,4,4.1,9737789004a6f6c4957fe42a4dbd43ff6c5306b5ed5854ee79f6c1f572620099,7,2.75,0,connected-multihop,0.9,2,4,4,2.0,1,1,1,0.8125,0.030612244897959183,0,2.0,0.5543346306363188,0.998778434898927,0.9999965618208139,0.9999999899347337,0.999999999999958,0.16979591836734695,0.04897959183673469
minhop-mesh,25,600.0,41,41,0,0.02439,0.04878,0.0,2.215808,2.215808,2.215808,2.28055,2.215808,2,1,0,361,5,356,2,25.968896,8.227297,0.013712,10.283683,39.61803,49.901713,49.901713,25.968896,2.215808,2136,15553,17689,0.120753,12429,0.70264,1300,0,343,11,7,3,0,41,0,3,0.822248,0.98615,0,0,0.0,-1,0,0,0,icc2027_generalization_stale_fading_short_ttl,50,8250.0,4.0,unicast,poisson,0,7,25,5,"[{""key"":[11,34,1],""candidate_count"":3,""sha256"":""51825caa2f74a2dcb1e0beb5e88ac4c1e0a4a8ba93a9cae9de726f3bbf88f61c""},{""key"":[30,26,2],""candidate_count"":1,""sha256"":""b63d7bc8717ffbf1add84344a906c0f9cb041baeb4fe23ca240ccc65ee43acad""},{""key"":[30,26,6],""candidate_count"":1,""sha256"":""64b51f3820f66f1121363d07cadd6893bce65af84da383a3ca6a9283b7565ae3""},{""key"":[31,1,3],""candidate_count"":8,""sha256"":""31e0f9231b5c18e92300ffac5f34cf229014faa3a41acda6e48f14623c69ecf7""},{""key"":[31,1,7],""candidate_count"":3,""sha256"":""e15d0c7d4d2144929cce1c3d0d65aab23a334d0249572f1a0c325452603005da""},{""key"":[39,7,4],""candidate_count"":5,""sha256"":""83d1758d765b6d860c38b641750c4945347c6a4296e4691b164541d671cfb796""},{""key"":[39,7,8],""candidate_count"":4,""sha256"":""aba18b8150712ac1ca6f9437fbb3682c00c51ea4d1d6e10e561a71ecf100fbb5""}]","[{""key"":[11,34,1],""started_at"":1.0,""closed_at"":3.0,""candidate_paths"":[[11,1,34],[11,20,34],[11,32,5,34]],""selected_path"":[11,1,34]},{""key"":[30,26,2],""started_at"":2.2095259969356,""closed_at"":4.2095259969356,""candidate_paths"":[[30,12,26]],""selected_path"":[30,12,26]},{""key"":[30,26,6],""started_at"":167.22557540154668,""closed_at"":169.22557540154668,""candidate_paths"":[[30,43,2,26]],""selected_path"":[30,43,2,26]},{""key"":[31,1,3],""started_at"":85.4390729839876,""closed_at"":87.4390729839876,""candidate_paths"":[[31,0,34,1],[31,1],[31,5,1],[31,6,19,1],[31,25,1],[31,25,17,1],[31,48,20,1],[31,48,45,1]],""selected_path"":[31,1]},{""key"":[31,1,7],""started_at"":167.36869911673017,""closed_at"":169.36869911673017,""candidate_paths"":[[31,1],[31,5,1],[31,20,45,1]],""selected_path"":[31,1]},{""key"":[39,7,4],""started_at"":117.4391001263806,""closed_at"":119.4391001263806,""candidate_paths"":[[39,10,11,7],[39,10,29,7],[39,15,4,7],[39,15,7],[39,30,7]],""selected_path"":[39,30,7]},{""key"":[39,7,8],""started_at"":179.41677908706598,""closed_at"":181.41677908706598,""candidate_paths"":[[39,7],[39,10,7],[39,15,7],[39,16,11,7]],""selected_path"":[39,7]}]",41,0,4,4,4.1,9737789004a6f6c4957fe42a4dbd43ff6c5306b5ed5854ee79f6c1f572620099,7,2.75,0,connected-multihop,0.9,2,4,4,2.0,1,0,0,0.42857142857142855,0.03206997084548105,0,0.0,0.5543346306363188,0.998778434898927,0.9999965618208139,0.9999999899347337,0.999999999999958,0.16979591836734695,0.04897959183673469
meshecho,25,600.0,41,41,0,0.195122,0.219512,0.0,2.323712,2.207815,2.323712,2.287744,2.431616,9,8,0,682,15,667,13,49.060352,17.154512,0.028591,19.427899,75.786018,95.213918,11.90174,6.132544,2.207815,4747,28671,33418,0.142049,23387,0.699832,2311,0,637,17,13,10,1,40,0,9,0.842322,0.978006,0,0,0.0,-1,0,0,0,icc2027_generalization_stale_fading_short_ttl,50,8250.0,4.0,unicast,poisson,0,13,65,13,"[{""key"":[11,34,1],""candidate_count"":3,""sha256"":""51825caa2f74a2dcb1e0beb5e88ac4c1e0a4a8ba93a9cae9de726f3bbf88f61c""},{""key"":[30,26,2],""candidate_count"":8,""sha256"":""84e72312705ac29e6953922d6263f442c75ee032ce1e55ddec816e3468b8b2e6""},{""key"":[31,1,3],""candidate_count"":4,""sha256"":""8061101a3e6cc40b0c7974907b97e30df6caf69ea3d6bd7ca768916dc1318cf9""},{""key"":[31,1,7],""candidate_count"":7,""sha256"":""90875e2cc5901c307114a4218b34123eec55763cd69e9b27e60b6a2b8a6a5706""},{""key"":[31,1,11],""candidate_count"":6,""sha256"":""20aded31e14388b5ae9a74699c0b9fe61494ebaf7d579d55e017b772507094c1""},{""key"":[31,1,15],""candidate_count"":5,""sha256"":""ee611a6d890abb077735d24e5a32a8160e2eeec5ccdedf3c90e8c71b4fe44a45""},{""key"":[31,1,19],""candidate_count"":2,""sha256"":""bfa73cbdb8ee9d4a1ee6f8ff5e21d0f248b8a2bce51c354a10de6f7b32f18325""},{""key"":[31,1,23],""candidate_count"":2,""sha256"":""8e84fb6cc3b06f8a0224fec041b68a86add84a575e09d7cff9dc5649d06dfffe""},{""key"":[31,1,27],""candidate_count"":7,""sha256"":""93808bb28838e4962cb85dd149347d72e3c78f3abf4503fbd99332d022f2d498""},{""key"":[31,1,31],""candidate_count"":4,""sha256"":""96ffcd38851fcb35ec84870106a518b2b56c487055c85db50a5af54192c798d1""},{""key"":[31,1,39],""candidate_count"":6,""sha256"":""c9090da106d40a42c01831e394a2e290337dd8edbbd8bcecd417d3be3b83ec99""},{""key"":[39,7,4],""candidate_count"":5,""sha256"":""a6dfe3040ecc7d868ca7edf9b36488d688756395493bc1bc8e0e65a0a310d4ce""},{""key"":[39,7,8],""candidate_count"":6,""sha256"":""91d6d53179edf893e762d24982a3dccd28cad509d41fe1d6fee11d0eebccc2a2""}]","[{""key"":[11,34,1],""started_at"":1.0,""closed_at"":3.0,""candidate_paths"":[[11,1,34],[11,20,34],[11,32,5,34]],""selected_path"":[11,1,34]},{""key"":[30,26,2],""started_at"":2.2095259969356,""closed_at"":4.2095259969356,""candidate_paths"":[[30,12,1,26],[30,12,2,26],[30,12,14,26],[30,12,26],[30,12,32,26],[30,12,33,26],[30,12,46,26],[30,48,43,26]],""selected_path"":[30,12,26]},{""key"":[31,1,3],""started_at"":85.4390729839876,""closed_at"":87.4390729839876,""candidate_paths"":[[31,1],[31,5,1],[31,37,20,1],[31,46,33,1]],""selected_path"":[31,1]},{""key"":[31,1,7],""started_at"":167.36869911673017,""closed_at"":169.36869911673017,""candidate_paths"":[[31,1],[31,5,1],[31,10,26,1],[31,22,46,1],[31,22,49,1],[31,25,33,1],[31,43,1]],""selected_path"":[31,1]},{""key"":[31,1,11],""started_at"":246.64442127272932,""closed_at"":248.64442127272932,""candidate_paths"":[[31,1],[31,23,1],[31,23,5,1],[31,32,26,1],[31,32,33,1],[31,37,1]],""selected_path"":[31,1]},{""key"":[31,1,15],""started_at"":284.95338458538106,""closed_at"":286.95338458538106,""candidate_paths"":[[31,1],[31,37,1],[31,37,5,1],[31,43,33,1],[31,43,42,1]],""selected_path"":[31,1]},{""key"":[31,1,19],""started_at"":370.7893710096435,""closed_at"":372.7893710096435,""candidate_paths"":[[31,1],[31,45,1]],""selected_path"":[31,1]},{""key"":[31,1,23],""started_at"":403.5206115478313,""closed_at"":405.5206115478313,""candidate_paths"":[[31,1],[31,33,26,1]],""selected_path"":[31,1]},{""key"":[31,1,27],""started_at"":470.7731133833687,""closed_at"":472.7731133833687,""candidate_paths"":[[31,1],[31,5,1],[31,13,1],[31,22,49,1],[31,34,1],[31,40,26,1],[31,45,1]],""selected_path"":[31,13,1]},{""key"":[31,1,31],""started_at"":513.9780106236054,""closed_at"":515.9780106236054,""candidate_paths"":[[31,5,1],[31,22,44,1],[31,23,17,1],[31,34,1]],""selected_path"":[31,34,1]},{""key"":[31,1,39],""started_at"":579.8904768613456,""closed_at"":581.8904768613456,""candidate_paths"":[[31,5,1],[31,9,1],[31,9,34,1],[31,15,29,1],[31,43,1],[31,47,1]],""selected_path"":[31,43,1]},{""key"":[39,7,4],""started_at"":117.4391001263806,""closed_at"":119.4391001263806,""candidate_paths"":[[39,10,11,7],[39,15,7],[39,20,7],[39,30,7],[39,37,4,7]],""selected_path"":[39,30,7]},{""key"":[39,7,8],""started_at"":179.41677908706598,""closed_at"":181.41677908706598,""candidate_paths"":[[39,12,7],[39,14,2,7],[39,15,7],[39,15,11,7],[39,30,7],[39,36,27,7]],""selected_path"":[39,30,7]}]",41,0,4,4,4.1,9737789004a6f6c4957fe42a4dbd43ff6c5306b5ed5854ee79f6c1f572620099,7,2.75,0,connected-multihop,0.9,2,4,4,2.0,1,1,1,0.7692307692307693,0.026687598116169546,0,2.0,0.5543346306363188,0.998778434898927,0.9999965618208139,0.9999999899347337,0.999999999999958,0.16979591836734695,0.04897959183673469
meshtastic-like,26,600.0,52,52,0,0.596154,1.0,0.0,0.555347,0.654094,0.555347,1.364631,1.505282,52,31,0,791,717,74,74,56.901376,32.6059,0.054343,22.532945,91.94327,114.476215,3.692781,1.835528,0.654094,11541,27218,38759,0.297763,23590,0.608633,6920,2380,0,0,0,0,0,0,0,0,0.0,0.093552,0,0,0.0,-1,0,0,0,icc2027_generalization_stale_fading_short_ttl,50,8250.0,4.0,unicast,poisson,0,0,0,0,[],[],52,0,4,4,5.2,a665430e5e6b17d188f54a5d281c59a837db587b37e54fd404e800532db2eb4e,7,2.75,0,connected-multihop,0.9,2,4,4,2.0,1,0,0,0.0,0.0,0,0.0,0.31420965410366136,0.9957889177892351,0.9999736572412398,0.9999999739878038,0.9999999999998803,0.2163265306122449,0.06693877551020408
meshcore-like,26,600.0,52,52,0,0.211538,0.230769,0.0,1.391732,1.17984,1.391732,2.287744,2.431616,12,11,0,752,25,727,20,54.095872,19.743173,0.032905,21.421965,83.945333,105.367298,9.578845,4.917807,1.17984,6101,30747,36848,0.165572,24959,0.67735,2885,0,686,21,14,11,6,46,0,0,0.0,0.966755,0,0,0.0,-1,0,0,0,icc2027_generalization_stale_fading_short_ttl,50,8250.0,4.0,unicast,poisson,0,14,79,14,"[{""key"":[28,0,2],""candidate_count"":5,""sha256"":""55050bb71881fdcdb8c80a99ec563c1bad4c08f62083735fb4c8007f44675464""},{""key"":[28,0,6],""candidate_count"":5,""sha256"":""22ca6e43e614ebf41a49edac6029c073f5ba4eac898a706d02eb4bd57ed16a71""},{""key"":[39,35,4],""candidate_count"":4,""sha256"":""3dc438ffab3bbb320b578924536620b0a9fd201bf161beaf02e0597d625dabf5""},{""key"":[39,35,12],""candidate_count"":8,""sha256"":""fd83bcc8cf266c0eaf30f0285e0a4cac42ca156028c5f8bbf841d1bceb815052""},{""key"":[39,35,16],""candidate_count"":4,""sha256"":""258aad31f6ae8c8da9e15d69ff89bd8776a6add1385bdd7d2d1a1bb632d552f9""},{""key"":[39,35,20],""candidate_count"":7,""sha256"":""380b1196ef1232676d0dc01e920b766705399e5e6dfaa748963b5e3092f47216""},{""key"":[39,35,28],""candidate_count"":6,""sha256"":""46e8f12b3e5a5e53a589acc4ee17e3f5ee8640609c8f4ea1bc18b8015c7e2787""},{""key"":[39,35,36],""candidate_count"":6,""sha256"":""0782ae946b41f23485dd87b03b6348280957394b0a459bae17e2ac1340794a8f""},{""key"":[39,35,40],""candidate_count"":6,""sha256"":""726936d268cff4c4ca40ff66f4f9feabb9bb6c887c2737d2ae9dfb37b9b036cd""},{""key"":[39,35,48],""candidate_count"":5,""sha256"":""dee5d0f9602b7e559833701f51cdeba6bc944a3d301909dce88e9afb41af386a""},{""key"":[40,4,1],""candidate_count"":8,""sha256"":""d09ebcfc8f0060e2f01c7a78d9a95b8e2a4552f5ce01e0bb6ffa8c48c89527c9""},{""key"":[42,16,3],""candidate_count"":2,""sha256"":""0911ed9ec5dae4f98afed5c82f33fac8d05ab6b2f28785bbbc862049557686a1""},{""key"":[42,16,11],""candidate_count"":7,""sha256"":""4ba285f6eaf2ec44a5b252e06150740d5ea4d3b4c1a8126b3fd965cd22edbcdb""},{""key"":[42,16,15],""candidate_count"":6,""sha256"":""c291b3b2851f6f51490cedd0d48ba3760b769db559ea5116bbced5831fcb2337""}]","[{""key"":[28,0,2],""started_at"":4.401379577244526,""closed_at"":6.401379577244526,""candidate_paths"":[[28,18,1,0],[28,18,25,0],[28,30,0],[28,43,22,0],[28,49,0]],""selected_path"":[28,30,0]},{""key"":[28,0,6],""started_at"":43.516691266214934,""closed_at"":45.516691266214934,""candidate_paths"":[[28,30,0],[28,35,25,0],[28,41,0],[28,45,22,0],[28,49,0]],""selected_path"":[28,30,0]},{""key"":[39,35,4],""started_at"":36.04235081308468,""closed_at"":38.04235081308468,""candidate_paths"":[[39,25,35],[39,30,35],[39,42,49,35],[39,48,35]],""selected_path"":[39,25,35]},{""key"":[39,35,12],""started_at"":127.3137535288904,""closed_at"":129.3137535288904,""candidate_paths"":[[39,0,45,35],[39,13,22,35],[39,25,18,35],[39,25,35],[39,30,35],[39,31,35],[39,48,35],[39,49,35]],""selected_path"":[39,25,35]},{""key"":[39,35,16],""started_at"":181.610912841189,""closed_at"":183.610912841189,""candidate_paths"":[[39,23,1,35],[39,41,10,35],[39,45,30,35],[39,48,35]],""selected_path"":[39,48,35]},{""key"":[39,35,20],""started_at"":289.80942060615905,""closed_at"":291.80942060615905,""candidate_paths"":[[39,10,15,35],[39,16,35],[39,20,30,35],[39,20,35],[39,25,35],[39,44,1,35],[39,48,35]],""selected_path"":[39,16,35]},{""key"":[39,35,28],""started_at"":352.1948172691738,""closed_at"":354.1948172691738,""candidate_paths"":[[39,15,49,35],[39,16,45,35],[39,20,30,35],[39,35],[39,44,32,35],[39,48,35]],""selected_path"":[39,35]},{""key"":[39,35,36],""started_at"":398.48607725614806,""closed_at"":400.48607725614806,""candidate_paths"":[[39,25,21,35],[39,25,35],[39,25,49,35],[39,35],[39,41,35],[39,48,35]],""selected_path"":[39,35]},{""key"":[39,35,40],""started_at"":508.212261166829,""closed_at"":510.212261166829,""candidate_paths"":[[39,6,21,35],[39,20,8,35],[39,36,35],[39,41,10,35],[39,48,35],[39,48,45,35]],""selected_path"":[39,36,35]},{""key"":[39,35,48],""started_at"":573.424335129235,""closed_at"":575.424335129235,""candidate_paths"":[[39,14,1,35],[39,14,10,35],[39,30,35],[39,35],[39,48,35]],""selected_path"":[39,35]},{""key"":[40,4,1],""started_at"":1.0,""closed_at"":3.0,""candidate_paths"":[[40,2,4],[40,2,17,4],[40,4],[40,12,4],[40,23,3,4],[40,38,34,4],[40,46,4],[40,46,27,4]],""selected_path"":[40,4]},{""key"":[42,16,3],""started_at"":28.653014482986645,""closed_at"":30.653014482986645,""candidate_paths"":[[42,25,16],[42,45,16]],""selected_path"":[42,25,16]},{""key"":[42,16,11],""started_at"":124.36691388314614,""closed_at"":126.36691388314614,""candidate_paths"":[[42,5,16],[42,16],[42,19,7,16],[42,22,13,16],[42,22,16],[42,36,16],[42,45,16]],""selected_path"":[42,16]},{""key"":[42,16,15],""started_at"":167.1584935336495,""closed_at"":169.1584935336495,""candidate_paths"":[[42,5,16],[42,16],[42,37,7,16],[42,37,19,16],[42,45,16],[42,48,16]],""selected_path"":[42,16]}]",52,0,4,4,5.2,a665430e5e6b17d188f54a5d281c59a837db587b37e54fd404e800532db2eb4e,7,2.75,0,connected-multihop,0.9,2,4,4,2.0,1,1,0,0.7857142857142857,0.030612244897959183,0,1.0,0.31420965410366136,0.9957889177892351,0.9999736572412398,0.9999999739878038,0.9999999999998803,0.2163265306122449,0.06693877551020408
etx-mesh,26,600.0,52,52,0,0.288462,0.288462,0.0,1.516518,1.396625,1.516518,2.287744,2.431616,15,15,0,815,30,785,25,58.62784,22.018231,0.036697,23.216625,91.283092,114.499716,7.633314,3.908523,1.396625,6650,33285,39935,0.166521,27371,0.685389,3164,0,735,25,15,12,6,46,0,11,0.374576,0.96319,0,0,0.0,-1,0,0,0,icc2027_generalization_stale_fading_short_ttl,50,8250.0,4.0,unicast,poisson,0,15,74,15,"[{""key"":[28,0,2],""candidate_count"":5,""sha256"":""55050bb71881fdcdb8c80a99ec563c1bad4c08f62083735fb4c8007f44675464""},{""key"":[28,0,6],""candidate_count"":4,""sha256"":""d72f09a924dcc59531d8a61b60875aaad5bc2f19408b86f31ac2acee971b8e22""},{""key"":[28,0,10],""candidate_count"":6,""sha256"":""bbdbb5ea453ef383098c8490b7dd6416b0982ea3239c6610257f17f2a6bac883""},{""key"":[39,35,4],""candidate_count"":4,""sha256"":""58e46ba11d6678b0611a6f97b9604530df3ae0d249863503e24ab2aac2217028""},{""key"":[39,35,12],""candidate_count"":6,""sha256"":""c660d0cdfd2533aa0d291cb4d80003b3fcd7d8b86972ebb18796e25ea8963e30""},{""key"":[39,35,16],""candidate_count"":3,""sha256"":""2e4c271094e5fe901af3da37d882d2c7ef28624553c4dcb22b01932e1bc2d088""},{""key"":[39,35,20],""candidate_count"":7,""sha256"":""893581e803705c0c32e04ce720845d4ab29cb8e4584544955f0f209aebca02ae""},{""key"":[39,35,28],""candidate_count"":4,""sha256"":""25c80d535133aa797cc32b596a5535b2f87494949d92e964d53fc21e00816d61""},{""key"":[39,35,36],""candidate_count"":7,""sha256"":""2f77fa3109b0e84fcdd3d3c69ae569f3ae8d5453bc9e13ef97843a91654b95bf""},{""key"":[39,35,40],""candidate_count"":5,""sha256"":""59a81a7de7818de24be14f58f07d5ef372ad4172b219ac5ec625bc2b006cfdeb""},{""key"":[39,35,48],""candidate_count"":2,""sha256"":""bea8a522dc606c68dd84ecd4c1e9cfb91d39d0a9ec3fdda417420ca86df0461a""},{""key"":[40,4,1],""candidate_count"":8,""sha256"":""d09ebcfc8f0060e2f01c7a78d9a95b8e2a4552f5ce01e0bb6ffa8c48c89527c9""},{""key"":[42,16,3],""candidate_count"":5,""sha256"":""38d6b272a6cf6029afb43eb4f194ae896f4a8a4e7567cf264e45bb0dcf272245""},{""key"":[42,16,11],""candidate_count"":3,""sha256"":""07159764a194a979989818c69302344e41ba993b784e985043361d16b72e2bd4""},{""key"":[42,16,15],""candidate_count"":5,""sha256"":""961db36c823bc4b654ae9b0f0f46b58edf27c9576c00d4a0f8da17fbb8b93f1e""}]","[{""key"":[28,0,2],""started_at"":4.401379577244526,""closed_at"":6.401379577244526,""candidate_paths"":[[28,18,1,0],[28,18,25,0],[28,30,0],[28,43,22,0],[28,49,0]],""selected_path"":[28,49,0]},{""key"":[28,0,6],""started_at"":43.516691266214934,""closed_at"":45.516691266214934,""candidate_paths"":[[28,6,0],[28,16,25,0],[28,30,0],[28,49,0]],""selected_path"":[28,49,0]},{""key"":[28,0,10],""started_at"":123.56071444969868,""closed_at"":125.56071444969868,""candidate_paths"":[[28,2,0],[28,2,18,0],[28,8,20,0],[28,14,0],[28,16,48,0],[28,49,0]],""selected_path"":[28,49,0]},{""key"":[39,35,4],""started_at"":36.04235081308468,""closed_at"":38.04235081308468,""candidate_paths"":[[39,6,49,35],[39,30,35],[39,35],[39,48,35]],""selected_path"":[39,48,35]},{""key"":[39,35,12],""started_at"":127.3137535288904,""closed_at"":129.3137535288904,""candidate_paths"":[[39,12,25,35],[39,12,30,35],[39,12,35],[39,12,42,35],[39,31,35],[39,44,35]],""selected_path"":[39,44,35]},{""key"":[39,35,16],""started_at"":181.610912841189,""closed_at"":183.610912841189,""candidate_paths"":[[39,21,35],[39,40,10,35],[39,48,35]],""selected_path"":[39,21,35]},{""key"":[39,35,20],""started_at"":289.80942060615905,""closed_at"":291.80942060615905,""candidate_paths"":[[39,1,35],[39,6,21,35],[39,16,35],[39,32,31,35],[39,35],[39,42,29,35],[39,48,35]],""selected_path"":[39,35]},{""key"":[39,35,28],""started_at"":352.1948172691738,""closed_at"":354.1948172691738,""candidate_paths"":[[39,6,35],[39,16,45,35],[39,25,30,35],[39,35]],""selected_path"":[39,35]},{""key"":[39,35,36],""started_at"":398.48607725614806,""closed_at"":400.48607725614806,""candidate_paths"":[[39,6,21,35],[39,6,49,35],[39,20,35],[39,25,30,35],[39,35],[39,40,10,35],[39,46,35]],""selected_path"":[39,35]},{""key"":[39,35,40],""started_at"":508.212261166829,""closed_at"":510.212261166829,""candidate_paths"":[[39,2,0,35],[39,2,12,35],[39,28,10,35],[39,30,35],[39,48,35]],""selected_path"":[39,48,35]},{""key"":[39,35,48],""started_at"":573.424335129235,""closed_at"":575.424335129235,""candidate_paths"":[[39,25,35],[39,35]],""selected_path"":[39,35]},{""key"":[40,4,1],""started_at"":1.0,""closed_at"":3.0,""candidate_paths"":[[40,2,4],[40,2,17,4],[40,4],[40,12,4],[40,23,3,4],[40,38,34,4],[40,46,4],[40,46,27,4]],""selected_path"":[40,4]},{""key"":[42,16,3],""started_at"":28.653014482986645,""closed_at"":30.653014482986645,""candidate_paths"":[[42,25,16],[42,36,16],[42,41,10,16],[42,43,13,16],[42,45,16]],""selected_path"":[42,36,16]},{""key"":[42,16,11],""started_at"":124.36691388314614,""closed_at"":126.36691388314614,""candidate_paths"":[[42,2,25,16],[42,2,31,16],[42,2,36,16]],""selected_path"":[42,2,25,16]},{""key"":[42,16,15],""started_at"":167.1584935336495,""closed_at"":169.1584935336495,""candidate_paths"":[[42,5,16],[42,16],[42,20,45,16],[42,23,7,16],[42,28,19,16]],""selected_path"":[42,16]}]",52,0,4,4,5.2,a665430e5e6b17d188f54a5d281c59a837db587b37e54fd404e800532db2eb4e,7,2.75,0,connected-multihop,0.9,2,4,4,2.0,1,1,0,0.8,0.034013605442176874,0,1.0,0.31420965410366136,0.9957889177892351,0.9999736572412398,0.9999999739878038,0.9999999999998803,0.2163265306122449,0.06693877551020408
ett-mesh,26,600.0,52,52,0,0.288462,0.288462,0.0,1.516518,1.396625,1.516518,2.287744,2.431616,15,15,0,815,30,785,25,58.62784,22.018231,0.036697,23.216625,91.283092,114.499716,7.633314,3.908523,1.396625,6650,33285,39935,0.166521,27371,0.685389,3164,0,735,25,15,12,6,46,0,11,0.8799,0.96319,0,0,0.0,-1,0,0,0,icc2027_generalization_stale_fading_short_ttl,50,8250.0,4.0,unicast,poisson,0,15,74,15,"[{""key"":[28,0,2],""candidate_count"":5,""sha256"":""55050bb71881fdcdb8c80a99ec563c1bad4c08f62083735fb4c8007f44675464""},{""key"":[28,0,6],""candidate_count"":4,""sha256"":""d72f09a924dcc59531d8a61b60875aaad5bc2f19408b86f31ac2acee971b8e22""},{""key"":[28,0,10],""candidate_count"":6,""sha256"":""bbdbb5ea453ef383098c8490b7dd6416b0982ea3239c6610257f17f2a6bac883""},{""key"":[39,35,4],""candidate_count"":4,""sha256"":""58e46ba11d6678b0611a6f97b9604530df3ae0d249863503e24ab2aac2217028""},{""key"":[39,35,12],""candidate_count"":6,""sha256"":""c660d0cdfd2533aa0d291cb4d80003b3fcd7d8b86972ebb18796e25ea8963e30""},{""key"":[39,35,16],""candidate_count"":3,""sha256"":""2e4c271094e5fe901af3da37d882d2c7ef28624553c4dcb22b01932e1bc2d088""},{""key"":[39,35,20],""candidate_count"":7,""sha256"":""893581e803705c0c32e04ce720845d4ab29cb8e4584544955f0f209aebca02ae""},{""key"":[39,35,28],""candidate_count"":4,""sha256"":""25c80d535133aa797cc32b596a5535b2f87494949d92e964d53fc21e00816d61""},{""key"":[39,35,36],""candidate_count"":7,""sha256"":""2f77fa3109b0e84fcdd3d3c69ae569f3ae8d5453bc9e13ef97843a91654b95bf""},{""key"":[39,35,40],""candidate_count"":5,""sha256"":""59a81a7de7818de24be14f58f07d5ef372ad4172b219ac5ec625bc2b006cfdeb""},{""key"":[39,35,48],""candidate_count"":2,""sha256"":""bea8a522dc606c68dd84ecd4c1e9cfb91d39d0a9ec3fdda417420ca86df0461a""},{""key"":[40,4,1],""candidate_count"":8,""sha256"":""d09ebcfc8f0060e2f01c7a78d9a95b8e2a4552f5ce01e0bb6ffa8c48c89527c9""},{""key"":[42,16,3],""candidate_count"":5,""sha256"":""38d6b272a6cf6029afb43eb4f194ae896f4a8a4e7567cf264e45bb0dcf272245""},{""key"":[42,16,11],""candidate_count"":3,""sha256"":""07159764a194a979989818c69302344e41ba993b784e985043361d16b72e2bd4""},{""key"":[42,16,15],""candidate_count"":5,""sha256"":""961db36c823bc4b654ae9b0f0f46b58edf27c9576c00d4a0f8da17fbb8b93f1e""}]","[{""key"":[28,0,2],""started_at"":4.401379577244526,""closed_at"":6.401379577244526,""candidate_paths"":[[28,18,1,0],[28,18,25,0],[28,30,0],[28,43,22,0],[28,49,0]],""selected_path"":[28,49,0]},{""key"":[28,0,6],""started_at"":43.516691266214934,""closed_at"":45.516691266214934,""candidate_paths"":[[28,6,0],[28,16,25,0],[28,30,0],[28,49,0]],""selected_path"":[28,49,0]},{""key"":[28,0,10],""started_at"":123.56071444969868,""closed_at"":125.56071444969868,""candidate_paths"":[[28,2,0],[28,2,18,0],[28,8,20,0],[28,14,0],[28,16,48,0],[28,49,0]],""selected_path"":[28,49,0]},{""key"":[39,35,4],""started_at"":36.04235081308468,""closed_at"":38.04235081308468,""candidate_paths"":[[39,6,49,35],[39,30,35],[39,35],[39,48,35]],""selected_path"":[39,48,35]},{""key"":[39,35,12],""started_at"":127.3137535288904,""closed_at"":129.3137535288904,""candidate_paths"":[[39,12,25,35],[39,12,30,35],[39,12,35],[39,12,42,35],[39,31,35],[39,44,35]],""selected_path"":[39,44,35]},{""key"":[39,35,16],""started_at"":181.610912841189,""closed_at"":183.610912841189,""candidate_paths"":[[39,21,35],[39,40,10,35],[39,48,35]],""selected_path"":[39,21,35]},{""key"":[39,35,20],""started_at"":289.80942060615905,""closed_at"":291.80942060615905,""candidate_paths"":[[39,1,35],[39,6,21,35],[39,16,35],[39,32,31,35],[39,35],[39,42,29,35],[39,48,35]],""selected_path"":[39,35]},{""key"":[39,35,28],""started_at"":352.1948172691738,""closed_at"":354.1948172691738,""candidate_paths"":[[39,6,35],[39,16,45,35],[39,25,30,35],[39,35]],""selected_path"":[39,35]},{""key"":[39,35,36],""started_at"":398.48607725614806,""closed_at"":400.48607725614806,""candidate_paths"":[[39,6,21,35],[39,6,49,35],[39,20,35],[39,25,30,35],[39,35],[39,40,10,35],[39,46,35]],""selected_path"":[39,35]},{""key"":[39,35,40],""started_at"":508.212261166829,""closed_at"":510.212261166829,""candidate_paths"":[[39,2,0,35],[39,2,12,35],[39,28,10,35],[39,30,35],[39,48,35]],""selected_path"":[39,48,35]},{""key"":[39,35,48],""started_at"":573.424335129235,""closed_at"":575.424335129235,""candidate_paths"":[[39,25,35],[39,35]],""selected_path"":[39,35]},{""key"":[40,4,1],""started_at"":1.0,""closed_at"":3.0,""candidate_paths"":[[40,2,4],[40,2,17,4],[40,4],[40,12,4],[40,23,3,4],[40,38,34,4],[40,46,4],[40,46,27,4]],""selected_path"":[40,4]},{""key"":[42,16,3],""started_at"":28.653014482986645,""closed_at"":30.653014482986645,""candidate_paths"":[[42,25,16],[42,36,16],[42,41,10,16],[42,43,13,16],[42,45,16]],""selected_path"":[42,36,16]},{""key"":[42,16,11],""started_at"":124.36691388314614,""closed_at"":126.36691388314614,""candidate_paths"":[[42,2,25,16],[42,2,31,16],[42,2,36,16]],""selected_path"":[42,2,25,16]},{""key"":[42,16,15],""started_at"":167.1584935336495,""closed_at"":169.1584935336495,""candidate_paths"":[[42,5,16],[42,16],[42,20,45,16],[42,23,7,16],[42,28,19,16]],""selected_path"":[42,16]}]",52,0,4,4,5.2,a665430e5e6b17d188f54a5d281c59a837db587b37e54fd404e800532db2eb4e,7,2.75,0,connected-multihop,0.9,2,4,4,2.0,1,1,0,0.8,0.034013605442176874,0,1.0,0.31420965410366136,0.9957889177892351,0.9999736572412398,0.9999999739878038,0.9999999999998803,0.2163265306122449,0.06693877551020408
minhop-mesh,26,600.0,52,52,0,0.173077,0.192308,0.0,1.653049,1.594227,1.653049,2.287744,2.431616,10,9,0,794,22,772,16,57.117184,21.249532,0.035416,22.618405,89.138735,111.75714,12.41746,6.346354,1.594227,6106,32800,38906,0.156942,27266,0.700817,3226,0,733,23,15,11,4,48,0,11,0.799972,0.972292,0,0,0.0,-1,0,0,0,icc2027_generalization_stale_fading_short_ttl,50,8250.0,4.0,unicast,poisson,0,15,88,15,"[{""key"":[28,0,2],""candidate_count"":6,""sha256"":""550182570bf603a075b8594ed5573700806b6a024fa28eb982e40bcd3c1f3dc6""},{""key"":[28,0,6],""candidate_count"":6,""sha256"":""7e45d771f3faadbf6617fc541e136560f300d9ef402128c8af1cd5e50f889edb""},{""key"":[28,0,10],""candidate_count"":6,""sha256"":""fb1383777730aaf3fffa5105ed03894cc420ace78cb1b430c70ff8155d452870""},{""key"":[39,35,4],""candidate_count"":3,""sha256"":""c42f0c3baa1345c7aed505b0bf57a83ed395e52e9e825f9c273abdc39dd72f25""},{""key"":[39,35,12],""candidate_count"":3,""sha256"":""22934ab7458ff61403e78cb6c3badde76f7dafebe82c6e879e865d5f9c867e3b""},{""key"":[40,4,1],""candidate_count"":8,""sha256"":""c92cd24fec6bfdad138160897412cd6b4703ba309d72b2864c84ccde16fa75ca""},{""key"":[40,4,5],""candidate_count"":8,""sha256"":""c24d6c0a3544c28f4de37261f17c83022a85078ba1293188bcf644f54a5abc5c""},{""key"":[40,4,9],""candidate_count"":7,""sha256"":""6fb469d57cd18b11611739cf53ad86af17d2eea90bbde91ca033409dcbfbf4be""},{""key"":[40,4,17],""candidate_count"":6,""sha256"":""b6a4858735c5c7027a827f593f58bb5c98113a8b3ea42390d5a7f6520458ea14""},{""key"":[40,4,21],""candidate_count"":8,""sha256"":""df343cd4cc0f35c0fa338bf8fc0e5ff3aaefd079c8cc188ea34019e03cf423bd""},{""key"":[40,4,25],""candidate_count"":5,""sha256"":""8d8fbccab6be9b06f0eeac2464c1af55b980bd24e7fe9495e3b855db57a875d8""},{""key"":[40,4,33],""candidate_count"":7,""sha256"":""5f7e2e149b013e8a3eca8a86ea93351ef144da4ba6edc17a0d10403b70b6e6e8""},{""key"":[40,4,37],""candidate_count"":6,""sha256"":""48e730d71d2f82b04ea5cab7995b5dc481770d41e792f62ae9d2b522aa68d596""},{""key"":[42,16,3],""candidate_count"":7,""sha256"":""f79293ee215e10ad229f92f1c61fc4a71dd1ffa59590be65f82799f03157b973""},{""key"":[42,16,11],""candidate_count"":2,""sha256"":""000219d85cbcae143fdbd3aba66757b21726786ad089bb1564d2c2b98a4c59b2""}]","[{""key"":[28,0,2],""started_at"":4.401379577244526,""closed_at"":6.401379577244526,""candidate_paths"":[[28,2,1,0],[28,8,0],[28,18,25,0],[28,24,22,0],[28,30,0],[28,49,0]],""selected_path"":[28,49,0]},{""key"":[28,0,6],""started_at"":43.516691266214934,""closed_at"":45.516691266214934,""candidate_paths"":[[28,9,0],[28,17,6,0],[28,26,0],[28,30,0],[28,42,25,0],[28,49,0]],""selected_path"":[28,49,0]},{""key"":[28,0,10],""started_at"":123.56071444969868,""closed_at"":125.56071444969868,""candidate_paths"":[[28,8,45,0],[28,10,21,0],[28,15,0],[28,40,0],[28,49,0],[28,49,25,0]],""selected_path"":[28,49,0]},{""key"":[39,35,4],""started_at"":36.04235081308468,""closed_at"":38.04235081308468,""candidate_paths"":[[39,6,49,35],[39,30,35],[39,48,35]],""selected_path"":[39,48,35]},{""key"":[39,35,12],""started_at"":127.3137535288904,""closed_at"":129.3137535288904,""candidate_paths"":[[39,13,31,35],[39,13,35],[39,28,35]],""selected_path"":[39,28,35]},{""key"":[40,4,1],""started_at"":1.0,""closed_at"":3.0,""candidate_paths"":[[40,2,4],[40,4],[40,11,27,4],[40,12,4],[40,16,22,4],[40,23,3,4],[40,38,19,4],[40,38,43,4]],""selected_path"":[40,4]},{""key"":[40,4,5],""started_at"":36.472845996400864,""closed_at"":38.472845996400864,""candidate_paths"":[[40,4],[40,11,3,4],[40,11,4],[40,12,4],[40,12,17,4],[40,23,7,4],[40,28,27,4],[40,46,4]],""selected_path"":[40,4]},{""key"":[40,4,9],""started_at"":119.42103342462293,""closed_at"":121.42103342462293,""candidate_paths"":[[40,11,4],[40,12,4],[40,17,4],[40,27,4],[40,27,34,4],[40,27,37,4],[40,38,43,4]],""selected_path"":[40,12,4]},{""key"":[40,4,17],""started_at"":196.21127037987068,""closed_at"":198.21127037987068,""candidate_paths"":[[40,12,4],[40,17,4],[40,21,45,4],[40,22,47,4],[40,27,4],[40,32,2,4]],""selected_path"":[40,12,4]},{""key"":[40,4,21],""started_at"":291.33584536862423,""closed_at"":293.33584536862423,""candidate_paths"":[[40,7,19,4],[40,11,4],[40,12,4],[40,13,47,4],[40,16,22,4],[40,17,2,4],[40,17,4],[40,39,4]],""selected_path"":[40,12,4]},{""key"":[40,4,25],""started_at"":326.40948059436124,""closed_at"":328.40948059436124,""candidate_paths"":[[40,4],[40,12,4],[40,27,4],[40,30,48,4],[40,47,19,4]],""selected_path"":[40,4]},{""key"":[40,4,33],""started_at"":386.7466791232359,""closed_at"":388.7466791232359,""candidate_paths"":[[40,4],[40,12,4],[40,27,4],[40,35,30,4],[40,35,34,4],[40,35,38,4],[40,43,7,4]],""selected_path"":[40,4]},{""key"":[40,4,37],""started_at"":434.7593998525552,""closed_at"":436.7593998525552,""candidate_paths"":[[40,3,4],[40,4],[40,12,4],[40,26,27,4],[40,26,37,4],[40,29,11,4]],""selected_path"":[40,4]},{""key"":[42,16,3],""started_at"":28.653014482986645,""closed_at"":30.653014482986645,""candidate_paths"":[[42,5,16],[42,25,16],[42,35,20,16],[42,38,16],[42,40,10,16],[42,45,16],[42,46,16]],""selected_path"":[42,45,16]},{""key"":[42,16,11],""started_at"":124.36691388314614,""closed_at"":126.36691388314614,""candidate_paths"":[[42,14,16],[42,29,36,16]],""selected_path"":[42,14,16]}]",52,0,4,4,5.2,a665430e5e6b17d188f54a5d281c59a837db587b37e54fd404e800532db2eb4e,7,2.75,0,connected-multihop,0.9,2,4,4,2.0,1,0,0,0.7333333333333333,0.03137789904502047,0,0.0,0.31420965410366136,0.9957889177892351,0.9999736572412398,0.9999999739878038,0.9999999999998803,0.2163265306122449,0.06693877551020408
meshecho,26,600.0,52,52,0,0.230769,0.25,0.0,2.038336,1.924716,2.038336,2.287744,2.431616,13,12,0,808,24,784,23,58.124288,21.620921,0.036035,23.017218,90.092326,113.109544,9.425795,4.843691,1.924716,6790,32802,39592,0.171499,26532,0.670135,3070,0,735,26,15,12,2,50,0,11,0.831453,0.970297,0,0,0.0,-1,0,0,0,icc2027_generalization_stale_fading_short_ttl,50,8250.0,4.0,unicast,poisson,0,15,80,14,"[{""key"":[28,0,2],""candidate_count"":5,""sha256"":""6ef25b30d71d25a71c4322c7ebb6eb96adb90ba8c2ae95b5c5b170e7359b20b6""},{""key"":[28,0,6],""candidate_count"":4,""sha256"":""0214637122a0060a736092b04851d409651618a8e8dd6d70a62f894351993a96""},{""key"":[28,0,10],""candidate_count"":5,""sha256"":""cb414a451151d353779d09729e53d6ccf3e5621826766e65beb4b4e46543e7e3""},{""key"":[28,0,14],""candidate_count"":5,""sha256"":""923ee7e212c79b8ee78d79b7f9cb02c09f1662f3c5f7306d13d281c38e4575e8""},{""key"":[28,0,18],""candidate_count"":6,""sha256"":""5a763677615d7bf051946f0f6d15c5e44704d5684a3e7c3c2298eaf5eaf12c66""},{""key"":[28,0,22],""candidate_count"":5,""sha256"":""47c9d3b6c3e3baa907f484cf62153a645d776f811726ea878b620c6f8256e646""},{""key"":[28,0,26],""candidate_count"":6,""sha256"":""270bb657996d66d4486e6b0fcdcd3fb02f41d52bbf93510309d863252d5cf079""},{""key"":[28,0,30],""candidate_count"":6,""sha256"":""c5065f3a2b1ec10187767abaf817147a494cb0f06c89d7ee2f98a6c8be37987c""},{""key"":[28,0,38],""candidate_count"":8,""sha256"":""8e45a17a743565ccbe0f4bfce87ca98bb591c4b19e1bad516d68593204ad9303""},{""key"":[28,0,42],""candidate_count"":4,""sha256"":""6cd0c3a36ed7ee8698290a399235c928b4aa3f274dc205a313b7f5b2c9de29f8""},{""key"":[28,0,50],""candidate_count"":6,""sha256"":""d9c3b158e6aed9ee1afe072ca2d5196a64daf2a68503c4f4bf6160870bf0ccdd""},{""key"":[39,35,4],""candidate_count"":1,""sha256"":""7f40ebc1044fb4acee4baa5bf44e8926f2c9c41ce41bc1fd8a3ef95e0aaace98""},{""key"":[40,4,1],""candidate_count"":8,""sha256"":""fcc19a04d4223793e3bfdc07457f9de5184338aa21addf21b7b1dbd52a02354a""},{""key"":[40,4,5],""candidate_count"":6,""sha256"":""5b2c1e80c1b24958f7a8d31b0f67cb1106eb64bb2f39353a806d346561e7bc4a""},{""key"":[42,16,3],""candidate_count"":5,""sha256"":""94f5e7f128198d44294c9a0192d748b07800a4f20263d61be96fab34702dd535""}]","[{""key"":[28,0,2],""started_at"":4.401379577244526,""closed_at"":6.401379577244526,""candidate_paths"":[[28,9,0],[28,16,22,0],[28,21,25,0],[28,30,0],[28,49,0]],""selected_path"":[28,49,0]},{""key"":[28,0,6],""started_at"":43.516691266214934,""closed_at"":45.516691266214934,""candidate_paths"":[[28,15,0],[28,15,20,0],[28,21,25,0],[28,21,48,0]],""selected_path"":[28,15,0]},{""key"":[28,0,10],""started_at"":123.56071444969868,""closed_at"":125.56071444969868,""candidate_paths"":[[28,6,0],[28,30,25,0],[28,35,48,0],[28,41,0],[28,49,0]],""selected_path"":[28,41,0]},{""key"":[28,0,14],""started_at"":163.86241163703826,""closed_at"":165.86241163703826,""candidate_paths"":[[28,13,45,0],[28,15,0],[28,30,25,0],[28,35,48,0],[28,49,0]],""selected_path"":[28,49,0]},{""key"":[28,0,18],""started_at"":220.10572625837113,""closed_at"":222.10572625837113,""candidate_paths"":[[28,6,0],[28,10,40,0],[28,14,9,0],[28,15,0],[28,36,0],[28,49,0]],""selected_path"":[28,15,0]},{""key"":[28,0,22],""started_at"":293.4277334425323,""closed_at"":295.4277334425323,""candidate_paths"":[[28,0],[28,11,20,0],[28,15,0],[28,41,0],[28,49,0]],""selected_path"":[28,0]},{""key"":[28,0,26],""started_at"":333.7251500757625,""closed_at"":335.7251500757625,""candidate_paths"":[[28,0],[28,21,25,0],[28,27,35,0],[28,40,0],[28,41,0],[28,49,0]],""selected_path"":[28,0]},{""key"":[28,0,30],""started_at"":367.09643906020403,""closed_at"":369.09643906020403,""candidate_paths"":[[28,15,40,0],[28,30,0],[28,30,25,0],[28,36,5,0],[28,47,22,0],[28,49,0]],""selected_path"":[28,30,0]},{""key"":[28,0,38],""started_at"":470.4185928222101,""closed_at"":472.4185928222101,""candidate_paths"":[[28,0],[28,18,0],[28,41,0],[28,41,6,0],[28,48,16,0],[28,48,25,0],[28,48,30,0],[28,49,0]],""selected_path"":[28,0]},{""key"":[28,0,42],""started_at"":518.6656058158932,""closed_at"":520.6656058158932,""candidate_paths"":[[28,2,0],[28,10,40,0],[28,48,16,0],[28,49,0]],""selected_path"":[28,49,0]},{""key"":[28,0,50],""started_at"":593.8019574685252,""closed_at"":595.8019574685252,""candidate_paths"":[[28,0],[28,5,8,0],[28,20,45,0],[28,25,21,0],[28,32,1,0],[28,41,0]],""selected_path"":[28,0]},{""key"":[39,35,4],""started_at"":36.04235081308468,""closed_at"":38.04235081308468,""candidate_paths"":[[39,20,35]],""selected_path"":[39,20,35]},{""key"":[40,4,1],""started_at"":1.0,""closed_at"":3.0,""candidate_paths"":[[40,2,4],[40,2,17,4],[40,4],[40,11,27,4],[40,12,4],[40,16,22,4],[40,38,19,4],[40,38,43,4]],""selected_path"":[40,12,4]},{""key"":[40,4,5],""started_at"":36.472845996400864,""closed_at"":38.472845996400864,""candidate_paths"":[[40,4],[40,11,4],[40,27,3,4],[40,27,4],[40,44,17,4],[40,46,4]],""selected_path"":[40,46,4]},{""key"":[42,16,3],""started_at"":28.653014482986645,""closed_at"":30.653014482986645,""candidate_paths"":[[42,5,16],[42,22,16],[42,25,16],[42,39,13,16],[42,45,16]],""selected_path"":[42,45,16]}]",52,0,4,4,5.2,a665430e5e6b17d188f54a5d281c59a837db587b37e54fd404e800532db2eb4e,7,2.75,0,connected-multihop,0.9,2,4,4,2.0,1,1,0,0.8,0.03537414965986395,0,1.0,0.31420965410366136,0.9957889177892351,0.9999736572412398,0.9999999739878038,0.9999999999998803,0.2163265306122449,0.06693877551020408
meshtastic-like,27,600.0,47,47,0,0.574468,1.0,0.0,0.508309,0.558222,0.508309,1.322216,1.806082,47,27,0,617,553,64,64,44.384512,26.894044,0.044823,17.576267,71.890967,89.467233,3.313601,1.643871,0.558222,9890,20343,30233,0.327126,17558,0.580756,5858,2161,0,0,0,0,0,0,0,0,0.0,0.103728,0,0,0.0,-1,0,0,0,icc2027_generalization_stale_fading_short_ttl,50,8250.0,4.0,unicast,poisson,0,0,0,0,[],[],47,0,4,4,4.7,948c48c71cc7dc83b0c28d1ef96dd5849ba66d86acf8bd5d5f2eeb6db125797b,7,2.75,0,connected-multihop,0.9,2,4,4,2.0,1,0,0,0.0,0.0,0,0.0,0.5092026737044983,0.9985663956276044,0.9999930647226376,0.9999999919032022,0.9999999999999403,0.1763265306122449,0.04979591836734694
meshcore-like,27,600.0,47,47,0,0.148936,0.148936,0.0,2.063689,1.94037,2.063689,2.287744,2.431616,7,7,0,580,13,567,12,41.72288,15.802027,0.026337,16.52226,65.208496,81.730756,11.675822,5.960411,1.94037,4436,23984,28420,0.156087,20096,0.707108,2233,0,539,16,11,7,1,46,0,0,0.0,0.977586,0,0,0.0,-1,0,0,0,icc2027_generalization_stale_fading_short_ttl,50,8250.0,4.0,unicast,poisson,0,11,61,11,"[{""key"":[1,4,1],""candidate_count"":6,""sha256"":""69116c95b6ba1ba1b9012983f6b9a5ff0cfbe6fca09fcabbf1742a36d827b66e""},{""key"":[1,4,5],""candidate_count"":4,""sha256"":""ced667bcd8d565869c410ea5d265aa93a7891d5506f947684fd59504106c4a04""},{""key"":[1,4,9],""candidate_count"":7,""sha256"":""eda2a8319de041008360e109ba3b42fd87cdd78e919d5c3e806fe40b642c08d5""},{""key"":[1,4,13],""candidate_count"":7,""sha256"":""1a5d85c5cb7c0f06a9852fc8972758683a8601c614e4f8e505bac2b2399a0bc5""},{""key"":[1,4,21],""candidate_count"":7,""sha256"":""1642b31bb3042ea4730b81a402d15a9dc5a8c9bc2e59416568addcf2acb2e4ae""},{""key"":[2,45,3],""candidate_count"":4,""sha256"":""fd7d823fcd227e5406e0ccc0611d29b5d9dde4a254a8c1eda64bbd35010c6337""},{""key"":[2,45,7],""candidate_count"":6,""sha256"":""1016fd31325f1c7170daeac6ca76b3c468a77b44475cfbad32cf95a2696153fe""},{""key"":[31,21,4],""candidate_count"":6,""sha256"":""f831cd3845d230b8c65890ba6166cd6aed2f4223df897c95e83d59abc65fa1ce""},{""key"":[31,21,8],""candidate_count"":4,""sha256"":""d9e61366d52281da15711467b52a4a12896a723e9b4c86be0544b8c125c011d1""},{""key"":[33,34,2],""candidate_count"":4,""sha256"":""6a7295bcefdeee4dc20fa181f26346a9a987f9d9fc4aa760440d9207c5365b6b""},{""key"":[33,34,6],""candidate_count"":6,""sha256"":""ae57d2c5f54637f4f7c5564a639bb705b9cc6de6ea71dc9409360988145501e0""}]","[{""key"":[1,4,1],""started_at"":1.0,""closed_at"":3.0,""candidate_paths"":[[1,9,4],[1,34,4],[1,35,36,4],[1,35,48,4],[1,46,4],[1,47,4]],""selected_path"":[1,9,4]},{""key"":[1,4,5],""started_at"":78.71967383268787,""closed_at"":80.71967383268787,""candidate_paths"":[[1,24,7,4],[1,24,48,4],[1,41,4],[1,46,4]],""selected_path"":[1,41,4]},{""key"":[1,4,9],""started_at"":163.03613458901566,""closed_at"":165.03613458901566,""candidate_paths"":[[1,4],[1,5,4],[1,46,4],[1,47,0,4],[1,47,4],[1,47,20,4],[1,47,40,4]],""selected_path"":[1,4]},{""key"":[1,4,13],""started_at"":201.08138967528217,""closed_at"":203.08138967528217,""candidate_paths"":[[1,0,4],[1,3,4],[1,5,4],[1,35,36,4],[1,46,4],[1,46,40,4],[1,46,47,4]],""selected_path"":[1,0,4]},{""key"":[1,4,21],""started_at"":292.7689210895141,""closed_at"":294.7689210895141,""candidate_paths"":[[1,4],[1,13,33,4],[1,38,6,4],[1,38,36,4],[1,40,4],[1,46,4],[1,48,4]],""selected_path"":[1,4]},{""key"":[2,45,3],""started_at"":31.06873098037064,""closed_at"":33.06873098037064,""candidate_paths"":[[2,8,45],[2,37,45],[2,39,45],[2,48,40,45]],""selected_path"":[2,8,45]},{""key"":[2,45,7],""started_at"":97.53898941990906,""closed_at"":99.53898941990906,""candidate_paths"":[[2,24,36,45],[2,28,45],[2,39,45],[2,44,45],[2,45],[2,46,13,45]],""selected_path"":[2,45]},{""key"":[31,21,4],""started_at"":34.59288215543253,""closed_at"":36.59288215543253,""candidate_paths"":[[31,18,21],[31,21],[31,26,21],[31,33,48,21],[31,34,21],[31,37,21]],""selected_path"":[31,21]},{""key"":[31,21,8],""started_at"":98.23517714646839,""closed_at"":100.23517714646839,""candidate_paths"":[[31,17,1,21],[31,17,21],[31,17,28,21],[31,17,41,21]],""selected_path"":[31,17,21]},{""key"":[33,34,2],""started_at"":17.8211374466704,""closed_at"":19.8211374466704,""candidate_paths"":[[33,21,26,34],[33,21,34],[33,37,34],[33,38,10,34]],""selected_path"":[33,21,34]},{""key"":[33,34,6],""started_at"":86.38984093262188,""closed_at"":88.38984093262188,""candidate_paths"":[[33,2,17,34],[33,18,34],[33,20,34],[33,21,34],[33,38,26,34],[33,43,34]],""selected_path"":[33,18,34]}]",47,0,4,4,4.7,948c48c71cc7dc83b0c28d1ef96dd5849ba66d86acf8bd5d5f2eeb6db125797b,7,2.75,0,connected-multihop,0.9,2,4,4,2.0,1,0,0,0.6363636363636364,0.029684601113172542,0,0.0,0.5092026737044983,0.9985663956276044,0.9999930647226376,0.9999999919032022,0.9999999999999403,0.1763265306122449,0.04979591836734694
etx-mesh,27,600.0,47,47,0,0.446809,0.446809,0.0,1.736869,1.623826,1.736869,2.287744,2.431616,21,21,0,1335,40,1295,33,96.03456,35.813836,0.05969,38.029686,149.809116,187.838802,8.944705,4.573074,1.623826,10256,55159,65415,0.156784,45862,0.701093,4897,0,1224,38,25,22,6,41,0,21,0.392211,0.970037,0,0,0.0,-1,0,0,0,icc2027_generalization_stale_fading_short_ttl,50,8250.0,4.0,unicast,poisson,0,25,119,25,"[{""key"":[1,4,1],""candidate_count"":6,""sha256"":""69116c95b6ba1ba1b9012983f6b9a5ff0cfbe6fca09fcabbf1742a36d827b66e""},{""key"":[1,4,5],""candidate_count"":4,""sha256"":""2a0dd0769728ded146a7e7ca5ce11d3185ec783e0eee4b56c75d054419f65d50""},{""key"":[1,4,9],""candidate_count"":5,""sha256"":""7e7baa6316aea8865634ee55c5f200c1be7273a7fde5d40ada8b6d254b70fe94""},{""key"":[1,4,13],""candidate_count"":4,""sha256"":""b3e8fd1c96e24476b673bc9ade9cfbe0eeb849a4d25fb10beed7212f8e7c2307""},{""key"":[1,4,21],""candidate_count"":9,""sha256"":""a42e6706530667467254b59b8ae6f300d4c5abb3872b3578868d711571cdf609""},{""key"":[1,4,25],""candidate_count"":9,""sha256"":""e161cb5529f9fbc7a5283c94cb45331790506319273007c6a23836798b7d62bc""},{""key"":[1,4,33],""candidate_count"":5,""sha256"":""ca36c55b269c9687cfcd0bfda404172338d4c5f5ff6c5344daf340c79ddc6a7e""},{""key"":[1,4,37],""candidate_count"":4,""sha256"":""a6641e862fbc302d8f56cb14eee6adb290ffe746702f4ad445eb299af6a168a0""},{""key"":[2,45,3],""candidate_count"":4,""sha256"":""c11b6447a42305f1a37d8bfe354333b964b78c87f4a3966e8b70f295aa094735""},{""key"":[2,45,7],""candidate_count"":5,""sha256"":""f4838594ecf68fcb6b629813523610a085c9d06616d10cf7c62e9b3b1259d59f""},{""key"":[2,45,11],""candidate_count"":4,""sha256"":""ebb681ddee71d9dc8e80fbb4b1e00b8f517d6f247eef5f7b190fa86210b91776""},{""key"":[2,45,19],""candidate_count"":4,""sha256"":""0f5a4b9769eebc5dda50153bb88840078b37dde08883ed11a04baf3729348bc2""},{""key"":[2,45,23],""candidate_count"":3,""sha256"":""7b27ce2391b338c3ad03a05ee2ff109e450806993f418de7c98370e2a0bc27c7""},{""key"":[2,45,27],""candidate_count"":3,""sha256"":""268f3bd5add5e3e88c92398a69702d0fcb35de06c66d610fa6943eee6a84b69d""},{""key"":[31,21,4],""candidate_count"":4,""sha256"":""f7cd48aa2a812d74af7974d6d3836219616e721f73c4b6c0e64d260b33f9a8eb""},{""key"":[31,21,8],""candidate_count"":2,""sha256"":""739e01091de5d90a06df83be3011233e46a26ce9b0051534f5988166d97f92f7""},{""key"":[33,34,2],""candidate_count"":4,""sha256"":""6a7295bcefdeee4dc20fa181f26346a9a987f9d9fc4aa760440d9207c5365b6b""},{""key"":[33,34,6],""candidate_count"":3,""sha256"":""c9afdc892f5251fcadab2b82d829b37963c1d69d9614606ac9ed3ab1383bba4b""},{""key"":[33,34,10],""candidate_count"":2,""sha256"":""fb43afaa70a3ea7b2ce37779665de9b7becc44c1ff66b2b4c72bb820081fbe7d""},{""key"":[33,34,18],""candidate_count"":5,""sha256"":""78dc678bcd83e900235c6d07214a883fb09e0d5aca9cbc3e2c629266f01769cb""},{""key"":[33,34,22],""candidate_count"":5,""sha256"":""25cba712da489a39497732ad5da77e666acbec87a0192b28642c968accc54aa8""},{""key"":[33,34,26],""candidate_count"":5,""sha256"":""bd887e9ad86810288c180e40d5292985486487e8c4870953574785564288dd6a""},{""key"":[33,34,34],""candidate_count"":4,""sha256"":""de4dc3a52c0633203b3f5b4522bf6f6a9b7cac67e300dd904c062bf6c390b011""},{""key"":[33,34,38],""candidate_count"":9,""sha256"":""18bb8cc85e697d8a891c0cc4e1998e4c99edb732002c6165516e3a92d70f401f""},{""key"":[33,34,42],""candidate_count"":7,""sha256"":""da36c8d4ff55c70cebabd9be33baed173b20126b3b11b86512114b6d7773f9f5""}]","[{""key"":[1,4,1],""started_at"":1.0,""closed_at"":3.0,""candidate_paths"":[[1,9,4],[1,34,4],[1,35,36,4],[1,35,48,4],[1,46,4],[1,47,4]],""selected_path"":[1,9,4]},{""key"":[1,4,5],""started_at"":78.71967383268787,""closed_at"":80.71967383268787,""candidate_paths"":[[1,3,4],[1,10,4],[1,44,48,4],[1,46,4]],""selected_path"":[1,46,4]},{""key"":[1,4,9],""started_at"":163.03613458901566,""closed_at"":165.03613458901566,""candidate_paths"":[[1,0,4],[1,4],[1,5,4],[1,46,4],[1,47,4]],""selected_path"":[1,4]},{""key"":[1,4,13],""started_at"":201.08138967528217,""closed_at"":203.08138967528217,""candidate_paths"":[[1,22,4],[1,33,7,4],[1,44,24,4],[1,46,4]],""selected_path"":[1,46,4]},{""key"":[1,4,21],""started_at"":292.7689210895141,""closed_at"":294.7689210895141,""candidate_paths"":[[1,4],[1,5,4],[1,5,30,4],[1,16,6,4],[1,39,33,4],[1,44,4],[1,44,48,4],[1,46,4],[1,47,4]],""selected_path"":[1,4]},{""key"":[1,4,25],""started_at"":353.12151035370607,""closed_at"":355.12151035370607,""candidate_paths"":[[1,2,16,4],[1,3,4],[1,4],[1,7,4],[1,39,36,4],[1,46,4],[1,47,4],[1,47,5,4],[1,47,30,4]],""selected_path"":[1,4]},{""key"":[1,4,33],""started_at"":444.2362651944075,""closed_at"":446.2362651944075,""candidate_paths"":[[1,32,4],[1,34,4],[1,38,40,4],[1,43,3,4],[1,43,20,4]],""selected_path"":[1,32,4]},{""key"":[1,4,37],""started_at"":508.47458459830153,""closed_at"":510.47458459830153,""candidate_paths"":[[1,4],[1,21,34,4],[1,42,20,4],[1,46,4]],""selected_path"":[1,4]},{""key"":[2,45,3],""started_at"":31.06873098037064,""closed_at"":33.06873098037064,""candidate_paths"":[[2,35,36,45],[2,39,45],[2,44,45],[2,46,40,45]],""selected_path"":[2,39,45]},{""key"":[2,45,7],""started_at"":97.53898941990906,""closed_at"":99.53898941990906,""candidate_paths"":[[2,28,45],[2,33,45],[2,36,45],[2,39,13,45],[2,45]],""selected_path"":[2,45]},{""key"":[2,45,11],""started_at"":198.08174444853796,""closed_at"":200.08174444853796,""candidate_paths"":[[2,18,21,45],[2,44,45],[2,45],[2,48,33,45]],""selected_path"":[2,45]},{""key"":[2,45,19],""started_at"":242.80759940883172,""closed_at"":244.80759940883172,""candidate_paths"":[[2,10,45],[2,45],[2,48,13,45],[2,48,33,45]],""selected_path"":[2,45]},{""key"":[2,45,23],""started_at"":333.1143702053969,""closed_at"":335.1143702053969,""candidate_paths"":[[2,20,45],[2,38,10,45],[2,48,24,45]],""selected_path"":[2,20,45]},{""key"":[2,45,27],""started_at"":367.54594035840586,""closed_at"":369.54594035840586,""candidate_paths"":[[2,33,36,45],[2,33,45],[2,45]],""selected_path"":[2,45]},{""key"":[31,21,4],""started_at"":34.59288215543253,""closed_at"":36.59288215543253,""candidate_paths"":[[31,10,21],[31,21],[31,33,48,21],[31,34,21]],""selected_path"":[31,21]},{""key"":[31,21,8],""started_at"":98.23517714646839,""closed_at"":100.23517714646839,""candidate_paths"":[[31,17,21],[31,17,39,21]],""selected_path"":[31,17,21]},{""key"":[33,34,2],""started_at"":17.8211374466704,""closed_at"":19.8211374466704,""candidate_paths"":[[33,21,26,34],[33,21,34],[33,37,34],[33,38,10,34]],""selected_path"":[33,37,34]},{""key"":[33,34,6],""started_at"":86.38984093262188,""closed_at"":88.38984093262188,""candidate_paths"":[[33,2,25,34],[33,21,34],[33,43,42,34]],""selected_path"":[33,21,34]},{""key"":[33,34,10],""started_at"":195.04939006129212,""closed_at"":197.04939006129212,""candidate_paths"":[[33,36,34],[33,45,34]],""selected_path"":[33,45,34]},{""key"":[33,34,18],""started_at"":234.47282212066358,""closed_at"":236.47282212066358,""candidate_paths"":[[33,10,34],[33,20,42,34],[33,21,34],[33,34],[33,37,34]],""selected_path"":[33,34]},{""key"":[33,34,22],""started_at"":312.9860590023145,""closed_at"":314.9860590023145,""candidate_paths"":[[33,1,14,34],[33,10,38,34],[33,21,34],[33,37,34],[33,42,34]],""selected_path"":[33,21,34]},{""key"":[33,34,26],""started_at"":357.42295651909427,""closed_at"":359.42295651909427,""candidate_paths"":[[33,7,4,34],[33,17,14,34],[33,21,34],[33,37,34],[33,44,10,34]],""selected_path"":[33,21,34]},{""key"":[33,34,34],""started_at"":451.69579612099574,""closed_at"":453.69579612099574,""candidate_paths"":[[33,18,10,34],[33,21,34],[33,37,34],[33,43,42,34]],""selected_path"":[33,37,34]},{""key"":[33,34,38],""started_at"":512.7903764565077,""closed_at"":514.7903764565077,""candidate_paths"":[[33,1,27,34],[33,21,20,34],[33,21,34],[33,30,34],[33,30,40,34],[33,32,2,34],[33,37,34],[33,42,12,34],[33,43,34]],""selected_path"":[33,21,34]},{""key"":[33,34,42],""started_at"":581.7408413776576,""closed_at"":583.7408413776576,""candidate_paths"":[[33,2,17,34],[33,9,27,34],[33,10,34],[33,13,26,34],[33,13,34],[33,21,34],[33,34]],""selected_path"":[33,34]}]",47,0,4,4,4.7,948c48c71cc7dc83b0c28d1ef96dd5849ba66d86acf8bd5d5f2eeb6db125797b,7,2.75,0,connected-multihop,0.9,2,4,4,2.0,1,1,0,0.88,0.03104575163398693,0,1.0,0.5092026737044983,0.9985663956276044,0.9999930647226376,0.9999999919032022,0.9999999999999403,0.1763265306122449,0.04979591836734694
ett-mesh,27,600.0,47,47,0,0.446809,0.446809,0.0,1.736869,1.623826,1.736869,2.287744,2.431616,21,21,0,1335,40,1295,33,96.03456,35.813836,0.05969,38.029686,149.809116,187.838802,8.944705,4.573074,1.623826,10256,55159,65415,0.156784,45862,0.701093,4897,0,1224,38,25,22,6,41,0,21,0.890635,0.970037,0,0,0.0,-1,0,0,0,icc2027_generalization_stale_fading_short_ttl,50,8250.0,4.0,unicast,poisson,0,25,119,25,"[{""key"":[1,4,1],""candidate_count"":6,""sha256"":""69116c95b6ba1ba1b9012983f6b9a5ff0cfbe6fca09fcabbf1742a36d827b66e""},{""key"":[1,4,5],""candidate_count"":4,""sha256"":""2a0dd0769728ded146a7e7ca5ce11d3185ec783e0eee4b56c75d054419f65d50""},{""key"":[1,4,9],""candidate_count"":5,""sha256"":""7e7baa6316aea8865634ee55c5f200c1be7273a7fde5d40ada8b6d254b70fe94""},{""key"":[1,4,13],""candidate_count"":4,""sha256"":""b3e8fd1c96e24476b673bc9ade9cfbe0eeb849a4d25fb10beed7212f8e7c2307""},{""key"":[1,4,21],""candidate_count"":9,""sha256"":""a42e6706530667467254b59b8ae6f300d4c5abb3872b3578868d711571cdf609""},{""key"":[1,4,25],""candidate_count"":9,""sha256"":""e161cb5529f9fbc7a5283c94cb45331790506319273007c6a23836798b7d62bc""},{""key"":[1,4,33],""candidate_count"":5,""sha256"":""ca36c55b269c9687cfcd0bfda404172338d4c5f5ff6c5344daf340c79ddc6a7e""},{""key"":[1,4,37],""candidate_count"":4,""sha256"":""a6641e862fbc302d8f56cb14eee6adb290ffe746702f4ad445eb299af6a168a0""},{""key"":[2,45,3],""candidate_count"":4,""sha256"":""c11b6447a42305f1a37d8bfe354333b964b78c87f4a3966e8b70f295aa094735""},{""key"":[2,45,7],""candidate_count"":5,""sha256"":""f4838594ecf68fcb6b629813523610a085c9d06616d10cf7c62e9b3b1259d59f""},{""key"":[2,45,11],""candidate_count"":4,""sha256"":""ebb681ddee71d9dc8e80fbb4b1e00b8f517d6f247eef5f7b190fa86210b91776""},{""key"":[2,45,19],""candidate_count"":4,""sha256"":""0f5a4b9769eebc5dda50153bb88840078b37dde08883ed11a04baf3729348bc2""},{""key"":[2,45,23],""candidate_count"":3,""sha256"":""7b27ce2391b338c3ad03a05ee2ff109e450806993f418de7c98370e2a0bc27c7""},{""key"":[2,45,27],""candidate_count"":3,""sha256"":""268f3bd5add5e3e88c92398a69702d0fcb35de06c66d610fa6943eee6a84b69d""},{""key"":[31,21,4],""candidate_count"":4,""sha256"":""f7cd48aa2a812d74af7974d6d3836219616e721f73c4b6c0e64d260b33f9a8eb""},{""key"":[31,21,8],""candidate_count"":2,""sha256"":""739e01091de5d90a06df83be3011233e46a26ce9b0051534f5988166d97f92f7""},{""key"":[33,34,2],""candidate_count"":4,""sha256"":""6a7295bcefdeee4dc20fa181f26346a9a987f9d9fc4aa760440d9207c5365b6b""},{""key"":[33,34,6],""candidate_count"":3,""sha256"":""c9afdc892f5251fcadab2b82d829b37963c1d69d9614606ac9ed3ab1383bba4b""},{""key"":[33,34,10],""candidate_count"":2,""sha256"":""fb43afaa70a3ea7b2ce37779665de9b7becc44c1ff66b2b4c72bb820081fbe7d""},{""key"":[33,34,18],""candidate_count"":5,""sha256"":""78dc678bcd83e900235c6d07214a883fb09e0d5aca9cbc3e2c629266f01769cb""},{""key"":[33,34,22],""candidate_count"":5,""sha256"":""25cba712da489a39497732ad5da77e666acbec87a0192b28642c968accc54aa8""},{""key"":[33,34,26],""candidate_count"":5,""sha256"":""bd887e9ad86810288c180e40d5292985486487e8c4870953574785564288dd6a""},{""key"":[33,34,34],""candidate_count"":4,""sha256"":""de4dc3a52c0633203b3f5b4522bf6f6a9b7cac67e300dd904c062bf6c390b011""},{""key"":[33,34,38],""candidate_count"":9,""sha256"":""18bb8cc85e697d8a891c0cc4e1998e4c99edb732002c6165516e3a92d70f401f""},{""key"":[33,34,42],""candidate_count"":7,""sha256"":""da36c8d4ff55c70cebabd9be33baed173b20126b3b11b86512114b6d7773f9f5""}]","[{""key"":[1,4,1],""started_at"":1.0,""closed_at"":3.0,""candidate_paths"":[[1,9,4],[1,34,4],[1,35,36,4],[1,35,48,4],[1,46,4],[1,47,4]],""selected_path"":[1,9,4]},{""key"":[1,4,5],""started_at"":78.71967383268787,""closed_at"":80.71967383268787,""candidate_paths"":[[1,3,4],[1,10,4],[1,44,48,4],[1,46,4]],""selected_path"":[1,46,4]},{""key"":[1,4,9],""started_at"":163.03613458901566,""closed_at"":165.03613458901566,""candidate_paths"":[[1,0,4],[1,4],[1,5,4],[1,46,4],[1,47,4]],""selected_path"":[1,4]},{""key"":[1,4,13],""started_at"":201.08138967528217,""closed_at"":203.08138967528217,""candidate_paths"":[[1,22,4],[1,33,7,4],[1,44,24,4],[1,46,4]],""selected_path"":[1,46,4]},{""key"":[1,4,21],""started_at"":292.7689210895141,""closed_at"":294.7689210895141,""candidate_paths"":[[1,4],[1,5,4],[1,5,30,4],[1,16,6,4],[1,39,33,4],[1,44,4],[1,44,48,4],[1,46,4],[1,47,4]],""selected_path"":[1,4]},{""key"":[1,4,25],""started_at"":353.12151035370607,""closed_at"":355.12151035370607,""candidate_paths"":[[1,2,16,4],[1,3,4],[1,4],[1,7,4],[1,39,36,4],[1,46,4],[1,47,4],[1,47,5,4],[1,47,30,4]],""selected_path"":[1,4]},{""key"":[1,4,33],""started_at"":444.2362651944075,""closed_at"":446.2362651944075,""candidate_paths"":[[1,32,4],[1,34,4],[1,38,40,4],[1,43,3,4],[1,43,20,4]],""selected_path"":[1,32,4]},{""key"":[1,4,37],""started_at"":508.47458459830153,""closed_at"":510.47458459830153,""candidate_paths"":[[1,4],[1,21,34,4],[1,42,20,4],[1,46,4]],""selected_path"":[1,4]},{""key"":[2,45,3],""started_at"":31.06873098037064,""closed_at"":33.06873098037064,""candidate_paths"":[[2,35,36,45],[2,39,45],[2,44,45],[2,46,40,45]],""selected_path"":[2,39,45]},{""key"":[2,45,7],""started_at"":97.53898941990906,""closed_at"":99.53898941990906,""candidate_paths"":[[2,28,45],[2,33,45],[2,36,45],[2,39,13,45],[2,45]],""selected_path"":[2,45]},{""key"":[2,45,11],""started_at"":198.08174444853796,""closed_at"":200.08174444853796,""candidate_paths"":[[2,18,21,45],[2,44,45],[2,45],[2,48,33,45]],""selected_path"":[2,45]},{""key"":[2,45,19],""started_at"":242.80759940883172,""closed_at"":244.80759940883172,""candidate_paths"":[[2,10,45],[2,45],[2,48,13,45],[2,48,33,45]],""selected_path"":[2,45]},{""key"":[2,45,23],""started_at"":333.1143702053969,""closed_at"":335.1143702053969,""candidate_paths"":[[2,20,45],[2,38,10,45],[2,48,24,45]],""selected_path"":[2,20,45]},{""key"":[2,45,27],""started_at"":367.54594035840586,""closed_at"":369.54594035840586,""candidate_paths"":[[2,33,36,45],[2,33,45],[2,45]],""selected_path"":[2,45]},{""key"":[31,21,4],""started_at"":34.59288215543253,""closed_at"":36.59288215543253,""candidate_paths"":[[31,10,21],[31,21],[31,33,48,21],[31,34,21]],""selected_path"":[31,21]},{""key"":[31,21,8],""started_at"":98.23517714646839,""closed_at"":100.23517714646839,""candidate_paths"":[[31,17,21],[31,17,39,21]],""selected_path"":[31,17,21]},{""key"":[33,34,2],""started_at"":17.8211374466704,""closed_at"":19.8211374466704,""candidate_paths"":[[33,21,26,34],[33,21,34],[33,37,34],[33,38,10,34]],""selected_path"":[33,37,34]},{""key"":[33,34,6],""started_at"":86.38984093262188,""closed_at"":88.38984093262188,""candidate_paths"":[[33,2,25,34],[33,21,34],[33,43,42,34]],""selected_path"":[33,21,34]},{""key"":[33,34,10],""started_at"":195.04939006129212,""closed_at"":197.04939006129212,""candidate_paths"":[[33,36,34],[33,45,34]],""selected_path"":[33,45,34]},{""key"":[33,34,18],""started_at"":234.47282212066358,""closed_at"":236.47282212066358,""candidate_paths"":[[33,10,34],[33,20,42,34],[33,21,34],[33,34],[33,37,34]],""selected_path"":[33,34]},{""key"":[33,34,22],""started_at"":312.9860590023145,""closed_at"":314.9860590023145,""candidate_paths"":[[33,1,14,34],[33,10,38,34],[33,21,34],[33,37,34],[33,42,34]],""selected_path"":[33,21,34]},{""key"":[33,34,26],""started_at"":357.42295651909427,""closed_at"":359.42295651909427,""candidate_paths"":[[33,7,4,34],[33,17,14,34],[33,21,34],[33,37,34],[33,44,10,34]],""selected_path"":[33,21,34]},{""key"":[33,34,34],""started_at"":451.69579612099574,""closed_at"":453.69579612099574,""candidate_paths"":[[33,18,10,34],[33,21,34],[33,37,34],[33,43,42,34]],""selected_path"":[33,37,34]},{""key"":[33,34,38],""started_at"":512.7903764565077,""closed_at"":514.7903764565077,""candidate_paths"":[[33,1,27,34],[33,21,20,34],[33,21,34],[33,30,34],[33,30,40,34],[33,32,2,34],[33,37,34],[33,42,12,34],[33,43,34]],""selected_path"":[33,21,34]},{""key"":[33,34,42],""started_at"":581.7408413776576,""closed_at"":583.7408413776576,""candidate_paths"":[[33,2,17,34],[33,9,27,34],[33,10,34],[33,13,26,34],[33,13,34],[33,21,34],[33,34]],""selected_path"":[33,34]}]",47,0,4,4,4.7,948c48c71cc7dc83b0c28d1ef96dd5849ba66d86acf8bd5d5f2eeb6db125797b,7,2.75,0,connected-multihop,0.9,2,4,4,2.0,1,1,0,0.88,0.03104575163398693,0,1.0,0.5092026737044983,0.9985663956276044,0.9999930647226376,0.9999999919032022,0.9999999999999403,0.1763265306122449,0.04979591836734694
minhop-mesh,27,600.0,47,47,0,0.340426,0.361702,0.0,2.051232,1.837478,2.051232,2.287744,2.431616,17,16,0,1057,26,1031,24,76.036352,28.688742,0.047815,30.110395,118.497106,148.607502,9.287969,4.752272,1.837478,8349,43444,51793,0.161199,35888,0.692912,4251,0,980,27,20,16,3,44,0,16,0.805575,0.975402,0,0,0.0,-1,0,0,0,icc2027_generalization_stale_fading_short_ttl,50,8250.0,4.0,unicast,poisson,0,20,110,20,"[{""key"":[1,4,1],""candidate_count"":5,""sha256"":""2413b0e80eeed0d352a44568c22257889a0513f9bdb27dfc3eaff84960582b29""},{""key"":[1,4,5],""candidate_count"":7,""sha256"":""3e8909c6e7fbe6c32379a65342c2df0cb9e0723d09ef9d42f38587c153a20710""},{""key"":[1,4,9],""candidate_count"":4,""sha256"":""a55a1aa54fd8cc3d8ef56dfbd69e7aa6de259efbd6ef6250e1ab51449ef7e082""},{""key"":[1,4,13],""candidate_count"":8,""sha256"":""b471f06b6acd8609136afc010526a534fa8fb77ab1edabea7a9fe5329a3c9a66""},{""key"":[2,45,3],""candidate_count"":4,""sha256"":""ce5037074efda626789e7add31004f5428ed99b207b08628f7be869764491630""},{""key"":[2,45,7],""candidate_count"":4,""sha256"":""9e5b4f7742b11a3028fa20639c37ca5a2c5d0ca3f95eecb650f5de89f805b9e6""},{""key"":[2,45,11],""candidate_count"":6,""sha256"":""722d2017b509c91889e1630da7d03f1def283422412d76005572817ebf47ddf2""},{""key"":[2,45,19],""candidate_count"":4,""sha256"":""c487dee5022cd04ff19099cadf3102e4cc54ea7bf8363ea0db7a6aa305ab8bb1""},{""key"":[2,45,23],""candidate_count"":2,""sha256"":""4e10a2f9505fb175ddaaea9c89f9219b5b690e64fdc894f987e11cff072507e8""},{""key"":[2,45,27],""candidate_count"":4,""sha256"":""aa101f7a21216d4e9dfd61c02888b11474e81e20b616abe22d3aff11c4a162b6""},{""key"":[2,45,35],""candidate_count"":9,""sha256"":""1ab09820e9bd111ab86fd7fbaa8648c35802ab2b7a755df4d2af108f618d5366""},{""key"":[2,45,39],""candidate_count"":7,""sha256"":""42f03b5d4d4ff9b4b63b550e7a9f92269cf392ed6b88132dabd4d64e3c0a3468""},{""key"":[31,21,4],""candidate_count"":7,""sha256"":""06cc5591974862383f23d32ba1601d28820dfc938f5dba0960e6a072b63babf5""},{""key"":[31,21,8],""candidate_count"":3,""sha256"":""85db4b34bb39dfc0502321ff20474a7085feb952a96f6b1397b79b8396f935a0""},{""key"":[33,34,2],""candidate_count"":6,""sha256"":""6eda0cf0c6d3bfb0702083ccf6cc47c69e88c1c4870f4db6733d3252fa0f82ce""},{""key"":[33,34,6],""candidate_count"":7,""sha256"":""de8758dae90f5e75e5ba76a43a56652faee99b51751325c128e6878c6d847be8""},{""key"":[33,34,10],""candidate_count"":5,""sha256"":""09578c0773e52d6a42f0075df443e690b802afe14f01a973f477c21ce61b1972""},{""key"":[33,34,18],""candidate_count"":6,""sha256"":""66db75b0873f18a9f691c53f633b796250175292d1614d9b59300e7cc8fa646e""},{""key"":[33,34,22],""candidate_count"":6,""sha256"":""cdb0ac806ed1f398872e2d17bffd24d484dcfb63e4d65577525cb91302f39fa6""},{""key"":[33,34,26],""candidate_count"":6,""sha256"":""38e822f705c2744878d3048ce26bf4a5ca6e6493fa863c557ab8f54690f021a2""}]","[{""key"":[1,4,1],""started_at"":1.0,""closed_at"":3.0,""candidate_paths"":[[1,35,30,4],[1,35,36,4],[1,35,48,4],[1,46,4],[1,47,4]],""selected_path"":[1,46,4]},{""key"":[1,4,5],""started_at"":78.71967383268787,""closed_at"":80.71967383268787,""candidate_paths"":[[1,3,4],[1,10,4],[1,40,4],[1,44,45,4],[1,44,48,4],[1,46,4],[1,47,7,4]],""selected_path"":[1,46,4]},{""key"":[1,4,9],""started_at"":163.03613458901566,""closed_at"":165.03613458901566,""candidate_paths"":[[1,4],[1,19,4],[1,46,4],[1,46,33,4]],""selected_path"":[1,4]},{""key"":[1,4,13],""started_at"":201.08138967528217,""closed_at"":203.08138967528217,""candidate_paths"":[[1,0,4],[1,3,4],[1,4],[1,11,4],[1,22,13,4],[1,40,4],[1,46,4],[1,46,47,4]],""selected_path"":[1,4]},{""key"":[2,45,3],""started_at"":31.06873098037064,""closed_at"":33.06873098037064,""candidate_paths"":[[2,39,45],[2,44,45],[2,48,13,45],[2,48,33,45]],""selected_path"":[2,39,45]},{""key"":[2,45,7],""started_at"":97.53898941990906,""closed_at"":99.53898941990906,""candidate_paths"":[[2,4,47,45],[2,28,45],[2,33,45],[2,45]],""selected_path"":[2,45]},{""key"":[2,45,11],""started_at"":198.08174444853796,""closed_at"":200.08174444853796,""candidate_paths"":[[2,10,34,45],[2,38,7,45],[2,38,13,45],[2,40,45],[2,44,45],[2,45]],""selected_path"":[2,45]},{""key"":[2,45,19],""started_at"":242.80759940883172,""closed_at"":244.80759940883172,""candidate_paths"":[[2,10,45],[2,45],[2,46,3,45],[2,48,33,45]],""selected_path"":[2,45]},{""key"":[2,45,23],""started_at"":333.1143702053969,""closed_at"":335.1143702053969,""candidate_paths"":[[2,23,45],[2,44,10,45]],""selected_path"":[2,23,45]},{""key"":[2,45,27],""started_at"":367.54594035840586,""closed_at"":369.54594035840586,""candidate_paths"":[[2,8,13,45],[2,39,36,45],[2,45],[2,46,3,45]],""selected_path"":[2,45]},{""key"":[2,45,35],""started_at"":451.8495945546891,""closed_at"":453.8495945546891,""candidate_paths"":[[2,4,40,45],[2,15,45],[2,17,45],[2,24,13,45],[2,33,45],[2,37,45],[2,44,45],[2,45],[2,48,36,45]],""selected_path"":[2,45]},{""key"":[2,45,39],""started_at"":521.2998807049476,""closed_at"":523.2998807049476,""candidate_paths"":[[2,19,43,45],[2,25,3,45],[2,28,45],[2,32,45],[2,44,45],[2,45],[2,48,45]],""selected_path"":[2,45]},{""key"":[31,21,4],""started_at"":34.59288215543253,""closed_at"":36.59288215543253,""candidate_paths"":[[31,8,21],[31,10,21],[31,21],[31,25,44,21],[31,26,21],[31,35,36,21],[31,37,34,21]],""selected_path"":[31,21]},{""key"":[31,21,8],""started_at"":98.23517714646839,""closed_at"":100.23517714646839,""candidate_paths"":[[31,17,21],[31,17,28,21],[31,17,38,21]],""selected_path"":[31,17,21]},{""key"":[33,34,2],""started_at"":17.8211374466704,""closed_at"":19.8211374466704,""candidate_paths"":[[33,13,34],[33,21,26,34],[33,21,34],[33,22,30,34],[33,37,18,34],[33,38,10,34]],""selected_path"":[33,21,34]},{""key"":[33,34,6],""started_at"":86.38984093262188,""closed_at"":88.38984093262188,""candidate_paths"":[[33,0,6,34],[33,10,34],[33,20,34],[33,21,34],[33,38,26,34],[33,43,34],[33,43,42,34]],""selected_path"":[33,21,34]},{""key"":[33,34,10],""started_at"":195.04939006129212,""closed_at"":197.04939006129212,""candidate_paths"":[[33,3,43,34],[33,10,34],[33,21,34],[33,34],[33,45,34]],""selected_path"":[33,34]},{""key"":[33,34,18],""started_at"":234.47282212066358,""closed_at"":236.47282212066358,""candidate_paths"":[[33,7,47,34],[33,10,34],[33,20,42,34],[33,20,43,34],[33,21,34],[33,34]],""selected_path"":[33,34]},{""key"":[33,34,22],""started_at"":312.9860590023145,""closed_at"":314.9860590023145,""candidate_paths"":[[33,2,41,34],[33,21,34],[33,37,34],[33,44,10,34],[33,44,16,34],[33,46,4,34]],""selected_path"":[33,21,34]},{""key"":[33,34,26],""started_at"":357.42295651909427,""closed_at"":359.42295651909427,""candidate_paths"":[[33,8,34],[33,18,38,34],[33,21,34],[33,23,41,34],[33,34],[33,44,10,34]],""selected_path"":[33,34]}]",47,0,4,4,4.7,948c48c71cc7dc83b0c28d1ef96dd5849ba66d86acf8bd5d5f2eeb6db125797b,7,2.75,0,connected-multihop,0.9,2,4,4,2.0,1,0,0,0.8,0.027551020408163266,0,0.0,0.5092026737044983,0.9985663956276044,0.9999930647226376,0.9999999919032022,0.9999999999999403,0.1763265306122449,0.04979591836734694
meshecho,27,600.0,47,47,0,0.276596,0.297872,0.0,2.007719,1.924955,2.007719,2.287744,2.431616,14,13,0,801,23,778,21,57.620736,21.661302,0.036102,22.817811,89.661987,112.479799,8.652292,4.432364,1.924955,6696,32553,39249,0.170603,26658,0.679202,3126,0,735,22,15,12,3,44,0,11,0.858662,0.971286,0,0,0.0,-1,0,0,0,icc2027_generalization_stale_fading_short_ttl,50,8250.0,4.0,unicast,poisson,0,15,72,15,"[{""key"":[1,4,1],""candidate_count"":5,""sha256"":""2413b0e80eeed0d352a44568c22257889a0513f9bdb27dfc3eaff84960582b29""},{""key"":[1,4,5],""candidate_count"":4,""sha256"":""5452b50685a01e1c00942232b98f6e2bde5432c7bc874c941e2d04ee3b95aa14""},{""key"":[1,4,9],""candidate_count"":4,""sha256"":""15d2b393793804cd6e6fff4d4f18e48eaae835b08d90277eb164e6390509fd89""},{""key"":[1,4,13],""candidate_count"":5,""sha256"":""34f80de89292a37783bf098ade2e04b4c37dc1e0dfc27f768f407b3ad1a56a35""},{""key"":[1,4,21],""candidate_count"":7,""sha256"":""1388f3db4c4e916324b0de3084adff91c86b5859b804e8038230bce87be9bbc3""},{""key"":[1,4,25],""candidate_count"":4,""sha256"":""5ab18aa5de3bab29e45aceab1003b70897f117e5f40444005c1a18829e244f10""},{""key"":[1,4,33],""candidate_count"":9,""sha256"":""c233274f2a1a55eb999d7ec7f41ad21d052ade09d3ae262930655b847fae0be3""},{""key"":[1,4,37],""candidate_count"":6,""sha256"":""c468b72e0b7113266d21872145b6e39a532cb606ca897a04d27a59bd47ccf577""},{""key"":[1,4,41],""candidate_count"":6,""sha256"":""00b28958da4e46976e0c9b54acc9f695d898b3dab865806424a071007bc0d2d4""},{""key"":[2,45,3],""candidate_count"":3,""sha256"":""e3b6eb33ad87f852963897b218c6e8baff6ea41f6fac6b2b8f51598a5039b36f""},{""key"":[2,45,7],""candidate_count"":3,""sha256"":""a9b6e5685a185baa22260a4a4e69d2a102b91be830fd8f599e477a645b17aa73""},{""key"":[31,21,4],""candidate_count"":3,""sha256"":""e20e9ee27f8a446b366478cb63922349286ef3cd0dcfaad054029a28aaa85467""},{""key"":[31,21,8],""candidate_count"":3,""sha256"":""55722369efb10fbbad6222720c98ed2313a98f83a18082521cb7b5fddc502139""},{""key"":[33,34,2],""candidate_count"":2,""sha256"":""744c696236294966dab4456951447ec2f05d67ba06317d928c14fccc256b3735""},{""key"":[33,34,6],""candidate_count"":8,""sha256"":""2c5535c7daed14535fa3e42544a4b06d7071d40b8e5cf8cda66534f81a18709a""}]","[{""key"":[1,4,1],""started_at"":1.0,""closed_at"":3.0,""candidate_paths"":[[1,35,30,4],[1,35,36,4],[1,35,48,4],[1,46,4],[1,47,4]],""selected_path"":[1,46,4]},{""key"":[1,4,5],""started_at"":78.71967383268787,""closed_at"":80.71967383268787,""candidate_paths"":[[1,39,13,4],[1,44,33,4],[1,44,48,4],[1,46,4]],""selected_path"":[1,46,4]},{""key"":[1,4,9],""started_at"":163.03613458901566,""closed_at"":165.03613458901566,""candidate_paths"":[[1,4],[1,46,4],[1,46,20,4],[1,46,34,4]],""selected_path"":[1,4]},{""key"":[1,4,13],""started_at"":201.08138967528217,""closed_at"":203.08138967528217,""candidate_paths"":[[1,3,4],[1,4],[1,44,24,4],[1,46,4],[1,46,47,4]],""selected_path"":[1,46,4]},{""key"":[1,4,21],""started_at"":292.7689210895141,""closed_at"":294.7689210895141,""candidate_paths"":[[1,4],[1,5,4],[1,13,33,4],[1,30,4],[1,35,48,4],[1,40,4],[1,46,4]],""selected_path"":[1,4]},{""key"":[1,4,25],""started_at"":353.12151035370607,""closed_at"":355.12151035370607,""candidate_paths"":[[1,4],[1,7,4],[1,24,4],[1,46,4]],""selected_path"":[1,4]},{""key"":[1,4,33],""started_at"":444.2362651944075,""closed_at"":446.2362651944075,""candidate_paths"":[[1,0,4],[1,0,47,4],[1,4],[1,13,24,4],[1,32,4],[1,34,4],[1,46,4],[1,46,11,4],[1,46,40,4]],""selected_path"":[1,32,4]},{""key"":[1,4,37],""started_at"":508.47458459830153,""closed_at"":510.47458459830153,""candidate_paths"":[[1,4],[1,13,4],[1,21,34,4],[1,40,4],[1,43,26,4],[1,46,4]],""selected_path"":[1,4]},{""key"":[1,4,41],""started_at"":562.3249565781681,""closed_at"":564.3249565781681,""candidate_paths"":[[1,7,4],[1,11,4],[1,23,4],[1,41,43,4],[1,46,4],[1,48,4]],""selected_path"":[1,11,4]},{""key"":[2,45,3],""started_at"":31.06873098037064,""closed_at"":33.06873098037064,""candidate_paths"":[[2,9,33,45],[2,39,13,45],[2,39,45]],""selected_path"":[2,39,45]},{""key"":[2,45,7],""started_at"":97.53898941990906,""closed_at"":99.53898941990906,""candidate_paths"":[[2,23,36,45],[2,33,13,45],[2,45]],""selected_path"":[2,45]},{""key"":[31,21,4],""started_at"":34.59288215543253,""closed_at"":36.59288215543253,""candidate_paths"":[[31,10,21],[31,21],[31,34,21]],""selected_path"":[31,21]},{""key"":[31,21,8],""started_at"":98.23517714646839,""closed_at"":100.23517714646839,""candidate_paths"":[[31,24,25,21],[31,24,33,21],[31,24,39,21]],""selected_path"":[31,24,25,21]},{""key"":[33,34,2],""started_at"":17.8211374466704,""closed_at"":19.8211374466704,""candidate_paths"":[[33,20,26,34],[33,21,34]],""selected_path"":[33,21,34]},{""key"":[33,34,6],""started_at"":86.38984093262188,""closed_at"":88.38984093262188,""candidate_paths"":[[33,3,4,34],[33,10,34],[33,19,34],[33,20,34],[33,21,34],[33,23,14,34],[33,43,34],[33,43,42,34]],""selected_path"":[33,19,34]}]",47,0,4,4,4.7,948c48c71cc7dc83b0c28d1ef96dd5849ba66d86acf8bd5d5f2eeb6db125797b,7,2.75,0,connected-multihop,0.9,2,4,4,2.0,1,1,1,0.8,0.029931972789115645,0,2.0,0.5092026737044983,0.9985663956276044,0.9999930647226376,0.9999999919032022,0.9999999999999403,0.1763265306122449,0.04979591836734694
meshtastic-like,28,600.0,47,47,0,0.574468,1.0,0.0,0.346861,0.480736,0.346861,1.173982,1.271462,47,27,0,677,614,63,63,48.700672,28.902385,0.048171,19.285466,78.781272,98.066738,3.632101,1.803729,0.480736,10421,22752,33173,0.314141,19762,0.595725,6238,2161,0,0,0,0,0,0,0,0,0.0,0.093058,0,0,0.0,-1,0,0,0,icc2027_generalization_stale_fading_short_ttl,50,8250.0,4.0,unicast,poisson,0,0,0,0,[],[],47,0,4,4,4.7,a3f64f90a7dbdfaa4faf2447655fd3dacea393cb8dc48b74c06526d46bdffdb2,7,2.75,0,connected-multihop,0.9,2,4,4,2.0,1,0,0,0.0,0.0,0,0.0,0.5202689761725316,0.9991207252499431,0.9999942539837856,0.9999999885085596,0.9999999999998826,0.156734693877551,0.04897959183673469
meshcore-like,28,600.0,47,47,0,0.255319,0.276596,0.0,2.115083,2.028761,2.115083,2.287744,2.431616,13,12,0,941,20,921,17,67.691776,23.343423,0.038906,26.805943,104.655369,131.461312,10.955109,5.640981,2.028761,6516,39593,46109,0.141317,32354,0.701685,3185,0,882,22,18,14,2,45,0,0,0.0,0.978746,0,0,0.0,-1,0,0,0,icc2027_generalization_stale_fading_short_ttl,50,8250.0,4.0,unicast,poisson,0,18,91,18,"[{""key"":[12,10,2],""candidate_count"":5,""sha256"":""ff2319551b5949e811f3d11ac7a84714f79f008d040e30051e94ebdd49bb3ab6""},{""key"":[12,10,6],""candidate_count"":4,""sha256"":""a4040296d24d90cdc099819c08ee9ee2e7bcb5a13f312a738d4179522c26ea79""},{""key"":[12,10,10],""candidate_count"":3,""sha256"":""9a660e86f17af248dc471add200d9af0d74fc969bf30d35aae5c02f2d2dc103d""},{""key"":[15,45,4],""candidate_count"":7,""sha256"":""2cec0b878af822d22d883eb27a82ede1a23118b8b933eb76d8b775d6c9fbbfa2""},{""key"":[15,45,8],""candidate_count"":5,""sha256"":""ee9f0ca903d1335dca1aaebc769dcaaf1fdd2b66a73eef3950e931ef7f72ce52""},{""key"":[15,45,16],""candidate_count"":7,""sha256"":""d24ea4e9a9890c2ee7fac2ace694584e0d65b0d17bb9a72e8ea8ba360bf0b14d""},{""key"":[15,45,20],""candidate_count"":4,""sha256"":""03765a43660aa57bb010a7d180344f7f33f2782854e44a16a440818f9111a9b8""},{""key"":[15,45,24],""candidate_count"":5,""sha256"":""c6ab635e60ac3c15be7cbefef74b98a9455b7a31327cd804353cfc3af7592ea1""},{""key"":[15,45,28],""candidate_count"":9,""sha256"":""4f50b1db3a44895d1715a7cc8eedd796707c14b1ce2df5a07753d7d6b31dbabb""},{""key"":[15,45,32],""candidate_count"":5,""sha256"":""09611a096d6428db08aacb4acb8461b4bd9f538f8fffa1ed9f87cb223b364064""},{""key"":[16,11,1],""candidate_count"":3,""sha256"":""562c5577c1e05ba57eed07063cd21410ea60165756f6b70f3ec0b7e3796ba4d4""},{""key"":[20,41,3],""candidate_count"":4,""sha256"":""3e81e5e4e8458f044da5a2802f858064cacf1a6826987b72f89d349eb9a1b53b""},{""key"":[20,41,7],""candidate_count"":3,""sha256"":""4f07074898ffe11ed0237c4159474defd2f5117fb63762fa1064d3abce0efb35""},{""key"":[20,41,11],""candidate_count"":5,""sha256"":""96ce59de6627f6160b54f24513e619b02516a3ba96f7d4214ad25d2abd5c16ce""},{""key"":[20,41,19],""candidate_count"":5,""sha256"":""65eb835c0b7a62064bcc7fa792f6307985c80b7deb539d4e628bdff512c6187f""},{""key"":[20,41,23],""candidate_count"":6,""sha256"":""5595d5bcd00ac70e21df66d71888d4d96b6848795d3e7584c59e91a06f485b2b""},{""key"":[20,41,27],""candidate_count"":5,""sha256"":""8d32d67909d72817eb014685ede9d6fbcad6df77bb1cc1f972d594e14b20a350""},{""key"":[20,41,31],""candidate_count"":6,""sha256"":""fd3e871d64ec7cd35922ee1247fde7f9f6393c9f95a7ba1cde555d362b5c2fed""}]","[{""key"":[12,10,2],""started_at"":3.0777534695355917,""closed_at"":5.077753469535592,""candidate_paths"":[[12,35,5,10],[12,35,10],[12,35,39,10],[12,35,48,10],[12,44,36,10]],""selected_path"":[12,35,10]},{""key"":[12,10,6],""started_at"":67.30705275322855,""closed_at"":69.30705275322855,""candidate_paths"":[[12,5,44,10],[12,10],[12,35,10],[12,39,10]],""selected_path"":[12,10]},{""key"":[12,10,10],""started_at"":123.32510823735551,""closed_at"":125.32510823735551,""candidate_paths"":[[12,10],[12,14,10],[12,39,10]],""selected_path"":[12,10]},{""key"":[15,45,4],""started_at"":24.909833348292374,""closed_at"":26.909833348292374,""candidate_paths"":[[15,8,40,45],[15,10,35,45],[15,22,49,45],[15,31,45],[15,33,37,45],[15,42,45],[15,47,45]],""selected_path"":[15,31,45]},{""key"":[15,45,8],""started_at"":112.20859352094877,""closed_at"":114.20859352094877,""candidate_paths"":[[15,2,13,45],[15,31,45],[15,31,47,45],[15,42,45],[15,45]],""selected_path"":[15,45]},{""key"":[15,45,16],""started_at"":158.8190734174559,""closed_at"":160.8190734174559,""candidate_paths"":[[15,0,42,45],[15,2,46,45],[15,17,12,45],[15,31,45],[15,39,35,45],[15,47,45],[15,49,45]],""selected_path"":[15,31,45]},{""key"":[15,45,20],""started_at"":202.51413827260046,""closed_at"":204.51413827260046,""candidate_paths"":[[15,31,45],[15,45],[15,47,45],[15,49,42,45]],""selected_path"":[15,45]},{""key"":[15,45,24],""started_at"":254.57938332083748,""closed_at"":256.57938332083745,""candidate_paths"":[[15,5,14,45],[15,39,25,45],[15,44,45],[15,45],[15,47,45]],""selected_path"":[15,45]},{""key"":[15,45,28],""started_at"":315.9428160391332,""closed_at"":317.9428160391332,""candidate_paths"":[[15,3,45],[15,18,6,45],[15,25,5,45],[15,29,45],[15,35,45],[15,41,14,45],[15,42,45],[15,45],[15,47,45]],""selected_path"":[15,45]},{""key"":[15,45,32],""started_at"":368.6443743624367,""closed_at"":370.6443743624367,""candidate_paths"":[[15,19,10,45],[15,35,45],[15,37,47,45],[15,41,45],[15,45]],""selected_path"":[15,45]},{""key"":[16,11,1],""started_at"":1.0,""closed_at"":3.0,""candidate_paths"":[[16,0,47,11],[16,1,11],[16,11]],""selected_path"":[16,11]},{""key"":[20,41,3],""started_at"":5.594976220449462,""closed_at"":7.594976220449462,""candidate_paths"":[[20,5,41],[20,35,41],[20,39,41],[20,48,41]],""selected_path"":[20,5,41]},{""key"":[20,41,7],""started_at"":72.37980310974851,""closed_at"":74.37980310974851,""candidate_paths"":[[20,2,3,41],[20,15,32,41],[20,41]],""selected_path"":[20,41]},{""key"":[20,41,11],""started_at"":130.29900833503822,""closed_at"":132.29900833503822,""candidate_paths"":[[20,0,41],[20,31,41],[20,35,41],[20,41],[20,42,45,41]],""selected_path"":[20,41]},{""key"":[20,41,19],""started_at"":190.9205828937706,""closed_at"":192.9205828937706,""candidate_paths"":[[20,17,26,41],[20,27,34,41],[20,35,41],[20,41],[20,49,45,41]],""selected_path"":[20,41]},{""key"":[20,41,23],""started_at"":230.03005846065406,""closed_at"":232.03005846065406,""candidate_paths"":[[20,10,41],[20,10,44,41],[20,10,47,41],[20,22,41],[20,35,41],[20,41]],""selected_path"":[20,41]},{""key"":[20,41,27],""started_at"":313.0931069385362,""closed_at"":315.0931069385362,""candidate_paths"":[[20,14,41],[20,24,45,41],[20,31,41],[20,35,41],[20,41]],""selected_path"":[20,41]},{""key"":[20,41,31],""started_at"":351.0697066851137,""closed_at"":353.0697066851137,""candidate_paths"":[[20,5,41],[20,23,28,41],[20,31,41],[20,35,41],[20,41],[20,42,45,41]],""selected_path"":[20,41]}]",47,0,4,4,4.7,a3f64f90a7dbdfaa4faf2447655fd3dacea393cb8dc48b74c06526d46bdffdb2,7,2.75,0,connected-multihop,0.9,2,4,4,2.0,1,0,0,0.7777777777777778,0.024943310657596373,0,0.0,0.5202689761725316,0.9991207252499431,0.9999942539837856,0.9999999885085596,0.9999999999998826,0.156734693877551,0.04897959183673469
etx-mesh,28,600.0,47,47,0,0.12766,0.12766,0.0,2.323712,2.215808,2.323712,2.287744,2.431616,6,6,0,575,11,564,9,41.3632,14.427382,0.024046,16.379827,64.098418,80.478245,13.413041,6.893867,2.215808,3967,24208,28175,0.140799,19892,0.706016,2008,0,539,16,11,7,1,46,0,7,0.407001,0.98087,0,0,0.0,-1,0,0,0,icc2027_generalization_stale_fading_short_ttl,50,8250.0,4.0,unicast,poisson,0,11,63,11,"[{""key"":[12,10,2],""candidate_count"":8,""sha256"":""1d60327b9095b45918488ad379f0aac426306e7b603dc6c2ee5aa1407861367f""},{""key"":[15,45,4],""candidate_count"":6,""sha256"":""284b49ba16289d2b306fe92ee86c1783f120f803d31edc8a9a5b45dcde18fb26""},{""key"":[15,45,8],""candidate_count"":7,""sha256"":""9575c08af795642f903820db70c333859bc4af339d08a892d1b5889d22208ea5""},{""key"":[15,45,16],""candidate_count"":7,""sha256"":""267b88dc149d0f7e5da9b7a7cb60748e26616f65f8fe5e1ecffa46c3beee62f0""},{""key"":[15,45,20],""candidate_count"":7,""sha256"":""e5c154dc0356ed7e8209753ea92ebab7bc9d07a1b893547ba012d563792ab482""},{""key"":[15,45,24],""candidate_count"":3,""sha256"":""df6cd7f6be4c0862e7373a864ced8cf9361fcfe7ee1ad58ce3f5c6613b1ef5d9""},{""key"":[15,45,28],""candidate_count"":8,""sha256"":""6e1d1ed8c641029b91b6ec699786a01260110244ea58db5df07a91198994a839""},{""key"":[15,45,32],""candidate_count"":4,""sha256"":""feedef71c8d29816820efb091f2a427041ce2466b0e18188d53d73e7a97a45e9""},{""key"":[16,11,1],""candidate_count"":3,""sha256"":""562c5577c1e05ba57eed07063cd21410ea60165756f6b70f3ec0b7e3796ba4d4""},{""key"":[20,41,3],""candidate_count"":5,""sha256"":""7f7b47525b61f70b2ab79e4d8de223ef42b93c5f810528dd34ed51294d25f431""},{""key"":[20,41,7],""candidate_count"":5,""sha256"":""e6a34aa931b742f3fdf77bba9f4a78ac4e69f86d1e21d94a927c7b2384e54c0c""}]","[{""key"":[12,10,2],""started_at"":3.0777534695355917,""closed_at"":5.077753469535592,""candidate_paths"":[[12,16,10],[12,20,10],[12,22,10],[12,22,25,10],[12,22,39,10],[12,22,42,10],[12,23,5,10],[12,44,10]],""selected_path"":[12,16,10]},{""key"":[15,45,4],""started_at"":24.909833348292374,""closed_at"":26.909833348292374,""candidate_paths"":[[15,1,40,45],[15,22,49,45],[15,31,45],[15,36,45],[15,42,45],[15,47,45]],""selected_path"":[15,42,45]},{""key"":[15,45,8],""started_at"":112.20859352094877,""closed_at"":114.20859352094877,""candidate_paths"":[[15,1,47,45],[15,1,49,45],[15,25,35,45],[15,31,45],[15,42,45],[15,44,45],[15,45]],""selected_path"":[15,45]},{""key"":[15,45,16],""started_at"":158.8190734174559,""closed_at"":160.8190734174559,""candidate_paths"":[[15,2,44,45],[15,2,45],[15,4,12,45],[15,24,45],[15,31,45],[15,47,42,45],[15,47,45]],""selected_path"":[15,2,45]},{""key"":[15,45,20],""started_at"":202.51413827260046,""closed_at"":204.51413827260046,""candidate_paths"":[[15,5,45],[15,9,42,45],[15,31,45],[15,35,45],[15,44,45],[15,45],[15,47,45]],""selected_path"":[15,45]},{""key"":[15,45,24],""started_at"":254.57938332083748,""closed_at"":256.57938332083745,""candidate_paths"":[[15,25,14,45],[15,31,45],[15,42,45]],""selected_path"":[15,31,45]},{""key"":[15,45,28],""started_at"":315.9428160391332,""closed_at"":317.9428160391332,""candidate_paths"":[[15,3,45],[15,16,6,45],[15,25,5,45],[15,31,45],[15,42,45],[15,44,45],[15,45],[15,47,45]],""selected_path"":[15,45]},{""key"":[15,45,32],""started_at"":368.6443743624367,""closed_at"":370.6443743624367,""candidate_paths"":[[15,3,45],[15,19,10,45],[15,44,45],[15,45]],""selected_path"":[15,45]},{""key"":[16,11,1],""started_at"":1.0,""closed_at"":3.0,""candidate_paths"":[[16,0,47,11],[16,1,11],[16,11]],""selected_path"":[16,1,11]},{""key"":[20,41,3],""started_at"":5.594976220449462,""closed_at"":7.594976220449462,""candidate_paths"":[[20,5,41],[20,10,44,41],[20,14,31,41],[20,47,45,41],[20,48,41]],""selected_path"":[20,48,41]},{""key"":[20,41,7],""started_at"":72.37980310974851,""closed_at"":74.37980310974851,""candidate_paths"":[[20,5,41],[20,22,7,41],[20,31,45,41],[20,39,25,41],[20,41]],""selected_path"":[20,41]}]",47,0,4,4,4.7,a3f64f90a7dbdfaa4faf2447655fd3dacea393cb8dc48b74c06526d46bdffdb2,7,2.75,0,connected-multihop,0.9,2,4,4,2.0,1,0,0,0.6363636363636364,0.029684601113172542,0,0.0,0.5202689761725316,0.9991207252499431,0.9999942539837856,0.9999999885085596,0.9999999999998826,0.156734693877551,0.04897959183673469
ett-mesh,28,600.0,47,47,0,0.12766,0.12766,0.0,2.323712,2.215808,2.323712,2.287744,2.431616,6,6,0,575,11,564,9,41.3632,14.427382,0.024046,16.379827,64.098418,80.478245,13.413041,6.893867,2.215808,3967,24208,28175,0.140799,19892,0.706016,2008,0,539,16,11,7,1,46,0,7,0.898411,0.98087,0,0,0.0,-1,0,0,0,icc2027_generalization_stale_fading_short_ttl,50,8250.0,4.0,unicast,poisson,0,11,63,11,"[{""key"":[12,10,2],""candidate_count"":8,""sha256"":""1d60327b9095b45918488ad379f0aac426306e7b603dc6c2ee5aa1407861367f""},{""key"":[15,45,4],""candidate_count"":6,""sha256"":""284b49ba16289d2b306fe92ee86c1783f120f803d31edc8a9a5b45dcde18fb26""},{""key"":[15,45,8],""candidate_count"":7,""sha256"":""9575c08af795642f903820db70c333859bc4af339d08a892d1b5889d22208ea5""},{""key"":[15,45,16],""candidate_count"":7,""sha256"":""267b88dc149d0f7e5da9b7a7cb60748e26616f65f8fe5e1ecffa46c3beee62f0""},{""key"":[15,45,20],""candidate_count"":7,""sha256"":""e5c154dc0356ed7e8209753ea92ebab7bc9d07a1b893547ba012d563792ab482""},{""key"":[15,45,24],""candidate_count"":3,""sha256"":""df6cd7f6be4c0862e7373a864ced8cf9361fcfe7ee1ad58ce3f5c6613b1ef5d9""},{""key"":[15,45,28],""candidate_count"":8,""sha256"":""6e1d1ed8c641029b91b6ec699786a01260110244ea58db5df07a91198994a839""},{""key"":[15,45,32],""candidate_count"":4,""sha256"":""feedef71c8d29816820efb091f2a427041ce2466b0e18188d53d73e7a97a45e9""},{""key"":[16,11,1],""candidate_count"":3,""sha256"":""562c5577c1e05ba57eed07063cd21410ea60165756f6b70f3ec0b7e3796ba4d4""},{""key"":[20,41,3],""candidate_count"":5,""sha256"":""7f7b47525b61f70b2ab79e4d8de223ef42b93c5f810528dd34ed51294d25f431""},{""key"":[20,41,7],""candidate_count"":5,""sha256"":""e6a34aa931b742f3fdf77bba9f4a78ac4e69f86d1e21d94a927c7b2384e54c0c""}]","[{""key"":[12,10,2],""started_at"":3.0777534695355917,""closed_at"":5.077753469535592,""candidate_paths"":[[12,16,10],[12,20,10],[12,22,10],[12,22,25,10],[12,22,39,10],[12,22,42,10],[12,23,5,10],[12,44,10]],""selected_path"":[12,16,10]},{""key"":[15,45,4],""started_at"":24.909833348292374,""closed_at"":26.909833348292374,""candidate_paths"":[[15,1,40,45],[15,22,49,45],[15,31,45],[15,36,45],[15,42,45],[15,47,45]],""selected_path"":[15,42,45]},{""key"":[15,45,8],""started_at"":112.20859352094877,""closed_at"":114.20859352094877,""candidate_paths"":[[15,1,47,45],[15,1,49,45],[15,25,35,45],[15,31,45],[15,42,45],[15,44,45],[15,45]],""selected_path"":[15,45]},{""key"":[15,45,16],""started_at"":158.8190734174559,""closed_at"":160.8190734174559,""candidate_paths"":[[15,2,44,45],[15,2,45],[15,4,12,45],[15,24,45],[15,31,45],[15,47,42,45],[15,47,45]],""selected_path"":[15,2,45]},{""key"":[15,45,20],""started_at"":202.51413827260046,""closed_at"":204.51413827260046,""candidate_paths"":[[15,5,45],[15,9,42,45],[15,31,45],[15,35,45],[15,44,45],[15,45],[15,47,45]],""selected_path"":[15,45]},{""key"":[15,45,24],""started_at"":254.57938332083748,""closed_at"":256.57938332083745,""candidate_paths"":[[15,25,14,45],[15,31,45],[15,42,45]],""selected_path"":[15,31,45]},{""key"":[15,45,28],""started_at"":315.9428160391332,""closed_at"":317.9428160391332,""candidate_paths"":[[15,3,45],[15,16,6,45],[15,25,5,45],[15,31,45],[15,42,45],[15,44,45],[15,45],[15,47,45]],""selected_path"":[15,45]},{""key"":[15,45,32],""started_at"":368.6443743624367,""closed_at"":370.6443743624367,""candidate_paths"":[[15,3,45],[15,19,10,45],[15,44,45],[15,45]],""selected_path"":[15,45]},{""key"":[16,11,1],""started_at"":1.0,""closed_at"":3.0,""candidate_paths"":[[16,0,47,11],[16,1,11],[16,11]],""selected_path"":[16,1,11]},{""key"":[20,41,3],""started_at"":5.594976220449462,""closed_at"":7.594976220449462,""candidate_paths"":[[20,5,41],[20,10,44,41],[20,14,31,41],[20,47,45,41],[20,48,41]],""selected_path"":[20,48,41]},{""key"":[20,41,7],""started_at"":72.37980310974851,""closed_at"":74.37980310974851,""candidate_paths"":[[20,5,41],[20,22,7,41],[20,31,45,41],[20,39,25,41],[20,41]],""selected_path"":[20,41]}]",47,0,4,4,4.7,a3f64f90a7dbdfaa4faf2447655fd3dacea393cb8dc48b74c06526d46bdffdb2,7,2.75,0,connected-multihop,0.9,2,4,4,2.0,1,0,0,0.6363636363636364,0.029684601113172542,0,0.0,0.5202689761725316,0.9991207252499431,0.9999942539837856,0.9999999885085596,0.9999999999998826,0.156734693877551,0.04897959183673469
minhop-mesh,28,600.0,47,47,0,0.319149,0.340426,0.0,1.935701,1.845304,1.935701,2.287744,2.431616,16,15,0,1067,32,1035,26,76.755712,28.829598,0.048049,30.395262,119.377344,149.772606,9.98484,5.117047,1.845304,8353,43930,52283,0.159765,36173,0.691869,4033,0,980,29,20,17,4,43,0,16,0.804965,0.970009,0,0,0.0,-1,0,0,0,icc2027_generalization_stale_fading_short_ttl,50,8250.0,4.0,unicast,poisson,0,20,102,20,"[{""key"":[12,10,2],""candidate_count"":7,""sha256"":""51d013597a3000386fa2dee14e4698b325334adb56eb205a7da365dca98f4acc""},{""key"":[12,10,6],""candidate_count"":4,""sha256"":""90635f74abde8cfe2d21962d973848fca4ba73c42841d2ed94dac985e894a060""},{""key"":[12,10,10],""candidate_count"":3,""sha256"":""1e1b7e2ab41b18f23383264f0cdb8c1ea6fbd4129661f580463f786cc58771d8""},{""key"":[12,10,18],""candidate_count"":4,""sha256"":""d27e433a43c48a0e4720f34658ef934e3a801ba536fc67405430dc73eb65b1cd""},{""key"":[12,10,22],""candidate_count"":3,""sha256"":""ef7ebaa5b04044477032af62df382f7764ccdfd460b6b35751cd6c784dbae014""},{""key"":[12,10,26],""candidate_count"":3,""sha256"":""ec64e20bca365ae3f5ee1e7da0a9a9eb2ea5cef3c54515f6e4c0f22f513dd80b""},{""key"":[15,45,4],""candidate_count"":7,""sha256"":""9f487a68b49e339fa55358bde8b17dd116d6ccc8007c7195d2808f7cc85af8b9""},{""key"":[15,45,8],""candidate_count"":7,""sha256"":""9fa91bdf0eb63723002a15fbf55999f33326733cd16f1c1aa8554fc7138aca42""},{""key"":[15,45,16],""candidate_count"":6,""sha256"":""f552f2bd5e4572f19dee5bc0b7debbb6bcdb4800ed12bf993170804016692026""},{""key"":[16,11,1],""candidate_count"":5,""sha256"":""4f893db994364d16b77cb00e59329d3c7f76e476c1902f0a3530fa38c484d580""},{""key"":[20,41,3],""candidate_count"":3,""sha256"":""0886dd68df868f922ac888c354de2a1973c49b18e83f2478f2b3ae0cc9272153""},{""key"":[20,41,7],""candidate_count"":7,""sha256"":""b3d0de2d8b45714a5f22282a6eee955b4496ffa85e3c9fc67d40fb58f21c88da""},{""key"":[20,41,11],""candidate_count"":6,""sha256"":""b9c9a4b00f743da7260245a9f3677664d59f10d017d94b5b969a26eaaddc089a""},{""key"":[20,41,19],""candidate_count"":8,""sha256"":""7e1a89c7dbe19f7c80c096d13d51cc47697688dd97ee9658f046ae5d97f8db8f""},{""key"":[20,41,23],""candidate_count"":5,""sha256"":""db72302a8c97c38ab6e6f126a5857729a239c92865149a1516455977f664009b""},{""key"":[20,41,27],""candidate_count"":2,""sha256"":""498cada3b6d3374bcf6ded5faadf696366da7a68d823516857a812022575b839""},{""key"":[20,41,31],""candidate_count"":6,""sha256"":""d71c956612bb12c9add502a687869ce6d6db954e3768830fc916ffaa325c129e""},{""key"":[20,41,35],""candidate_count"":4,""sha256"":""2760b9765a1a71ebba26bb945c053e5688b18a9dc28c388b4f3c72e8ab8f0b2d""},{""key"":[20,41,43],""candidate_count"":6,""sha256"":""0b7fced49899eb4e28da1ff7bf13ccaefb7203202551d704fea3a586f08c8965""},{""key"":[20,41,47],""candidate_count"":6,""sha256"":""89013f66b491e594d2c38f948f641ef9c0584df966f8c841e58f5122675401e4""}]","[{""key"":[12,10,2],""started_at"":3.0777534695355917,""closed_at"":5.077753469535592,""candidate_paths"":[[12,5,10],[12,9,10],[12,25,39,10],[12,27,10],[12,35,10],[12,42,49,10],[12,44,10]],""selected_path"":[12,35,10]},{""key"":[12,10,6],""started_at"":67.30705275322855,""closed_at"":69.30705275322855,""candidate_paths"":[[12,10],[12,35,10],[12,39,10],[12,47,42,10]],""selected_path"":[12,10]},{""key"":[12,10,10],""started_at"":123.32510823735551,""closed_at"":125.32510823735551,""candidate_paths"":[[12,39,10],[12,41,10],[12,45,42,10]],""selected_path"":[12,39,10]},{""key"":[12,10,18],""started_at"":171.23044909065436,""closed_at"":173.23044909065436,""candidate_paths"":[[12,10],[12,21,25,10],[12,21,36,10],[12,39,10]],""selected_path"":[12,10]},{""key"":[12,10,22],""started_at"":225.6138321092118,""closed_at"":227.6138321092118,""candidate_paths"":[[12,9,10],[12,27,1,10],[12,39,10]],""selected_path"":[12,9,10]},{""key"":[12,10,26],""started_at"":298.361905725316,""closed_at"":300.361905725316,""candidate_paths"":[[12,10],[12,11,5,10],[12,27,44,10]],""selected_path"":[12,10]},{""key"":[15,45,4],""started_at"":24.909833348292374,""closed_at"":26.909833348292374,""candidate_paths"":[[15,8,40,45],[15,10,35,45],[15,12,45],[15,31,45],[15,36,45],[15,42,45],[15,47,45]],""selected_path"":[15,47,45]},{""key"":[15,45,8],""started_at"":112.20859352094877,""closed_at"":114.20859352094877,""candidate_paths"":[[15,2,13,45],[15,6,9,45],[15,31,45],[15,31,47,45],[15,41,45],[15,42,45],[15,45]],""selected_path"":[15,45]},{""key"":[15,45,16],""started_at"":158.8190734174559,""closed_at"":160.8190734174559,""candidate_paths"":[[15,0,42,45],[15,31,45],[15,41,5,45],[15,41,35,45],[15,45],[15,47,45]],""selected_path"":[15,45]},{""key"":[16,11,1],""started_at"":1.0,""closed_at"":3.0,""candidate_paths"":[[16,0,47,11],[16,1,11],[16,2,11],[16,11],[16,24,11]],""selected_path"":[16,11]},{""key"":[20,41,3],""started_at"":5.594976220449462,""closed_at"":7.594976220449462,""candidate_paths"":[[20,37,41],[20,39,41],[20,48,41]],""selected_path"":[20,48,41]},{""key"":[20,41,7],""started_at"":72.37980310974851,""closed_at"":74.37980310974851,""candidate_paths"":[[20,14,41],[20,25,41],[20,29,7,41],[20,29,26,41],[20,35,41],[20,41],[20,47,41]],""selected_path"":[20,41]},{""key"":[20,41,11],""started_at"":130.29900833503822,""closed_at"":132.29900833503822,""candidate_paths"":[[20,2,11,41],[20,28,26,41],[20,31,41],[20,35,41],[20,41],[20,42,47,41]],""selected_path"":[20,41]},{""key"":[20,41,19],""started_at"":190.9205828937706,""closed_at"":192.9205828937706,""candidate_paths"":[[20,11,12,41],[20,21,32,41],[20,25,41],[20,31,41],[20,35,41],[20,35,45,41],[20,41],[20,42,47,41]],""selected_path"":[20,41]},{""key"":[20,41,23],""started_at"":230.03005846065406,""closed_at"":232.03005846065406,""candidate_paths"":[[20,14,41],[20,25,41],[20,31,41],[20,35,41],[20,41]],""selected_path"":[20,41]},{""key"":[20,41,27],""started_at"":313.0931069385362,""closed_at"":315.0931069385362,""candidate_paths"":[[20,35,41],[20,47,45,41]],""selected_path"":[20,35,41]},{""key"":[20,41,31],""started_at"":351.0697066851137,""closed_at"":353.0697066851137,""candidate_paths"":[[20,5,41],[20,12,28,41],[20,31,41],[20,35,41],[20,35,45,41],[20,41]],""selected_path"":[20,41]},{""key"":[20,41,35],""started_at"":409.5359906532563,""closed_at"":411.5359906532563,""candidate_paths"":[[20,31,41],[20,35,25,41],[20,35,41],[20,42,44,41]],""selected_path"":[20,35,41]},{""key"":[20,41,43],""started_at"":511.3143496190444,""closed_at"":513.3143496190444,""candidate_paths"":[[20,0,41],[20,4,28,41],[20,31,41],[20,35,41],[20,39,41],[20,48,41]],""selected_path"":[20,35,41]},{""key"":[20,41,47],""started_at"":592.0014565800968,""closed_at"":594.0014565800968,""candidate_paths"":[[20,15,22,41],[20,27,41],[20,36,34,41],[20,39,41],[20,48,2,41],[20,48,41]],""selected_path"":[20,39,41]}]",47,0,4,4,4.7,a3f64f90a7dbdfaa4faf2447655fd3dacea393cb8dc48b74c06526d46bdffdb2,7,2.75,0,connected-multihop,0.9,2,4,4,2.0,1,1,1,0.85,0.02959183673469388,0,2.0,0.5202689761725316,0.9991207252499431,0.9999942539837856,0.9999999885085596,0.9999999999998826,0.156734693877551,0.04897959183673469
meshecho,28,600.0,47,47,0,0.361702,0.382979,0.0,1.960192,1.874482,1.960192,2.287744,2.431616,18,17,0,1121,32,1089,28,80.640256,29.194011,0.048657,31.933541,124.771245,156.704786,9.217929,4.743544,1.874482,8523,46406,54929,0.155164,37720,0.686705,3789,0,1029,32,21,18,4,43,0,17,0.85003,0.971454,0,0,0.0,-1,0,0,0,icc2027_generalization_stale_fading_short_ttl,50,8250.0,4.0,unicast,poisson,0,21,107,21,"[{""key"":[12,10,2],""candidate_count"":8,""sha256"":""3b3bc856505fd532201f45e333dfa5e5b5f9d658bb8620acd65f7b5616baa8ef""},{""key"":[12,10,6],""candidate_count"":5,""sha256"":""54e6ece2bfed255aa903170dd31d35d981d58fafa854b1692e1f27d6ecc6ea6e""},{""key"":[12,10,10],""candidate_count"":6,""sha256"":""621a2479418676c7344fe3e4f4fcfa184c78a5d975b892f67f0f77cd06b99eba""},{""key"":[12,10,18],""candidate_count"":4,""sha256"":""d27e433a43c48a0e4720f34658ef934e3a801ba536fc67405430dc73eb65b1cd""},{""key"":[12,10,22],""candidate_count"":4,""sha256"":""eb2388632b2d2bcfc0adfab7e450d4da2782eea0cdbed6dfb78ad405de999f2d""},{""key"":[12,10,26],""candidate_count"":6,""sha256"":""15034234329e9c31c238beb504440a2c8069336f20d0019b14e6a7e6bd84a9bc""},{""key"":[12,10,34],""candidate_count"":3,""sha256"":""f74d951e305f3ddc4f2b752ec591433c80c71112bdceb66337a0334b985f34c3""},{""key"":[12,10,38],""candidate_count"":4,""sha256"":""1ec9c2ce031632e7eff1cc0b1297d51c2e864c7702e8f6c090c1c40491801ddb""},{""key"":[12,10,42],""candidate_count"":4,""sha256"":""b972e839f88d5abf6f4292af9d778bd96c9a9e4fd6cc5e1bfce57d2b7c612d92""},{""key"":[12,10,46],""candidate_count"":6,""sha256"":""9a58496d11797b78c648d4d88441bbe95de86bab475c7d90b8fe71c5d67309a5""},{""key"":[15,45,4],""candidate_count"":5,""sha256"":""fb925d8f6bf011423c929c10ed9f76eacfd400214568a0dbad67e6999493dfe2""},{""key"":[15,45,8],""candidate_count"":9,""sha256"":""74c9b23d6f7257726f3a5b4bdffca8ca64300b41e22468296a8178c70a07c44f""},{""key"":[15,45,16],""candidate_count"":8,""sha256"":""f096639643fd46cb4e2529c43d7f3abbbfe7f68fe1f005a0bd2630a1527b3ff6""},{""key"":[15,45,20],""candidate_count"":4,""sha256"":""6021a89cffbbe7cbbc7ead0c450a088f44864a270b636386a9c93efbd45046a4""},{""key"":[15,45,24],""candidate_count"":3,""sha256"":""53a837812b7f9dc0bd2cd10573bc6602f47c2ebbcda7e66fb24eaa20ea15d0ec""},{""key"":[15,45,28],""candidate_count"":4,""sha256"":""cf7e555b92138666973505b09bcc20953a7eb999fc10f8ac415e883f3b7a29ab""},{""key"":[16,11,1],""candidate_count"":4,""sha256"":""7f55d1d738d85d5a3ee9f73590c5fb7b5b8dc6609df1ae16f670194cbeb48c9c""},{""key"":[20,41,3],""candidate_count"":6,""sha256"":""367e293b99c2d35d86a612378966987dec9238d4477f3db3af9853b27e303f8a""},{""key"":[20,41,7],""candidate_count"":3,""sha256"":""68d2bfb497679b9b784f376a5091a138cff3c7a796acbe41766e59951f3ab929""},{""key"":[20,41,11],""candidate_count"":6,""sha256"":""4aa73c852aec22dbfe25acef8a1016ac7dea6b4f645015323ebfe821660f0266""},{""key"":[20,41,19],""candidate_count"":5,""sha256"":""c8b0d793d81bb3bab28bb97824d15fe9cc0f76061c5b4e20c3bcbd416cea65a9""}]","[{""key"":[12,10,2],""started_at"":3.0777534695355917,""closed_at"":5.077753469535592,""candidate_paths"":[[12,16,10],[12,20,10],[12,20,33,10],[12,22,10],[12,22,25,10],[12,22,39,10],[12,23,5,10],[12,44,10]],""selected_path"":[12,22,10]},{""key"":[12,10,6],""started_at"":67.30705275322855,""closed_at"":69.30705275322855,""candidate_paths"":[[12,9,6,10],[12,10],[12,35,10],[12,39,10],[12,41,10]],""selected_path"":[12,10]},{""key"":[12,10,10],""started_at"":123.32510823735551,""closed_at"":125.32510823735551,""candidate_paths"":[[12,10],[12,14,10],[12,21,10],[12,39,10],[12,39,25,10],[12,41,10]],""selected_path"":[12,39,10]},{""key"":[12,10,18],""started_at"":171.23044909065436,""closed_at"":173.23044909065436,""candidate_paths"":[[12,10],[12,21,25,10],[12,21,36,10],[12,39,10]],""selected_path"":[12,39,10]},{""key"":[12,10,22],""started_at"":225.6138321092118,""closed_at"":227.6138321092118,""candidate_paths"":[[12,9,10],[12,10],[12,36,33,10],[12,39,10]],""selected_path"":[12,9,10]},{""key"":[12,10,26],""started_at"":298.361905725316,""closed_at"":300.361905725316,""candidate_paths"":[[12,10],[12,22,9,10],[12,25,5,10],[12,35,33,10],[12,35,41,10],[12,47,10]],""selected_path"":[12,10]},{""key"":[12,10,34],""started_at"":398.6676233502878,""closed_at"":400.6676233502878,""candidate_paths"":[[12,2,11,10],[12,19,10],[12,42,48,10]],""selected_path"":[12,19,10]},{""key"":[12,10,38],""started_at"":438.2758936082153,""closed_at"":440.2758936082153,""candidate_paths"":[[12,0,48,10],[12,3,49,10],[12,10],[12,20,9,10]],""selected_path"":[12,10]},{""key"":[12,10,42],""started_at"":498.4574414929478,""closed_at"":500.4574414929478,""candidate_paths"":[[12,9,10],[12,10],[12,25,10],[12,39,10]],""selected_path"":[12,10]},{""key"":[12,10,46],""started_at"":580.949971172887,""closed_at"":582.949971172887,""candidate_paths"":[[12,9,10],[12,11,10],[12,35,10],[12,35,14,10],[12,35,25,10],[12,35,39,10]],""selected_path"":[12,35,10]},{""key"":[15,45,4],""started_at"":24.909833348292374,""closed_at"":26.909833348292374,""candidate_paths"":[[15,1,40,45],[15,12,45],[15,42,45],[15,47,44,45],[15,47,45]],""selected_path"":[15,47,45]},{""key"":[15,45,8],""started_at"":112.20859352094877,""closed_at"":114.20859352094877,""candidate_paths"":[[15,3,45],[15,31,45],[15,39,45],[15,41,35,45],[15,42,45],[15,44,14,45],[15,44,45],[15,44,47,45],[15,45]],""selected_path"":[15,45]},{""key"":[15,45,16],""started_at"":158.8190734174559,""closed_at"":160.8190734174559,""candidate_paths"":[[15,0,42,45],[15,2,46,45],[15,18,14,45],[15,25,5,45],[15,31,45],[15,35,45],[15,38,37,45],[15,47,45]],""selected_path"":[15,47,45]},{""key"":[15,45,20],""started_at"":202.51413827260046,""closed_at"":204.51413827260046,""candidate_paths"":[[15,31,45],[15,45],[15,47,42,45],[15,47,45]],""selected_path"":[15,45]},{""key"":[15,45,24],""started_at"":254.57938332083748,""closed_at"":256.57938332083745,""candidate_paths"":[[15,25,14,45],[15,42,45],[15,44,45]],""selected_path"":[15,42,45]},{""key"":[15,45,28],""started_at"":315.9428160391332,""closed_at"":317.9428160391332,""candidate_paths"":[[15,3,45],[15,31,45],[15,35,45],[15,45]],""selected_path"":[15,45]},{""key"":[16,11,1],""started_at"":1.0,""closed_at"":3.0,""candidate_paths"":[[16,1,11],[16,2,11],[16,11],[16,24,11]],""selected_path"":[16,1,11]},{""key"":[20,41,3],""started_at"":5.594976220449462,""closed_at"":7.594976220449462,""candidate_paths"":[[20,1,24,41],[20,5,41],[20,35,41],[20,39,41],[20,47,45,31,41],[20,48,41]],""selected_path"":[20,48,41]},{""key"":[20,41,7],""started_at"":72.37980310974851,""closed_at"":74.37980310974851,""candidate_paths"":[[20,4,28,41],[20,14,41],[20,41]],""selected_path"":[20,41]},{""key"":[20,41,11],""started_at"":130.29900833503822,""closed_at"":132.29900833503822,""candidate_paths"":[[20,2,11,41],[20,7,22,41],[20,31,41],[20,35,41],[20,41],[20,42,45,41]],""selected_path"":[20,41]},{""key"":[20,41,19],""started_at"":190.9205828937706,""closed_at"":192.9205828937706,""candidate_paths"":[[20,5,44,41],[20,14,41],[20,14,45,41],[20,35,41],[20,41]],""selected_path"":[20,41]}]",47,0,4,4,4.7,a3f64f90a7dbdfaa4faf2447655fd3dacea393cb8dc48b74c06526d46bdffdb2,7,2.75,0,connected-multihop,0.9,2,4,4,2.0,1,1,1,0.8571428571428571,0.031098153547133137,0,2.0,0.5202689761725316,0.9991207252499431,0.9999942539837856,0.9999999885085596,0.9999999999998826,0.156734693877551,0.04897959183673469
meshtastic-like,29,600.0,33,33,0,0.484848,1.0,0.0,0.578237,0.738841,0.578237,1.398344,1.51198,33,16,0,487,440,47,47,35.032832,20.0841,0.033473,13.873001,56.66041,70.533411,4.408338,2.189552,0.738841,7150,16713,23863,0.299627,14609,0.612203,4389,1517,0,0,0,0,0,0,0,0,0.0,0.096509,0,0,0.0,-1,0,0,0,icc2027_generalization_stale_fading_short_ttl,50,8250.0,4.0,unicast,poisson,0,0,0,0,[],[],33,0,4,4,3.3,e0302d9d36ddc4110398c76cb800b397988c62d42c5ecacceae70c0fae68a32a,7,2.75,0,connected-multihop,0.9,2,4,4,2.0,1,0,0,0.0,0.0,0,0.0,0.7052885499509026,0.99886877936693,0.9999934630056581,0.999999991165433,0.9999999999999857,0.156734693877551,0.04
meshcore-like,29,600.0,33,33,0,0.121212,0.121212,0.0,2.377664,2.251776,2.377664,2.287744,2.431616,4,4,0,418,7,411,7,30.069248,10.558577,0.017598,11.907422,46.447208,58.35463,14.588657,7.517312,2.251776,3037,17445,20482,0.148277,14214,0.693975,1610,0,392,12,8,4,0,33,0,0,0.0,0.983254,0,0,0.0,-1,0,0,0,icc2027_generalization_stale_fading_short_ttl,50,8250.0,4.0,unicast,poisson,0,8,40,8,"[{""key"":[4,2,1],""candidate_count"":5,""sha256"":""0dbb3baa276697c279c54cd1cca258e5d37c0950d09de8bee59df88c9001219d""},{""key"":[4,2,5],""candidate_count"":3,""sha256"":""d200d98588c70f7d9b5ae1d21e78ea1e940b11dbbac5ccdae1397011da165455""},{""key"":[4,2,9],""candidate_count"":4,""sha256"":""ac0654e3a3a82a4e94d46e2f6e83f658f724cb48250e7a8a9ed7d3ccd4c1d2f6""},{""key"":[4,2,13],""candidate_count"":2,""sha256"":""6bccc51d2f3d99e43397c15b90b15dceb5b149cf8047412b6b3ef6a996e0ad11""},{""key"":[43,46,3],""candidate_count"":7,""sha256"":""459a86f096da778c575d1a3a4e1a976305f900ff0fe79926acea587de8e193be""},{""key"":[48,26,2],""candidate_count"":3,""sha256"":""2d9b83808200aff7fe68a77a17e488f51579f3fe5b51a7389d75336f0c2cd00e""},{""key"":[48,45,4],""candidate_count"":6,""sha256"":""375c946c3ccf673d441acd20714ca2905f94ea7ac862a8b35df0298b666b6f25""},{""key"":[48,45,8],""candidate_count"":10,""sha256"":""62bb9525f740f0323b039958b4bd78fa20e0cea7ded3550c155cf25f298ba3ff""}]","[{""key"":[4,2,1],""started_at"":1.0,""closed_at"":3.0,""candidate_paths"":[[4,2],[4,14,2],[4,30,2],[4,32,2],[4,49,29,2]],""selected_path"":[4,2]},{""key"":[4,2,5],""started_at"":131.11283740527844,""closed_at"":133.11283740527844,""candidate_paths"":[[4,29,2],[4,32,2],[4,32,12,2]],""selected_path"":[4,29,2]},{""key"":[4,2,9],""started_at"":185.47810823456973,""closed_at"":187.47810823456973,""candidate_paths"":[[4,20,24,2],[4,29,2],[4,30,12,2],[4,37,40,2]],""selected_path"":[4,29,2]},{""key"":[4,2,13],""started_at"":323.33875183351466,""closed_at"":325.33875183351466,""candidate_paths"":[[4,22,16,2],[4,23,28,2]],""selected_path"":[4,22,16,2]},{""key"":[43,46,3],""started_at"":57.70716062299107,""closed_at"":59.70716062299107,""candidate_paths"":[[43,3,46],[43,7,46],[43,13,27,46],[43,13,46],[43,28,46],[43,45,46],[43,46]],""selected_path"":[43,46]},{""key"":[48,26,2],""started_at"":37.295187005931595,""closed_at"":39.295187005931595,""candidate_paths"":[[48,27,46,26],[48,33,12,26],[48,34,26]],""selected_path"":[48,34,26]},{""key"":[48,45,4],""started_at"":120.74387474594599,""closed_at"":122.74387474594599,""candidate_paths"":[[48,8,36,45],[48,13,45],[48,23,45],[48,27,45],[48,30,12,45],[48,46,45]],""selected_path"":[48,13,45]},{""key"":[48,45,8],""started_at"":183.37939183238257,""closed_at"":185.37939183238257,""candidate_paths"":[[48,1,11,45],[48,6,45],[48,13,45],[48,26,23,45],[48,26,45],[48,28,45],[48,31,5,45],[48,36,38,45],[48,45],[48,46,45]],""selected_path"":[48,45]}]",33,0,4,4,3.3,e0302d9d36ddc4110398c76cb800b397988c62d42c5ecacceae70c0fae68a32a,7,2.75,0,connected-multihop,0.9,2,4,4,2.0,1,0,0,0.5,0.030612244897959183,0,0.0,0.7052885499509026,0.99886877936693,0.9999934630056581,0.999999991165433,0.9999999999999857,0.156734693877551,0.04
etx-mesh,29,600.0,33,33,0,0.090909,0.090909,0.0,2.35968,2.239787,2.35968,2.287744,2.431616,3,3,0,364,5,359,5,26.184704,9.470994,0.015785,10.369143,40.608298,50.977441,16.99248,8.728235,2.239787,2555,15281,17836,0.14325,12647,0.709072,1409,0,343,11,7,3,0,33,0,3,0.374242,0.986264,0,0,0.0,-1,0,0,0,icc2027_generalization_stale_fading_short_ttl,50,8250.0,4.0,unicast,poisson,0,7,37,7,"[{""key"":[4,2,1],""candidate_count"":5,""sha256"":""0dbb3baa276697c279c54cd1cca258e5d37c0950d09de8bee59df88c9001219d""},{""key"":[4,2,5],""candidate_count"":3,""sha256"":""d200d98588c70f7d9b5ae1d21e78ea1e940b11dbbac5ccdae1397011da165455""},{""key"":[4,2,9],""candidate_count"":3,""sha256"":""e47bdce9cfb751ab9aaf5a5547d9f8cae074d72d5741e2961fe24bda060f2f00""},{""key"":[43,46,3],""candidate_count"":7,""sha256"":""459a86f096da778c575d1a3a4e1a976305f900ff0fe79926acea587de8e193be""},{""key"":[48,26,2],""candidate_count"":3,""sha256"":""2d9b83808200aff7fe68a77a17e488f51579f3fe5b51a7389d75336f0c2cd00e""},{""key"":[48,45,4],""candidate_count"":6,""sha256"":""375c946c3ccf673d441acd20714ca2905f94ea7ac862a8b35df0298b666b6f25""},{""key"":[48,45,8],""candidate_count"":10,""sha256"":""62bb9525f740f0323b039958b4bd78fa20e0cea7ded3550c155cf25f298ba3ff""}]","[{""key"":[4,2,1],""started_at"":1.0,""closed_at"":3.0,""candidate_paths"":[[4,2],[4,14,2],[4,30,2],[4,32,2],[4,49,29,2]],""selected_path"":[4,2]},{""key"":[4,2,5],""started_at"":131.11283740527844,""closed_at"":133.11283740527844,""candidate_paths"":[[4,29,2],[4,32,2],[4,32,12,2]],""selected_path"":[4,32,2]},{""key"":[4,2,9],""started_at"":185.47810823456973,""closed_at"":187.47810823456973,""candidate_paths"":[[4,35,28,2],[4,36,46,2],[4,42,29,2]],""selected_path"":[4,36,46,2]},{""key"":[43,46,3],""started_at"":57.70716062299107,""closed_at"":59.70716062299107,""candidate_paths"":[[43,3,46],[43,7,46],[43,13,27,46],[43,13,46],[43,28,46],[43,45,46],[43,46]],""selected_path"":[43,46]},{""key"":[48,26,2],""started_at"":37.295187005931595,""closed_at"":39.295187005931595,""candidate_paths"":[[48,27,46,26],[48,33,12,26],[48,34,26]],""selected_path"":[48,34,26]},{""key"":[48,45,4],""started_at"":120.74387474594599,""closed_at"":122.74387474594599,""candidate_paths"":[[48,8,36,45],[48,13,45],[48,23,45],[48,27,45],[48,30,12,45],[48,46,45]],""selected_path"":[48,13,45]},{""key"":[48,45,8],""started_at"":183.37939183238257,""closed_at"":185.37939183238257,""candidate_paths"":[[48,1,11,45],[48,6,45],[48,13,45],[48,26,23,45],[48,26,45],[48,28,45],[48,31,5,45],[48,36,38,45],[48,45],[48,46,45]],""selected_path"":[48,46,45]}]",33,0,4,4,3.3,e0302d9d36ddc4110398c76cb800b397988c62d42c5ecacceae70c0fae68a32a,7,2.75,0,connected-multihop,0.9,2,4,4,2.0,1,0,0,0.42857142857142855,0.03206997084548105,0,0.0,0.7052885499509026,0.99886877936693,0.9999934630056581,0.999999991165433,0.9999999999999857,0.156734693877551,0.04
ett-mesh,29,600.0,33,33,0,0.090909,0.090909,0.0,2.35968,2.239787,2.35968,2.287744,2.431616,3,3,0,364,5,359,5,26.184704,9.470994,0.015785,10.369143,40.608298,50.977441,16.99248,8.728235,2.239787,2555,15281,17836,0.14325,12647,0.709072,1409,0,343,11,7,3,0,33,0,3,0.886356,0.986264,0,0,0.0,-1,0,0,0,icc2027_generalization_stale_fading_short_ttl,50,8250.0,4.0,unicast,poisson,0,7,37,7,"[{""key"":[4,2,1],""candidate_count"":5,""sha256"":""0dbb3baa276697c279c54cd1cca258e5d37c0950d09de8bee59df88c9001219d""},{""key"":[4,2,5],""candidate_count"":3,""sha256"":""d200d98588c70f7d9b5ae1d21e78ea1e940b11dbbac5ccdae1397011da165455""},{""key"":[4,2,9],""candidate_count"":3,""sha256"":""e47bdce9cfb751ab9aaf5a5547d9f8cae074d72d5741e2961fe24bda060f2f00""},{""key"":[43,46,3],""candidate_count"":7,""sha256"":""459a86f096da778c575d1a3a4e1a976305f900ff0fe79926acea587de8e193be""},{""key"":[48,26,2],""candidate_count"":3,""sha256"":""2d9b83808200aff7fe68a77a17e488f51579f3fe5b51a7389d75336f0c2cd00e""},{""key"":[48,45,4],""candidate_count"":6,""sha256"":""375c946c3ccf673d441acd20714ca2905f94ea7ac862a8b35df0298b666b6f25""},{""key"":[48,45,8],""candidate_count"":10,""sha256"":""62bb9525f740f0323b039958b4bd78fa20e0cea7ded3550c155cf25f298ba3ff""}]","[{""key"":[4,2,1],""started_at"":1.0,""closed_at"":3.0,""candidate_paths"":[[4,2],[4,14,2],[4,30,2],[4,32,2],[4,49,29,2]],""selected_path"":[4,2]},{""key"":[4,2,5],""started_at"":131.11283740527844,""closed_at"":133.11283740527844,""candidate_paths"":[[4,29,2],[4,32,2],[4,32,12,2]],""selected_path"":[4,32,2]},{""key"":[4,2,9],""started_at"":185.47810823456973,""closed_at"":187.47810823456973,""candidate_paths"":[[4,35,28,2],[4,36,46,2],[4,42,29,2]],""selected_path"":[4,36,46,2]},{""key"":[43,46,3],""started_at"":57.70716062299107,""closed_at"":59.70716062299107,""candidate_paths"":[[43,3,46],[43,7,46],[43,13,27,46],[43,13,46],[43,28,46],[43,45,46],[43,46]],""selected_path"":[43,46]},{""key"":[48,26,2],""started_at"":37.295187005931595,""closed_at"":39.295187005931595,""candidate_paths"":[[48,27,46,26],[48,33,12,26],[48,34,26]],""selected_path"":[48,34,26]},{""key"":[48,45,4],""started_at"":120.74387474594599,""closed_at"":122.74387474594599,""candidate_paths"":[[48,8,36,45],[48,13,45],[48,23,45],[48,27,45],[48,30,12,45],[48,46,45]],""selected_path"":[48,13,45]},{""key"":[48,45,8],""started_at"":183.37939183238257,""closed_at"":185.37939183238257,""candidate_paths"":[[48,1,11,45],[48,6,45],[48,13,45],[48,26,23,45],[48,26,45],[48,28,45],[48,31,5,45],[48,36,38,45],[48,45],[48,46,45]],""selected_path"":[48,46,45]}]",33,0,4,4,3.3,e0302d9d36ddc4110398c76cb800b397988c62d42c5ecacceae70c0fae68a32a,7,2.75,0,connected-multihop,0.9,2,4,4,2.0,1,0,0,0.42857142857142855,0.03206997084548105,0,0.0,0.7052885499509026,0.99886877936693,0.9999934630056581,0.999999991165433,0.9999999999999857,0.156734693877551,0.04
minhop-mesh,29,600.0,33,33,0,0.181818,0.181818,0.0,2.323712,2.215808,2.323712,2.287744,2.431616,6,6,0,574,10,564,9,41.291264,15.688463,0.026147,16.351341,64.567878,80.919219,13.486536,6.881877,2.215808,4360,23766,28126,0.155017,19952,0.709379,2482,0,539,16,11,7,0,33,0,7,0.876107,0.982578,0,0,0.0,-1,0,0,0,icc2027_generalization_stale_fading_short_ttl,50,8250.0,4.0,unicast,poisson,0,11,66,11,"[{""key"":[4,2,1],""candidate_count"":4,""sha256"":""379558470b6d725040bea85998172c1c93cecd5b7425ccc5a44764fcc64c9efa""},{""key"":[4,2,5],""candidate_count"":3,""sha256"":""3f6d00be21359536fad8df62627bd6815c7bfa531a17b7070a1188864ce05940""},{""key"":[4,2,9],""candidate_count"":7,""sha256"":""ccc9d7c886196f1a1dac1280a03a97416d31168127e9e55e1c46c824d38ce2bb""},{""key"":[43,46,3],""candidate_count"":7,""sha256"":""929dd4fc5e4654ba88b4ae4add84586ef5661f4953372f78c8cb406a34efb879""},{""key"":[43,46,7],""candidate_count"":9,""sha256"":""4e473189dc75b9a6b3c115b30e4da997c9454b49b1bf698d00e8602be8628dd0""},{""key"":[48,26,2],""candidate_count"":2,""sha256"":""88d30dfba4ee61c0bea2d81c619b31617cded24eddabc013ecc80bade605e79e""},{""key"":[48,26,6],""candidate_count"":8,""sha256"":""f16858713e426bfa3e4c622d9dcd6e2e7a9bdcc4bbd4fbc343e3017c34adec81""},{""key"":[48,26,10],""candidate_count"":7,""sha256"":""088cd253d3afb7fdf69bd30856aedef142078759cf1138939a2b85083af655b2""},{""key"":[48,26,14],""candidate_count"":4,""sha256"":""2d672711a5d4afde95c4bc9937f3a26336f99af28d9072eb6054601f4901109f""},{""key"":[48,45,4],""candidate_count"":7,""sha256"":""7df55d7f5b5aa407ba397bc6c59638554c48d8fa046f92b2d5aece968da89283""},{""key"":[48,45,8],""candidate_count"":8,""sha256"":""05c36d2dc9fa2687bcca1c503d7973b7487ae69421ebc887d23b080b8e568cbe""}]","[{""key"":[4,2,1],""started_at"":1.0,""closed_at"":3.0,""candidate_paths"":[[4,2],[4,14,2],[4,30,2],[4,49,29,2]],""selected_path"":[4,2]},{""key"":[4,2,5],""started_at"":131.11283740527844,""closed_at"":133.11283740527844,""candidate_paths"":[[4,29,2],[4,37,2],[4,46,45,2]],""selected_path"":[4,29,2]},{""key"":[4,2,9],""started_at"":185.47810823456973,""closed_at"":187.47810823456973,""candidate_paths"":[[4,5,29,2],[4,17,2],[4,41,2],[4,41,32,2],[4,42,2],[4,44,2],[4,44,26,2]],""selected_path"":[4,17,2]},{""key"":[43,46,3],""started_at"":57.70716062299107,""closed_at"":59.70716062299107,""candidate_paths"":[[43,13,46],[43,14,46],[43,25,1,46],[43,25,46],[43,36,46],[43,45,46],[43,46]],""selected_path"":[43,46]},{""key"":[43,46,7],""started_at"":166.99521213700473,""closed_at"":168.99521213700473,""candidate_paths"":[[43,5,10,46],[43,7,46],[43,20,18,46],[43,27,14,46],[43,32,17,46],[43,34,46],[43,45,46],[43,46],[43,47,46]],""selected_path"":[43,46]},{""key"":[48,26,2],""started_at"":37.295187005931595,""closed_at"":39.295187005931595,""candidate_paths"":[[48,23,26],[48,28,26]],""selected_path"":[48,28,26]},{""key"":[48,26,6],""started_at"":160.81509979272283,""closed_at"":162.81509979272283,""candidate_paths"":[[48,3,26],[48,3,29,26],[48,5,26],[48,26],[48,28,26],[48,30,12,26],[48,46,26],[48,46,45,26]],""selected_path"":[48,26]},{""key"":[48,26,10],""started_at"":205.65871577278045,""closed_at"":207.65871577278045,""candidate_paths"":[[48,7,11,26],[48,7,26],[48,23,26],[48,26],[48,28,26],[48,28,45,26],[48,34,26]],""selected_path"":[48,26]},{""key"":[48,26,14],""started_at"":325.0415250358992,""closed_at"":327.0415250358992,""candidate_paths"":[[48,28,26],[48,34,26],[48,34,46,26],[48,45,26]],""selected_path"":[48,45,26]},{""key"":[48,45,4],""started_at"":120.74387474594599,""closed_at"":122.74387474594599,""candidate_paths"":[[48,2,45],[48,3,36,45],[48,23,45],[48,26,45],[48,32,12,45],[48,32,45],[48,46,45]],""selected_path"":[48,23,45]},{""key"":[48,45,8],""started_at"":183.37939183238257,""closed_at"":185.37939183238257,""candidate_paths"":[[48,4,45],[48,13,11,45],[48,13,45],[48,27,23,45],[48,27,45],[48,36,37,45],[48,36,38,45],[48,46,45]],""selected_path"":[48,13,45]}]",33,0,4,4,3.3,e0302d9d36ddc4110398c76cb800b397988c62d42c5ecacceae70c0fae68a32a,7,2.75,0,connected-multihop,0.9,2,4,4,2.0,1,0,0,0.6363636363636364,0.029684601113172542,0,0.0,0.7052885499509026,0.99886877936693,0.9999934630056581,0.999999991165433,0.9999999999999857,0.156734693877551,0.04
meshecho,29,600.0,33,33,0,0.272727,0.272727,0.0,2.169429,2.03355,2.169429,2.374067,2.561101,9,9,0,747,20,727,17,53.736192,21.209596,0.035349,21.279532,83.947778,105.22731,11.691923,5.970688,2.03355,6281,30322,36603,0.171598,25189,0.688168,3183,0,686,24,14,11,1,32,0,10,0.831201,0.973226,0,0,0.0,-1,0,0,0,icc2027_generalization_stale_fading_short_ttl,50,8250.0,4.0,unicast,poisson,0,14,88,14,"[{""key"":[4,2,1],""candidate_count"":5,""sha256"":""377909a09c7aadea445c8112544162711f85d0d384405b72075eb64884f766c7""},{""key"":[4,2,5],""candidate_count"":3,""sha256"":""d200d98588c70f7d9b5ae1d21e78ea1e940b11dbbac5ccdae1397011da165455""},{""key"":[4,2,9],""candidate_count"":3,""sha256"":""2d0aac55b09ab68d0c46ada95e49a02d13c0ea674fd207eb68b795c0bae4326a""},{""key"":[43,46,3],""candidate_count"":8,""sha256"":""d3b5a3cf590cecb4a07463961e8fc2efae3dba3dee063ada7a1538663e6ef454""},{""key"":[43,46,7],""candidate_count"":8,""sha256"":""a14b28fffa6cf2b73c2b517439e3208b46f02cfcba8f7545f0d4f3f60c8c1a0e""},{""key"":[43,46,11],""candidate_count"":8,""sha256"":""229da96480dcd9f615d52ea0a9018d3146fbcc97d7f3460c0a04bc3542b29c95""},{""key"":[43,46,15],""candidate_count"":4,""sha256"":""02a26422b0cac6cb32369cfaf6f3abe0a41fdf34f43da1ab2f37d004584e3f58""},{""key"":[43,46,19],""candidate_count"":4,""sha256"":""531a2a55149349e6758e38db6f59088f3f9eb3ff060d551d0814c25cd21422a9""},{""key"":[43,46,27],""candidate_count"":10,""sha256"":""2cc2cb4f4a1dd37a49d32d5c92346ef7d9dc402170ec8cb2feb9f02b94a4581f""},{""key"":[43,46,31],""candidate_count"":4,""sha256"":""5d38f17da18421c93b6504dd14f87756d88a06aab6c6805558f101e890f29669""},{""key"":[48,26,2],""candidate_count"":6,""sha256"":""1409ff20d341a1b360c6521ee6771287e5280e14b4a6116898309ba908439bf8""},{""key"":[48,26,6],""candidate_count"":9,""sha256"":""930a7866af6c477d7e9e6bddf8e7ed69e404d5f716d24a7e8a711f88c5444755""},{""key"":[48,45,4],""candidate_count"":5,""sha256"":""1f355771cefdba14f2afa77e464bcc96c7466d22495208c484a26bc7836e27b3""},{""key"":[48,45,8],""candidate_count"":11,""sha256"":""437d98775bd205e9604b124b3bdf09b6b607cafca29a43a15267455a45b77a09""}]","[{""key"":[4,2,1],""started_at"":1.0,""closed_at"":3.0,""candidate_paths"":[[4,2],[4,14,2],[4,30,2],[4,42,40,2],[4,49,29,2]],""selected_path"":[4,2]},{""key"":[4,2,5],""started_at"":131.11283740527844,""closed_at"":133.11283740527844,""candidate_paths"":[[4,29,2],[4,32,2],[4,32,12,2]],""selected_path"":[4,29,2]},{""key"":[4,2,9],""started_at"":185.47810823456973,""closed_at"":187.47810823456973,""candidate_paths"":[[4,16,2],[4,20,29,2],[4,36,39,2]],""selected_path"":[4,16,2]},{""key"":[43,46,3],""started_at"":57.70716062299107,""closed_at"":59.70716062299107,""candidate_paths"":[[43,7,46],[43,13,14,46],[43,13,46],[43,25,46],[43,39,30,46],[43,45,46],[43,46],[43,49,32,46]],""selected_path"":[43,46]},{""key"":[43,46,7],""started_at"":166.99521213700473,""closed_at"":168.99521213700473,""candidate_paths"":[[43,3,46],[43,7,46],[43,14,46],[43,23,44,46],[43,31,17,46],[43,45,46],[43,46],[43,47,46]],""selected_path"":[43,45,46]},{""key"":[43,46,11],""started_at"":211.69492265218122,""closed_at"":213.69492265218122,""candidate_paths"":[[43,3,27,46],[43,13,46],[43,14,46],[43,34,46],[43,36,38,46],[43,42,40,46],[43,45,28,46],[43,45,46]],""selected_path"":[43,45,46]},{""key"":[43,46,15],""started_at"":378.6129566624055,""closed_at"":380.6129566624055,""candidate_paths"":[[43,8,30,46],[43,13,46],[43,14,46],[43,27,45,46]],""selected_path"":[43,8,30,46]},{""key"":[43,46,19],""started_at"":432.9191125986684,""closed_at"":434.9191125986684,""candidate_paths"":[[43,14,27,46],[43,34,13,46],[43,34,29,46],[43,45,46]],""selected_path"":[43,45,46]},{""key"":[43,46,27],""started_at"":500.7979474301087,""closed_at"":502.7979474301087,""candidate_paths"":[[43,1,46],[43,3,14,46],[43,23,13,46],[43,23,27,46],[43,23,46],[43,26,46],[43,34,46],[43,45,46],[43,46],[43,49,28,46]],""selected_path"":[43,46]},{""key"":[43,46,31],""started_at"":546.4274056410896,""closed_at"":548.4274056410896,""candidate_paths"":[[43,14,23,46],[43,14,46],[43,26,46],[43,45,46]],""selected_path"":[43,14,46]},{""key"":[48,26,2],""started_at"":37.295187005931595,""closed_at"":39.295187005931595,""candidate_paths"":[[48,14,12,26],[48,14,30,26],[48,23,26],[48,25,26],[48,28,26],[48,40,13,26]],""selected_path"":[48,28,26]},{""key"":[48,26,6],""started_at"":160.81509979272283,""closed_at"":162.81509979272283,""candidate_paths"":[[48,23,26],[48,23,45,26],[48,26],[48,28,26],[48,28,29,26],[48,31,16,26],[48,37,36,26],[48,46,26],[48,47,26]],""selected_path"":[48,26]},{""key"":[48,45,4],""started_at"":120.74387474594599,""closed_at"":122.74387474594599,""candidate_paths"":[[48,2,45],[48,3,36,45],[48,23,45],[48,26,45],[48,46,45]],""selected_path"":[48,23,45]},{""key"":[48,45,8],""started_at"":183.37939183238257,""closed_at"":185.37939183238257,""candidate_paths"":[[48,2,45],[48,3,45],[48,12,45],[48,14,45],[48,26,23,45],[48,26,45],[48,35,45],[48,36,37,45],[48,36,38,45],[48,40,5,45],[48,46,45]],""selected_path"":[48,46,45]}]",33,0,4,4,3.3,e0302d9d36ddc4110398c76cb800b397988c62d42c5ecacceae70c0fae68a32a,7,2.75,0,connected-multihop,0.9,2,4,4,2.0,1,1,1,0.7857142857142857,0.03498542274052478,0,2.0,0.7052885499509026,0.99886877936693,0.9999934630056581,0.999999991165433,0.9999999999999857,0.156734693877551,0.04
meshtastic-like,30,600.0,45,45,0,0.622222,1.0,0.0,0.32258,0.466347,0.32258,1.229937,1.351336,45,28,0,687,634,53,53,49.420032,27.697818,0.046163,19.570333,79.546589,99.116922,3.53989,1.765001,0.466347,9944,23719,33663,0.295399,20361,0.604848,6120,2090,0,0,0,0,0,0,0,0,0.0,0.077147,0,0,0.0,-1,0,0,0,icc2027_generalization_stale_fading_short_ttl,50,8250.0,4.0,unicast,poisson,0,0,0,0,[],[],45,0,4,4,4.5,654a3cd426955ff42c4c96e3a6e7701be3165fc48c0411f528eb9c5ff6c12aef,7,2.75,0,connected-multihop,0.9,2,4,4,2.0,1,0,0,0.0,0.0,0,0.0,0.6314699894221911,0.9993869338857296,0.9999966285971186,0.9999999944784399,0.9999999999999774,0.1436734693877551,0.04163265306122449
meshcore-like,30,600.0,45,45,0,0.2,0.222222,0.0,1.867278,1.794227,1.867278,2.287744,2.431616,10,9,0,635,15,620,15,45.67936,16.67292,0.027788,18.089027,70.524153,88.61318,9.845909,5.075484,1.794227,5015,26100,31115,0.161176,21082,0.677551,2573,0,588,17,12,8,2,43,0,0,0.0,0.976378,0,0,0.0,-1,0,0,0,icc2027_generalization_stale_fading_short_ttl,50,8250.0,4.0,unicast,poisson,0,12,65,12,"[{""key"":[4,8,1],""candidate_count"":6,""sha256"":""1fb444688c2b60556f217da7a490be5d0e5a6e1ba182a7d20b15258a0ede4c8b""},{""key"":[4,8,5],""candidate_count"":3,""sha256"":""9ad688928ed0ad5c18c3ce82cc4b3f6bb64870809ba3dfdf5f0e721af531b5ad""},{""key"":[4,8,9],""candidate_count"":9,""sha256"":""30fc050c98e76cfea2e858f86ec1072954c6e39b70303041cfe28eb7b907ebd5""},{""key"":[11,34,3],""candidate_count"":4,""sha256"":""7ef073f7731a30a6d759586d40f37c709e74146c9c189dac83e79626ef419328""},{""key"":[11,34,11],""candidate_count"":5,""sha256"":""bbb93bdbde40121b228a32f9ef764d1b2d913d21c6eb816473c0b4b14cc65077""},{""key"":[18,7,2],""candidate_count"":4,""sha256"":""9683eac3c6d7a7d8817b700d388c06c5faf0830dabb1d4534366da89a95bf02c""},{""key"":[18,7,6],""candidate_count"":9,""sha256"":""c706b0ce33ad9af543e359527ab7cf6e648be2b32eeab3c65940e4d512bee21f""},{""key"":[18,7,10],""candidate_count"":5,""sha256"":""a14e38924715c92c2a710fd852ec37f3a70ae49bfc04ec7fc832ff5768ad1ebb""},{""key"":[18,7,18],""candidate_count"":8,""sha256"":""b0f7958ec1752611b73cbbc2a2565549e04f300b46689f023f9187b416740a90""},{""key"":[18,7,22],""candidate_count"":3,""sha256"":""fdb14cf33eece030a544dc3de478e0c929ee835ec9781f2efe24473eec287144""},{""key"":[18,7,26],""candidate_count"":6,""sha256"":""4991fe01963040cf8a5604e2e5509328a01b8bf8b24aceeb4ff2765e3f3fba72""},{""key"":[40,20,4],""candidate_count"":3,""sha256"":""02ff6456234a83705c91e0ff2a7335caa4d6bf05f0e62980d94e8c425c33d9e5""}]","[{""key"":[4,8,1],""started_at"":1.0,""closed_at"":3.0,""candidate_paths"":[[4,2,3,8],[4,17,46,8],[4,20,8],[4,27,37,8],[4,38,8],[4,45,8]],""selected_path"":[4,20,8]},{""key"":[4,8,5],""started_at"":57.274991436496045,""closed_at"":59.274991436496045,""candidate_paths"":[[4,6,8],[4,35,47,8],[4,45,8]],""selected_path"":[4,6,8]},{""key"":[4,8,9],""started_at"":93.95586694000036,""closed_at"":95.95586694000036,""candidate_paths"":[[4,2,5,8],[4,3,8],[4,8],[4,15,33,8],[4,17,8],[4,17,20,8],[4,17,46,8],[4,38,8],[4,45,8]],""selected_path"":[4,8]},{""key"":[11,34,3],""started_at"":45.708047218481,""closed_at"":47.708047218481,""candidate_paths"":[[11,7,31,34],[11,7,34],[11,47,34],[11,49,36,34]],""selected_path"":[11,7,34]},{""key"":[11,34,11],""started_at"":119.78084591951465,""closed_at"":121.78084591951465,""candidate_paths"":[[11,1,21,34],[11,7,34],[11,20,26,34],[11,33,34],[11,48,35,34]],""selected_path"":[11,7,34]},{""key"":[18,7,2],""started_at"":25.446350207620345,""closed_at"":27.446350207620345,""candidate_paths"":[[18,19,31,7],[18,28,0,7],[18,44,7],[18,47,33,7]],""selected_path"":[18,44,7]},{""key"":[18,7,6],""started_at"":64.47772969595063,""closed_at"":66.47772969595063,""candidate_paths"":[[18,1,0,7],[18,7],[18,22,9,7],[18,24,15,7],[18,31,7],[18,33,7],[18,36,49,7],[18,40,7],[18,48,7]],""selected_path"":[18,7]},{""key"":[18,7,10],""started_at"":115.71031762498845,""closed_at"":117.71031762498845,""candidate_paths"":[[18,1,21,7],[18,7],[18,31,7],[18,33,7],[18,36,49,7]],""selected_path"":[18,7]},{""key"":[18,7,18],""started_at"":174.42481667771594,""closed_at"":176.42481667771594,""candidate_paths"":[[18,7],[18,16,7],[18,24,7],[18,33,7],[18,33,34,7],[18,45,49,7],[18,48,7],[18,48,37,7]],""selected_path"":[18,7]},{""key"":[18,7,22],""started_at"":238.06258642422418,""closed_at"":240.06258642422418,""candidate_paths"":[[18,7],[18,34,7],[18,39,35,7]],""selected_path"":[18,7]},{""key"":[18,7,26],""started_at"":280.50585375277575,""closed_at"":282.50585375277575,""candidate_paths"":[[18,7],[18,12,0,7],[18,33,7],[18,34,7],[18,34,31,7],[18,36,49,7]],""selected_path"":[18,7]},{""key"":[40,20,4],""started_at"":56.93756840362981,""closed_at"":58.93756840362981,""candidate_paths"":[[40,20],[40,44,16,20],[40,44,42,20]],""selected_path"":[40,20]}]",45,0,4,4,4.5,654a3cd426955ff42c4c96e3a6e7701be3165fc48c0411f528eb9c5ff6c12aef,7,2.75,0,connected-multihop,0.9,2,4,4,2.0,1,0,0,0.6666666666666666,0.02891156462585034,0,0.0,0.6314699894221911,0.9993869338857296,0.9999966285971186,0.9999999944784399,0.9999999999999774,0.1436734693877551,0.04163265306122449
etx-mesh,30,600.0,45,45,0,0.311111,0.333333,0.0,1.843758,1.639313,1.843758,2.287744,2.431616,15,14,0,949,24,925,20,68.267264,24.310283,0.040517,27.033837,105.564948,132.598784,9.471342,4.876233,1.639313,7015,39486,46501,0.150857,32222,0.692931,3386,0,881,24,18,14,4,41,0,14,0.415836,0.97471,0,0,0.0,-1,0,0,0,icc2027_generalization_stale_fading_short_ttl,50,8250.0,4.0,unicast,poisson,0,18,84,18,"[{""key"":[4,8,1],""candidate_count"":6,""sha256"":""1fb444688c2b60556f217da7a490be5d0e5a6e1ba182a7d20b15258a0ede4c8b""},{""key"":[4,8,5],""candidate_count"":3,""sha256"":""e228fe4588ed2c0264c3e2158e8985ffd3a4581f97596ce4770fa0a63f52380f""},{""key"":[4,8,9],""candidate_count"":5,""sha256"":""c3579a29c75294b8a0c0d38248b32e5cdf438061cc495a2e42a136cd38be87b3""},{""key"":[4,8,13],""candidate_count"":4,""sha256"":""2d09230d205718ad3e4945b7078e9f67cc00eb8151761dfa59956ed9f54828f8""},{""key"":[4,8,21],""candidate_count"":7,""sha256"":""e304d92160875bf1c72a1e1482fe1f4e6b19306f689341fb434855cadb32f3f2""},{""key"":[4,8,25],""candidate_count"":5,""sha256"":""ff91b2fc77e9917da8bad3e41124f4b242c16f6be739b869bfc9a86614d62791""},{""key"":[4,8,29],""candidate_count"":5,""sha256"":""2d3942f719222036eb7f0bf9bb09f87ff5001477b27a8ade833ac99dc8b63b9f""},{""key"":[4,8,33],""candidate_count"":6,""sha256"":""c1eddcd2ed0bc1f6affe3e00cdbc97e4f1f2e7dd5b7065c3dabea68b995ac20d""},{""key"":[11,34,3],""candidate_count"":5,""sha256"":""6842139fde4f83ffa76d14ac0ed0664feed49169bd1ab389587ea00809b3e637""},{""key"":[11,34,11],""candidate_count"":3,""sha256"":""60d1ade4caca83a2fff978e4a5c80a8386d8b01d09037b005d6c13ac011c5a94""},{""key"":[18,7,2],""candidate_count"":4,""sha256"":""9683eac3c6d7a7d8817b700d388c06c5faf0830dabb1d4534366da89a95bf02c""},{""key"":[18,7,6],""candidate_count"":5,""sha256"":""94fc10cef0543d745655e826661eeb64618cc5873d41bc1c19019cc80cb5bbfe""},{""key"":[18,7,10],""candidate_count"":4,""sha256"":""4e23769c65d11374f4557570bdd526848d3fb25792ff8ef8ac81301233d124ec""},{""key"":[18,7,18],""candidate_count"":7,""sha256"":""167bc85c37158e45b000f0f893bb92de1399617e9d3202fadae390209aa29b97""},{""key"":[18,7,22],""candidate_count"":7,""sha256"":""51d72f127dac9507b3901ee3bf4770fb4344be00a2553230d2befb419f95b484""},{""key"":[40,20,4],""candidate_count"":2,""sha256"":""7a4e3cbd1b1bdab7169c514565a96298ac83cf79bcfd2c501d05b1b7bd2cd2eb""},{""key"":[40,20,8],""candidate_count"":4,""sha256"":""c04950adc09e87992cd9c7ea04da83753a6576ea41c12499d8339fc2f381428c""},{""key"":[40,20,16],""candidate_count"":2,""sha256"":""ce9be2f31e4f300a8e05565d443e0f498e18b2971232c28b141d5a578846b10e""}]","[{""key"":[4,8,1],""started_at"":1.0,""closed_at"":3.0,""candidate_paths"":[[4,2,3,8],[4,17,46,8],[4,20,8],[4,27,37,8],[4,38,8],[4,45,8]],""selected_path"":[4,45,8]},{""key"":[4,8,5],""started_at"":57.274991436496045,""closed_at"":59.274991436496045,""candidate_paths"":[[4,2,26,8],[4,3,46,8],[4,45,8]],""selected_path"":[4,45,8]},{""key"":[4,8,9],""started_at"":93.95586694000036,""closed_at"":95.95586694000036,""candidate_paths"":[[4,8],[4,30,43,8],[4,34,31,8],[4,38,8],[4,45,8]],""selected_path"":[4,8]},{""key"":[4,8,13],""started_at"":131.24145137764015,""closed_at"":133.24145137764015,""candidate_paths"":[[4,8],[4,15,8],[4,20,8],[4,20,19,8]],""selected_path"":[4,8]},{""key"":[4,8,21],""started_at"":220.21663181070403,""closed_at"":222.21663181070403,""candidate_paths"":[[4,3,46,8],[4,8],[4,15,8],[4,22,8],[4,22,26,8],[4,30,25,8],[4,45,8]],""selected_path"":[4,8]},{""key"":[4,8,25],""started_at"":277.2603526409585,""closed_at"":279.2603526409585,""candidate_paths"":[[4,2,3,8],[4,8],[4,32,8],[4,38,8],[4,45,8]],""selected_path"":[4,8]},{""key"":[4,8,29],""started_at"":326.0059392295396,""closed_at"":328.0059392295396,""candidate_paths"":[[4,6,8],[4,8],[4,18,11,8],[4,19,38,8],[4,45,8]],""selected_path"":[4,8]},{""key"":[4,8,33],""started_at"":362.71656018990643,""closed_at"":364.71656018990643,""candidate_paths"":[[4,6,8],[4,8],[4,12,48,8],[4,20,8],[4,32,17,8],[4,43,11,8]],""selected_path"":[4,8]},{""key"":[11,34,3],""started_at"":45.708047218481,""closed_at"":47.708047218481,""candidate_paths"":[[11,7,31,34],[11,7,34],[11,25,39,34],[11,47,34],[11,48,34]],""selected_path"":[11,47,34]},{""key"":[11,34,11],""started_at"":119.78084591951465,""closed_at"":121.78084591951465,""candidate_paths"":[[11,33,34],[11,45,26,34],[11,47,35,34]],""selected_path"":[11,33,34]},{""key"":[18,7,2],""started_at"":25.446350207620345,""closed_at"":27.446350207620345,""candidate_paths"":[[18,19,31,7],[18,28,0,7],[18,44,7],[18,47,33,7]],""selected_path"":[18,44,7]},{""key"":[18,7,6],""started_at"":64.47772969595063,""closed_at"":66.47772969595063,""candidate_paths"":[[18,7],[18,31,7],[18,31,33,7],[18,37,7],[18,48,34,7]],""selected_path"":[18,7]},{""key"":[18,7,10],""started_at"":115.71031762498845,""closed_at"":117.71031762498845,""candidate_paths"":[[18,7],[18,31,7],[18,31,34,7],[18,33,7]],""selected_path"":[18,7]},{""key"":[18,7,18],""started_at"":174.42481667771594,""closed_at"":176.42481667771594,""candidate_paths"":[[18,7],[18,12,40,7],[18,16,7],[18,33,7],[18,33,34,7],[18,37,31,7],[18,38,7]],""selected_path"":[18,7]},{""key"":[18,7,22],""started_at"":238.06258642422418,""closed_at"":240.06258642422418,""candidate_paths"":[[18,7],[18,24,7],[18,24,35,7],[18,34,33,7],[18,36,40,7],[18,36,49,7],[18,37,48,7]],""selected_path"":[18,7]},{""key"":[40,20,4],""started_at"":56.93756840362981,""closed_at"":58.93756840362981,""candidate_paths"":[[40,20],[40,24,37,20]],""selected_path"":[40,20]},{""key"":[40,20,8],""started_at"":91.3621354791773,""closed_at"":93.3621354791773,""candidate_paths"":[[40,8,20],[40,19,20],[40,45,20],[40,46,17,20]],""selected_path"":[40,45,20]},{""key"":[40,20,16],""started_at"":152.58856278330495,""closed_at"":154.58856278330495,""candidate_paths"":[[40,11,32,20],[40,20]],""selected_path"":[40,20]}]",45,0,4,4,4.5,654a3cd426955ff42c4c96e3a6e7701be3165fc48c0411f528eb9c5ff6c12aef,7,2.75,0,connected-multihop,0.9,2,4,4,2.0,1,0,0,0.7777777777777778,0.02724177071509648,0,0.0,0.6314699894221911,0.9993869338857296,0.9999966285971186,0.9999999944784399,0.9999999999999774,0.1436734693877551,0.04163265306122449
ett-mesh,30,600.0,45,45,0,0.311111,0.333333,0.0,1.843758,1.639313,1.843758,2.287744,2.431616,15,14,0,949,24,925,20,68.267264,24.310283,0.040517,27.033837,105.564948,132.598784,9.471342,4.876233,1.639313,7015,39486,46501,0.150857,32222,0.692931,3386,0,881,24,18,14,4,41,0,14,0.897686,0.97471,0,0,0.0,-1,0,0,0,icc2027_generalization_stale_fading_short_ttl,50,8250.0,4.0,unicast,poisson,0,18,84,18,"[{""key"":[4,8,1],""candidate_count"":6,""sha256"":""1fb444688c2b60556f217da7a490be5d0e5a6e1ba182a7d20b15258a0ede4c8b""},{""key"":[4,8,5],""candidate_count"":3,""sha256"":""e228fe4588ed2c0264c3e2158e8985ffd3a4581f97596ce4770fa0a63f52380f""},{""key"":[4,8,9],""candidate_count"":5,""sha256"":""c3579a29c75294b8a0c0d38248b32e5cdf438061cc495a2e42a136cd38be87b3""},{""key"":[4,8,13],""candidate_count"":4,""sha256"":""2d09230d205718ad3e4945b7078e9f67cc00eb8151761dfa59956ed9f54828f8""},{""key"":[4,8,21],""candidate_count"":7,""sha256"":""e304d92160875bf1c72a1e1482fe1f4e6b19306f689341fb434855cadb32f3f2""},{""key"":[4,8,25],""candidate_count"":5,""sha256"":""ff91b2fc77e9917da8bad3e41124f4b242c16f6be739b869bfc9a86614d62791""},{""key"":[4,8,29],""candidate_count"":5,""sha256"":""2d3942f719222036eb7f0bf9bb09f87ff5001477b27a8ade833ac99dc8b63b9f""},{""key"":[4,8,33],""candidate_count"":6,""sha256"":""c1eddcd2ed0bc1f6affe3e00cdbc97e4f1f2e7dd5b7065c3dabea68b995ac20d""},{""key"":[11,34,3],""candidate_count"":5,""sha256"":""6842139fde4f83ffa76d14ac0ed0664feed49169bd1ab389587ea00809b3e637""},{""key"":[11,34,11],""candidate_count"":3,""sha256"":""60d1ade4caca83a2fff978e4a5c80a8386d8b01d09037b005d6c13ac011c5a94""},{""key"":[18,7,2],""candidate_count"":4,""sha256"":""9683eac3c6d7a7d8817b700d388c06c5faf0830dabb1d4534366da89a95bf02c""},{""key"":[18,7,6],""candidate_count"":5,""sha256"":""94fc10cef0543d745655e826661eeb64618cc5873d41bc1c19019cc80cb5bbfe""},{""key"":[18,7,10],""candidate_count"":4,""sha256"":""4e23769c65d11374f4557570bdd526848d3fb25792ff8ef8ac81301233d124ec""},{""key"":[18,7,18],""candidate_count"":7,""sha256"":""167bc85c37158e45b000f0f893bb92de1399617e9d3202fadae390209aa29b97""},{""key"":[18,7,22],""candidate_count"":7,""sha256"":""51d72f127dac9507b3901ee3bf4770fb4344be00a2553230d2befb419f95b484""},{""key"":[40,20,4],""candidate_count"":2,""sha256"":""7a4e3cbd1b1bdab7169c514565a96298ac83cf79bcfd2c501d05b1b7bd2cd2eb""},{""key"":[40,20,8],""candidate_count"":4,""sha256"":""c04950adc09e87992cd9c7ea04da83753a6576ea41c12499d8339fc2f381428c""},{""key"":[40,20,16],""candidate_count"":2,""sha256"":""ce9be2f31e4f300a8e05565d443e0f498e18b2971232c28b141d5a578846b10e""}]","[{""key"":[4,8,1],""started_at"":1.0,""closed_at"":3.0,""candidate_paths"":[[4,2,3,8],[4,17,46,8],[4,20,8],[4,27,37,8],[4,38,8],[4,45,8]],""selected_path"":[4,45,8]},{""key"":[4,8,5],""started_at"":57.274991436496045,""closed_at"":59.274991436496045,""candidate_paths"":[[4,2,26,8],[4,3,46,8],[4,45,8]],""selected_path"":[4,45,8]},{""key"":[4,8,9],""started_at"":93.95586694000036,""closed_at"":95.95586694000036,""candidate_paths"":[[4,8],[4,30,43,8],[4,34,31,8],[4,38,8],[4,45,8]],""selected_path"":[4,8]},{""key"":[4,8,13],""started_at"":131.24145137764015,""closed_at"":133.24145137764015,""candidate_paths"":[[4,8],[4,15,8],[4,20,8],[4,20,19,8]],""selected_path"":[4,8]},{""key"":[4,8,21],""started_at"":220.21663181070403,""closed_at"":222.21663181070403,""candidate_paths"":[[4,3,46,8],[4,8],[4,15,8],[4,22,8],[4,22,26,8],[4,30,25,8],[4,45,8]],""selected_path"":[4,8]},{""key"":[4,8,25],""started_at"":277.2603526409585,""closed_at"":279.2603526409585,""candidate_paths"":[[4,2,3,8],[4,8],[4,32,8],[4,38,8],[4,45,8]],""selected_path"":[4,8]},{""key"":[4,8,29],""started_at"":326.0059392295396,""closed_at"":328.0059392295396,""candidate_paths"":[[4,6,8],[4,8],[4,18,11,8],[4,19,38,8],[4,45,8]],""selected_path"":[4,8]},{""key"":[4,8,33],""started_at"":362.71656018990643,""closed_at"":364.71656018990643,""candidate_paths"":[[4,6,8],[4,8],[4,12,48,8],[4,20,8],[4,32,17,8],[4,43,11,8]],""selected_path"":[4,8]},{""key"":[11,34,3],""started_at"":45.708047218481,""closed_at"":47.708047218481,""candidate_paths"":[[11,7,31,34],[11,7,34],[11,25,39,34],[11,47,34],[11,48,34]],""selected_path"":[11,47,34]},{""key"":[11,34,11],""started_at"":119.78084591951465,""closed_at"":121.78084591951465,""candidate_paths"":[[11,33,34],[11,45,26,34],[11,47,35,34]],""selected_path"":[11,33,34]},{""key"":[18,7,2],""started_at"":25.446350207620345,""closed_at"":27.446350207620345,""candidate_paths"":[[18,19,31,7],[18,28,0,7],[18,44,7],[18,47,33,7]],""selected_path"":[18,44,7]},{""key"":[18,7,6],""started_at"":64.47772969595063,""closed_at"":66.47772969595063,""candidate_paths"":[[18,7],[18,31,7],[18,31,33,7],[18,37,7],[18,48,34,7]],""selected_path"":[18,7]},{""key"":[18,7,10],""started_at"":115.71031762498845,""closed_at"":117.71031762498845,""candidate_paths"":[[18,7],[18,31,7],[18,31,34,7],[18,33,7]],""selected_path"":[18,7]},{""key"":[18,7,18],""started_at"":174.42481667771594,""closed_at"":176.42481667771594,""candidate_paths"":[[18,7],[18,12,40,7],[18,16,7],[18,33,7],[18,33,34,7],[18,37,31,7],[18,38,7]],""selected_path"":[18,7]},{""key"":[18,7,22],""started_at"":238.06258642422418,""closed_at"":240.06258642422418,""candidate_paths"":[[18,7],[18,24,7],[18,24,35,7],[18,34,33,7],[18,36,40,7],[18,36,49,7],[18,37,48,7]],""selected_path"":[18,7]},{""key"":[40,20,4],""started_at"":56.93756840362981,""closed_at"":58.93756840362981,""candidate_paths"":[[40,20],[40,24,37,20]],""selected_path"":[40,20]},{""key"":[40,20,8],""started_at"":91.3621354791773,""closed_at"":93.3621354791773,""candidate_paths"":[[40,8,20],[40,19,20],[40,45,20],[40,46,17,20]],""selected_path"":[40,45,20]},{""key"":[40,20,16],""started_at"":152.58856278330495,""closed_at"":154.58856278330495,""candidate_paths"":[[40,11,32,20],[40,20]],""selected_path"":[40,20]}]",45,0,4,4,4.5,654a3cd426955ff42c4c96e3a6e7701be3165fc48c0411f528eb9c5ff6c12aef,7,2.75,0,connected-multihop,0.9,2,4,4,2.0,1,0,0,0.7777777777777778,0.02724177071509648,0,0.0,0.6314699894221911,0.9993869338857296,0.9999966285971186,0.9999999944784399,0.9999999999999774,0.1436734693877551,0.04163265306122449
minhop-mesh,30,600.0,45,45,0,0.088889,0.111111,0.0,1.841696,1.801421,1.841696,2.287744,2.431616,5,4,0,627,13,614,8,45.103872,16.059867,0.026766,17.861133,69.834634,87.695767,21.923942,11.275968,1.801421,4520,26203,30723,0.147121,21441,0.697881,2533,0,588,18,12,8,2,43,0,8,0.840116,0.979266,0,0,0.0,-1,0,0,0,icc2027_generalization_stale_fading_short_ttl,50,8250.0,4.0,unicast,poisson,0,12,65,12,"[{""key"":[4,8,1],""candidate_count"":6,""sha256"":""4fa1a576106130c2d3081e512b5863cff56eca312e2db5c79c5fbc238d0be57d""},{""key"":[4,8,5],""candidate_count"":5,""sha256"":""a1a520c82536741ccf8ecdb19dc279662557cc2798ae4a866af507551b4f995e""},{""key"":[4,8,9],""candidate_count"":10,""sha256"":""64a8c6753aab41179b157bfd24b938f3635f2474bab0c66af40ad7c905816547""},{""key"":[4,8,13],""candidate_count"":7,""sha256"":""d08d7abae8568be0e025a5a2d99b8110640c3f1128c0f6da8dbd45ebb396a857""},{""key"":[11,34,3],""candidate_count"":5,""sha256"":""511df7236345e1dbf08930d4f00d1e41fd4e293a2e10c0444c4de4817409b7ec""},{""key"":[11,34,11],""candidate_count"":4,""sha256"":""5f171198a5ce8613b29790350cefa7c2fce6bfbd60146d765ff3796e65f4fb18""},{""key"":[18,7,2],""candidate_count"":3,""sha256"":""eeb18433a58e37322de3acd64e6cb77ef3264c6499589c7074f1bab9db9586c4""},{""key"":[18,7,6],""candidate_count"":4,""sha256"":""090a4b2912202794a9ca10c4d5f5778ea49aedf261277e2706a905511b8f2752""},{""key"":[18,7,10],""candidate_count"":4,""sha256"":""14a7ff25093da6016d18f8ced6d5c7a63ad9c59ab50e8100dde99a0c0a12d1b9""},{""key"":[18,7,18],""candidate_count"":7,""sha256"":""6525a89718a8564ade046326109e13c5e4c3000fac3f61e73336d901d4136d6a""},{""key"":[18,7,22],""candidate_count"":7,""sha256"":""7c1ca396e3ce0abddd04407eed2a09af6296ceee952389a02f707e7cee2e7c0e""},{""key"":[40,20,4],""candidate_count"":3,""sha256"":""b5b7acd1e0539d961de35e5ad0c99895ac1c624fae5ab63b1be335d935bcfcc1""}]","[{""key"":[4,8,1],""started_at"":1.0,""closed_at"":3.0,""candidate_paths"":[[4,2,3,8],[4,16,8],[4,20,8],[4,27,37,8],[4,38,8],[4,45,8]],""selected_path"":[4,45,8]},{""key"":[4,8,5],""started_at"":57.274991436496045,""closed_at"":59.274991436496045,""candidate_paths"":[[4,20,8],[4,20,17,8],[4,38,8],[4,45,8],[4,45,46,8]],""selected_path"":[4,45,8]},{""key"":[4,8,9],""started_at"":93.95586694000036,""closed_at"":95.95586694000036,""candidate_paths"":[[4,3,8],[4,7,8],[4,8],[4,17,8],[4,17,20,8],[4,17,46,8],[4,35,34,8],[4,38,8],[4,45,8],[4,48,8]],""selected_path"":[4,8]},{""key"":[4,8,13],""started_at"":131.24145137764015,""closed_at"":133.24145137764015,""candidate_paths"":[[4,8],[4,20,8],[4,29,27,8],[4,32,8],[4,32,17,8],[4,32,25,8],[4,38,8]],""selected_path"":[4,8]},{""key"":[11,34,3],""started_at"":45.708047218481,""closed_at"":47.708047218481,""candidate_paths"":[[11,7,34],[11,13,34],[11,19,31,34],[11,33,34],[11,47,34]],""selected_path"":[11,33,34]},{""key"":[11,34,11],""started_at"":119.78084591951465,""closed_at"":121.78084591951465,""candidate_paths"":[[11,2,5,34],[11,33,34],[11,40,31,34],[11,47,35,34]],""selected_path"":[11,33,34]},{""key"":[18,7,2],""started_at"":25.446350207620345,""closed_at"":27.446350207620345,""candidate_paths"":[[18,44,7],[18,47,24,7],[18,47,34,7]],""selected_path"":[18,44,7]},{""key"":[18,7,6],""started_at"":64.47772969595063,""closed_at"":66.47772969595063,""candidate_paths"":[[18,7],[18,31,7],[18,33,7],[18,48,7]],""selected_path"":[18,7]},{""key"":[18,7,10],""started_at"":115.71031762498845,""closed_at"":117.71031762498845,""candidate_paths"":[[18,31,7],[18,33,7],[18,36,49,7],[18,37,7]],""selected_path"":[18,31,7]},{""key"":[18,7,18],""started_at"":174.42481667771594,""closed_at"":176.42481667771594,""candidate_paths"":[[18,0,7],[18,7],[18,33,7],[18,35,7],[18,35,31,7],[18,36,49,7],[18,48,7]],""selected_path"":[18,7]},{""key"":[18,7,22],""started_at"":238.06258642422418,""closed_at"":240.06258642422418,""candidate_paths"":[[18,1,31,7],[18,27,7],[18,27,35,7],[18,34,7],[18,37,24,7],[18,47,7],[18,49,7]],""selected_path"":[18,27,7]},{""key"":[40,20,4],""started_at"":56.93756840362981,""closed_at"":58.93756840362981,""candidate_paths"":[[40,8,20],[40,20],[40,38,19,20]],""selected_path"":[40,20]}]",45,0,4,4,4.5,654a3cd426955ff42c4c96e3a6e7701be3165fc48c0411f528eb9c5ff6c12aef,7,2.75,0,connected-multihop,0.9,2,4,4,2.0,1,0,0,0.6666666666666666,0.030612244897959183,0,0.0,0.6314699894221911,0.9993869338857296,0.9999966285971186,0.9999999944784399,0.9999999999999774,0.1436734693877551,0.04163265306122449
meshecho,30,600.0,45,45,0,0.444444,0.488889,0.0,1.88055,1.826013,1.88055,2.287744,2.431616,22,20,0,1379,39,1340,31,99.199744,35.601704,0.059336,39.283099,153.119788,192.402886,9.620144,4.959987,1.826013,10470,57101,67571,0.154948,46263,0.684658,4953,0,1272,37,26,23,5,40,0,22,0.874048,0.971719,0,0,0.0,-1,0,0,0,icc2027_generalization_stale_fading_short_ttl,50,8250.0,4.0,unicast,poisson,0,26,148,26,"[{""key"":[4,8,1],""candidate_count"":7,""sha256"":""8304e0540f11bb763bbb0dffa51d8757f29e002f14e99078d228b2ff4ca228b8""},{""key"":[4,8,5],""candidate_count"":4,""sha256"":""fef92f820ed255fe31f9ecb38ec3d593f47c69e9653102df0c6e7ae22ff33925""},{""key"":[4,8,9],""candidate_count"":3,""sha256"":""3f72453f87e7594ac639ba5e5e7fdb82f61ba8a76deb93402de3ed85fb803293""},{""key"":[4,8,13],""candidate_count"":6,""sha256"":""2a6163aece6ec84b749c074348e5fa0c40182d57c101585b612b2c11976581db""},{""key"":[4,8,21],""candidate_count"":7,""sha256"":""5044debb9380ee4645a0fb89dbc61f1c9bba6612110155d259e0dda9c2572a80""},{""key"":[4,8,25],""candidate_count"":7,""sha256"":""6f242314b6e30dc40f654db0c7a9ca96c55a454cb7c5b958d2685577b9ff6b84""},{""key"":[4,8,29],""candidate_count"":6,""sha256"":""20a6f1fa92c03a8302b1bf47be212010a2ab3b752543d917d29c4b7a2dff8750""},{""key"":[4,8,33],""candidate_count"":9,""sha256"":""9ac9191553deac2e3e1b8c5adc981a847c1b8649e7f0787ed75583f2cfd355c4""},{""key"":[4,8,37],""candidate_count"":8,""sha256"":""d353bc25cbe00ef9f63c67a3f571f131e0db63f7a680077389afaef736818e4e""},{""key"":[4,8,41],""candidate_count"":4,""sha256"":""cec72fe2d0f524e7f9594a91b25fa20f597cafd37f78b406689fecf5f5050e46""},{""key"":[11,34,3],""candidate_count"":5,""sha256"":""6842139fde4f83ffa76d14ac0ed0664feed49169bd1ab389587ea00809b3e637""},{""key"":[11,34,11],""candidate_count"":4,""sha256"":""ca19ea3d455f0d35cdf07780ce9b3d544c158dddf55efda911d2a70b8e846266""},{""key"":[18,7,2],""candidate_count"":5,""sha256"":""fa97d3aa5d9d503e11cffbe9f1b9f71c82eb7f3cdfac99eec293db798e4b6fd5""},{""key"":[18,7,6],""candidate_count"":7,""sha256"":""92772bb24b3d266fd68ec121ba2e8a12c0c323e73d8ebd4e2cec0d929302f064""},{""key"":[18,7,10],""candidate_count"":8,""sha256"":""06dca1c85c1a132335bb7fdcc7dfe29e0f5bcc2a85c4c02981a1908967d95d85""},{""key"":[18,7,18],""candidate_count"":4,""sha256"":""d60db7c3987b5522607c8d159aca002a0da586cac2219cf4710b114f52019e6b""},{""key"":[18,7,22],""candidate_count"":5,""sha256"":""10b28c3991ab590e51a741d6b37bbca2f408d1d513eed377cd96a58e7de50a26""},{""key"":[40,20,4],""candidate_count"":6,""sha256"":""1e0da37ec9cc2ed666809c39d1080da38c03470fff13ec7fafde5bbc6c2ad515""},{""key"":[40,20,8],""candidate_count"":5,""sha256"":""3ab132ab466fb767d1924aa97fb8d9b66f544ffc1728a2e904aacb04d713338b""},{""key"":[40,20,16],""candidate_count"":5,""sha256"":""36b42d7ded3dfd02ad4240ea3b86a83e782bd37bf5ac4e379cea15d2a527aade""},{""key"":[40,20,20],""candidate_count"":6,""sha256"":""979126707a28b32ae08eb55207efb73762e803c9ec7848e139640c5da89fa461""},{""key"":[40,20,28],""candidate_count"":5,""sha256"":""0019a84c0d0d49af7cbc8599fd47ba2dbc1fb4b505dba942153019e4badccb1e""},{""key"":[40,20,32],""candidate_count"":5,""sha256"":""605dc9a358d9be728310e4a35b23d0253ec73f698d7c06b18fc552d9e3541df0""},{""key"":[40,20,36],""candidate_count"":5,""sha256"":""d23d6b3c5495c5866889802e383ff6ed77a5da02e03899b5afcdce71223b1330""},{""key"":[40,20,40],""candidate_count"":6,""sha256"":""e5d45b17c7c4b64175035c8aa093e5bf4348396cf313fa0bf002c7a53653dc7e""},{""key"":[40,20,44],""candidate_count"":6,""sha256"":""745add89af480302872d1dca0abd3a61ed674a861fe7e05783de712ec4160c6f""}]","[{""key"":[4,8,1],""started_at"":1.0,""closed_at"":3.0,""candidate_paths"":[[4,2,3,8],[4,5,46,8],[4,5,47,8],[4,16,8],[4,20,8],[4,38,8],[4,45,8]],""selected_path"":[4,45,8]},{""key"":[4,8,5],""started_at"":57.274991436496045,""closed_at"":59.274991436496045,""candidate_paths"":[[4,17,8],[4,20,8],[4,38,8],[4,45,8]],""selected_path"":[4,45,8]},{""key"":[4,8,9],""started_at"":93.95586694000036,""closed_at"":95.95586694000036,""candidate_paths"":[[4,8],[4,17,8],[4,37,5,8]],""selected_path"":[4,8]},{""key"":[4,8,13],""started_at"":131.24145137764015,""closed_at"":133.24145137764015,""candidate_paths"":[[4,6,8],[4,8],[4,18,8],[4,38,8],[4,45,8],[4,47,48,8]],""selected_path"":[4,8]},{""key"":[4,8,21],""started_at"":220.21663181070403,""closed_at"":222.21663181070403,""candidate_paths"":[[4,8],[4,13,37,8],[4,17,8],[4,17,46,8],[4,26,9,8],[4,30,25,8],[4,45,8]],""selected_path"":[4,45,8]},{""key"":[4,8,25],""started_at"":277.2603526409585,""closed_at"":279.2603526409585,""candidate_paths"":[[4,8],[4,15,9,8],[4,24,5,8],[4,38,8],[4,41,3,8],[4,45,8],[4,45,19,8]],""selected_path"":[4,8]},{""key"":[4,8,29],""started_at"":326.0059392295396,""closed_at"":328.0059392295396,""candidate_paths"":[[4,8],[4,17,8],[4,26,3,8],[4,34,13,8],[4,38,8],[4,45,8]],""selected_path"":[4,8]},{""key"":[4,8,33],""started_at"":362.71656018990643,""closed_at"":364.71656018990643,""candidate_paths"":[[4,2,5,8],[4,6,8],[4,8],[4,20,8],[4,28,8],[4,32,17,8],[4,33,48,8],[4,45,8],[4,45,38,8]],""selected_path"":[4,20,8]},{""key"":[4,8,37],""started_at"":449.9235534868975,""closed_at"":451.9235534868975,""candidate_paths"":[[4,8],[4,15,33,8],[4,19,6,8],[4,20,8],[4,23,3,8],[4,23,8],[4,45,8],[4,46,8]],""selected_path"":[4,8]},{""key"":[4,8,41],""started_at"":542.0179476895182,""closed_at"":544.0179476895182,""candidate_paths"":[[4,26,5,8],[4,27,8],[4,38,46,8],[4,45,8]],""selected_path"":[4,27,8]},{""key"":[11,34,3],""started_at"":45.708047218481,""closed_at"":47.708047218481,""candidate_paths"":[[11,7,31,34],[11,7,34],[11,25,39,34],[11,47,34],[11,48,34]],""selected_path"":[11,7,34]},{""key"":[11,34,11],""started_at"":119.78084591951465,""closed_at"":121.78084591951465,""candidate_paths"":[[11,2,26,34],[11,7,34],[11,33,34],[11,35,34]],""selected_path"":[11,7,34]},{""key"":[18,7,2],""started_at"":25.446350207620345,""closed_at"":27.446350207620345,""candidate_paths"":[[18,19,31,7],[18,23,0,7],[18,44,7],[18,47,34,7],[18,47,34,33,7]],""selected_path"":[18,44,7]},{""key"":[18,7,6],""started_at"":64.47772969595063,""closed_at"":66.47772969595063,""candidate_paths"":[[18,1,21,7],[18,7],[18,10,7],[18,31,7],[18,31,34,7],[18,33,7],[18,36,49,7]],""selected_path"":[18,7]},{""key"":[18,7,10],""started_at"":115.71031762498845,""closed_at"":117.71031762498845,""candidate_paths"":[[18,1,21,7],[18,5,9,7],[18,7],[18,31,7],[18,33,7],[18,33,34,7],[18,37,7],[18,48,7]],""selected_path"":[18,7]},{""key"":[18,7,18],""started_at"":174.42481667771594,""closed_at"":176.42481667771594,""candidate_paths"":[[18,7],[18,16,7],[18,33,7],[18,35,31,7]],""selected_path"":[18,7]},{""key"":[18,7,22],""started_at"":238.06258642422418,""closed_at"":240.06258642422418,""candidate_paths"":[[18,13,22,7],[18,13,35,7],[18,15,31,7],[18,34,7],[18,47,7]],""selected_path"":[18,34,7]},{""key"":[40,20,4],""started_at"":56.93756840362981,""closed_at"":58.93756840362981,""candidate_paths"":[[40,8,20],[40,14,42,20],[40,17,20],[40,20],[40,38,19,20],[40,38,20]],""selected_path"":[40,20]},{""key"":[40,20,8],""started_at"":91.3621354791773,""closed_at"":93.3621354791773,""candidate_paths"":[[40,2,26,20],[40,8,20],[40,19,20],[40,45,20],[40,46,20]],""selected_path"":[40,19,20]},{""key"":[40,20,16],""started_at"":152.58856278330495,""closed_at"":154.58856278330495,""candidate_paths"":[[40,10,18,20],[40,15,3,20],[40,19,20],[40,20],[40,30,32,20]],""selected_path"":[40,19,20]},{""key"":[40,20,20],""started_at"":212.4230170967926,""closed_at"":214.4230170967926,""candidate_paths"":[[40,8,20],[40,10,23,20],[40,14,20],[40,29,26,20],[40,32,18,20],[40,34,0,20]],""selected_path"":[40,8,20]},{""key"":[40,20,28],""started_at"":307.39978583086275,""closed_at"":309.39978583086275,""candidate_paths"":[[40,8,20],[40,19,20],[40,20],[40,32,20],[40,41,15,20]],""selected_path"":[40,20]},{""key"":[40,20,32],""started_at"":357.6371201462905,""closed_at"":359.6371201462905,""candidate_paths"":[[40,8,38,20],[40,9,15,20],[40,19,20],[40,20],[40,32,20]],""selected_path"":[40,20]},{""key"":[40,20,36],""started_at"":431.01117382455067,""closed_at"":433.01117382455067,""candidate_paths"":[[40,8,20],[40,15,3,20],[40,15,26,20],[40,22,19,20],[40,32,20]],""selected_path"":[40,32,20]},{""key"":[40,20,40],""started_at"":491.09812540320314,""closed_at"":493.09812540320314,""candidate_paths"":[[40,8,19,20],[40,8,20],[40,20],[40,38,20],[40,43,20],[40,45,20]],""selected_path"":[40,20]},{""key"":[40,20,44],""started_at"":586.1329692335761,""closed_at"":588.1329692335761,""candidate_paths"":[[40,17,20],[40,20],[40,35,18,20],[40,35,19,20],[40,38,20],[40,42,16,20]],""selected_path"":[40,20]}]",45,0,4,4,4.5,654a3cd426955ff42c4c96e3a6e7701be3165fc48c0411f528eb9c5ff6c12aef,7,2.75,0,connected-multihop,0.9,2,4,4,2.0,1,1,0,0.8846153846153846,0.02908805031446541,0,1.0,0.6314699894221911,0.9993869338857296,0.9999966285971186,0.9999999944784399,0.9999999999999774,0.1436734693877551,0.04163265306122449
meshtastic-like,31,600.0,49,49,0,0.591837,1.0,0.0,0.427802,0.566271,0.427802,1.412383,1.622525,49,29,0,737,671,66,66,53.016832,30.550309,0.050917,20.994665,85.612894,106.607559,3.676123,1.828167,0.566271,10788,25325,36113,0.298729,21945,0.607676,6496,2259,0,0,0,0,0,0,0,0,0.0,0.089552,0,0,0.0,-1,0,0,0,icc2027_generalization_stale_fading_short_ttl,50,8250.0,4.0,unicast,poisson,0,0,0,0,[],[],49,0,4,4,4.9,a319c4dcde6dc1e2eeb88f4023e19b381b88e8c5d390aabff91c972fdfd17154,7,2.75,0,connected-multihop,0.9,2,4,4,2.0,1,0,0,0.0,0.0,0,0.0,0.5439727116783023,0.997232062528041,0.9999911766229891,0.9999999903200324,0.9999999999998875,0.18857142857142858,0.045714285714285714
meshcore-like,31,600.0,49,49,0,0.040816,0.040816,0.0,2.323712,2.215808,2.323712,2.28055,2.420826,2,2,0,360,4,356,3,25.89696,10.040781,0.016735,10.255196,40.576512,50.831708,25.415854,12.94848,2.215808,2608,15032,17640,0.147846,12759,0.723299,1588,0,343,10,7,3,0,49,0,0,0.0,0.988889,0,0,0.0,-1,0,0,0,icc2027_generalization_stale_fading_short_ttl,50,8250.0,4.0,unicast,poisson,0,7,39,7,"[{""key"":[7,30,1],""candidate_count"":5,""sha256"":""daf39bcb0c84f320aa9195499f4945cf2bc028caef1f7b2ce5a3f86b66c5c4bd""},{""key"":[20,1,4],""candidate_count"":6,""sha256"":""936b713c5c69c692332dafcd229da97f56bb4a61c47d012c99056e071f0f7e1d""},{""key"":[20,1,8],""candidate_count"":4,""sha256"":""a8cecc5bdfb3710692e10b923978d7dc36c92d3e12eb7bbc83def45563c9defa""},{""key"":[23,14,2],""candidate_count"":5,""sha256"":""af1082c6ff597a78a9887bf19a66986464ab7ba9ecbda60b0c595057051c2c0d""},{""key"":[48,47,3],""candidate_count"":7,""sha256"":""7f039c3b8ea6e0a941e529d1d3fd2eefb965d3eefddd17fb7c8074acc5b0a7ab""},{""key"":[48,47,7],""candidate_count"":6,""sha256"":""0e48a41e118c9febbb58f4f86c05e6e8d482cebdac7ae7b8d13abfbb2acbbaf1""},{""key"":[48,47,11],""candidate_count"":6,""sha256"":""ee6dd994d808aa4407566dce2d29c35a5917e54693840a6763c59ec57fb48f47""}]","[{""key"":[7,30,1],""started_at"":1.0,""closed_at"":3.0,""candidate_paths"":[[7,1,30],[7,14,5,30],[7,28,48,30],[7,30],[7,37,24,30]],""selected_path"":[7,30]},{""key"":[20,1,4],""started_at"":31.166662578970108,""closed_at"":33.166662578970104,""candidate_paths"":[[20,21,1],[20,30,1],[20,31,14,1],[20,35,1],[20,35,47,1],[20,45,1]],""selected_path"":[20,21,1]},{""key"":[20,1,8],""started_at"":86.2005176007144,""closed_at"":88.2005176007144,""candidate_paths"":[[20,27,13,1],[20,27,40,1],[20,30,1],[20,33,1]],""selected_path"":[20,30,1]},{""key"":[23,14,2],""started_at"":2.3591373886384046,""closed_at"":4.359137388638405,""candidate_paths"":[[23,0,14],[23,0,45,14],[23,8,14],[23,33,44,14],[23,47,32,14]],""selected_path"":[23,0,14]},{""key"":[48,47,3],""started_at"":21.774341775572275,""closed_at"":23.774341775572275,""candidate_paths"":[[48,5,33,47],[48,15,38,47],[48,23,47],[48,27,9,47],[48,29,0,47],[48,32,47],[48,47]],""selected_path"":[48,47]},{""key"":[48,47,7],""started_at"":84.54521717701633,""closed_at"":86.54521717701633,""candidate_paths"":[[48,18,47],[48,32,47],[48,35,10,47],[48,45,47],[48,46,38,47],[48,46,47]],""selected_path"":[48,18,47]},{""key"":[48,47,11],""started_at"":120.23614489067278,""closed_at"":122.23614489067278,""candidate_paths"":[[48,25,7,47],[48,32,47],[48,43,29,47],[48,45,0,47],[48,46,47],[48,47]],""selected_path"":[48,47]}]",49,0,4,4,4.9,a319c4dcde6dc1e2eeb88f4023e19b381b88e8c5d390aabff91c972fdfd17154,7,2.75,0,connected-multihop,0.9,2,4,4,2.0,1,0,0,0.42857142857142855,0.029154518950437316,0,0.0,0.5439727116783023,0.997232062528041,0.9999911766229891,0.9999999903200324,0.9999999999998875,0.18857142857142858,0.045714285714285714
etx-mesh,31,600.0,49,49,0,0.061224,0.061224,0.0,2.35968,2.239787,2.35968,2.287744,2.431616,3,3,0,362,5,357,5,26.040832,9.956155,0.016594,10.312169,40.759894,51.072064,17.024021,8.680277,2.239787,2557,15181,17738,0.144154,12837,0.723701,1500,0,343,9,7,3,0,49,0,3,0.397695,0.986188,0,0,0.0,-1,0,0,0,icc2027_generalization_stale_fading_short_ttl,50,8250.0,4.0,unicast,poisson,0,7,41,7,"[{""key"":[7,30,1],""candidate_count"":5,""sha256"":""daf39bcb0c84f320aa9195499f4945cf2bc028caef1f7b2ce5a3f86b66c5c4bd""},{""key"":[20,1,4],""candidate_count"":6,""sha256"":""936b713c5c69c692332dafcd229da97f56bb4a61c47d012c99056e071f0f7e1d""},{""key"":[20,1,8],""candidate_count"":6,""sha256"":""d17a25811b1c5c324db69ea5f39362267dd42714863356a610abb4cf4e45b813""},{""key"":[23,14,2],""candidate_count"":5,""sha256"":""af1082c6ff597a78a9887bf19a66986464ab7ba9ecbda60b0c595057051c2c0d""},{""key"":[48,47,3],""candidate_count"":7,""sha256"":""7f039c3b8ea6e0a941e529d1d3fd2eefb965d3eefddd17fb7c8074acc5b0a7ab""},{""key"":[48,47,7],""candidate_count"":6,""sha256"":""0e48a41e118c9febbb58f4f86c05e6e8d482cebdac7ae7b8d13abfbb2acbbaf1""},{""key"":[48,47,11],""candidate_count"":6,""sha256"":""53e3056423fcad00ce88871093b4b0e6fee9e5d566ffdc5058d731c6a08d4c27""}]","[{""key"":[7,30,1],""started_at"":1.0,""closed_at"":3.0,""candidate_paths"":[[7,1,30],[7,14,5,30],[7,28,48,30],[7,30],[7,37,24,30]],""selected_path"":[7,30]},{""key"":[20,1,4],""started_at"":31.166662578970108,""closed_at"":33.166662578970104,""candidate_paths"":[[20,21,1],[20,30,1],[20,31,14,1],[20,35,1],[20,35,47,1],[20,45,1]],""selected_path"":[20,35,1]},{""key"":[20,1,8],""started_at"":86.2005176007144,""closed_at"":88.2005176007144,""candidate_paths"":[[20,4,8,1],[20,4,15,1],[20,12,2,1],[20,30,1],[20,30,5,1],[20,33,1]],""selected_path"":[20,33,1]},{""key"":[23,14,2],""started_at"":2.3591373886384046,""closed_at"":4.359137388638405,""candidate_paths"":[[23,0,14],[23,0,45,14],[23,8,14],[23,33,44,14],[23,47,32,14]],""selected_path"":[23,0,14]},{""key"":[48,47,3],""started_at"":21.774341775572275,""closed_at"":23.774341775572275,""candidate_paths"":[[48,5,33,47],[48,15,38,47],[48,23,47],[48,27,9,47],[48,29,0,47],[48,32,47],[48,47]],""selected_path"":[48,47]},{""key"":[48,47,7],""started_at"":84.54521717701633,""closed_at"":86.54521717701633,""candidate_paths"":[[48,18,47],[48,32,47],[48,35,10,47],[48,45,47],[48,46,38,47],[48,46,47]],""selected_path"":[48,46,47]},{""key"":[48,47,11],""started_at"":120.23614489067278,""closed_at"":122.23614489067278,""candidate_paths"":[[48,25,10,47],[48,27,9,47],[48,32,47],[48,45,26,47],[48,46,47],[48,47]],""selected_path"":[48,47]}]",49,0,4,4,4.9,a319c4dcde6dc1e2eeb88f4023e19b381b88e8c5d390aabff91c972fdfd17154,7,2.75,0,connected-multihop,0.9,2,4,4,2.0,1,0,0,0.42857142857142855,0.026239067055393587,0,0.0,0.5439727116783023,0.997232062528041,0.9999911766229891,0.9999999903200324,0.9999999999998875,0.18857142857142858,0.045714285714285714
ett-mesh,31,600.0,49,49,0,0.061224,0.061224,0.0,2.35968,2.239787,2.35968,2.287744,2.431616,3,3,0,362,5,357,5,26.040832,9.956155,0.016594,10.312169,40.759894,51.072064,17.024021,8.680277,2.239787,2557,15181,17738,0.144154,12837,0.723701,1500,0,343,9,7,3,0,49,0,3,0.897101,0.986188,0,0,0.0,-1,0,0,0,icc2027_generalization_stale_fading_short_ttl,50,8250.0,4.0,unicast,poisson,0,7,41,7,"[{""key"":[7,30,1],""candidate_count"":5,""sha256"":""daf39bcb0c84f320aa9195499f4945cf2bc028caef1f7b2ce5a3f86b66c5c4bd""},{""key"":[20,1,4],""candidate_count"":6,""sha256"":""936b713c5c69c692332dafcd229da97f56bb4a61c47d012c99056e071f0f7e1d""},{""key"":[20,1,8],""candidate_count"":6,""sha256"":""d17a25811b1c5c324db69ea5f39362267dd42714863356a610abb4cf4e45b813""},{""key"":[23,14,2],""candidate_count"":5,""sha256"":""af1082c6ff597a78a9887bf19a66986464ab7ba9ecbda60b0c595057051c2c0d""},{""key"":[48,47,3],""candidate_count"":7,""sha256"":""7f039c3b8ea6e0a941e529d1d3fd2eefb965d3eefddd17fb7c8074acc5b0a7ab""},{""key"":[48,47,7],""candidate_count"":6,""sha256"":""0e48a41e118c9febbb58f4f86c05e6e8d482cebdac7ae7b8d13abfbb2acbbaf1""},{""key"":[48,47,11],""candidate_count"":6,""sha256"":""53e3056423fcad00ce88871093b4b0e6fee9e5d566ffdc5058d731c6a08d4c27""}]","[{""key"":[7,30,1],""started_at"":1.0,""closed_at"":3.0,""candidate_paths"":[[7,1,30],[7,14,5,30],[7,28,48,30],[7,30],[7,37,24,30]],""selected_path"":[7,30]},{""key"":[20,1,4],""started_at"":31.166662578970108,""closed_at"":33.166662578970104,""candidate_paths"":[[20,21,1],[20,30,1],[20,31,14,1],[20,35,1],[20,35,47,1],[20,45,1]],""selected_path"":[20,35,1]},{""key"":[20,1,8],""started_at"":86.2005176007144,""closed_at"":88.2005176007144,""candidate_paths"":[[20,4,8,1],[20,4,15,1],[20,12,2,1],[20,30,1],[20,30,5,1],[20,33,1]],""selected_path"":[20,33,1]},{""key"":[23,14,2],""started_at"":2.3591373886384046,""closed_at"":4.359137388638405,""candidate_paths"":[[23,0,14],[23,0,45,14],[23,8,14],[23,33,44,14],[23,47,32,14]],""selected_path"":[23,0,14]},{""key"":[48,47,3],""started_at"":21.774341775572275,""closed_at"":23.774341775572275,""candidate_paths"":[[48,5,33,47],[48,15,38,47],[48,23,47],[48,27,9,47],[48,29,0,47],[48,32,47],[48,47]],""selected_path"":[48,47]},{""key"":[48,47,7],""started_at"":84.54521717701633,""closed_at"":86.54521717701633,""candidate_paths"":[[48,18,47],[48,32,47],[48,35,10,47],[48,45,47],[48,46,38,47],[48,46,47]],""selected_path"":[48,46,47]},{""key"":[48,47,11],""started_at"":120.23614489067278,""closed_at"":122.23614489067278,""candidate_paths"":[[48,25,10,47],[48,27,9,47],[48,32,47],[48,45,26,47],[48,46,47],[48,47]],""selected_path"":[48,47]}]",49,0,4,4,4.9,a319c4dcde6dc1e2eeb88f4023e19b381b88e8c5d390aabff91c972fdfd17154,7,2.75,0,connected-multihop,0.9,2,4,4,2.0,1,0,0,0.42857142857142855,0.026239067055393587,0,0.0,0.5439727116783023,0.997232062528041,0.9999911766229891,0.9999999903200324,0.9999999999998875,0.18857142857142858,0.045714285714285714
minhop-mesh,31,600.0,49,49,0,0.020408,0.061224,0.0,2.431616,2.239787,2.431616,2.287744,2.431616,3,1,0,413,6,407,5,29.709568,10.748361,0.017914,11.764989,46.417866,58.182855,58.182855,29.709568,2.239787,2914,17323,20237,0.143994,14601,0.7215,1805,0,392,10,8,4,0,49,0,4,0.803796,0.985472,0,0,0.0,-1,0,0,0,icc2027_generalization_stale_fading_short_ttl,50,8250.0,4.0,unicast,poisson,0,8,48,8,"[{""key"":[7,30,1],""candidate_count"":5,""sha256"":""9bf48e32a16621596a29b500ce6c7d03c8cf3ff612c126ca1ed6f1931cb0e365""},{""key"":[20,1,4],""candidate_count"":9,""sha256"":""7e45a54c52b1f7cf6083aaf7a7717b7db73bcc7273e206898e3f9b7338d1952f""},{""key"":[20,1,8],""candidate_count"":6,""sha256"":""59e2bebdd2b2d361fc1b304637dd88703cc166c5a04ab3f4f10b80162b15fdc4""},{""key"":[23,14,2],""candidate_count"":5,""sha256"":""a8a19732843af8552a4f6fcfb85decaf5798b9f3d7aaacaee8ccb9f12e5aee42""},{""key"":[23,14,6],""candidate_count"":5,""sha256"":""4b9113876ed332db5b1a6bf3148bae39b38758dc8df110f9a48f86a1303e27f9""},{""key"":[48,47,3],""candidate_count"":5,""sha256"":""333a93f78e9e360aa2617e2b3009e404c820e3799193d4faac39e6fad1cfdd80""},{""key"":[48,47,7],""candidate_count"":8,""sha256"":""c225d9758befb2995580a6ff5823707652cda3741bb2c2df6632037f322852a7""},{""key"":[48,47,11],""candidate_count"":5,""sha256"":""a8d6acd9b6981691842b13bb28573cf91b06660e4032871809b93fb6a9cab173""}]","[{""key"":[7,30,1],""started_at"":1.0,""closed_at"":3.0,""candidate_paths"":[[7,1,30],[7,14,5,30],[7,28,48,30],[7,30],[7,44,27,30]],""selected_path"":[7,30]},{""key"":[20,1,4],""started_at"":31.166662578970108,""closed_at"":33.166662578970104,""candidate_paths"":[[20,0,6,1],[20,3,19,1],[20,21,1],[20,30,1],[20,33,1],[20,33,14,1],[20,33,26,1],[20,38,15,1],[20,38,34,1]],""selected_path"":[20,30,1]},{""key"":[20,1,8],""started_at"":86.2005176007144,""closed_at"":88.2005176007144,""candidate_paths"":[[20,9,1],[20,13,1],[20,33,1],[20,33,5,1],[20,33,14,1],[20,33,30,1]],""selected_path"":[20,9,1]},{""key"":[23,14,2],""started_at"":2.3591373886384046,""closed_at"":4.359137388638405,""candidate_paths"":[[23,5,14],[23,14],[23,26,1,14],[23,34,14],[23,37,44,14]],""selected_path"":[23,14]},{""key"":[23,14,6],""started_at"":58.53605842416381,""closed_at"":60.53605842416381,""candidate_paths"":[[23,1,14],[23,13,3,14],[23,14],[23,32,14],[23,48,44,14]],""selected_path"":[23,14]},{""key"":[48,47,3],""started_at"":21.774341775572275,""closed_at"":23.774341775572275,""candidate_paths"":[[48,17,9,47],[48,17,10,47],[48,23,47],[48,32,47],[48,47]],""selected_path"":[48,47]},{""key"":[48,47,7],""started_at"":84.54521717701633,""closed_at"":86.54521717701633,""candidate_paths"":[[48,6,26,47],[48,6,47],[48,8,18,47],[48,8,47],[48,10,47],[48,32,47],[48,35,47],[48,45,47]],""selected_path"":[48,32,47]},{""key"":[48,47,11],""started_at"":120.23614489067278,""closed_at"":122.23614489067278,""candidate_paths"":[[48,3,8,47],[48,10,47],[48,24,47],[48,46,47],[48,47]],""selected_path"":[48,47]}]",49,0,4,4,4.9,a319c4dcde6dc1e2eeb88f4023e19b381b88e8c5d390aabff91c972fdfd17154,7,2.75,0,connected-multihop,0.9,2,4,4,2.0,1,0,0,0.5,0.025510204081632654,0,0.0,0.5439727116783023,0.997232062528041,0.9999911766229891,0.9999999903200324,0.9999999999998875,0.18857142857142858,0.045714285714285714
meshecho,31,600.0,49,49,0,0.367347,0.408163,0.0,1.891257,1.815808,1.891257,2.287744,2.431616,20,18,0,1184,38,1146,32,85.172224,30.83825,0.051397,33.728201,131.903615,165.631816,9.201768,4.73179,1.815808,9270,48746,58016,0.159784,39569,0.682036,3973,0,1078,36,22,20,5,44,0,18,0.850624,0.967905,0,0,0.0,-1,0,0,0,icc2027_generalization_stale_fading_short_ttl,50,8250.0,4.0,unicast,poisson,0,22,112,22,"[{""key"":[7,30,1],""candidate_count"":6,""sha256"":""9f979f3c5d17f1ea6ef9e4e8a957b5bd4254d904320729134195d3cd890359ce""},{""key"":[20,1,4],""candidate_count"":3,""sha256"":""f36d9082e2ebd7119880015283ec05b5d701a71985c201d07a28d711ecc16929""},{""key"":[20,1,8],""candidate_count"":5,""sha256"":""e94d9b1c7f362128376e994588c6a9998bdfc6d2e1210cac1f4a2d9564af1f1b""},{""key"":[20,1,12],""candidate_count"":4,""sha256"":""aca43b40f7660424c09fa72750df51be092f65b9c836d03048e165beae45c4f0""},{""key"":[20,1,16],""candidate_count"":5,""sha256"":""78082c9d4652d969de474a71dc21aa8f9de58974b9f86855c62df3f79d2c7d83""},{""key"":[20,1,24],""candidate_count"":7,""sha256"":""4141a6098a559d9d7cc93144ed53a24107eb980007053c10ba39788fdc7f8d2f""},{""key"":[20,1,32],""candidate_count"":4,""sha256"":""08cd9144048afcaf15288ad09f1952348998de2b99dc01dca59a28acc1f0535a""},{""key"":[20,1,36],""candidate_count"":4,""sha256"":""bf8123c20e6e72ab2ed3ad43da93fa2a10150dc8ba83d38091c38df6f79b359d""},{""key"":[20,1,40],""candidate_count"":4,""sha256"":""9a9ad082475cc5416f52608671791aab2c1cf57d69c73ddcc7df1df68e3c6559""},{""key"":[20,1,48],""candidate_count"":6,""sha256"":""3b987810cb953dcb3c78f1d918b9234c805c49e1f0568fdb4d806caab4ded0b6""},{""key"":[23,14,2],""candidate_count"":4,""sha256"":""994aaaeafe07e3549720fc08bf4eb492cd81aa6a59720be1159f9515443cdde4""},{""key"":[23,14,6],""candidate_count"":7,""sha256"":""c928ae8559dfbcc44a28b3a92b74e5f4bbbcd4ed391312b970eaf122cb750dea""},{""key"":[23,14,10],""candidate_count"":3,""sha256"":""181e262016da9c6e2280292228921e96be843ded77c24ea8b80beaef4b008668""},{""key"":[23,14,14],""candidate_count"":5,""sha256"":""0b0a9dca3ec5defea57c8e245f56984714f798767bd059092bd2e667b89b4244""},{""key"":[23,14,22],""candidate_count"":6,""sha256"":""0269f0caf45f93aa9f05784380dd9d1220b2121d45b99676c18d24951345d4f6""},{""key"":[23,14,26],""candidate_count"":7,""sha256"":""e4c851c3538ae1e5292fb622d2f2c5ceeb969084c3134346d4db9b658aec0500""},{""key"":[23,14,34],""candidate_count"":4,""sha256"":""a977d2bafdb5e4bbd6461604471e15a375b2b9494f6961232139ec39cefef85b""},{""key"":[23,14,38],""candidate_count"":7,""sha256"":""b0a3b1e54b555940b897f92daee031119ba7c545408ae51e3c6aa675229fe95f""},{""key"":[23,14,42],""candidate_count"":4,""sha256"":""3df18cf63627d58e678b5f077b8a24f974ed62143c244a0e7c469aa57b30e280""},{""key"":[23,14,46],""candidate_count"":5,""sha256"":""f2dc0039dea4b8169eb503fa46c0a763fa79c9cdc66fdd651b2ac49690147625""},{""key"":[48,47,3],""candidate_count"":7,""sha256"":""6b8e59fb1987ee17411ae3d89e953317c8506879a9d488f40bd422e373fdb8be""},{""key"":[48,47,7],""candidate_count"":5,""sha256"":""4bb7a50b3d46fe2bc13386bf555fb0173cc84ba681b130f3d3418cd9b63c9c4f""}]","[{""key"":[7,30,1],""started_at"":1.0,""closed_at"":3.0,""candidate_paths"":[[7,1,30],[7,12,19,30],[7,14,5,30],[7,28,48,30],[7,30],[7,44,27,30]],""selected_path"":[7,30]},{""key"":[20,1,4],""started_at"":31.166662578970108,""closed_at"":33.166662578970104,""candidate_paths"":[[20,21,26,1],[20,30,1],[20,30,14,1]],""selected_path"":[20,30,1]},{""key"":[20,1,8],""started_at"":86.2005176007144,""closed_at"":88.2005176007144,""candidate_paths"":[[20,5,1],[20,6,1],[20,6,41,1],[20,14,1],[20,30,1]],""selected_path"":[20,30,1]},{""key"":[20,1,12],""started_at"":135.67497839386135,""closed_at"":137.67497839386135,""candidate_paths"":[[20,5,1],[20,5,14,1],[20,13,1],[20,33,1]],""selected_path"":[20,5,1]},{""key"":[20,1,16],""started_at"":196.22036602340455,""closed_at"":198.22036602340455,""candidate_paths"":[[20,1],[20,6,1],[20,14,1],[20,26,1],[20,33,30,1]],""selected_path"":[20,1]},{""key"":[20,1,24],""started_at"":264.45519415549217,""closed_at"":266.45519415549217,""candidate_paths"":[[20,5,1],[20,6,26,1],[20,12,1],[20,30,1],[20,30,14,1],[20,45,0,1],[20,46,47,1]],""selected_path"":[20,30,1]},{""key"":[20,1,32],""started_at"":316.15807024983826,""closed_at"":318.15807024983826,""candidate_paths"":[[20,4,14,1],[20,29,1],[20,30,1],[20,35,10,1]],""selected_path"":[20,30,1]},{""key"":[20,1,36],""started_at"":390.5542217123547,""closed_at"":392.5542217123547,""candidate_paths"":[[20,6,41,1],[20,33,1],[20,36,14,1],[20,45,1]],""selected_path"":[20,33,1]},{""key"":[20,1,40],""started_at"":465.7450163847187,""closed_at"":467.7450163847187,""candidate_paths"":[[20,1],[20,4,14,1],[20,30,1],[20,45,5,1]],""selected_path"":[20,1]},{""key"":[20,1,48],""started_at"":533.6983112259804,""closed_at"":535.6983112259804,""candidate_paths"":[[20,0,1],[20,12,1],[20,14,30,1],[20,19,1],[20,21,1],[20,33,5,1]],""selected_path"":[20,21,1]},{""key"":[23,14,2],""started_at"":2.3591373886384046,""closed_at"":4.359137388638405,""candidate_paths"":[[23,11,14],[23,40,5,14],[23,40,34,14],[23,47,1,14]],""selected_path"":[23,11,14]},{""key"":[23,14,6],""started_at"":58.53605842416381,""closed_at"":60.53605842416381,""candidate_paths"":[[23,0,45,14],[23,1,14],[23,5,14],[23,14],[23,31,14],[23,34,14],[23,36,3,14]],""selected_path"":[23,5,14]},{""key"":[23,14,10],""started_at"":115.0894976388589,""closed_at"":117.0894976388589,""candidate_paths"":[[23,5,14],[23,6,14],[23,6,33,14]],""selected_path"":[23,6,14]},{""key"":[23,14,14],""started_at"":190.81099098949824,""closed_at"":192.81099098949824,""candidate_paths"":[[23,0,14],[23,1,5,14],[23,1,14],[23,14],[23,49,14]],""selected_path"":[23,14]},{""key"":[23,14,22],""started_at"":240.79311173685625,""closed_at"":242.79311173685625,""candidate_paths"":[[23,3,2,14],[23,5,14],[23,6,33,14],[23,30,14],[23,34,14],[23,45,14]],""selected_path"":[23,5,14]},{""key"":[23,14,26],""started_at"":287.130093947257,""closed_at"":289.130093947257,""candidate_paths"":[[23,6,33,14],[23,14],[23,19,3,14],[23,19,28,14],[23,34,14],[23,44,2,14],[23,48,14]],""selected_path"":[23,34,14]},{""key"":[23,14,34],""started_at"":332.6642346865187,""closed_at"":334.6642346865187,""candidate_paths"":[[23,0,14],[23,5,14],[23,14],[23,34,14]],""selected_path"":[23,14]},{""key"":[23,14,38],""started_at"":415.75099267217723,""closed_at"":417.75099267217723,""candidate_paths"":[[23,1,14],[23,3,41,14],[23,12,14],[23,15,14],[23,25,5,14],[23,30,14],[23,34,14]],""selected_path"":[23,30,14]},{""key"":[23,14,42],""started_at"":474.9374583211515,""closed_at"":476.9374583211515,""candidate_paths"":[[23,1,14],[23,3,14],[23,13,28,14],[23,14]],""selected_path"":[23,14]},{""key"":[23,14,46],""started_at"":509.1099223595329,""closed_at"":511.1099223595329,""candidate_paths"":[[23,5,14],[23,14],[23,19,3,14],[23,21,30,14],[23,34,14]],""selected_path"":[23,14]},{""key"":[48,47,3],""started_at"":21.774341775572275,""closed_at"":23.774341775572275,""candidate_paths"":[[48,2,47],[48,15,7,47],[48,32,10,47],[48,32,25,47],[48,32,47],[48,34,47],[48,47]],""selected_path"":[48,47]},{""key"":[48,47,7],""started_at"":84.54521717701633,""closed_at"":86.54521717701633,""candidate_paths"":[[48,8,18,47],[48,8,47],[48,32,47],[48,35,47],[48,47]],""selected_path"":[48,32,47]}]",49,0,4,4,4.9,a319c4dcde6dc1e2eeb88f4023e19b381b88e8c5d390aabff91c972fdfd17154,7,2.75,0,connected-multihop,0.9,2,4,4,2.0,1,2,1,0.9090909090909091,0.03339517625231911,0,1.5,0.5439727116783023,0.997232062528041,0.9999911766229891,0.9999999903200324,0.9999999999998875,0.18857142857142858,0.045714285714285714
meshtastic-like,32,600.0,40,40,0,0.65,1.0,0.0,0.6017,0.660171,0.6017,1.311266,1.537996,40,26,0,473,415,58,58,34.025728,23.025162,0.038375,13.474188,55.498985,68.973173,2.652814,1.308682,0.660171,9253,13924,23177,0.399232,11294,0.487293,5580,1848,0,0,0,0,0,0,0,0,0.0,0.122622,0,0,0.0,-1,0,0,0,icc2027_generalization_stale_fading_short_ttl,50,8250.0,4.0,unicast,poisson,0,0,0,0,[],[],40,0,4,4,4.0,a0a57a46fcfd96d98119bc3609d2f7b782542d7edfadd14f25780f250027c3d0,7,2.75,0,connected-multihop,0.9,2,4,4,2.0,1,0,0,0.0,0.0,0,0.0,0.14656011528606777,0.9899108707122267,0.9999607038417435,0.9999999612530406,0.9999999999999827,0.25142857142857145,0.08897959183673469
meshcore-like,32,600.0,40,40,0,0.1,0.1,0.0,1.35968,1.215808,1.35968,2.287744,2.431616,4,4,0,422,11,411,8,30.356992,12.341068,0.020568,12.021369,47.703992,59.72536,14.93134,7.589248,1.215808,3350,17328,20678,0.162008,14577,0.704952,1909,0,392,11,8,4,2,38,0,0,0.0,0.973934,0,0,0.0,-1,0,0,0,icc2027_generalization_stale_fading_short_ttl,50,8250.0,4.0,unicast,poisson,0,8,48,8,"[{""key"":[21,15,1],""candidate_count"":9,""sha256"":""3d2a5133d5d443ebab04a6a6b2b9073ec2f605b238d1cfdef0a69a145ac5e586""},{""key"":[29,40,2],""candidate_count"":5,""sha256"":""5cfc41c6f7dee56f6c899dee5d40ba49b9fa4d4522c1c1592e2554431bb8d1ec""},{""key"":[32,47,4],""candidate_count"":3,""sha256"":""9ad0b6f2421fff6290c85e5647605e34b9e04ab3752fff909730fe11ffd96974""},{""key"":[32,47,12],""candidate_count"":3,""sha256"":""29caadc1b35b93833e912b926327626761ec4394bd38756ff04639a5d815aa06""},{""key"":[48,30,3],""candidate_count"":6,""sha256"":""650e0b3278ef41dbbeacb8e6ae6520f9b1d497d21f58fc8428a09a659b656b4f""},{""key"":[48,30,11],""candidate_count"":9,""sha256"":""5f9e5373f2b4169a170a88367056c6ef167a8ef495fc4f2be92b91dd95eef1fb""},{""key"":[48,30,15],""candidate_count"":4,""sha256"":""60610255d2e55441d98af6fb3fcde390c6ba59ace871f220dbd82b41dcf79892""},{""key"":[48,30,19],""candidate_count"":9,""sha256"":""8903b3cc561629090a9fdb876849872ea287f6e6900e4fc5032b89b57c5fc5e9""}]","[{""key"":[21,15,1],""started_at"":1.0,""closed_at"":3.0,""candidate_paths"":[[21,7,26,15],[21,13,15],[21,14,15],[21,14,19,15],[21,14,30,15],[21,15],[21,17,15],[21,31,15],[21,49,15]],""selected_path"":[21,15]},{""key"":[29,40,2],""started_at"":16.165408648948432,""closed_at"":18.165408648948432,""candidate_paths"":[[29,18,23,40],[29,18,30,40],[29,32,40],[29,37,40],[29,40]],""selected_path"":[29,40]},{""key"":[32,47,4],""started_at"":33.31182948955551,""closed_at"":35.31182948955551,""candidate_paths"":[[32,14,26,47],[32,21,47],[32,24,11,47]],""selected_path"":[32,21,47]},{""key"":[32,47,12],""started_at"":160.7873059692862,""closed_at"":162.7873059692862,""candidate_paths"":[[32,11,41,47],[32,21,47],[32,47]],""selected_path"":[32,47]},{""key"":[48,30,3],""started_at"":25.331215028021813,""closed_at"":27.331215028021813,""candidate_paths"":[[48,13,45,30],[48,15,17,30],[48,18,30],[48,23,10,30],[48,23,30],[48,39,30]],""selected_path"":[48,18,30]},{""key"":[48,30,11],""started_at"":142.49521812924974,""closed_at"":144.49521812924974,""candidate_paths"":[[48,10,30],[48,11,9,30],[48,11,30],[48,18,30],[48,26,17,30],[48,26,30],[48,30],[48,37,13,30],[48,47,7,30]],""selected_path"":[48,30]},{""key"":[48,30,15],""started_at"":184.08682572492302,""closed_at"":186.08682572492302,""candidate_paths"":[[48,0,10,30],[48,9,17,30],[48,18,30],[48,26,30]],""selected_path"":[48,18,30]},{""key"":[48,30,19],""started_at"":307.1382045380164,""closed_at"":309.1382045380164,""candidate_paths"":[[48,0,23,30],[48,1,44,30],[48,8,30],[48,9,17,30],[48,10,30],[48,18,30],[48,26,30],[48,30],[48,36,28,30]],""selected_path"":[48,30]}]",40,0,4,4,4.0,a0a57a46fcfd96d98119bc3609d2f7b782542d7edfadd14f25780f250027c3d0,7,2.75,0,connected-multihop,0.9,2,4,4,2.0,1,0,0,0.5,0.02806122448979592,0,0.0,0.14656011528606777,0.9899108707122267,0.9999607038417435,0.9999999612530406,0.9999999999999827,0.25142857142857145,0.08897959183673469
etx-mesh,32,600.0,40,40,0,0.175,0.175,0.0,1.788251,1.654656,1.788251,2.287744,2.431616,7,7,0,585,16,569,13,42.08256,16.710218,0.02785,16.664694,66.071618,82.736311,11.819473,6.011794,1.654656,4496,24169,28665,0.156846,20326,0.709088,2308,0,539,17,11,7,2,38,0,7,0.356107,0.97265,0,0,0.0,-1,0,0,0,icc2027_generalization_stale_fading_short_ttl,50,8250.0,4.0,unicast,poisson,0,11,66,11,"[{""key"":[21,15,1],""candidate_count"":9,""sha256"":""3d2a5133d5d443ebab04a6a6b2b9073ec2f605b238d1cfdef0a69a145ac5e586""},{""key"":[21,15,5],""candidate_count"":5,""sha256"":""1c75c0f562bcad0cc5d8bed37426f0b3dca250c936c79be6c46565e18d82a6d0""},{""key"":[21,15,9],""candidate_count"":6,""sha256"":""f9ff8031be5c9398603ac69bd7e50a73aa191e065035a18014ff59bec6a159af""},{""key"":[21,15,13],""candidate_count"":7,""sha256"":""32723add9fd7d3f34ff1d6690193e9b1c05c78278f80c35ddb2fc80b54c548ef""},{""key"":[21,15,17],""candidate_count"":7,""sha256"":""8e7d12b1ca007025b102fe0febf31ea4787d07ee434b86786e876df44184a021""},{""key"":[29,40,2],""candidate_count"":5,""sha256"":""0d26807c7d9b659822dac36b73238313b1408fdebb825e6d597ca4d8609b26ee""},{""key"":[32,47,4],""candidate_count"":3,""sha256"":""9ad0b6f2421fff6290c85e5647605e34b9e04ab3752fff909730fe11ffd96974""},{""key"":[32,47,12],""candidate_count"":3,""sha256"":""61e8d8c06dcf516863d1cc40e3060315f74df8868f55a58959b98ff3434e2acf""},{""key"":[48,30,3],""candidate_count"":6,""sha256"":""d9fae274da7ce98a12085c64af2e5139f78c246751fc6b4adf19f1cfeabda54b""},{""key"":[48,30,11],""candidate_count"":7,""sha256"":""85b2c6589a2a6c766bbf4f05fe2b67b30e23830b4597ba033bd3f24a5fbf907b""},{""key"":[48,30,15],""candidate_count"":8,""sha256"":""46235192edfe7831e6ccd31736d96364a289ea0da5fe04d86d1b1ccba368d318""}]","[{""key"":[21,15,1],""started_at"":1.0,""closed_at"":3.0,""candidate_paths"":[[21,7,26,15],[21,13,15],[21,14,15],[21,14,19,15],[21,14,30,15],[21,15],[21,17,15],[21,31,15],[21,49,15]],""selected_path"":[21,17,15]},{""key"":[21,15,5],""started_at"":38.093809153648564,""closed_at"":40.093809153648564,""candidate_paths"":[[21,11,49,15],[21,17,26,15],[21,31,15],[21,37,15],[21,42,45,15]],""selected_path"":[21,37,15]},{""key"":[21,15,9],""started_at"":110.27973980697877,""closed_at"":112.27973980697877,""candidate_paths"":[[21,0,15],[21,8,9,15],[21,8,15],[21,24,27,15],[21,24,42,15],[21,45,15]],""selected_path"":[21,0,15]},{""key"":[21,15,13],""started_at"":170.84906318376326,""closed_at"":172.84906318376326,""candidate_paths"":[[21,0,15],[21,13,31,15],[21,13,45,15],[21,17,19,15],[21,20,36,15],[21,41,15],[21,49,15]],""selected_path"":[21,0,15]},{""key"":[21,15,17],""started_at"":272.510586138761,""closed_at"":274.510586138761,""candidate_paths"":[[21,0,15],[21,15],[21,19,31,15],[21,26,14,15],[21,41,15],[21,49,15],[21,49,45,15]],""selected_path"":[21,41,15]},{""key"":[29,40,2],""started_at"":16.165408648948432,""closed_at"":18.165408648948432,""candidate_paths"":[[29,12,49,40],[29,15,13,40],[29,32,40],[29,37,40],[29,40]],""selected_path"":[29,40]},{""key"":[32,47,4],""started_at"":33.31182948955551,""closed_at"":35.31182948955551,""candidate_paths"":[[32,14,26,47],[32,21,47],[32,24,11,47]],""selected_path"":[32,21,47]},{""key"":[32,47,12],""started_at"":160.7873059692862,""closed_at"":162.7873059692862,""candidate_paths"":[[32,24,47],[32,34,38,47],[32,47]],""selected_path"":[32,47]},{""key"":[48,30,3],""started_at"":25.331215028021813,""closed_at"":27.331215028021813,""candidate_paths"":[[48,11,7,30],[48,18,0,30],[48,18,30],[48,23,15,30],[48,23,30],[48,27,19,30]],""selected_path"":[48,23,30]},{""key"":[48,30,11],""started_at"":142.49521812924974,""closed_at"":144.49521812924974,""candidate_paths"":[[48,0,30],[48,10,30],[48,18,30],[48,26,8,30],[48,26,30],[48,30],[48,45,31,30]],""selected_path"":[48,30]},{""key"":[48,30,15],""started_at"":184.08682572492302,""closed_at"":186.08682572492302,""candidate_paths"":[[48,2,25,30],[48,2,30],[48,7,19,30],[48,7,30],[48,10,30],[48,23,30],[48,29,6,30],[48,30]],""selected_path"":[48,23,30]}]",40,0,4,4,4.0,a0a57a46fcfd96d98119bc3609d2f7b782542d7edfadd14f25780f250027c3d0,7,2.75,0,connected-multihop,0.9,2,4,4,2.0,1,0,0,0.6363636363636364,0.03153988868274583,0,0.0,0.14656011528606777,0.9899108707122267,0.9999607038417435,0.9999999612530406,0.9999999999999827,0.25142857142857145,0.08897959183673469
ett-mesh,32,600.0,40,40,0,0.175,0.175,0.0,1.788251,1.654656,1.788251,2.287744,2.431616,7,7,0,585,16,569,13,42.08256,16.710218,0.02785,16.664694,66.071618,82.736311,11.819473,6.011794,1.654656,4496,24169,28665,0.156846,20326,0.709088,2308,0,539,17,11,7,2,38,0,7,0.877259,0.97265,0,0,0.0,-1,0,0,0,icc2027_generalization_stale_fading_short_ttl,50,8250.0,4.0,unicast,poisson,0,11,66,11,"[{""key"":[21,15,1],""candidate_count"":9,""sha256"":""3d2a5133d5d443ebab04a6a6b2b9073ec2f605b238d1cfdef0a69a145ac5e586""},{""key"":[21,15,5],""candidate_count"":5,""sha256"":""1c75c0f562bcad0cc5d8bed37426f0b3dca250c936c79be6c46565e18d82a6d0""},{""key"":[21,15,9],""candidate_count"":6,""sha256"":""f9ff8031be5c9398603ac69bd7e50a73aa191e065035a18014ff59bec6a159af""},{""key"":[21,15,13],""candidate_count"":7,""sha256"":""32723add9fd7d3f34ff1d6690193e9b1c05c78278f80c35ddb2fc80b54c548ef""},{""key"":[21,15,17],""candidate_count"":7,""sha256"":""8e7d12b1ca007025b102fe0febf31ea4787d07ee434b86786e876df44184a021""},{""key"":[29,40,2],""candidate_count"":5,""sha256"":""0d26807c7d9b659822dac36b73238313b1408fdebb825e6d597ca4d8609b26ee""},{""key"":[32,47,4],""candidate_count"":3,""sha256"":""9ad0b6f2421fff6290c85e5647605e34b9e04ab3752fff909730fe11ffd96974""},{""key"":[32,47,12],""candidate_count"":3,""sha256"":""61e8d8c06dcf516863d1cc40e3060315f74df8868f55a58959b98ff3434e2acf""},{""key"":[48,30,3],""candidate_count"":6,""sha256"":""d9fae274da7ce98a12085c64af2e5139f78c246751fc6b4adf19f1cfeabda54b""},{""key"":[48,30,11],""candidate_count"":7,""sha256"":""85b2c6589a2a6c766bbf4f05fe2b67b30e23830b4597ba033bd3f24a5fbf907b""},{""key"":[48,30,15],""candidate_count"":8,""sha256"":""46235192edfe7831e6ccd31736d96364a289ea0da5fe04d86d1b1ccba368d318""}]","[{""key"":[21,15,1],""started_at"":1.0,""closed_at"":3.0,""candidate_paths"":[[21,7,26,15],[21,13,15],[21,14,15],[21,14,19,15],[21,14,30,15],[21,15],[21,17,15],[21,31,15],[21,49,15]],""selected_path"":[21,17,15]},{""key"":[21,15,5],""started_at"":38.093809153648564,""closed_at"":40.093809153648564,""candidate_paths"":[[21,11,49,15],[21,17,26,15],[21,31,15],[21,37,15],[21,42,45,15]],""selected_path"":[21,37,15]},{""key"":[21,15,9],""started_at"":110.27973980697877,""closed_at"":112.27973980697877,""candidate_paths"":[[21,0,15],[21,8,9,15],[21,8,15],[21,24,27,15],[21,24,42,15],[21,45,15]],""selected_path"":[21,0,15]},{""key"":[21,15,13],""started_at"":170.84906318376326,""closed_at"":172.84906318376326,""candidate_paths"":[[21,0,15],[21,13,31,15],[21,13,45,15],[21,17,19,15],[21,20,36,15],[21,41,15],[21,49,15]],""selected_path"":[21,0,15]},{""key"":[21,15,17],""started_at"":272.510586138761,""closed_at"":274.510586138761,""candidate_paths"":[[21,0,15],[21,15],[21,19,31,15],[21,26,14,15],[21,41,15],[21,49,15],[21,49,45,15]],""selected_path"":[21,41,15]},{""key"":[29,40,2],""started_at"":16.165408648948432,""closed_at"":18.165408648948432,""candidate_paths"":[[29,12,49,40],[29,15,13,40],[29,32,40],[29,37,40],[29,40]],""selected_path"":[29,40]},{""key"":[32,47,4],""started_at"":33.31182948955551,""closed_at"":35.31182948955551,""candidate_paths"":[[32,14,26,47],[32,21,47],[32,24,11,47]],""selected_path"":[32,21,47]},{""key"":[32,47,12],""started_at"":160.7873059692862,""closed_at"":162.7873059692862,""candidate_paths"":[[32,24,47],[32,34,38,47],[32,47]],""selected_path"":[32,47]},{""key"":[48,30,3],""started_at"":25.331215028021813,""closed_at"":27.331215028021813,""candidate_paths"":[[48,11,7,30],[48,18,0,30],[48,18,30],[48,23,15,30],[48,23,30],[48,27,19,30]],""selected_path"":[48,23,30]},{""key"":[48,30,11],""started_at"":142.49521812924974,""closed_at"":144.49521812924974,""candidate_paths"":[[48,0,30],[48,10,30],[48,18,30],[48,26,8,30],[48,26,30],[48,30],[48,45,31,30]],""selected_path"":[48,30]},{""key"":[48,30,15],""started_at"":184.08682572492302,""closed_at"":186.08682572492302,""candidate_paths"":[[48,2,25,30],[48,2,30],[48,7,19,30],[48,7,30],[48,10,30],[48,23,30],[48,29,6,30],[48,30]],""selected_path"":[48,23,30]}]",40,0,4,4,4.0,a0a57a46fcfd96d98119bc3609d2f7b782542d7edfadd14f25780f250027c3d0,7,2.75,0,connected-multihop,0.9,2,4,4,2.0,1,0,0,0.6363636363636364,0.03153988868274583,0,0.0,0.14656011528606777,0.9899108707122267,0.9999607038417435,0.9999999612530406,0.9999999999999827,0.25142857142857145,0.08897959183673469
minhop-mesh,32,600.0,40,40,0,0.275,0.325,0.0,1.567011,1.561689,1.567011,2.287744,2.431616,13,11,0,951,25,926,19,68.411136,28.271204,0.047119,27.09081,107.926919,135.017729,12.274339,6.219194,1.561689,7509,39090,46599,0.161141,33345,0.715573,4268,0,882,25,18,15,4,36,0,14,0.776643,0.973712,0,0,0.0,-1,0,0,0,icc2027_generalization_stale_fading_short_ttl,50,8250.0,4.0,unicast,poisson,0,18,99,18,"[{""key"":[21,15,1],""candidate_count"":8,""sha256"":""15573bd0ddc49f5cafe4e1c45e1196a77764fcb3b2fe3fb7a403b8172e1904f7""},{""key"":[29,40,2],""candidate_count"":5,""sha256"":""91b8792009f7200f108489bf56e63504fb918da6c30b09e205831aa34690064a""},{""key"":[29,40,10],""candidate_count"":6,""sha256"":""acdc8e3e6c0df39eba2981dd2eb44a124ce9451d1131a1bb2a2c05677c82343f""},{""key"":[29,40,14],""candidate_count"":4,""sha256"":""588356f5000de0cce9f02e9f4df6d0370fb696f3f9dce2d0642fd71bf9518a3d""},{""key"":[29,40,18],""candidate_count"":7,""sha256"":""063f69c726c26590d49e06cd6be3c3a512500fd68b19a54b10cacb6686603e0d""},{""key"":[29,40,22],""candidate_count"":3,""sha256"":""5fa0db156ea226eb149e1617d7c7a605ee36005dd0645617ccc095ac5fe06551""},{""key"":[29,40,26],""candidate_count"":7,""sha256"":""c0b0276c4f7e1938b8c0030e46e0873544ee29a67c1510a0f129d9d9e2f24780""},{""key"":[32,47,4],""candidate_count"":6,""sha256"":""83c47d2dc2bf985eb1e6c8dc645e461a722f5e6295d66bfd36f2863e8a3526b1""},{""key"":[32,47,12],""candidate_count"":6,""sha256"":""29911cf8be2d56b2adcf405f86242ad584c29fd1dd396c9833c09d81595dc253""},{""key"":[32,47,16],""candidate_count"":4,""sha256"":""268aed424b4e08d8920a1b25099616bf4749d7fe1c9fbc3999affbf70c29d946""},{""key"":[32,47,20],""candidate_count"":4,""sha256"":""0c3d1043dea19ff6141f8f7a0827ab617cf9b63e468ce1bf5b4904c1d07357d0""},{""key"":[32,47,24],""candidate_count"":8,""sha256"":""7124d6100be6bb42c16c967d2c2861dd7c13a9a3811fa6de6727a6e6f744ebb1""},{""key"":[32,47,28],""candidate_count"":8,""sha256"":""6facde12ce03384b7365f3f0e8cbab6e537d59b2fcc1a1d4ce9bd314cbad6b35""},{""key"":[32,47,32],""candidate_count"":5,""sha256"":""88b524778ae9bc6b9d0bfc65375978df5fc20571521e03c6924156c8ee71f2e7""},{""key"":[32,47,40],""candidate_count"":5,""sha256"":""e5f44a5c4aab42c6611d3277dbf66fd3ee7830ddb84f82a6828b7f239c6a86df""},{""key"":[48,30,3],""candidate_count"":5,""sha256"":""660cf41cd93e2d29763dae43328ddced1935f3bb3c19fafb408ef10ae02ddc7e""},{""key"":[48,30,11],""candidate_count"":3,""sha256"":""04e4ebc28b18ceeeebd9a35825c945e3c5614dfc2bb54a59d85687bba1348a94""},{""key"":[48,30,15],""candidate_count"":5,""sha256"":""76620eaf380fcb2d41fb5fc869b64acffbe0d1169e66f71ecf63b1e3f5b5971c""}]","[{""key"":[21,15,1],""started_at"":1.0,""closed_at"":3.0,""candidate_paths"":[[21,7,26,15],[21,9,15],[21,14,15],[21,14,19,15],[21,14,30,15],[21,15],[21,31,15],[21,49,15]],""selected_path"":[21,15]},{""key"":[29,40,2],""started_at"":16.165408648948432,""closed_at"":18.165408648948432,""candidate_paths"":[[29,12,8,40],[29,12,17,40],[29,32,40],[29,37,40],[29,40]],""selected_path"":[29,40]},{""key"":[29,40,10],""started_at"":126.06817024882004,""closed_at"":128.06817024882002,""candidate_paths"":[[29,12,40],[29,14,40],[29,14,44,40],[29,37,40],[29,40],[29,46,22,40]],""selected_path"":[29,40]},{""key"":[29,40,14],""started_at"":175.18666997794645,""closed_at"":177.18666997794645,""candidate_paths"":[[29,12,40],[29,14,23,40],[29,18,19,40],[29,31,8,40]],""selected_path"":[29,12,40]},{""key"":[29,40,18],""started_at"":304.54494063385334,""closed_at"":306.54494063385334,""candidate_paths"":[[29,13,40],[29,16,15,40],[29,23,17,40],[29,31,40],[29,37,40],[29,40],[29,42,40]],""selected_path"":[29,40]},{""key"":[29,40,22],""started_at"":388.63707101874866,""closed_at"":390.63707101874866,""candidate_paths"":[[29,24,11,40],[29,35,32,40],[29,37,40]],""selected_path"":[29,37,40]},{""key"":[29,40,26],""started_at"":421.3977126804139,""closed_at"":423.3977126804139,""candidate_paths"":[[29,16,40],[29,17,40],[29,32,40],[29,37,40],[29,40],[29,47,13,40],[29,47,23,40]],""selected_path"":[29,40]},{""key"":[32,47,4],""started_at"":33.31182948955551,""closed_at"":35.31182948955551,""candidate_paths"":[[32,6,9,47],[32,6,47],[32,14,18,47],[32,21,47],[32,23,26,47],[32,27,11,47]],""selected_path"":[32,21,47]},{""key"":[32,47,12],""started_at"":160.7873059692862,""closed_at"":162.7873059692862,""candidate_paths"":[[32,4,38,47],[32,11,41,47],[32,21,47],[32,22,47],[32,25,47],[32,47]],""selected_path"":[32,47]},{""key"":[32,47,16],""started_at"":251.99294423312844,""closed_at"":253.99294423312844,""candidate_paths"":[[32,22,0,47],[32,22,47],[32,24,47],[32,47]],""selected_path"":[32,47]},{""key"":[32,47,20],""started_at"":328.2839342636014,""closed_at"":330.2839342636014,""candidate_paths"":[[32,1,34,47],[32,1,47],[32,6,2,47],[32,24,47]],""selected_path"":[32,24,47]},{""key"":[32,47,24],""started_at"":411.50111919246825,""closed_at"":413.50111919246825,""candidate_paths"":[[32,2,47],[32,11,25,47],[32,11,34,47],[32,24,42,47],[32,24,47],[32,30,47],[32,46,29,47],[32,47]],""selected_path"":[32,47]},{""key"":[32,47,28],""started_at"":453.5300345077444,""closed_at"":455.5300345077444,""candidate_paths"":[[32,1,47],[32,6,21,47],[32,6,47],[32,12,41,47],[32,22,47],[32,33,47],[32,34,47],[32,42,4,47]],""selected_path"":[32,34,47]},{""key"":[32,47,32],""started_at"":498.6182313358651,""closed_at"":500.6182313358651,""candidate_paths"":[[32,5,47],[32,13,17,47],[32,24,47],[32,24,48,47],[32,47]],""selected_path"":[32,47]},{""key"":[32,47,40],""started_at"":589.9160957236819,""closed_at"":591.9160957236819,""candidate_paths"":[[32,4,2,47],[32,12,47],[32,19,18,47],[32,39,1,47],[32,39,30,47]],""selected_path"":[32,12,47]},{""key"":[48,30,3],""started_at"":25.331215028021813,""closed_at"":27.331215028021813,""candidate_paths"":[[48,7,30],[48,9,17,30],[48,14,30],[48,18,30],[48,39,30]],""selected_path"":[48,18,30]},{""key"":[48,30,11],""started_at"":142.49521812924974,""closed_at"":144.49521812924974,""candidate_paths"":[[48,3,43,30],[48,26,8,30],[48,30]],""selected_path"":[48,30]},{""key"":[48,30,15],""started_at"":184.08682572492302,""closed_at"":186.08682572492302,""candidate_paths"":[[48,7,8,30],[48,7,30],[48,15,17,30],[48,15,45,30],[48,30]],""selected_path"":[48,30]}]",40,0,4,4,4.0,a0a57a46fcfd96d98119bc3609d2f7b782542d7edfadd14f25780f250027c3d0,7,2.75,0,connected-multihop,0.9,2,4,4,2.0,1,1,1,0.8333333333333334,0.02834467120181406,0,2.0,0.14656011528606777,0.9899108707122267,0.9999607038417435,0.9999999612530406,0.9999999999999827,0.25142857142857145,0.08897959183673469
meshecho,32,600.0,40,40,0,0.35,0.35,0.0,1.915694,1.792375,1.915694,2.287744,2.431616,14,14,0,1068,31,1037,24,76.827648,32.145315,0.053576,30.423749,120.993558,151.417307,10.815522,5.487689,1.792375,8815,43517,52332,0.168444,36631,0.699973,4631,0,980,33,20,17,3,37,0,16,0.837306,0.970974,0,0,0.0,-1,0,0,0,icc2027_generalization_stale_fading_short_ttl,50,8250.0,4.0,unicast,poisson,0,20,110,20,"[{""key"":[21,15,1],""candidate_count"":7,""sha256"":""2af24b1105fe190f704f8ee6a1a451f12c2950aef8dfcafbbb1624164185f708""},{""key"":[21,15,5],""candidate_count"":5,""sha256"":""4887dc2192696970d601990f8efe7d097ea258d0d2be867a112f660c5c5a12cf""},{""key"":[21,15,9],""candidate_count"":4,""sha256"":""1d3ca98d5413e3dbd07edd207d2c2532d7f9f44e147beb9d4c01db69b6d398d1""},{""key"":[21,15,13],""candidate_count"":5,""sha256"":""d99d7cf471b7fbac1563ecfc26783047bef2165121298f5a5e150dde457bde89""},{""key"":[29,40,2],""candidate_count"":4,""sha256"":""7d0dbe76b650079a5441094acb449b1ee3a73bfca6b3f2847bd81fa87b834793""},{""key"":[29,40,10],""candidate_count"":4,""sha256"":""dfff6e427822074089500f0f3a12b222fb6b256e5a2f9f49bc2a567f07e1a03c""},{""key"":[29,40,14],""candidate_count"":3,""sha256"":""386e3eeefe3cdc79436b5d0483eed8236f766cfcb238d0f3fa3550a0559980a6""},{""key"":[29,40,18],""candidate_count"":8,""sha256"":""1cefab5d00662563ac3c9db7dd961d9ab53b72fe5713d6324b867756fa99ee54""},{""key"":[29,40,22],""candidate_count"":3,""sha256"":""6a8cc6c3a6fe812d5e855da540109b9eca691ed85a3b4233522ff86cc930e973""},{""key"":[29,40,26],""candidate_count"":3,""sha256"":""f7a66e09f4804541f1a8bee8daeabb5503e56b50433b933b91f4d0df345dab60""},{""key"":[29,40,30],""candidate_count"":5,""sha256"":""54d910ceff7e828721e3a1bb308ca122f4676b220d0b740de9481136aa5c13c4""},{""key"":[29,40,34],""candidate_count"":4,""sha256"":""24c7f7debcd308501c60d84ec57a3e612502021b586e8146da4d15e938c0dc3a""},{""key"":[29,40,38],""candidate_count"":8,""sha256"":""5d92846fe5823baaaea84b6b120ec4a7665e1343bc0db2fc67ffcca25b319fa1""},{""key"":[32,47,4],""candidate_count"":7,""sha256"":""86ec5b53e89eb422020d660514224bdb6c7649b8c88a4df6e35c189c8a92d413""},{""key"":[32,47,12],""candidate_count"":7,""sha256"":""f6fcbc3c633c8cfd13f5890c65cb8a7f1b888a561fbaa29ba13125fd9049522a""},{""key"":[32,47,16],""candidate_count"":3,""sha256"":""51845105d739deea29740cd9b000fb86ce72aac1589644aff25f862a1b54833f""},{""key"":[48,30,3],""candidate_count"":6,""sha256"":""daaad77c5840723975303bbfd333cc5210c4c74f67c7c5aa03b8d4416ecebc9f""},{""key"":[48,30,11],""candidate_count"":10,""sha256"":""676c4659e73adcaf94d13d9d858b89cf18b6dc9a69a18cc9fcaff4426a71e629""},{""key"":[48,30,15],""candidate_count"":8,""sha256"":""d059be49d805441bc695a92360fe018df0af2f42d11936fda2ce3c9358fb1f48""},{""key"":[48,30,19],""candidate_count"":6,""sha256"":""e03d48f812af62ce0583c9e12db24c8a37acedd0ed156916bb65711a5dff1d42""}]","[{""key"":[21,15,1],""started_at"":1.0,""closed_at"":3.0,""candidate_paths"":[[21,7,26,15],[21,9,15],[21,14,15],[21,14,18,15],[21,15],[21,31,15],[21,49,15]],""selected_path"":[21,31,15]},{""key"":[21,15,5],""started_at"":38.093809153648564,""closed_at"":40.093809153648564,""candidate_paths"":[[21,14,15],[21,15],[21,36,45,15],[21,39,30,26,15],[21,49,15]],""selected_path"":[21,14,15]},{""key"":[21,15,9],""started_at"":110.27973980697877,""closed_at"":112.27973980697877,""candidate_paths"":[[21,0,15],[21,8,15],[21,31,45,15],[21,49,15]],""selected_path"":[21,0,15]},{""key"":[21,15,13],""started_at"":170.84906318376326,""closed_at"":172.84906318376326,""candidate_paths"":[[21,1,12,15],[21,1,45,15],[21,5,15],[21,32,35,15],[21,49,15]],""selected_path"":[21,49,15]},{""key"":[29,40,2],""started_at"":16.165408648948432,""closed_at"":18.165408648948432,""candidate_paths"":[[29,12,8,40],[29,12,17,40],[29,37,40],[29,40]],""selected_path"":[29,40]},{""key"":[29,40,10],""started_at"":126.06817024882004,""closed_at"":128.06817024882002,""candidate_paths"":[[29,12,40],[29,37,40],[29,40],[29,49,40]],""selected_path"":[29,12,40]},{""key"":[29,40,14],""started_at"":175.18666997794645,""closed_at"":177.18666997794645,""candidate_paths"":[[29,12,40],[29,35,40],[29,49,40]],""selected_path"":[29,12,40]},{""key"":[29,40,18],""started_at"":304.54494063385334,""closed_at"":306.54494063385334,""candidate_paths"":[[29,8,19,40],[29,13,17,40],[29,16,22,40],[29,31,40],[29,37,40],[29,40],[29,42,40],[29,44,40]],""selected_path"":[29,37,40]},{""key"":[29,40,22],""started_at"":388.63707101874866,""closed_at"":390.63707101874866,""candidate_paths"":[[29,2,32,40],[29,23,40],[29,37,40]],""selected_path"":[29,37,40]},{""key"":[29,40,26],""started_at"":421.3977126804139,""closed_at"":423.3977126804139,""candidate_paths"":[[29,16,40],[29,17,13,40],[29,17,40]],""selected_path"":[29,16,40]},{""key"":[29,40,30],""started_at"":482.60901961862237,""closed_at"":484.60901961862237,""candidate_paths"":[[29,3,40],[29,11,27,40],[29,25,40],[29,32,40],[29,40]],""selected_path"":[29,40]},{""key"":[29,40,34],""started_at"":514.8700129181393,""closed_at"":516.8700129181393,""candidate_paths"":[[29,26,30,40],[29,31,13,40],[29,32,40],[29,40]],""selected_path"":[29,40]},{""key"":[29,40,38],""started_at"":569.4882307299416,""closed_at"":571.4882307299416,""candidate_paths"":[[29,10,8,40],[29,10,23,40],[29,11,24,44,40],[29,31,40],[29,37,40],[29,40],[29,43,35,40],[29,47,45,40]],""selected_path"":[29,40]},{""key"":[32,47,4],""started_at"":33.31182948955551,""closed_at"":35.31182948955551,""candidate_paths"":[[32,2,47],[32,14,19,47],[32,16,47],[32,21,47],[32,24,47],[32,30,26,47],[32,44,11,47]],""selected_path"":[32,21,47]},{""key"":[32,47,12],""started_at"":160.7873059692862,""closed_at"":162.7873059692862,""candidate_paths"":[[32,2,47],[32,4,5,47],[32,6,29,47],[32,11,41,47],[32,33,47],[32,34,47],[32,47]],""selected_path"":[32,34,47]},{""key"":[32,47,16],""started_at"":251.99294423312844,""closed_at"":253.99294423312844,""candidate_paths"":[[32,22,38,47],[32,24,2,47],[32,47]],""selected_path"":[32,47]},{""key"":[48,30,3],""started_at"":25.331215028021813,""closed_at"":27.331215028021813,""candidate_paths"":[[48,5,30],[48,9,30],[48,10,30],[48,14,15,30],[48,18,30],[48,26,30]],""selected_path"":[48,18,30]},{""key"":[48,30,11],""started_at"":142.49521812924974,""closed_at"":144.49521812924974,""candidate_paths"":[[48,0,9,30],[48,0,30],[48,10,30],[48,14,30],[48,15,30],[48,18,30],[48,26,30],[48,30],[48,39,7,30],[48,39,30]],""selected_path"":[48,30]},{""key"":[48,30,15],""started_at"":184.08682572492302,""closed_at"":186.08682572492302,""candidate_paths"":[[48,16,6,30],[48,18,30],[48,19,30],[48,26,10,30],[48,26,17,30],[48,26,30],[48,30],[48,49,45,30]],""selected_path"":[48,18,30]},{""key"":[48,30,19],""started_at"":307.1382045380164,""closed_at"":309.1382045380164,""candidate_paths"":[[48,8,30],[48,26,10,30],[48,26,30],[48,27,18,30],[48,30],[48,39,49,30]],""selected_path"":[48,26,30]}]",40,0,4,4,4.0,a0a57a46fcfd96d98119bc3609d2f7b782542d7edfadd14f25780f250027c3d0,7,2.75,0,connected-multihop,0.9,2,4,4,2.0,1,1,0,0.85,0.0336734693877551,0,1.0,0.14656011528606777,0.9899108707122267,0.9999607038417435,0.9999999612530406,0.9999999999999827,0.25142857142857145,0.08897959183673469
meshtastic-like,33,600.0,45,45,0,0.422222,1.0,0.0,0.631378,0.708992,0.631378,1.251917,1.466456,45,19,0,651,586,65,65,46.830336,27.949029,0.046582,18.544813,75.869152,94.413965,4.969156,2.464755,0.708992,9836,22063,31899,0.308348,19259,0.603749,6115,2061,0,0,0,0,0,0,0,0,0.0,0.099846,0,0,0.0,-1,0,0,0,icc2027_generalization_stale_fading_short_ttl,50,8250.0,4.0,unicast,poisson,0,0,0,0,[],[],45,0,4,4,4.5,a7403a0997ae17ec52c9e152f1533e49515ef82dfeaac9d529ef6420b207e8b3,7,2.75,0,connected-multihop,0.9,2,4,4,2.0,1,0,0,0.0,0.0,0,0.0,0.5177968886780069,0.9983971630943456,0.9999944427093447,0.9999999834879212,0.9999999999999023,0.17061224489795918,0.04816326530612245
meshcore-like,33,600.0,45,45,0,0.111111,0.133333,0.0,2.388454,2.263765,2.388454,2.287744,2.431616,6,5,0,628,13,615,10,45.175808,16.541903,0.02757,17.88962,70.196509,88.086129,17.617226,9.035162,2.263765,4356,26416,30772,0.141557,21850,0.710061,2364,0,588,17,12,8,0,45,0,0,0.0,0.979299,0,0,0.0,-1,0,0,0,icc2027_generalization_stale_fading_short_ttl,50,8250.0,4.0,unicast,poisson,0,12,56,12,"[{""key"":[9,41,3],""candidate_count"":4,""sha256"":""e15932745def9320b096c469bf399094d42e788ceef70604d6a8bbe0f9bbcf50""},{""key"":[16,9,2],""candidate_count"":7,""sha256"":""be159e35a48764e4295b278d95d13f24810fb7dbe919b5245b31e0645b56ec20""},{""key"":[16,9,6],""candidate_count"":2,""sha256"":""f132d068f688cbba03f0f8c6c3e5d631088459eb06e0a4ef325459057a59bb90""},{""key"":[16,9,10],""candidate_count"":4,""sha256"":""7154ce090a75ca92ecc4c093e3a091476632299eaeb8154c7e595abc274ff675""},{""key"":[16,9,14],""candidate_count"":5,""sha256"":""f2aba2c618fa23caffa77128c58f9c9410a8eb22c0a191118685559ebd25bb78""},{""key"":[16,9,18],""candidate_count"":4,""sha256"":""25d6fbc6cde2ca4c4f2b55047648bceeeed21da1253571e50bdfa78dbf18bb02""},{""key"":[24,11,4],""candidate_count"":5,""sha256"":""b551dc370dedf912c456ff6a6dae36074e2c95f1cf561b712d75ef37d85acac9""},{""key"":[24,11,8],""candidate_count"":5,""sha256"":""aaf0a6457b0f789c983a135629715f5069c8c7c876e1d052d04b7dd32ffe1a3e""},{""key"":[24,11,12],""candidate_count"":4,""sha256"":""b21e5ccc13b534aacb3b7b6c3673c164f2196f12006796243b6d30991f879bf6""},{""key"":[46,10,1],""candidate_count"":5,""sha256"":""a44aacc7ad68e4e9d8a6087463b2a40b8dc57ebe63fed51286051857b1a786f6""},{""key"":[46,10,5],""candidate_count"":3,""sha256"":""b47bf2a52b6d32666a480e24fcf4f1467419e170cc3cd9c2b70c1453ffaee9be""},{""key"":[46,10,9],""candidate_count"":8,""sha256"":""ea4d7530834aad457a2d5e8c8aad636b4f6daf7081af2a1974b77ef23d29ad0f""}]","[{""key"":[9,41,3],""started_at"":41.429118770509554,""closed_at"":43.429118770509554,""candidate_paths"":[[9,7,41],[9,21,42,41],[9,24,41],[9,35,41]],""selected_path"":[9,7,41]},{""key"":[16,9,2],""started_at"":37.99259919106219,""closed_at"":39.99259919106219,""candidate_paths"":[[16,0,1,9],[16,2,22,9],[16,9],[16,13,9],[16,17,20,9],[16,18,9],[16,28,10,9]],""selected_path"":[16,9]},{""key"":[16,9,6],""started_at"":71.29148181814601,""closed_at"":73.29148181814601,""candidate_paths"":[[16,2,9],[16,39,22,9]],""selected_path"":[16,2,9]},{""key"":[16,9,10],""started_at"":122.00260996747403,""closed_at"":124.00260996747403,""candidate_paths"":[[16,37,9],[16,37,10,9],[16,37,22,9],[16,43,28,9]],""selected_path"":[16,37,9]},{""key"":[16,9,14],""started_at"":185.36625144641226,""closed_at"":187.36625144641226,""candidate_paths"":[[16,4,7,9],[16,13,9],[16,19,9],[16,28,9],[16,44,9]],""selected_path"":[16,13,9]},{""key"":[16,9,18],""started_at"":254.74086523081505,""closed_at"":256.7408652308151,""candidate_paths"":[[16,9],[16,10,9],[16,10,39,9],[16,30,20,9]],""selected_path"":[16,9]},{""key"":[24,11,4],""started_at"":51.84546562068912,""closed_at"":53.84546562068912,""candidate_paths"":[[24,17,11],[24,18,44,11],[24,27,11],[24,37,12,11],[24,37,45,11]],""selected_path"":[24,17,11]},{""key"":[24,11,8],""started_at"":112.45712034772694,""closed_at"":114.45712034772694,""candidate_paths"":[[24,13,11],[24,16,11],[24,17,11],[24,19,48,11],[24,28,22,11]],""selected_path"":[24,13,11]},{""key"":[24,11,12],""started_at"":149.22119880320506,""closed_at"":151.22119880320506,""candidate_paths"":[[24,5,11],[24,17,11],[24,20,39,11],[24,28,44,11]],""selected_path"":[24,5,11]},{""key"":[46,10,1],""started_at"":1.0,""closed_at"":3.0,""candidate_paths"":[[46,10],[46,22,10],[46,28,10],[46,39,10],[46,49,14,10]],""selected_path"":[46,10]},{""key"":[46,10,5],""started_at"":70.76994593995084,""closed_at"":72.76994593995084,""candidate_paths"":[[46,10],[46,22,10],[46,31,18,10]],""selected_path"":[46,10]},{""key"":[46,10,9],""started_at"":119.98492847819847,""closed_at"":121.98492847819847,""candidate_paths"":[[46,3,10],[46,5,37,10],[46,7,10],[46,10],[46,28,10],[46,32,18,10],[46,39,10],[46,48,14,10]],""selected_path"":[46,10]}]",45,0,4,4,4.5,a7403a0997ae17ec52c9e152f1533e49515ef82dfeaac9d529ef6420b207e8b3,7,2.75,0,connected-multihop,0.9,2,4,4,2.0,1,0,0,0.6666666666666666,0.02891156462585034,0,0.0,0.5177968886780069,0.9983971630943456,0.9999944427093447,0.9999999834879212,0.9999999999999023,0.17061224489795918,0.04816326530612245
etx-mesh,33,600.0,45,45,0,0.288889,0.311111,0.0,2.189233,2.088366,2.189233,2.287744,2.431616,14,13,0,1008,26,982,22,72.511488,26.859936,0.044767,28.714549,112.844024,141.558573,10.889121,5.577807,2.088366,7715,41677,49392,0.156199,34351,0.695477,3951,0,931,29,19,16,1,44,0,15,0.39149,0.974206,0,0,0.0,-1,0,0,0,icc2027_generalization_stale_fading_short_ttl,50,8250.0,4.0,unicast,poisson,0,19,90,19,"[{""key"":[9,41,3],""candidate_count"":4,""sha256"":""e15932745def9320b096c469bf399094d42e788ceef70604d6a8bbe0f9bbcf50""},{""key"":[16,9,2],""candidate_count"":7,""sha256"":""be159e35a48764e4295b278d95d13f24810fb7dbe919b5245b31e0645b56ec20""},{""key"":[16,9,6],""candidate_count"":2,""sha256"":""f132d068f688cbba03f0f8c6c3e5d631088459eb06e0a4ef325459057a59bb90""},{""key"":[16,9,10],""candidate_count"":4,""sha256"":""7154ce090a75ca92ecc4c093e3a091476632299eaeb8154c7e595abc274ff675""},{""key"":[16,9,14],""candidate_count"":6,""sha256"":""289601034aec94eebbe75627fbba9d62591d9ad88185b9474fbbb7f9c0f0aefc""},{""key"":[16,9,18],""candidate_count"":5,""sha256"":""3d3da0c2b6228e82abec9c10596aa962df1931bfba14a6cb2e0f7477f00c6c37""},{""key"":[16,9,26],""candidate_count"":8,""sha256"":""9a551b36fedcad7a10b2ee615d5652f65c2e16d6ba7f56e88b45599c1f78ef25""},{""key"":[16,9,30],""candidate_count"":5,""sha256"":""84ae87d892392168780454ed4bff5f2f2270b4170b1aa0d81461305337801e7a""},{""key"":[16,9,34],""candidate_count"":3,""sha256"":""c592cd20c25fdb08f0231cf7f58931983ab3d67d30aafa0f51a698f149d4815a""},{""key"":[16,9,38],""candidate_count"":2,""sha256"":""86515e1d19c05ecfaab8e9250962ff64c1e788326ce822f00a1d96083cf2de78""},{""key"":[16,9,42],""candidate_count"":5,""sha256"":""fd06401259edf6505f800db717c1c22d71cf98d86ca8216eee08e91dd9ab8083""},{""key"":[24,11,4],""candidate_count"":5,""sha256"":""b551dc370dedf912c456ff6a6dae36074e2c95f1cf561b712d75ef37d85acac9""},{""key"":[24,11,8],""candidate_count"":5,""sha256"":""aaf0a6457b0f789c983a135629715f5069c8c7c876e1d052d04b7dd32ffe1a3e""},{""key"":[24,11,12],""candidate_count"":4,""sha256"":""b21e5ccc13b534aacb3b7b6c3673c164f2196f12006796243b6d30991f879bf6""},{""key"":[24,11,16],""candidate_count"":3,""sha256"":""5984492fd8c245a3c24e2646e9034e61be9698f65cab89e2142ac049c6fad539""},{""key"":[24,11,20],""candidate_count"":6,""sha256"":""7e109b439fcbe91242a688b96c0eba7f8a7568efae3320264edb9059dfc82e66""},{""key"":[46,10,1],""candidate_count"":5,""sha256"":""a44aacc7ad68e4e9d8a6087463b2a40b8dc57ebe63fed51286051857b1a786f6""},{""key"":[46,10,5],""candidate_count"":3,""sha256"":""b47bf2a52b6d32666a480e24fcf4f1467419e170cc3cd9c2b70c1453ffaee9be""},{""key"":[46,10,9],""candidate_count"":8,""sha256"":""ea4d7530834aad457a2d5e8c8aad636b4f6daf7081af2a1974b77ef23d29ad0f""}]","[{""key"":[9,41,3],""started_at"":41.429118770509554,""closed_at"":43.429118770509554,""candidate_paths"":[[9,7,41],[9,21,42,41],[9,24,41],[9,35,41]],""selected_path"":[9,24,41]},{""key"":[16,9,2],""started_at"":37.99259919106219,""closed_at"":39.99259919106219,""candidate_paths"":[[16,0,1,9],[16,2,22,9],[16,9],[16,13,9],[16,17,20,9],[16,18,9],[16,28,10,9]],""selected_path"":[16,9]},{""key"":[16,9,6],""started_at"":71.29148181814601,""closed_at"":73.29148181814601,""candidate_paths"":[[16,2,9],[16,39,22,9]],""selected_path"":[16,2,9]},{""key"":[16,9,10],""started_at"":122.00260996747403,""closed_at"":124.00260996747403,""candidate_paths"":[[16,37,9],[16,37,10,9],[16,37,22,9],[16,43,28,9]],""selected_path"":[16,37,9]},{""key"":[16,9,14],""started_at"":185.36625144641226,""closed_at"":187.36625144641226,""candidate_paths"":[[16,12,9],[16,15,35,9],[16,15,36,9],[16,28,4,9],[16,28,9],[16,31,7,9]],""selected_path"":[16,12,9]},{""key"":[16,9,18],""started_at"":254.74086523081505,""closed_at"":256.7408652308151,""candidate_paths"":[[16,0,7,9],[16,9],[16,10,9],[16,28,9],[16,44,39,9]],""selected_path"":[16,9]},{""key"":[16,9,26],""started_at"":323.6824410729881,""closed_at"":325.6824410729881,""candidate_paths"":[[16,7,39,9],[16,9],[16,10,9],[16,15,35,9],[16,20,9],[16,22,9],[16,24,36,9],[16,28,9]],""selected_path"":[16,9]},{""key"":[16,9,30],""started_at"":385.47736723696846,""closed_at"":387.47736723696846,""candidate_paths"":[[16,9],[16,21,25,9],[16,44,7,9],[16,46,39,9],[16,49,43,9]],""selected_path"":[16,9]},{""key"":[16,9,34],""started_at"":497.89672347720784,""closed_at"":499.89672347720784,""candidate_paths"":[[16,3,9],[16,35,36,9],[16,49,42,9]],""selected_path"":[16,3,9]},{""key"":[16,9,38],""started_at"":539.7906943089799,""closed_at"":541.7906943089799,""candidate_paths"":[[16,4,10,9],[16,39,9]],""selected_path"":[16,39,9]},{""key"":[16,9,42],""started_at"":581.8611549784018,""closed_at"":583.8611549784018,""candidate_paths"":[[16,10,3,9],[16,10,9],[16,28,9],[16,39,9],[16,40,33,9]],""selected_path"":[16,28,9]},{""key"":[24,11,4],""started_at"":51.84546562068912,""closed_at"":53.84546562068912,""candidate_paths"":[[24,17,11],[24,18,44,11],[24,27,11],[24,37,12,11],[24,37,45,11]],""selected_path"":[24,27,11]},{""key"":[24,11,8],""started_at"":112.45712034772694,""closed_at"":114.45712034772694,""candidate_paths"":[[24,13,11],[24,16,11],[24,17,11],[24,19,48,11],[24,28,22,11]],""selected_path"":[24,13,11]},{""key"":[24,11,12],""started_at"":149.22119880320506,""closed_at"":151.22119880320506,""candidate_paths"":[[24,5,11],[24,17,11],[24,20,39,11],[24,28,44,11]],""selected_path"":[24,17,11]},{""key"":[24,11,16],""started_at"":218.58140219373007,""closed_at"":220.58140219373007,""candidate_paths"":[[24,3,25,11],[24,17,11],[24,22,39,11]],""selected_path"":[24,17,11]},{""key"":[24,11,20],""started_at"":262.4971660082263,""closed_at"":264.4971660082263,""candidate_paths"":[[24,6,11],[24,13,11],[24,17,11],[24,23,43,11],[24,26,11],[24,37,11]],""selected_path"":[24,26,11]},{""key"":[46,10,1],""started_at"":1.0,""closed_at"":3.0,""candidate_paths"":[[46,10],[46,22,10],[46,28,10],[46,39,10],[46,49,14,10]],""selected_path"":[46,10]},{""key"":[46,10,5],""started_at"":70.76994593995084,""closed_at"":72.76994593995084,""candidate_paths"":[[46,10],[46,22,10],[46,31,18,10]],""selected_path"":[46,10]},{""key"":[46,10,9],""started_at"":119.98492847819847,""closed_at"":121.98492847819847,""candidate_paths"":[[46,3,10],[46,5,37,10],[46,7,10],[46,10],[46,28,10],[46,32,18,10],[46,39,10],[46,48,14,10]],""selected_path"":[46,10]}]",45,0,4,4,4.5,a7403a0997ae17ec52c9e152f1533e49515ef82dfeaac9d529ef6420b207e8b3,7,2.75,0,connected-multihop,0.9,2,4,4,2.0,1,1,1,0.8421052631578947,0.031149301825993556,0,2.0,0.5177968886780069,0.9983971630943456,0.9999944427093447,0.9999999834879212,0.9999999999999023,0.17061224489795918,0.04816326530612245
ett-mesh,33,600.0,45,45,0,0.288889,0.311111,0.0,2.189233,2.088366,2.189233,2.287744,2.431616,14,13,0,1008,26,982,22,72.511488,26.859936,0.044767,28.714549,112.844024,141.558573,10.889121,5.577807,2.088366,7715,41677,49392,0.156199,34351,0.695477,3951,0,931,29,19,16,1,44,0,15,0.894118,0.974206,0,0,0.0,-1,0,0,0,icc2027_generalization_stale_fading_short_ttl,50,8250.0,4.0,unicast,poisson,0,19,90,19,"[{""key"":[9,41,3],""candidate_count"":4,""sha256"":""e15932745def9320b096c469bf399094d42e788ceef70604d6a8bbe0f9bbcf50""},{""key"":[16,9,2],""candidate_count"":7,""sha256"":""be159e35a48764e4295b278d95d13f24810fb7dbe919b5245b31e0645b56ec20""},{""key"":[16,9,6],""candidate_count"":2,""sha256"":""f132d068f688cbba03f0f8c6c3e5d631088459eb06e0a4ef325459057a59bb90""},{""key"":[16,9,10],""candidate_count"":4,""sha256"":""7154ce090a75ca92ecc4c093e3a091476632299eaeb8154c7e595abc274ff675""},{""key"":[16,9,14],""candidate_count"":6,""sha256"":""289601034aec94eebbe75627fbba9d62591d9ad88185b9474fbbb7f9c0f0aefc""},{""key"":[16,9,18],""candidate_count"":5,""sha256"":""3d3da0c2b6228e82abec9c10596aa962df1931bfba14a6cb2e0f7477f00c6c37""},{""key"":[16,9,26],""candidate_count"":8,""sha256"":""9a551b36fedcad7a10b2ee615d5652f65c2e16d6ba7f56e88b45599c1f78ef25""},{""key"":[16,9,30],""candidate_count"":5,""sha256"":""84ae87d892392168780454ed4bff5f2f2270b4170b1aa0d81461305337801e7a""},{""key"":[16,9,34],""candidate_count"":3,""sha256"":""c592cd20c25fdb08f0231cf7f58931983ab3d67d30aafa0f51a698f149d4815a""},{""key"":[16,9,38],""candidate_count"":2,""sha256"":""86515e1d19c05ecfaab8e9250962ff64c1e788326ce822f00a1d96083cf2de78""},{""key"":[16,9,42],""candidate_count"":5,""sha256"":""fd06401259edf6505f800db717c1c22d71cf98d86ca8216eee08e91dd9ab8083""},{""key"":[24,11,4],""candidate_count"":5,""sha256"":""b551dc370dedf912c456ff6a6dae36074e2c95f1cf561b712d75ef37d85acac9""},{""key"":[24,11,8],""candidate_count"":5,""sha256"":""aaf0a6457b0f789c983a135629715f5069c8c7c876e1d052d04b7dd32ffe1a3e""},{""key"":[24,11,12],""candidate_count"":4,""sha256"":""b21e5ccc13b534aacb3b7b6c3673c164f2196f12006796243b6d30991f879bf6""},{""key"":[24,11,16],""candidate_count"":3,""sha256"":""5984492fd8c245a3c24e2646e9034e61be9698f65cab89e2142ac049c6fad539""},{""key"":[24,11,20],""candidate_count"":6,""sha256"":""7e109b439fcbe91242a688b96c0eba7f8a7568efae3320264edb9059dfc82e66""},{""key"":[46,10,1],""candidate_count"":5,""sha256"":""a44aacc7ad68e4e9d8a6087463b2a40b8dc57ebe63fed51286051857b1a786f6""},{""key"":[46,10,5],""candidate_count"":3,""sha256"":""b47bf2a52b6d32666a480e24fcf4f1467419e170cc3cd9c2b70c1453ffaee9be""},{""key"":[46,10,9],""candidate_count"":8,""sha256"":""ea4d7530834aad457a2d5e8c8aad636b4f6daf7081af2a1974b77ef23d29ad0f""}]","[{""key"":[9,41,3],""started_at"":41.429118770509554,""closed_at"":43.429118770509554,""candidate_paths"":[[9,7,41],[9,21,42,41],[9,24,41],[9,35,41]],""selected_path"":[9,24,41]},{""key"":[16,9,2],""started_at"":37.99259919106219,""closed_at"":39.99259919106219,""candidate_paths"":[[16,0,1,9],[16,2,22,9],[16,9],[16,13,9],[16,17,20,9],[16,18,9],[16,28,10,9]],""selected_path"":[16,9]},{""key"":[16,9,6],""started_at"":71.29148181814601,""closed_at"":73.29148181814601,""candidate_paths"":[[16,2,9],[16,39,22,9]],""selected_path"":[16,2,9]},{""key"":[16,9,10],""started_at"":122.00260996747403,""closed_at"":124.00260996747403,""candidate_paths"":[[16,37,9],[16,37,10,9],[16,37,22,9],[16,43,28,9]],""selected_path"":[16,37,9]},{""key"":[16,9,14],""started_at"":185.36625144641226,""closed_at"":187.36625144641226,""candidate_paths"":[[16,12,9],[16,15,35,9],[16,15,36,9],[16,28,4,9],[16,28,9],[16,31,7,9]],""selected_path"":[16,12,9]},{""key"":[16,9,18],""started_at"":254.74086523081505,""closed_at"":256.7408652308151,""candidate_paths"":[[16,0,7,9],[16,9],[16,10,9],[16,28,9],[16,44,39,9]],""selected_path"":[16,9]},{""key"":[16,9,26],""started_at"":323.6824410729881,""closed_at"":325.6824410729881,""candidate_paths"":[[16,7,39,9],[16,9],[16,10,9],[16,15,35,9],[16,20,9],[16,22,9],[16,24,36,9],[16,28,9]],""selected_path"":[16,9]},{""key"":[16,9,30],""started_at"":385.47736723696846,""closed_at"":387.47736723696846,""candidate_paths"":[[16,9],[16,21,25,9],[16,44,7,9],[16,46,39,9],[16,49,43,9]],""selected_path"":[16,9]},{""key"":[16,9,34],""started_at"":497.89672347720784,""closed_at"":499.89672347720784,""candidate_paths"":[[16,3,9],[16,35,36,9],[16,49,42,9]],""selected_path"":[16,3,9]},{""key"":[16,9,38],""started_at"":539.7906943089799,""closed_at"":541.7906943089799,""candidate_paths"":[[16,4,10,9],[16,39,9]],""selected_path"":[16,39,9]},{""key"":[16,9,42],""started_at"":581.8611549784018,""closed_at"":583.8611549784018,""candidate_paths"":[[16,10,3,9],[16,10,9],[16,28,9],[16,39,9],[16,40,33,9]],""selected_path"":[16,28,9]},{""key"":[24,11,4],""started_at"":51.84546562068912,""closed_at"":53.84546562068912,""candidate_paths"":[[24,17,11],[24,18,44,11],[24,27,11],[24,37,12,11],[24,37,45,11]],""selected_path"":[24,27,11]},{""key"":[24,11,8],""started_at"":112.45712034772694,""closed_at"":114.45712034772694,""candidate_paths"":[[24,13,11],[24,16,11],[24,17,11],[24,19,48,11],[24,28,22,11]],""selected_path"":[24,13,11]},{""key"":[24,11,12],""started_at"":149.22119880320506,""closed_at"":151.22119880320506,""candidate_paths"":[[24,5,11],[24,17,11],[24,20,39,11],[24,28,44,11]],""selected_path"":[24,17,11]},{""key"":[24,11,16],""started_at"":218.58140219373007,""closed_at"":220.58140219373007,""candidate_paths"":[[24,3,25,11],[24,17,11],[24,22,39,11]],""selected_path"":[24,17,11]},{""key"":[24,11,20],""started_at"":262.4971660082263,""closed_at"":264.4971660082263,""candidate_paths"":[[24,6,11],[24,13,11],[24,17,11],[24,23,43,11],[24,26,11],[24,37,11]],""selected_path"":[24,26,11]},{""key"":[46,10,1],""started_at"":1.0,""closed_at"":3.0,""candidate_paths"":[[46,10],[46,22,10],[46,28,10],[46,39,10],[46,49,14,10]],""selected_path"":[46,10]},{""key"":[46,10,5],""started_at"":70.76994593995084,""closed_at"":72.76994593995084,""candidate_paths"":[[46,10],[46,22,10],[46,31,18,10]],""selected_path"":[46,10]},{""key"":[46,10,9],""started_at"":119.98492847819847,""closed_at"":121.98492847819847,""candidate_paths"":[[46,3,10],[46,5,37,10],[46,7,10],[46,10],[46,28,10],[46,32,18,10],[46,39,10],[46,48,14,10]],""selected_path"":[46,10]}]",45,0,4,4,4.5,a7403a0997ae17ec52c9e152f1533e49515ef82dfeaac9d529ef6420b207e8b3,7,2.75,0,connected-multihop,0.9,2,4,4,2.0,1,1,1,0.8421052631578947,0.031149301825993556,0,2.0,0.5177968886780069,0.9983971630943456,0.9999944427093447,0.9999999834879212,0.9999999999999023,0.17061224489795918,0.04816326530612245
minhop-mesh,33,600.0,45,45,0,0.133333,0.133333,0.0,2.35968,2.239787,2.35968,2.287744,2.431616,6,6,0,678,13,665,10,48.772608,17.64306,0.029405,19.313953,75.839811,95.153763,15.858961,8.128768,2.239787,4716,28506,33222,0.141954,23661,0.712209,2674,0,636,19,13,9,0,45,0,9,0.819574,0.980826,0,0,0.0,-1,0,0,0,icc2027_generalization_stale_fading_short_ttl,50,8250.0,4.0,unicast,poisson,0,13,62,13,"[{""key"":[9,41,3],""candidate_count"":3,""sha256"":""334831be71ea2689d99e0824f1ef89a6e6bcf4efb94c385de42d46845a8f4374""},{""key"":[9,41,7],""candidate_count"":6,""sha256"":""92a339fe39870225511b0461cadc729a5f00af41ce1950aabaf1517f0c216060""},{""key"":[9,41,11],""candidate_count"":4,""sha256"":""a23997db0a410b6ff29bef3234b6a8c44ac7f8fee11151d129f90d83802dc7d2""},{""key"":[9,41,15],""candidate_count"":5,""sha256"":""611a2c31214328800a19b736afd9e10137f43f6e8702c24eb96820c8122c248b""},{""key"":[16,9,2],""candidate_count"":7,""sha256"":""bdebc53d5f59f214b14140276f6e60cd60047f61948fa65848c6f94dbfa46ade""},{""key"":[16,9,6],""candidate_count"":4,""sha256"":""14742b9b996f02d17db6746f0ec0febf7906712e06ecd0607c13f1f2ce128543""},{""key"":[16,9,10],""candidate_count"":4,""sha256"":""f6c705be216e5acdccda5c229a16685e9f1b682fd73ee5952f374be1f0008659""},{""key"":[24,11,4],""candidate_count"":4,""sha256"":""982ad9c238ef965febc44f10d426bc1a74131b1436fe3c052b762da5fecc559e""},{""key"":[24,11,8],""candidate_count"":6,""sha256"":""8554695353ecc17d6e4425c0fe99f5b03f6327c4e078ec618fa7c23eb518c387""},{""key"":[24,11,12],""candidate_count"":4,""sha256"":""6d920bfd84e949cfbe952981a0add7d056c75073a8886559bf295d6b7c280502""},{""key"":[46,10,1],""candidate_count"":6,""sha256"":""8ae73c874a6ad311cfba9859bcb77a921be309193836c59ced9c2c00b632ae28""},{""key"":[46,10,5],""candidate_count"":3,""sha256"":""54a506d35d0513152105031e16e4b1d8473cdbd0a155957ff126eea7fab8f074""},{""key"":[46,10,9],""candidate_count"":6,""sha256"":""da9842c856977ce42ffd7aa222424f89ecb3305e6dcfb2e55b94af0cdb309294""}]","[{""key"":[9,41,3],""started_at"":41.429118770509554,""closed_at"":43.429118770509554,""candidate_paths"":[[9,1,34,41],[9,27,41],[9,30,46,41]],""selected_path"":[9,27,41]},{""key"":[9,41,7],""started_at"":85.78927884386107,""closed_at"":87.78927884386107,""candidate_paths"":[[9,14,37,41],[9,32,46,41],[9,33,41],[9,38,41],[9,38,42,41],[9,47,41]],""selected_path"":[9,47,41]},{""key"":[9,41,11],""started_at"":147.68811661662852,""closed_at"":149.68811661662852,""candidate_paths"":[[9,1,41],[9,17,11,41],[9,24,41],[9,47,41]],""selected_path"":[9,47,41]},{""key"":[9,41,15],""started_at"":192.55797734396018,""closed_at"":194.55797734396018,""candidate_paths"":[[9,10,46,41],[9,24,41],[9,33,41],[9,36,41],[9,41]],""selected_path"":[9,41]},{""key"":[16,9,2],""started_at"":37.99259919106219,""closed_at"":39.99259919106219,""candidate_paths"":[[16,2,22,9],[16,9],[16,18,9],[16,26,44,9],[16,28,10,9],[16,30,20,9],[16,36,9]],""selected_path"":[16,9]},{""key"":[16,9,6],""started_at"":71.29148181814601,""closed_at"":73.29148181814601,""candidate_paths"":[[16,18,9],[16,26,9],[16,28,9],[16,49,30,9]],""selected_path"":[16,18,9]},{""key"":[16,9,10],""started_at"":122.00260996747403,""closed_at"":124.00260996747403,""candidate_paths"":[[16,21,9],[16,21,10,9],[16,23,9],[16,37,9]],""selected_path"":[16,21,9]},{""key"":[24,11,4],""started_at"":51.84546562068912,""closed_at"":53.84546562068912,""candidate_paths"":[[24,2,32,11],[24,17,11],[24,28,10,11],[24,37,45,11]],""selected_path"":[24,17,11]},{""key"":[24,11,8],""started_at"":112.45712034772694,""closed_at"":114.45712034772694,""candidate_paths"":[[24,4,39,11],[24,6,11],[24,8,44,11],[24,8,48,11],[24,13,11],[24,17,11]],""selected_path"":[24,17,11]},{""key"":[24,11,12],""started_at"":149.22119880320506,""closed_at"":151.22119880320506,""candidate_paths"":[[24,26,11],[24,26,17,11],[24,33,5,11],[24,41,11]],""selected_path"":[24,41,11]},{""key"":[46,10,1],""started_at"":1.0,""closed_at"":3.0,""candidate_paths"":[[46,10],[46,22,10],[46,25,26,10],[46,28,10],[46,37,45,10],[46,39,10]],""selected_path"":[46,10]},{""key"":[46,10,5],""started_at"":70.76994593995084,""closed_at"":72.76994593995084,""candidate_paths"":[[46,10],[46,28,10],[46,39,10]],""selected_path"":[46,10]},{""key"":[46,10,9],""started_at"":119.98492847819847,""closed_at"":121.98492847819847,""candidate_paths"":[[46,4,10],[46,8,13,10],[46,10],[46,28,10],[46,35,10],[46,44,18,10]],""selected_path"":[46,10]}]",45,0,4,4,4.5,a7403a0997ae17ec52c9e152f1533e49515ef82dfeaac9d529ef6420b207e8b3,7,2.75,0,connected-multihop,0.9,2,4,4,2.0,1,0,0,0.6923076923076923,0.029874213836477988,0,0.0,0.5177968886780069,0.9983971630943456,0.9999944427093447,0.9999999834879212,0.9999999999999023,0.17061224489795918,0.04816326530612245
meshecho,33,600.0,45,45,0,0.422222,0.422222,0.0,2.261989,2.137048,2.261989,2.287744,2.431616,19,19,0,1286,37,1249,33,92.509696,35.50471,0.059175,36.63384,143.70858,180.34242,9.491706,4.868931,2.137048,10817,52197,63014,0.17166,42475,0.674057,5142,0,1176,40,24,22,1,44,0,20,0.842802,0.971229,0,0,0.0,-1,0,0,0,icc2027_generalization_stale_fading_short_ttl,50,8250.0,4.0,unicast,poisson,0,24,128,23,"[{""key"":[9,41,3],""candidate_count"":7,""sha256"":""7b18322e891df7e2186251d88a608b3152c3567c3feba80071728390b3f605b2""},{""key"":[16,9,2],""candidate_count"":8,""sha256"":""0eb4f9e59b1e0250e4a8d88ba962fc0e6f835f1c76b00e45829e07045422a43a""},{""key"":[16,9,6],""candidate_count"":1,""sha256"":""84d5555e83e93b4bcb871f8327f5ee6b685aca669717d67310c22aaa56fe4bb6""},{""key"":[16,9,10],""candidate_count"":6,""sha256"":""057e7d9b1cd2758a492ad3d98510890e87f3c922d3597fc2dd679ff439d714ea""},{""key"":[16,9,14],""candidate_count"":6,""sha256"":""2116abbe707c976900d9af1d63e57d1accc39b769a09d471e6734cc73723a28b""},{""key"":[16,9,18],""candidate_count"":7,""sha256"":""fd8e37143a7befe4fbe774391bdee2423bb65f1b5cb4e89a783a76c374a317d0""},{""key"":[16,9,26],""candidate_count"":7,""sha256"":""c2d7b72e0d442dd951bc48ef3d224af81dbc5d9ac37fe0542569481e30f960fc""},{""key"":[16,9,30],""candidate_count"":4,""sha256"":""162383a5d40f4f2e829000df87901b7280910705c9924500c20f8e5b16062b3e""},{""key"":[16,9,34],""candidate_count"":3,""sha256"":""879d86a0094e1c18355d1bcb5bbcc57edb0d746678cf0d2d17e599df0e2f0bd7""},{""key"":[16,9,38],""candidate_count"":5,""sha256"":""4232946cbe75adc9bc9b8ab28c80f74f1201316da2a788e0bf5c64761df2db37""},{""key"":[16,9,42],""candidate_count"":7,""sha256"":""332f19586643868643989cbcc275ae0d7234e76b3618d06207e44b850cfc31fe""},{""key"":[24,11,4],""candidate_count"":5,""sha256"":""2f584f75fa3fabe3a3662e4c4f1e5bbc15e66c0acebfa392bd41c45e2df3b96c""},{""key"":[24,11,8],""candidate_count"":5,""sha256"":""a66e4de23f3b640ac4ae05bd129c61c8134633412c19d25dead5290cae2e4047""},{""key"":[24,11,12],""candidate_count"":7,""sha256"":""6803bfbc506eb34636142f156d39deea020a03fe7200aa49dc01b31c5f852fad""},{""key"":[24,11,16],""candidate_count"":4,""sha256"":""b794f4e618a667125b5245d0cbb12b56a13a2a93631a9db544089c27ec8b7bb5""},{""key"":[24,11,20],""candidate_count"":6,""sha256"":""322ba9bce41de6ab4cce43239ae262890fef041acba22cd654a4182edb40d7e9""},{""key"":[24,11,24],""candidate_count"":7,""sha256"":""6380d4dd0f57a16d162bb95241b8a86b15efd91495615e3bf750e66b49cca980""},{""key"":[24,11,28],""candidate_count"":4,""sha256"":""6315cc0bdd788066999a5ca44a9379e0710997949d0e6fc55d3125b20cf20f88""},{""key"":[24,11,32],""candidate_count"":7,""sha256"":""27b6980732915235894aa44c28cfc042c2a2ddf36815ce1053f9857ee3eacacf""},{""key"":[24,11,36],""candidate_count"":3,""sha256"":""28b51c0b0a4e098d25427fc59bfc7489bdc1ee1f737d78b78ebdb3a9a44f8b85""},{""key"":[24,11,40],""candidate_count"":4,""sha256"":""44dcd77b3e03cb9d0e7f2e90c1d2cd0a97b8bc90088fac5cba75213a0adb7a89""},{""key"":[24,11,44],""candidate_count"":4,""sha256"":""a81c73a931084eefd4d9b7e18b184ad4b316dd92bd3e647ff802cccb6cd1e6b3""},{""key"":[46,10,1],""candidate_count"":7,""sha256"":""2a836c55ac5d57a8e95b21410aca6b6c8a099a480edaa7bf4f80bf169847c379""},{""key"":[46,10,5],""candidate_count"":4,""sha256"":""bce58043bc8420f0de0dfe8b3593821a7bc9b25297485778b45a83edb032f6bf""}]","[{""key"":[9,41,3],""started_at"":41.429118770509554,""closed_at"":43.429118770509554,""candidate_paths"":[[9,1,34,41],[9,21,42,41],[9,27,41],[9,38,46,41],[9,38,47,41],[9,40,41],[9,48,37,41]],""selected_path"":[9,27,41]},{""key"":[16,9,2],""started_at"":37.99259919106219,""closed_at"":39.99259919106219,""candidate_paths"":[[16,2,22,9],[16,9],[16,13,9],[16,18,9],[16,26,44,9],[16,28,10,9],[16,36,9],[16,39,9]],""selected_path"":[16,9]},{""key"":[16,9,6],""started_at"":71.29148181814601,""closed_at"":73.29148181814601,""candidate_paths"":[[16,38,9]],""selected_path"":[16,38,9]},{""key"":[16,9,10],""started_at"":122.00260996747403,""closed_at"":124.00260996747403,""candidate_paths"":[[16,8,25,9],[16,9],[16,11,7,9],[16,11,9],[16,11,10,9],[16,17,9]],""selected_path"":[16,9]},{""key"":[16,9,14],""started_at"":185.36625144641226,""closed_at"":187.36625144641226,""candidate_paths"":[[16,2,44,9],[16,15,35,9],[16,15,36,9],[16,25,3,9],[16,25,9],[16,31,7,9]],""selected_path"":[16,25,9]},{""key"":[16,9,18],""started_at"":254.74086523081505,""closed_at"":256.7408652308151,""candidate_paths"":[[16,0,9],[16,9],[16,10,9],[16,10,39,9],[16,22,7,9],[16,28,9],[16,42,38,9]],""selected_path"":[16,10,9]},{""key"":[16,9,26],""started_at"":323.6824410729881,""closed_at"":325.6824410729881,""candidate_paths"":[[16,6,44,9],[16,9],[16,10,9],[16,13,9],[16,18,9],[16,25,39,9],[16,49,28,9]],""selected_path"":[16,9]},{""key"":[16,9,30],""started_at"":385.47736723696846,""closed_at"":387.47736723696846,""candidate_paths"":[[16,9],[16,24,9],[16,32,39,9],[16,40,47,9]],""selected_path"":[16,9]},{""key"":[16,9,34],""started_at"":497.89672347720784,""closed_at"":499.89672347720784,""candidate_paths"":[[16,18,32,9],[16,25,9],[16,39,10,9]],""selected_path"":[16,25,9]},{""key"":[16,9,38],""started_at"":539.7906943089799,""closed_at"":541.7906943089799,""candidate_paths"":[[16,18,9],[16,20,9],[16,25,32,9],[16,29,43,9],[16,39,9]],""selected_path"":[16,39,9]},{""key"":[16,9,42],""started_at"":581.8611549784018,""closed_at"":583.8611549784018,""candidate_paths"":[[16,10,3,9],[16,10,9],[16,20,30,9],[16,23,35,9],[16,33,9],[16,39,9],[16,41,47,9]],""selected_path"":[16,39,9]},{""key"":[24,11,4],""started_at"":51.84546562068912,""closed_at"":53.84546562068912,""candidate_paths"":[[24,9,10,11],[24,17,11],[24,26,11],[24,38,16,11],[24,49,11]],""selected_path"":[24,17,11]},{""key"":[24,11,8],""started_at"":112.45712034772694,""closed_at"":114.45712034772694,""candidate_paths"":[[24,4,22,11],[24,13,11],[24,13,18,11],[24,16,48,11],[24,17,11]],""selected_path"":[24,17,11]},{""key"":[24,11,12],""started_at"":149.22119880320506,""closed_at"":151.22119880320506,""candidate_paths"":[[24,9,39,11],[24,11],[24,12,11],[24,14,45,11],[24,31,11],[24,33,4,11],[24,38,49,11]],""selected_path"":[24,12,11]},{""key"":[24,11,16],""started_at"":218.58140219373007,""closed_at"":220.58140219373007,""candidate_paths"":[[24,2,18,11],[24,7,10,11],[24,17,11],[24,37,16,11]],""selected_path"":[24,17,11]},{""key"":[24,11,20],""started_at"":262.4971660082263,""closed_at"":264.4971660082263,""candidate_paths"":[[24,13,11],[24,13,45,11],[24,21,11],[24,27,25,11],[24,37,8,11],[24,49,43,11]],""selected_path"":[24,13,11]},{""key"":[24,11,24],""started_at"":304.47450811782323,""closed_at"":306.47450811782323,""candidate_paths"":[[24,11],[24,14,16,11],[24,14,45,11],[24,17,11],[24,26,22,11],[24,26,48,11],[24,32,2,11]],""selected_path"":[24,11]},{""key"":[24,11,28],""started_at"":377.14226538853023,""closed_at"":379.14226538853023,""candidate_paths"":[[24,17,11],[24,23,19,11],[24,27,11],[24,37,48,11]],""selected_path"":[24,17,11]},{""key"":[24,11,32],""started_at"":422.8498870770411,""closed_at"":424.8498870770411,""candidate_paths"":[[24,7,44,11],[24,13,11],[24,14,11],[24,16,12,11],[24,16,45,11],[24,17,11],[24,18,32,11]],""selected_path"":[24,17,11]},{""key"":[24,11,36],""started_at"":504.75070790919466,""closed_at"":506.75070790919466,""candidate_paths"":[[24,2,32,11],[24,12,11],[24,45,16,11]],""selected_path"":[24,12,11]},{""key"":[24,11,40],""started_at"":553.031317398532,""closed_at"":555.031317398532,""candidate_paths"":[[24,8,11],[24,8,14,11],[24,13,11],[24,17,11]],""selected_path"":[24,8,11]},{""key"":[24,11,44],""started_at"":591.2963759215094,""closed_at"":593.2963759215094,""candidate_paths"":[[24,17,11],[24,26,44,11],[24,27,32,11],[24,28,9,11]],""selected_path"":[24,17,11]},{""key"":[46,10,1],""started_at"":1.0,""closed_at"":3.0,""candidate_paths"":[[46,10],[46,22,10],[46,22,44,10],[46,25,26,10],[46,28,10],[46,37,45,10],[46,39,10]],""selected_path"":[46,10]},{""key"":[46,10,5],""started_at"":70.76994593995084,""closed_at"":72.76994593995084,""candidate_paths"":[[46,10],[46,26,10],[46,28,10],[46,39,10]],""selected_path"":[46,10]}]",45,0,4,4,4.5,a7403a0997ae17ec52c9e152f1533e49515ef82dfeaac9d529ef6420b207e8b3,7,2.75,0,connected-multihop,0.9,2,4,4,2.0,1,2,2,0.9166666666666666,0.034013605442176874,0,2.0,0.5177968886780069,0.9983971630943456,0.9999944427093447,0.9999999834879212,0.9999999999999023,0.17061224489795918,0.04816326530612245
meshtastic-like,34,600.0,40,40,0,0.5,1.0,0.0,0.844399,0.802199,0.844399,1.525379,2.790673,40,20,0,551,491,60,60,39.636736,24.182997,0.040305,15.696147,64.254905,79.951052,3.997553,1.981837,0.802199,8825,18125,26950,0.327458,15764,0.584935,5133,1824,0,0,0,0,0,0,0,0,0.0,0.108893,0,0,0.0,-1,0,0,0,icc2027_generalization_stale_fading_short_ttl,50,8250.0,4.0,unicast,poisson,0,0,0,0,[],[],40,0,4,4,4.0,99e1612cb0cd4525724f259fa9432132f5dbcabd3237863d78b84e6994f79b62,7,2.75,0,connected-multihop,0.9,2,4,4,2.0,1,0,0,0.0,0.0,0,0.0,0.6354196001358925,0.9992454588258496,0.9999962261757863,0.9999999926262026,0.9999999999999575,0.15183673469387754,0.04163265306122449
meshcore-like,34,600.0,40,40,0,0.075,0.075,0.0,2.431616,2.287744,2.431616,2.287744,2.431616,3,3,0,521,9,512,6,37.478656,13.2273,0.022046,14.841548,58.352422,73.19397,24.39799,12.492885,2.287744,3507,22022,25529,0.137373,18378,0.719887,2110,0,490,16,10,6,0,40,0,0,0.0,0.982726,0,0,0.0,-1,0,0,0,icc2027_generalization_stale_fading_short_ttl,50,8250.0,4.0,unicast,poisson,0,10,40,10,"[{""key"":[5,32,1],""candidate_count"":5,""sha256"":""9d86a605c949fb0df7407a92acd622ff51306ca939751b25fdb8e490a5111ffb""},{""key"":[5,44,4],""candidate_count"":2,""sha256"":""0c43e37058ec13b72618702f0eb6d2ae204ebb43e30c7d56bd158fce4bbf138d""},{""key"":[19,45,2],""candidate_count"":6,""sha256"":""d5fc3dde50a0c4fcd2a1d21d86af93f524d2f4df6598b4c5a204be46c63557cf""},{""key"":[19,45,6],""candidate_count"":6,""sha256"":""8731833413f179a2bbec4edecdbb24a30a079ef625bd376809d6377f3f0faa99""},{""key"":[19,45,10],""candidate_count"":4,""sha256"":""3d1d9378a0103be46c7fc47ec47b7bddbeee160b648585acbbbd7ff504231dcd""},{""key"":[30,23,3],""candidate_count"":2,""sha256"":""96809fe84de52a50238dce28cf2342b9981e8a29a1c27d8622f0d20a490878a9""},{""key"":[30,23,7],""candidate_count"":3,""sha256"":""d743e754a3eb90dfecd5c1036f2cd301d0db8b4f17fd984ea91ac094c837c229""},{""key"":[30,23,11],""candidate_count"":4,""sha256"":""eb3ead659a631dacb3d8e5434ca47d9d3fdfe98ac399561cd050d197f1387f18""},{""key"":[30,23,15],""candidate_count"":3,""sha256"":""65948efff250d0fc55a4a5f89f0d2a1522cae20dc45e976ec21f3c45b7919dad""},{""key"":[30,23,19],""candidate_count"":5,""sha256"":""a29c640a10fef6d8a0b1f8a65c7ee202a75cc0e64c5917990f267ca1e277a5b7""}]","[{""key"":[5,32,1],""started_at"":1.0,""closed_at"":3.0,""candidate_paths"":[[5,13,28,32],[5,13,41,32],[5,22,32],[5,31,32],[5,49,32]],""selected_path"":[5,22,32]},{""key"":[5,44,4],""started_at"":24.23713210789741,""closed_at"":26.23713210789741,""candidate_paths"":[[5,43,42,44],[5,43,49,44]],""selected_path"":[5,43,42,44]},{""key"":[19,45,2],""started_at"":11.292418302994681,""closed_at"":13.292418302994681,""candidate_paths"":[[19,7,45],[19,11,22,45],[19,11,45],[19,31,45],[19,35,45],[19,35,49,45]],""selected_path"":[19,7,45]},{""key"":[19,45,6],""started_at"":107.6104705857257,""closed_at"":109.6104705857257,""candidate_paths"":[[19,7,45],[19,11,45],[19,21,0,45],[19,30,35,45],[19,42,45],[19,46,39,45]],""selected_path"":[19,7,45]},{""key"":[19,45,10],""started_at"":153.79865230938756,""closed_at"":155.79865230938756,""candidate_paths"":[[19,22,45],[19,37,21,45],[19,41,32,45],[19,45]],""selected_path"":[19,45]},{""key"":[30,23,3],""started_at"":23.52526636631802,""closed_at"":25.52526636631802,""candidate_paths"":[[30,23],[30,46,1,23]],""selected_path"":[30,23]},{""key"":[30,23,7],""started_at"":111.71595709610864,""closed_at"":113.71595709610864,""candidate_paths"":[[30,2,3,23],[30,19,23],[30,25,5,23]],""selected_path"":[30,19,23]},{""key"":[30,23,11],""started_at"":157.60901308970028,""closed_at"":159.60901308970028,""candidate_paths"":[[30,21,23],[30,24,23],[30,27,5,23],[30,28,23]],""selected_path"":[30,21,23]},{""key"":[30,23,15],""started_at"":194.1545758089678,""closed_at"":196.1545758089678,""candidate_paths"":[[30,6,19,23],[30,12,16,23],[30,34,23]],""selected_path"":[30,34,23]},{""key"":[30,23,19],""started_at"":262.49399156198655,""closed_at"":264.49399156198655,""candidate_paths"":[[30,14,23],[30,15,17,23],[30,24,23],[30,25,18,23],[30,33,40,23]],""selected_path"":[30,14,23]}]",40,0,4,4,4.0,99e1612cb0cd4525724f259fa9432132f5dbcabd3237863d78b84e6994f79b62,7,2.75,0,connected-multihop,0.9,2,4,4,2.0,1,0,0,0.6,0.0326530612244898,0,0.0,0.6354196001358925,0.9992454588258496,0.9999962261757863,0.9999999926262026,0.9999999999999575,0.15183673469387754,0.04163265306122449
etx-mesh,34,600.0,40,40,0,0.25,0.25,0.0,2.017229,1.866163,2.017229,2.287744,2.431616,10,10,0,859,26,833,21,61.793024,22.373568,0.037289,24.470038,95.733182,120.203219,12.020322,6.179302,1.866163,6455,35636,42091,0.153358,29159,0.692761,2914,0,783,29,16,13,2,38,0,12,0.331711,0.969732,0,0,0.0,-1,0,0,0,icc2027_generalization_stale_fading_short_ttl,50,8250.0,4.0,unicast,poisson,0,16,59,15,"[{""key"":[5,32,1],""candidate_count"":5,""sha256"":""9d86a605c949fb0df7407a92acd622ff51306ca939751b25fdb8e490a5111ffb""},{""key"":[5,32,5],""candidate_count"":7,""sha256"":""1339fb9e0fc31e08deb188870e0f316c436fa3d8839f0af638b79fe329aeab67""},{""key"":[5,44,4],""candidate_count"":3,""sha256"":""431208bc9720ce5ec31ce6c5d5adef439ac51e284b9967aa4ddbb2fbaf5304db""},{""key"":[19,45,2],""candidate_count"":6,""sha256"":""982e4dcd8cf3f62cafe14ed7adbae1a81b68e1f9ecabb794bedf4f73b4f2844f""},{""key"":[19,45,6],""candidate_count"":4,""sha256"":""90ee8d507a5b4fe1186a2c80b2cc490f1deb23034925f551567bb9803621d52e""},{""key"":[19,45,10],""candidate_count"":4,""sha256"":""3474cd50f489780633f6ca5fb0d9673b97f6f47fcbb6b24b610fef697afdaef3""},{""key"":[19,45,18],""candidate_count"":3,""sha256"":""21ef549a552d0944843ad3243c8a196f414105571a73e41ca2f93f732b8d0d8c""},{""key"":[30,23,3],""candidate_count"":3,""sha256"":""f77fa6e29c9e3e041fec8a69104343f934c8c8634c1a657ede362085c7b4e715""},{""key"":[30,23,7],""candidate_count"":5,""sha256"":""b596b026cbff198e51b767d525d785f2d18f0d9ff5487295aac268ea6c28f4bd""},{""key"":[30,23,11],""candidate_count"":5,""sha256"":""7e79d401076e4e6c0017c924064bb7466c67f01b22ced96796254a856ffeba59""},{""key"":[30,23,15],""candidate_count"":2,""sha256"":""3e0d88adcd657fc1fcfb1565de50ba14518cf77b991922ee59077c140761b2cc""},{""key"":[30,23,19],""candidate_count"":1,""sha256"":""be4b6c3bd28bf2487baea198acae303c18994013e228bf477742737a989bfd06""},{""key"":[30,23,27],""candidate_count"":3,""sha256"":""800db9a10c4ea3a774d1f9797c7ffc46147a09ae10de16fc890424eecd80bd04""},{""key"":[30,23,31],""candidate_count"":2,""sha256"":""fa98030dc4c244ca95b478df3170cca591b4798a8593b94e670b69e93b1a8ab4""},{""key"":[30,23,35],""candidate_count"":3,""sha256"":""8d617b0c58fe16a7efaf64d76ee4028beff356409926be18a1bd920d75fe3e03""},{""key"":[30,23,39],""candidate_count"":3,""sha256"":""e2f38b9bee0c5ddffbc5a5ffcf9b5214ff2292102d5db534cd4eee7c9b0b2d9d""}]","[{""key"":[5,32,1],""started_at"":1.0,""closed_at"":3.0,""candidate_paths"":[[5,13,28,32],[5,13,41,32],[5,22,32],[5,31,32],[5,49,32]],""selected_path"":[5,49,32]},{""key"":[5,32,5],""started_at"":45.44139197557292,""closed_at"":47.44139197557292,""candidate_paths"":[[5,24,41,32],[5,24,48,32],[5,31,32],[5,33,30,32],[5,34,47,32],[5,45,32],[5,49,32]],""selected_path"":[5,45,32]},{""key"":[5,44,4],""started_at"":24.23713210789741,""closed_at"":26.23713210789741,""candidate_paths"":[[5,17,44],[5,43,10,44],[5,43,42,44]],""selected_path"":[5,17,44]},{""key"":[19,45,2],""started_at"":11.292418302994681,""closed_at"":13.292418302994681,""candidate_paths"":[[19,7,45],[19,11,22,45],[19,11,45],[19,31,45],[19,35,45],[19,41,49,45]],""selected_path"":[19,11,45]},{""key"":[19,45,6],""started_at"":107.6104705857257,""closed_at"":109.6104705857257,""candidate_paths"":[[19,7,45],[19,11,45],[19,22,35,45],[19,31,49,45]],""selected_path"":[19,7,45]},{""key"":[19,45,10],""started_at"":153.79865230938756,""closed_at"":155.79865230938756,""candidate_paths"":[[19,22,45],[19,31,21,45],[19,31,32,45],[19,31,45]],""selected_path"":[19,31,45]},{""key"":[19,45,18],""started_at"":262.2204027549245,""closed_at"":264.2204027549245,""candidate_paths"":[[19,22,45],[19,35,45],[19,49,45]],""selected_path"":[19,49,45]},{""key"":[30,23,3],""started_at"":23.52526636631802,""closed_at"":25.52526636631802,""candidate_paths"":[[30,23],[30,29,23],[30,40,1,23]],""selected_path"":[30,23]},{""key"":[30,23,7],""started_at"":111.71595709610864,""closed_at"":113.71595709610864,""candidate_paths"":[[30,9,34,23],[30,18,5,23],[30,19,23],[30,28,23],[30,37,16,23]],""selected_path"":[30,28,23]},{""key"":[30,23,11],""started_at"":157.60901308970028,""closed_at"":159.60901308970028,""candidate_paths"":[[30,10,23],[30,15,39,23],[30,21,23],[30,29,23],[30,43,5,23]],""selected_path"":[30,21,23]},{""key"":[30,23,15],""started_at"":194.1545758089678,""closed_at"":196.1545758089678,""candidate_paths"":[[30,8,25,23],[30,34,23]],""selected_path"":[30,34,23]},{""key"":[30,23,19],""started_at"":262.49399156198655,""closed_at"":264.49399156198655,""candidate_paths"":[[30,10,43,23]],""selected_path"":[30,10,43,23]},{""key"":[30,23,27],""started_at"":378.42097831969494,""closed_at"":380.42097831969494,""candidate_paths"":[[30,7,39,23],[30,19,23],[30,24,23]],""selected_path"":[30,24,23]},{""key"":[30,23,31],""started_at"":445.5516210285881,""closed_at"":447.5516210285881,""candidate_paths"":[[30,12,3,23],[30,34,23]],""selected_path"":[30,34,23]},{""key"":[30,23,35],""started_at"":530.8633308189388,""closed_at"":532.8633308189388,""candidate_paths"":[[30,9,7,23],[30,24,23],[30,46,12,23]],""selected_path"":[30,24,23]},{""key"":[30,23,39],""started_at"":578.9638407302813,""closed_at"":580.9638407302813,""candidate_paths"":[[30,24,19,23],[30,27,18,23],[30,48,23]],""selected_path"":[30,48,23]}]",40,0,4,4,4.0,99e1612cb0cd4525724f259fa9432132f5dbcabd3237863d78b84e6994f79b62,7,2.75,0,connected-multihop,0.9,2,4,4,2.0,1,1,1,0.8125,0.037037037037037035,0,2.0,0.6354196001358925,0.9992454588258496,0.9999962261757863,0.9999999926262026,0.9999999999999575,0.15183673469387754,0.04163265306122449
ett-mesh,34,600.0,40,40,0,0.25,0.25,0.0,2.017229,1.866163,2.017229,2.287744,2.431616,10,10,0,859,26,833,21,61.793024,22.373568,0.037289,24.470038,95.733182,120.203219,12.020322,6.179302,1.866163,6455,35636,42091,0.153358,29159,0.692761,2914,0,783,29,16,13,2,38,0,12,0.869189,0.969732,0,0,0.0,-1,0,0,0,icc2027_generalization_stale_fading_short_ttl,50,8250.0,4.0,unicast,poisson,0,16,59,15,"[{""key"":[5,32,1],""candidate_count"":5,""sha256"":""9d86a605c949fb0df7407a92acd622ff51306ca939751b25fdb8e490a5111ffb""},{""key"":[5,32,5],""candidate_count"":7,""sha256"":""1339fb9e0fc31e08deb188870e0f316c436fa3d8839f0af638b79fe329aeab67""},{""key"":[5,44,4],""candidate_count"":3,""sha256"":""431208bc9720ce5ec31ce6c5d5adef439ac51e284b9967aa4ddbb2fbaf5304db""},{""key"":[19,45,2],""candidate_count"":6,""sha256"":""982e4dcd8cf3f62cafe14ed7adbae1a81b68e1f9ecabb794bedf4f73b4f2844f""},{""key"":[19,45,6],""candidate_count"":4,""sha256"":""90ee8d507a5b4fe1186a2c80b2cc490f1deb23034925f551567bb9803621d52e""},{""key"":[19,45,10],""candidate_count"":4,""sha256"":""3474cd50f489780633f6ca5fb0d9673b97f6f47fcbb6b24b610fef697afdaef3""},{""key"":[19,45,18],""candidate_count"":3,""sha256"":""21ef549a552d0944843ad3243c8a196f414105571a73e41ca2f93f732b8d0d8c""},{""key"":[30,23,3],""candidate_count"":3,""sha256"":""f77fa6e29c9e3e041fec8a69104343f934c8c8634c1a657ede362085c7b4e715""},{""key"":[30,23,7],""candidate_count"":5,""sha256"":""b596b026cbff198e51b767d525d785f2d18f0d9ff5487295aac268ea6c28f4bd""},{""key"":[30,23,11],""candidate_count"":5,""sha256"":""7e79d401076e4e6c0017c924064bb7466c67f01b22ced96796254a856ffeba59""},{""key"":[30,23,15],""candidate_count"":2,""sha256"":""3e0d88adcd657fc1fcfb1565de50ba14518cf77b991922ee59077c140761b2cc""},{""key"":[30,23,19],""candidate_count"":1,""sha256"":""be4b6c3bd28bf2487baea198acae303c18994013e228bf477742737a989bfd06""},{""key"":[30,23,27],""candidate_count"":3,""sha256"":""800db9a10c4ea3a774d1f9797c7ffc46147a09ae10de16fc890424eecd80bd04""},{""key"":[30,23,31],""candidate_count"":2,""sha256"":""fa98030dc4c244ca95b478df3170cca591b4798a8593b94e670b69e93b1a8ab4""},{""key"":[30,23,35],""candidate_count"":3,""sha256"":""8d617b0c58fe16a7efaf64d76ee4028beff356409926be18a1bd920d75fe3e03""},{""key"":[30,23,39],""candidate_count"":3,""sha256"":""e2f38b9bee0c5ddffbc5a5ffcf9b5214ff2292102d5db534cd4eee7c9b0b2d9d""}]","[{""key"":[5,32,1],""started_at"":1.0,""closed_at"":3.0,""candidate_paths"":[[5,13,28,32],[5,13,41,32],[5,22,32],[5,31,32],[5,49,32]],""selected_path"":[5,49,32]},{""key"":[5,32,5],""started_at"":45.44139197557292,""closed_at"":47.44139197557292,""candidate_paths"":[[5,24,41,32],[5,24,48,32],[5,31,32],[5,33,30,32],[5,34,47,32],[5,45,32],[5,49,32]],""selected_path"":[5,45,32]},{""key"":[5,44,4],""started_at"":24.23713210789741,""closed_at"":26.23713210789741,""candidate_paths"":[[5,17,44],[5,43,10,44],[5,43,42,44]],""selected_path"":[5,17,44]},{""key"":[19,45,2],""started_at"":11.292418302994681,""closed_at"":13.292418302994681,""candidate_paths"":[[19,7,45],[19,11,22,45],[19,11,45],[19,31,45],[19,35,45],[19,41,49,45]],""selected_path"":[19,11,45]},{""key"":[19,45,6],""started_at"":107.6104705857257,""closed_at"":109.6104705857257,""candidate_paths"":[[19,7,45],[19,11,45],[19,22,35,45],[19,31,49,45]],""selected_path"":[19,7,45]},{""key"":[19,45,10],""started_at"":153.79865230938756,""closed_at"":155.79865230938756,""candidate_paths"":[[19,22,45],[19,31,21,45],[19,31,32,45],[19,31,45]],""selected_path"":[19,31,45]},{""key"":[19,45,18],""started_at"":262.2204027549245,""closed_at"":264.2204027549245,""candidate_paths"":[[19,22,45],[19,35,45],[19,49,45]],""selected_path"":[19,49,45]},{""key"":[30,23,3],""started_at"":23.52526636631802,""closed_at"":25.52526636631802,""candidate_paths"":[[30,23],[30,29,23],[30,40,1,23]],""selected_path"":[30,23]},{""key"":[30,23,7],""started_at"":111.71595709610864,""closed_at"":113.71595709610864,""candidate_paths"":[[30,9,34,23],[30,18,5,23],[30,19,23],[30,28,23],[30,37,16,23]],""selected_path"":[30,28,23]},{""key"":[30,23,11],""started_at"":157.60901308970028,""closed_at"":159.60901308970028,""candidate_paths"":[[30,10,23],[30,15,39,23],[30,21,23],[30,29,23],[30,43,5,23]],""selected_path"":[30,21,23]},{""key"":[30,23,15],""started_at"":194.1545758089678,""closed_at"":196.1545758089678,""candidate_paths"":[[30,8,25,23],[30,34,23]],""selected_path"":[30,34,23]},{""key"":[30,23,19],""started_at"":262.49399156198655,""closed_at"":264.49399156198655,""candidate_paths"":[[30,10,43,23]],""selected_path"":[30,10,43,23]},{""key"":[30,23,27],""started_at"":378.42097831969494,""closed_at"":380.42097831969494,""candidate_paths"":[[30,7,39,23],[30,19,23],[30,24,23]],""selected_path"":[30,24,23]},{""key"":[30,23,31],""started_at"":445.5516210285881,""closed_at"":447.5516210285881,""candidate_paths"":[[30,12,3,23],[30,34,23]],""selected_path"":[30,34,23]},{""key"":[30,23,35],""started_at"":530.8633308189388,""closed_at"":532.8633308189388,""candidate_paths"":[[30,9,7,23],[30,24,23],[30,46,12,23]],""selected_path"":[30,24,23]},{""key"":[30,23,39],""started_at"":578.9638407302813,""closed_at"":580.9638407302813,""candidate_paths"":[[30,24,19,23],[30,27,18,23],[30,48,23]],""selected_path"":[30,48,23]}]",40,0,4,4,4.0,99e1612cb0cd4525724f259fa9432132f5dbcabd3237863d78b84e6994f79b62,7,2.75,0,connected-multihop,0.9,2,4,4,2.0,1,1,1,0.8125,0.037037037037037035,0,2.0,0.6354196001358925,0.9992454588258496,0.9999962261757863,0.9999999926262026,0.9999999999999575,0.15183673469387754,0.04163265306122449
minhop-mesh,34,600.0,40,40,0,0.15,0.175,0.0,1.681024,1.338112,1.681024,2.287744,2.431616,7,6,0,841,21,820,12,60.498176,23.310317,0.038851,23.957278,94.845609,118.802887,19.800481,10.083029,1.338112,6434,34775,41209,0.156131,29425,0.714043,3649,0,784,24,16,13,3,37,0,12,0.782313,0.97503,0,0,0.0,-1,0,0,0,icc2027_generalization_stale_fading_short_ttl,50,8250.0,4.0,unicast,poisson,0,16,86,16,"[{""key"":[5,32,1],""candidate_count"":8,""sha256"":""0c6de6da8f86d3d813d96cd6188ea1d9cd9ba78a2ef0f3bc02780d0843ddf0bc""},{""key"":[5,32,5],""candidate_count"":5,""sha256"":""6d2ceeab42d3382d051ed5c303a2e533d6270334ad7f3865ff3d03986d82dec6""},{""key"":[5,32,9],""candidate_count"":7,""sha256"":""6642a587899a70482e0dedbb338360084a979faa8cf445323e7303d530d5cc41""},{""key"":[5,32,17],""candidate_count"":6,""sha256"":""0096bf975d74b1e422859127d6e2aba5d9d554eace4fb5f17a738fd8ab9cee1b""},{""key"":[5,32,21],""candidate_count"":4,""sha256"":""279ed324d997b34fdb053e29e4c777b1148aff24b37638b1b2335c62d41d603a""},{""key"":[5,44,4],""candidate_count"":2,""sha256"":""e8b4936f2c0caecf82750909983195578e09df219174beb9c2fa74b052f5b778""},{""key"":[19,45,2],""candidate_count"":6,""sha256"":""982e4dcd8cf3f62cafe14ed7adbae1a81b68e1f9ecabb794bedf4f73b4f2844f""},{""key"":[19,45,6],""candidate_count"":7,""sha256"":""7b1f01a5bafba9ca1936ad1491505176f4d6b76379252d5e2200903c75ccea88""},{""key"":[19,45,10],""candidate_count"":5,""sha256"":""a19d6a96bfd993fc8b384bf9f5ae0a2f6eefcb03413c6e778bb0acba433c2249""},{""key"":[19,45,18],""candidate_count"":7,""sha256"":""9e99d0fee9862c400395c3d5b8fe923a616c818821fc233b22db0dbcff09d82f""},{""key"":[19,45,26],""candidate_count"":6,""sha256"":""6204530793daaae719bda1ac183e93a57e22f858fd9bd7ac70082f48f6818157""},{""key"":[19,45,30],""candidate_count"":6,""sha256"":""505d967033d19f44e513342e9410216695ba4bd1470ea5410df30caaf9498358""},{""key"":[19,45,34],""candidate_count"":5,""sha256"":""fca6bf51741d1e5fe581c221cca80185181bbaadf1b583c0cd22cd4681bf55e9""},{""key"":[19,45,38],""candidate_count"":5,""sha256"":""ac6ce8c51fb7ba72232b311ab0398df114c67ccb96c2a065ce539167d7ee5851""},{""key"":[30,23,3],""candidate_count"":3,""sha256"":""f77fa6e29c9e3e041fec8a69104343f934c8c8634c1a657ede362085c7b4e715""},{""key"":[30,23,7],""candidate_count"":4,""sha256"":""35a436d190ad8aea2de54ba7b7c1c28ff55bcc33c49c69346b095ee8f5cc0fea""}]","[{""key"":[5,32,1],""started_at"":1.0,""closed_at"":3.0,""candidate_paths"":[[5,13,6,32],[5,13,7,32],[5,13,14,32],[5,13,41,32],[5,23,47,32],[5,31,32],[5,36,32],[5,49,32]],""selected_path"":[5,49,32]},{""key"":[5,32,5],""started_at"":45.44139197557292,""closed_at"":47.44139197557292,""candidate_paths"":[[5,31,32],[5,33,14,32],[5,49,32],[5,49,44,32],[5,49,47,32]],""selected_path"":[5,49,32]},{""key"":[5,32,9],""started_at"":133.67225988207565,""closed_at"":135.67225988207565,""candidate_paths"":[[5,22,32],[5,22,45,32],[5,26,32],[5,28,41,32],[5,29,32],[5,34,14,32],[5,49,32]],""selected_path"":[5,29,32]},{""key"":[5,32,17],""started_at"":244.2759796632786,""closed_at"":246.2759796632786,""candidate_paths"":[[5,17,41,32],[5,31,32],[5,32],[5,40,7,32],[5,44,32],[5,49,32]],""selected_path"":[5,32]},{""key"":[5,32,21],""started_at"":282.51260957772934,""closed_at"":284.51260957772934,""candidate_paths"":[[5,31,32],[5,31,41,32],[5,32],[5,49,32]],""selected_path"":[5,32]},{""key"":[5,44,4],""started_at"":24.23713210789741,""closed_at"":26.23713210789741,""candidate_paths"":[[5,17,44],[5,43,42,44]],""selected_path"":[5,17,44]},{""key"":[19,45,2],""started_at"":11.292418302994681,""closed_at"":13.292418302994681,""candidate_paths"":[[19,7,45],[19,11,22,45],[19,11,45],[19,31,45],[19,35,45],[19,41,49,45]],""selected_path"":[19,35,45]},{""key"":[19,45,6],""started_at"":107.6104705857257,""closed_at"":109.6104705857257,""candidate_paths"":[[19,6,45],[19,7,45],[19,11,45],[19,30,32,45],[19,38,12,45],[19,46,45],[19,49,45]],""selected_path"":[19,11,45]},{""key"":[19,45,10],""started_at"":153.79865230938756,""closed_at"":155.79865230938756,""candidate_paths"":[[19,6,32,45],[19,8,45],[19,22,45],[19,35,45],[19,49,45]],""selected_path"":[19,22,45]},{""key"":[19,45,18],""started_at"":262.2204027549245,""closed_at"":264.2204027549245,""candidate_paths"":[[19,7,45],[19,25,47,45],[19,31,41,45],[19,35,45],[19,40,45],[19,45],[19,49,45]],""selected_path"":[19,45]},{""key"":[19,45,26],""started_at"":308.8068622896239,""closed_at"":310.8068622896239,""candidate_paths"":[[19,7,45],[19,18,12,45],[19,20,47,45],[19,20,49,45],[19,22,31,45],[19,22,45]],""selected_path"":[19,7,45]},{""key"":[19,45,30],""started_at"":433.27884510814863,""closed_at"":435.27884510814863,""candidate_paths"":[[19,11,45],[19,22,45],[19,32,45],[19,33,45],[19,41,31,45],[19,41,45]],""selected_path"":[19,41,45]},{""key"":[19,45,34],""started_at"":492.1867607892821,""closed_at"":494.1867607892821,""candidate_paths"":[[19,0,15,45],[19,11,45],[19,22,16,45],[19,29,45],[19,45]],""selected_path"":[19,45]},{""key"":[19,45,38],""started_at"":574.1846715856466,""closed_at"":576.1846715856466,""candidate_paths"":[[19,7,45],[19,14,21,45],[19,45],[19,46,39,45],[19,49,45]],""selected_path"":[19,45]},{""key"":[30,23,3],""started_at"":23.52526636631802,""closed_at"":25.52526636631802,""candidate_paths"":[[30,23],[30,29,23],[30,40,1,23]],""selected_path"":[30,23]},{""key"":[30,23,7],""started_at"":111.71595709610864,""closed_at"":113.71595709610864,""candidate_paths"":[[30,10,39,23],[30,19,23],[30,23],[30,24,13,23]],""selected_path"":[30,23]}]",40,0,4,4,4.0,99e1612cb0cd4525724f259fa9432132f5dbcabd3237863d78b84e6994f79b62,7,2.75,0,connected-multihop,0.9,2,4,4,2.0,1,1,0,0.8125,0.030612244897959183,0,1.0,0.6354196001358925,0.9992454588258496,0.9999962261757863,0.9999999926262026,0.9999999999999575,0.15183673469387754,0.04163265306122449
meshecho,34,600.0,40,40,0,0.35,0.375,0.0,2.216823,1.963529,2.216823,2.287744,2.431616,15,14,0,1070,32,1038,25,76.97152,28.749196,0.047915,30.480722,119.841914,150.322636,10.737331,5.497966,1.963529,8472,43958,52430,0.161587,36278,0.691932,4196,0,980,33,20,18,3,37,0,16,0.823001,0.970093,0,0,0.0,-1,0,0,0,icc2027_generalization_stale_fading_short_ttl,50,8250.0,4.0,unicast,poisson,0,20,98,20,"[{""key"":[5,32,1],""candidate_count"":8,""sha256"":""0c6de6da8f86d3d813d96cd6188ea1d9cd9ba78a2ef0f3bc02780d0843ddf0bc""},{""key"":[5,32,5],""candidate_count"":9,""sha256"":""60c75ca3bcd1f164f72170a8e506e0e35eb0827d38110aea17d37df31b6aa45f""},{""key"":[5,32,9],""candidate_count"":7,""sha256"":""0304b0aebd5d93f2a631f8455ca3a0cf4733b6c85dc61f76d8bfd85135a9784f""},{""key"":[5,32,17],""candidate_count"":7,""sha256"":""5b6ccc3322dd2879c567fc0c3b7ef4e08a2c6155a5a87533e22c8ee65e43cf39""},{""key"":[5,32,21],""candidate_count"":6,""sha256"":""1c9cc0ffcad23853a6947f4b25476e5aeb5c61b7b4d9a0b41395d06da760c6a5""},{""key"":[5,32,29],""candidate_count"":7,""sha256"":""e2dfb5b17dad7f563b354d1efe83e748206181879ba0dac7e45fc18484c95d83""},{""key"":[5,32,33],""candidate_count"":7,""sha256"":""ca5488f823879a4b54565e3a10227c0ba991774b46018037ee39c41be07c052f""},{""key"":[5,32,37],""candidate_count"":4,""sha256"":""79bdc8a1e77a3ce7d7d86651aae171d8499d3df9ce4412c7c6526a3322e2c9c5""},{""key"":[5,44,4],""candidate_count"":2,""sha256"":""e8b4936f2c0caecf82750909983195578e09df219174beb9c2fa74b052f5b778""},{""key"":[19,45,2],""candidate_count"":7,""sha256"":""f086c9a7a11a2123b4f3cf8bd9ab3900b156f74624af73466bb2235fac9ff4c4""},{""key"":[19,45,6],""candidate_count"":5,""sha256"":""64430be9a19cf14885e1f3d236db119d9024b406fc4b94c828cc191e0739ac44""},{""key"":[30,23,3],""candidate_count"":3,""sha256"":""2279547f255d7f2ecccc3b536623b6cb2e178e54fb90bafc032ec3c1bc92c312""},{""key"":[30,23,7],""candidate_count"":5,""sha256"":""ad1f51ced6a2480e2895cfb5c18633f15954a6f6a4ff84fafe3fd007eebdff3b""},{""key"":[30,23,11],""candidate_count"":3,""sha256"":""3f9f3d3bbba2617b188487ae47e2d2ffb7e5cb3dbf1ab152240485216a7e380f""},{""key"":[30,23,15],""candidate_count"":3,""sha256"":""69538cff0cc23933e8b4c89ac877c7341e3097047cf57de95d6f5248e222bd1f""},{""key"":[30,23,19],""candidate_count"":4,""sha256"":""a658c8360964665f6f2937f55d96265eb8a1123a9a133cda62d715dee7b2747e""},{""key"":[30,23,27],""candidate_count"":3,""sha256"":""3932036f98d455e5147a1e9e30fe46caa1096ee0b175952a0e25722f52ac4a4b""},{""key"":[30,23,31],""candidate_count"":2,""sha256"":""005a774d31a55df9f91d811fe1efd791e4ae85705afaf184403a03b8ffb574c2""},{""key"":[30,23,35],""candidate_count"":4,""sha256"":""175f6c6192497c6f81e5f59bbfd28c92d8dbbbdd219e6808435c279c78fdf4e1""},{""key"":[30,23,39],""candidate_count"":2,""sha256"":""17fa609d547f25ef3a7bff0fbde6e9ef709aeab89b3a6a347878e1a394e7be79""}]","[{""key"":[5,32,1],""started_at"":1.0,""closed_at"":3.0,""candidate_paths"":[[5,13,6,32],[5,13,7,32],[5,13,14,32],[5,13,41,32],[5,23,47,32],[5,31,32],[5,36,32],[5,49,32]],""selected_path"":[5,49,32]},{""key"":[5,32,5],""started_at"":45.44139197557292,""closed_at"":47.44139197557292,""candidate_paths"":[[5,21,28,32],[5,22,32],[5,24,44,32],[5,31,32],[5,32],[5,33,30,32],[5,45,7,32],[5,49,32],[5,49,41,32]],""selected_path"":[5,49,32]},{""key"":[5,32,9],""started_at"":133.67225988207565,""closed_at"":135.67225988207565,""candidate_paths"":[[5,9,7,32],[5,29,32],[5,29,42,32],[5,31,32],[5,35,30,32],[5,35,41,32],[5,48,32]],""selected_path"":[5,29,32]},{""key"":[5,32,17],""started_at"":244.2759796632786,""closed_at"":246.2759796632786,""candidate_paths"":[[5,7,32],[5,28,30,32],[5,31,32],[5,32],[5,39,12,32],[5,49,32],[5,49,41,32]],""selected_path"":[5,32]},{""key"":[5,32,21],""started_at"":282.51260957772934,""closed_at"":284.51260957772934,""candidate_paths"":[[5,3,32],[5,28,41,32],[5,30,32],[5,31,32],[5,32],[5,49,32]],""selected_path"":[5,32]},{""key"":[5,32,29],""started_at"":406.6497516515621,""closed_at"":408.6497516515621,""candidate_paths"":[[5,12,15,32],[5,32],[5,41,32],[5,44,14,32],[5,44,32],[5,45,31,32],[5,49,32]],""selected_path"":[5,49,32]},{""key"":[5,32,33],""started_at"":487.47322496861034,""closed_at"":489.47322496861034,""candidate_paths"":[[5,1,12,32],[5,14,28,32],[5,16,11,32],[5,31,32],[5,31,41,32],[5,32],[5,42,4,32]],""selected_path"":[5,32]},{""key"":[5,32,37],""started_at"":556.170682317691,""closed_at"":558.170682317691,""candidate_paths"":[[5,1,32],[5,2,36,32],[5,32],[5,49,44,32]],""selected_path"":[5,32]},{""key"":[5,44,4],""started_at"":24.23713210789741,""closed_at"":26.23713210789741,""candidate_paths"":[[5,17,44],[5,43,42,44]],""selected_path"":[5,17,44]},{""key"":[19,45,2],""started_at"":11.292418302994681,""closed_at"":13.292418302994681,""candidate_paths"":[[19,4,45],[19,6,32,45],[19,11,45],[19,31,45],[19,35,49,45],[19,40,16,45],[19,40,22,45]],""selected_path"":[19,11,45]},{""key"":[19,45,6],""started_at"":107.6104705857257,""closed_at"":109.6104705857257,""candidate_paths"":[[19,1,39,45],[19,6,45],[19,9,32,45],[19,11,45],[19,46,45]],""selected_path"":[19,11,45]},{""key"":[30,23,3],""started_at"":23.52526636631802,""closed_at"":25.52526636631802,""candidate_paths"":[[30,23],[30,24,23],[30,39,1,23]],""selected_path"":[30,23]},{""key"":[30,23,7],""started_at"":111.71595709610864,""closed_at"":113.71595709610864,""candidate_paths"":[[30,12,23],[30,13,23],[30,19,23],[30,28,23],[30,38,5,23]],""selected_path"":[30,19,23]},{""key"":[30,23,11],""started_at"":157.60901308970028,""closed_at"":159.60901308970028,""candidate_paths"":[[30,17,43,23],[30,21,23],[30,29,39,23]],""selected_path"":[30,21,23]},{""key"":[30,23,15],""started_at"":194.1545758089678,""closed_at"":196.1545758089678,""candidate_paths"":[[30,19,23],[30,34,23],[30,34,24,23]],""selected_path"":[30,34,23]},{""key"":[30,23,19],""started_at"":262.49399156198655,""closed_at"":264.49399156198655,""candidate_paths"":[[30,24,23],[30,25,43,23],[30,33,17,23],[30,48,23]],""selected_path"":[30,48,23]},{""key"":[30,23,27],""started_at"":378.42097831969494,""closed_at"":380.42097831969494,""candidate_paths"":[[30,19,23],[30,24,23],[30,36,23]],""selected_path"":[30,19,23]},{""key"":[30,23,31],""started_at"":445.5516210285881,""closed_at"":447.5516210285881,""candidate_paths"":[[30,9,23],[30,17,5,23]],""selected_path"":[30,9,23]},{""key"":[30,23,35],""started_at"":530.8633308189388,""closed_at"":532.8633308189388,""candidate_paths"":[[30,20,19,23],[30,22,23],[30,23],[30,24,23]],""selected_path"":[30,24,23]},{""key"":[30,23,39],""started_at"":578.9638407302813,""closed_at"":580.9638407302813,""candidate_paths"":[[30,8,23],[30,37,23]],""selected_path"":[30,37,23]}]",40,0,4,4,4.0,99e1612cb0cd4525724f259fa9432132f5dbcabd3237863d78b84e6994f79b62,7,2.75,0,connected-multihop,0.9,2,4,4,2.0,1,2,1,0.9,0.0336734693877551,0,1.5,0.6354196001358925,0.9992454588258496,0.9999962261757863,0.9999999926262026,0.9999999999999575,0.15183673469387754,0.04163265306122449
meshtastic-like,35,600.0,36,36,0,0.527778,1.0,0.0,0.440606,0.573235,0.440606,1.500065,1.657558,36,19,0,586,539,47,47,42.154496,22.944517,0.038241,16.69318,67.832093,84.525273,4.448699,2.218658,0.573235,7777,20937,28714,0.270843,18214,0.634325,4714,1655,0,0,0,0,0,0,0,0,0.0,0.080205,0,0,0.0,-1,0,0,0,icc2027_generalization_stale_fading_short_ttl,50,8250.0,4.0,unicast,poisson,0,0,0,0,[],[],36,0,4,4,3.6,a5f9871b4c552da23281b2575cff7e89c35257147a7148978fcae89cfcb18a0a,7,2.75,0,connected-multihop,0.9,2,4,4,2.0,1,0,0,0.0,0.0,0,0.0,0.47893001825235215,0.998897496139575,0.9999958158180241,0.9999999885258685,0.9999999999999698,0.17142857142857143,0.05061224489795919
meshcore-like,35,600.0,36,36,0,0.138889,0.138889,0.0,1.930906,1.815808,1.930906,2.287744,2.431616,5,5,0,522,10,512,8,37.550592,12.856144,0.021427,14.870034,57.848731,72.718765,14.543753,7.510118,1.815808,3587,21991,25578,0.140238,17820,0.696692,1981,0,490,14,10,6,1,35,0,0,0.0,0.980843,0,0,0.0,-1,0,0,0,icc2027_generalization_stale_fading_short_ttl,50,8250.0,4.0,unicast,poisson,0,10,56,10,"[{""key"":[14,41,4],""candidate_count"":7,""sha256"":""68dc03b6ef44beb2be4a2390b9792f96c9a69b204897bd8060ace2961da0d0fe""},{""key"":[14,41,8],""candidate_count"":2,""sha256"":""f26339c26bf8967d75a23e141a9b340a0394cd2a3619449d2919eceaa91ef764""},{""key"":[26,27,1],""candidate_count"":6,""sha256"":""0625765a9b8589b8476bb1a54f3ada0232d42b4bd0ff7d567605212787380e37""},{""key"":[26,27,5],""candidate_count"":8,""sha256"":""39e0765a52311e14724439c0d8cc008cc48bbfabf20350402bead95546d5ac34""},{""key"":[26,27,9],""candidate_count"":2,""sha256"":""b98c1534f15d469606df9eac674bb9f3538f9d65b0a5477c2a5291993b40c38b""},{""key"":[27,30,3],""candidate_count"":6,""sha256"":""68fdd47246bee1ecb2515896749034136b8519e3f4b79ca178c47c394f6ea530""},{""key"":[40,2,2],""candidate_count"":4,""sha256"":""275479f729de1ef55e075aa9821a2f743034efcc10569c6b6d25c344acd78ecd""},{""key"":[40,2,6],""candidate_count"":7,""sha256"":""bef6cef76ee34c90d41abbb59a0931bbb3bdd8517a42be1562a28679a9df3e38""},{""key"":[40,2,14],""candidate_count"":7,""sha256"":""ba2b2d8f13f3826fd4a9159c493a87204cfef589155171be5d8de825070bfa25""},{""key"":[40,2,18],""candidate_count"":7,""sha256"":""443091265886b569162b2d418ba1edf606972afe4e454c8a3d3a829dfd9df6f9""}]","[{""key"":[14,41,4],""started_at"":21.172954717197793,""closed_at"":23.172954717197793,""candidate_paths"":[[14,3,41],[14,5,41],[14,7,8,41],[14,24,41],[14,33,41],[14,34,41],[14,35,46,41]],""selected_path"":[14,3,41]},{""key"":[14,41,8],""started_at"":85.0726616953359,""closed_at"":87.0726616953359,""candidate_paths"":[[14,23,30,41],[14,41]],""selected_path"":[14,41]},{""key"":[26,27,1],""started_at"":1.0,""closed_at"":3.0,""candidate_paths"":[[26,12,27],[26,17,27],[26,40,9,27],[26,40,20,27],[26,40,27],[26,43,27]],""selected_path"":[26,12,27]},{""key"":[26,27,5],""started_at"":44.74856068258777,""closed_at"":46.74856068258777,""candidate_paths"":[[26,20,27],[26,35,0,27],[26,36,27],[26,40,27],[26,40,45,27],[26,43,5,27],[26,43,9,27],[26,43,27]],""selected_path"":[26,20,27]},{""key"":[26,27,9],""started_at"":85.24418933851926,""closed_at"":87.24418933851926,""candidate_paths"":[[26,9,27],[26,23,40,27]],""selected_path"":[26,9,27]},{""key"":[27,30,3],""started_at"":14.647180923049065,""closed_at"":16.647180923049063,""candidate_paths"":[[27,10,30],[27,16,1,30],[27,16,19,30],[27,30],[27,36,28,30],[27,38,30]],""selected_path"":[27,30]},{""key"":[40,2,2],""started_at"":11.907534522272735,""closed_at"":13.907534522272735,""candidate_paths"":[[40,0,2],[40,2],[40,4,2],[40,14,2]],""selected_path"":[40,2]},{""key"":[40,2,6],""started_at"":64.76971517547491,""closed_at"":66.76971517547491,""candidate_paths"":[[40,0,2],[40,2],[40,4,2],[40,21,2],[40,25,13,2],[40,29,31,2],[40,30,47,2]],""selected_path"":[40,2]},{""key"":[40,2,14],""started_at"":161.53273473936306,""closed_at"":163.53273473936306,""candidate_paths"":[[40,0,2],[40,2],[40,14,2],[40,33,2],[40,39,2],[40,47,18,2],[40,49,2]],""selected_path"":[40,2]},{""key"":[40,2,18],""started_at"":238.79767926644712,""closed_at"":240.79767926644712,""candidate_paths"":[[40,0,2],[40,2],[40,3,22,2],[40,4,2],[40,15,2],[40,28,8,2],[40,36,47,2]],""selected_path"":[40,2]}]",36,0,4,4,3.6,a5f9871b4c552da23281b2575cff7e89c35257147a7148978fcae89cfcb18a0a,7,2.75,0,connected-multihop,0.9,2,4,4,2.0,1,0,0,0.6,0.02857142857142857,0,0.0,0.47893001825235215,0.998897496139575,0.9999958158180241,0.9999999885258685,0.9999999999999698,0.17142857142857143,0.05061224489795919
etx-mesh,35,600.0,36,36,0,0.25,0.25,0.0,2.407637,2.271758,2.407637,2.287744,2.431616,9,9,0,795,20,775,17,57.18912,19.995323,0.033326,22.646892,88.33674,110.983632,12.331515,6.354347,2.271758,6037,32918,38955,0.154974,26645,0.683994,2908,0,735,23,15,12,0,36,0,11,0.362943,0.974843,0,0,0.0,-1,0,0,0,icc2027_generalization_stale_fading_short_ttl,50,8250.0,4.0,unicast,poisson,0,15,75,15,"[{""key"":[14,41,4],""candidate_count"":7,""sha256"":""68dc03b6ef44beb2be4a2390b9792f96c9a69b204897bd8060ace2961da0d0fe""},{""key"":[14,41,8],""candidate_count"":3,""sha256"":""0e62982570345e2bb3a0295ef955b1dfdf928ee073bdc6d29340dec20a677fe0""},{""key"":[14,41,12],""candidate_count"":5,""sha256"":""4fe9f27cdc787b1e1b0a9b4450d977eb4141e6c53b29e51a4e86ba8f3dc28974""},{""key"":[14,41,16],""candidate_count"":3,""sha256"":""2c2337c7a67018da4c8b03ea5e3d215cfcec1d09a64e568caae0b2b6b8dc0265""},{""key"":[14,41,20],""candidate_count"":4,""sha256"":""03b72de6995919dffe08157c9a1f01291ce8e5431940f1805efd5565ebae23c5""},{""key"":[14,41,24],""candidate_count"":7,""sha256"":""4db2c9045e955d130e4b1b3db03f18b3236b57a4665659aa9f4258e8cf747b8f""},{""key"":[14,41,28],""candidate_count"":5,""sha256"":""2296a54dfc7051ec06e0cc8bec58be8a87b5b6ca3076711c6536923614ab0e68""},{""key"":[14,41,32],""candidate_count"":5,""sha256"":""bf96307988ba580c96ef12a14be22d095134b944e8c04b3878cd5c00d20c8496""},{""key"":[14,41,36],""candidate_count"":3,""sha256"":""775e0bc84801191f2971f63a7ca0a7c90a8f8fd9c3af7034f3eaa5a4981de7c2""},{""key"":[26,27,1],""candidate_count"":6,""sha256"":""0625765a9b8589b8476bb1a54f3ada0232d42b4bd0ff7d567605212787380e37""},{""key"":[26,27,5],""candidate_count"":8,""sha256"":""39e0765a52311e14724439c0d8cc008cc48bbfabf20350402bead95546d5ac34""},{""key"":[26,27,9],""candidate_count"":2,""sha256"":""87c20ebd303d9020b32c1163da7056c512e85a9798f5b59ee90467cbbfb290b5""},{""key"":[27,30,3],""candidate_count"":6,""sha256"":""68fdd47246bee1ecb2515896749034136b8519e3f4b79ca178c47c394f6ea530""},{""key"":[40,2,2],""candidate_count"":4,""sha256"":""275479f729de1ef55e075aa9821a2f743034efcc10569c6b6d25c344acd78ecd""},{""key"":[40,2,6],""candidate_count"":7,""sha256"":""927c062a7be8c0da9a7b1f7a7370092ab3718846fa91a2bc5f975d8eb3d73cd7""}]","[{""key"":[14,41,4],""started_at"":21.172954717197793,""closed_at"":23.172954717197793,""candidate_paths"":[[14,3,41],[14,5,41],[14,7,8,41],[14,24,41],[14,33,41],[14,34,41],[14,35,46,41]],""selected_path"":[14,33,41]},{""key"":[14,41,8],""started_at"":85.0726616953359,""closed_at"":87.0726616953359,""candidate_paths"":[[14,12,41],[14,33,41],[14,41]],""selected_path"":[14,41]},{""key"":[14,41,12],""started_at"":123.21152216663869,""closed_at"":125.21152216663869,""candidate_paths"":[[14,8,41],[14,25,35,41],[14,33,41],[14,46,12,41],[14,48,34,41]],""selected_path"":[14,8,41]},{""key"":[14,41,16],""started_at"":188.7961729183277,""closed_at"":190.7961729183277,""candidate_paths"":[[14,7,8,41],[14,23,17,41],[14,41]],""selected_path"":[14,41]},{""key"":[14,41,20],""started_at"":287.14616617151023,""closed_at"":289.14616617151023,""candidate_paths"":[[14,33,41],[14,34,41],[14,47,31,41],[14,48,35,41]],""selected_path"":[14,34,41]},{""key"":[14,41,24],""started_at"":407.5824345720023,""closed_at"":409.5824345720023,""candidate_paths"":[[14,3,41],[14,12,41],[14,24,8,41],[14,33,41],[14,39,41],[14,41],[14,43,9,41]],""selected_path"":[14,41]},{""key"":[14,41,28],""started_at"":467.16807769354665,""closed_at"":469.16807769354665,""candidate_paths"":[[14,12,41],[14,33,41],[14,34,8,41],[14,34,41],[14,34,46,41]],""selected_path"":[14,33,41]},{""key"":[14,41,32],""started_at"":541.1264633354768,""closed_at"":543.1264633354768,""candidate_paths"":[[14,11,8,41],[14,17,45,41],[14,27,9,41],[14,34,41],[14,46,41]],""selected_path"":[14,34,41]},{""key"":[14,41,36],""started_at"":574.6752283158281,""closed_at"":576.6752283158281,""candidate_paths"":[[14,12,41],[14,26,19,41],[14,39,40,41]],""selected_path"":[14,12,41]},{""key"":[26,27,1],""started_at"":1.0,""closed_at"":3.0,""candidate_paths"":[[26,12,27],[26,17,27],[26,40,9,27],[26,40,20,27],[26,40,27],[26,43,27]],""selected_path"":[26,12,27]},{""key"":[26,27,5],""started_at"":44.74856068258777,""closed_at"":46.74856068258777,""candidate_paths"":[[26,20,27],[26,35,0,27],[26,36,27],[26,40,27],[26,40,45,27],[26,43,5,27],[26,43,9,27],[26,43,27]],""selected_path"":[26,36,27]},{""key"":[26,27,9],""started_at"":85.24418933851926,""closed_at"":87.24418933851926,""candidate_paths"":[[26,2,0,27],[26,14,11,27]],""selected_path"":[26,2,0,27]},{""key"":[27,30,3],""started_at"":14.647180923049065,""closed_at"":16.647180923049063,""candidate_paths"":[[27,10,30],[27,16,1,30],[27,16,19,30],[27,30],[27,36,28,30],[27,38,30]],""selected_path"":[27,30]},{""key"":[40,2,2],""started_at"":11.907534522272735,""closed_at"":13.907534522272735,""candidate_paths"":[[40,0,2],[40,2],[40,4,2],[40,14,2]],""selected_path"":[40,2]},{""key"":[40,2,6],""started_at"":64.76971517547491,""closed_at"":66.76971517547491,""candidate_paths"":[[40,0,2],[40,2],[40,4,2],[40,14,2],[40,22,2],[40,28,1,2],[40,29,31,2]],""selected_path"":[40,2]}]",36,0,4,4,3.6,a5f9871b4c552da23281b2575cff7e89c35257147a7148978fcae89cfcb18a0a,7,2.75,0,connected-multihop,0.9,2,4,4,2.0,1,1,1,0.8,0.031292517006802724,0,2.0,0.47893001825235215,0.998897496139575,0.9999958158180241,0.9999999885258685,0.9999999999999698,0.17142857142857143,0.05061224489795919
ett-mesh,35,600.0,36,36,0,0.25,0.25,0.0,2.407637,2.271758,2.407637,2.287744,2.431616,9,9,0,795,20,775,17,57.18912,19.995323,0.033326,22.646892,88.33674,110.983632,12.331515,6.354347,2.271758,6037,32918,38955,0.154974,26645,0.683994,2908,0,735,23,15,12,0,36,0,11,0.882837,0.974843,0,0,0.0,-1,0,0,0,icc2027_generalization_stale_fading_short_ttl,50,8250.0,4.0,unicast,poisson,0,15,75,15,"[{""key"":[14,41,4],""candidate_count"":7,""sha256"":""68dc03b6ef44beb2be4a2390b9792f96c9a69b204897bd8060ace2961da0d0fe""},{""key"":[14,41,8],""candidate_count"":3,""sha256"":""0e62982570345e2bb3a0295ef955b1dfdf928ee073bdc6d29340dec20a677fe0""},{""key"":[14,41,12],""candidate_count"":5,""sha256"":""4fe9f27cdc787b1e1b0a9b4450d977eb4141e6c53b29e51a4e86ba8f3dc28974""},{""key"":[14,41,16],""candidate_count"":3,""sha256"":""2c2337c7a67018da4c8b03ea5e3d215cfcec1d09a64e568caae0b2b6b8dc0265""},{""key"":[14,41,20],""candidate_count"":4,""sha256"":""03b72de6995919dffe08157c9a1f01291ce8e5431940f1805efd5565ebae23c5""},{""key"":[14,41,24],""candidate_count"":7,""sha256"":""4db2c9045e955d130e4b1b3db03f18b3236b57a4665659aa9f4258e8cf747b8f""},{""key"":[14,41,28],""candidate_count"":5,""sha256"":""2296a54dfc7051ec06e0cc8bec58be8a87b5b6ca3076711c6536923614ab0e68""},{""key"":[14,41,32],""candidate_count"":5,""sha256"":""bf96307988ba580c96ef12a14be22d095134b944e8c04b3878cd5c00d20c8496""},{""key"":[14,41,36],""candidate_count"":3,""sha256"":""775e0bc84801191f2971f63a7ca0a7c90a8f8fd9c3af7034f3eaa5a4981de7c2""},{""key"":[26,27,1],""candidate_count"":6,""sha256"":""0625765a9b8589b8476bb1a54f3ada0232d42b4bd0ff7d567605212787380e37""},{""key"":[26,27,5],""candidate_count"":8,""sha256"":""39e0765a52311e14724439c0d8cc008cc48bbfabf20350402bead95546d5ac34""},{""key"":[26,27,9],""candidate_count"":2,""sha256"":""87c20ebd303d9020b32c1163da7056c512e85a9798f5b59ee90467cbbfb290b5""},{""key"":[27,30,3],""candidate_count"":6,""sha256"":""68fdd47246bee1ecb2515896749034136b8519e3f4b79ca178c47c394f6ea530""},{""key"":[40,2,2],""candidate_count"":4,""sha256"":""275479f729de1ef55e075aa9821a2f743034efcc10569c6b6d25c344acd78ecd""},{""key"":[40,2,6],""candidate_count"":7,""sha256"":""927c062a7be8c0da9a7b1f7a7370092ab3718846fa91a2bc5f975d8eb3d73cd7""}]","[{""key"":[14,41,4],""started_at"":21.172954717197793,""closed_at"":23.172954717197793,""candidate_paths"":[[14,3,41],[14,5,41],[14,7,8,41],[14,24,41],[14,33,41],[14,34,41],[14,35,46,41]],""selected_path"":[14,33,41]},{""key"":[14,41,8],""started_at"":85.0726616953359,""closed_at"":87.0726616953359,""candidate_paths"":[[14,12,41],[14,33,41],[14,41]],""selected_path"":[14,41]},{""key"":[14,41,12],""started_at"":123.21152216663869,""closed_at"":125.21152216663869,""candidate_paths"":[[14,8,41],[14,25,35,41],[14,33,41],[14,46,12,41],[14,48,34,41]],""selected_path"":[14,8,41]},{""key"":[14,41,16],""started_at"":188.7961729183277,""closed_at"":190.7961729183277,""candidate_paths"":[[14,7,8,41],[14,23,17,41],[14,41]],""selected_path"":[14,41]},{""key"":[14,41,20],""started_at"":287.14616617151023,""closed_at"":289.14616617151023,""candidate_paths"":[[14,33,41],[14,34,41],[14,47,31,41],[14,48,35,41]],""selected_path"":[14,34,41]},{""key"":[14,41,24],""started_at"":407.5824345720023,""closed_at"":409.5824345720023,""candidate_paths"":[[14,3,41],[14,12,41],[14,24,8,41],[14,33,41],[14,39,41],[14,41],[14,43,9,41]],""selected_path"":[14,41]},{""key"":[14,41,28],""started_at"":467.16807769354665,""closed_at"":469.16807769354665,""candidate_paths"":[[14,12,41],[14,33,41],[14,34,8,41],[14,34,41],[14,34,46,41]],""selected_path"":[14,33,41]},{""key"":[14,41,32],""started_at"":541.1264633354768,""closed_at"":543.1264633354768,""candidate_paths"":[[14,11,8,41],[14,17,45,41],[14,27,9,41],[14,34,41],[14,46,41]],""selected_path"":[14,34,41]},{""key"":[14,41,36],""started_at"":574.6752283158281,""closed_at"":576.6752283158281,""candidate_paths"":[[14,12,41],[14,26,19,41],[14,39,40,41]],""selected_path"":[14,12,41]},{""key"":[26,27,1],""started_at"":1.0,""closed_at"":3.0,""candidate_paths"":[[26,12,27],[26,17,27],[26,40,9,27],[26,40,20,27],[26,40,27],[26,43,27]],""selected_path"":[26,12,27]},{""key"":[26,27,5],""started_at"":44.74856068258777,""closed_at"":46.74856068258777,""candidate_paths"":[[26,20,27],[26,35,0,27],[26,36,27],[26,40,27],[26,40,45,27],[26,43,5,27],[26,43,9,27],[26,43,27]],""selected_path"":[26,36,27]},{""key"":[26,27,9],""started_at"":85.24418933851926,""closed_at"":87.24418933851926,""candidate_paths"":[[26,2,0,27],[26,14,11,27]],""selected_path"":[26,2,0,27]},{""key"":[27,30,3],""started_at"":14.647180923049065,""closed_at"":16.647180923049063,""candidate_paths"":[[27,10,30],[27,16,1,30],[27,16,19,30],[27,30],[27,36,28,30],[27,38,30]],""selected_path"":[27,30]},{""key"":[40,2,2],""started_at"":11.907534522272735,""closed_at"":13.907534522272735,""candidate_paths"":[[40,0,2],[40,2],[40,4,2],[40,14,2]],""selected_path"":[40,2]},{""key"":[40,2,6],""started_at"":64.76971517547491,""closed_at"":66.76971517547491,""candidate_paths"":[[40,0,2],[40,2],[40,4,2],[40,14,2],[40,22,2],[40,28,1,2],[40,29,31,2]],""selected_path"":[40,2]}]",36,0,4,4,3.6,a5f9871b4c552da23281b2575cff7e89c35257147a7148978fcae89cfcb18a0a,7,2.75,0,connected-multihop,0.9,2,4,4,2.0,1,1,1,0.8,0.031292517006802724,0,2.0,0.47893001825235215,0.998897496139575,0.9999958158180241,0.9999999885258685,0.9999999999999698,0.17142857142857143,0.05061224489795919
minhop-mesh,35,600.0,36,36,0,0.25,0.277778,0.0,1.8433,1.794227,1.8433,2.287744,2.431616,10,9,0,941,21,920,14,67.691776,24.530538,0.040884,26.805943,105.489149,132.295093,14.699455,7.521308,1.794227,6720,39389,46109,0.145742,32896,0.71344,3793,0,882,24,18,14,2,34,0,14,0.843826,0.977683,0,0,0.0,-1,0,0,0,icc2027_generalization_stale_fading_short_ttl,50,8250.0,4.0,unicast,poisson,0,18,102,18,"[{""key"":[14,41,4],""candidate_count"":7,""sha256"":""f379ab5a0bb7a15d008cc6d5900235c19c4a4bdf81444e1dc9d54796d236193b""},{""key"":[14,41,8],""candidate_count"":6,""sha256"":""8fd84b6e9233820b76d3f9320a0ed100b177f4e5d0080a076c0cc8789e7166cb""},{""key"":[14,41,12],""candidate_count"":5,""sha256"":""4a5319125b0cb8a1714fef611dfbd908a424dbecdcc4f2a39d9a8a9750e2456f""},{""key"":[26,27,1],""candidate_count"":6,""sha256"":""0625765a9b8589b8476bb1a54f3ada0232d42b4bd0ff7d567605212787380e37""},{""key"":[26,27,5],""candidate_count"":5,""sha256"":""1c6de81545e80f27a073a0cb5017946207b4652e64c6a9a2b137199bacaf2ff1""},{""key"":[27,30,3],""candidate_count"":7,""sha256"":""c26656c2f7f1340998e00769f5c84dcfd05adb2dfa86d704bdc755367d975f3e""},{""key"":[27,30,7],""candidate_count"":5,""sha256"":""5e2e78135a3d9a01cc83b81e49550ffe8862fb0a47aac7dca242e7924ae1cc72""},{""key"":[27,30,15],""candidate_count"":7,""sha256"":""641ced7ab9d6723d5ac1c534ad82c6aa9c77022097c8b7a72d7a0502023037b1""},{""key"":[27,30,19],""candidate_count"":6,""sha256"":""53da12cba49f1fa527f2cd066c42f82d4e501d44ea9924df2a967efde53abf2d""},{""key"":[27,30,23],""candidate_count"":6,""sha256"":""6f3abf5b4201327fbf6710eaef7231bb3646e1aa22f56a6d1b5300579004aae5""},{""key"":[40,2,2],""candidate_count"":5,""sha256"":""3ccb3e043c60a0bb0a8fcdea61be734479351ef6c29dd799b8e2a2e16679effc""},{""key"":[40,2,6],""candidate_count"":7,""sha256"":""caaf6b45791ea3218dbd9b2d40b27d2a5685bc2c23a8aa16d3dcd266bf336b0a""},{""key"":[40,2,14],""candidate_count"":5,""sha256"":""a71940aeac06c6735cd70c95800f19ff2f777c723d5921ccf79e7365ce4bfa12""},{""key"":[40,2,18],""candidate_count"":7,""sha256"":""7f36ece685e311efcb55a9487344a3408026d132db3c99d049f05c8c56d31b8c""},{""key"":[40,2,22],""candidate_count"":4,""sha256"":""275479f729de1ef55e075aa9821a2f743034efcc10569c6b6d25c344acd78ecd""},{""key"":[40,2,26],""candidate_count"":6,""sha256"":""8cce3658f34b29ae5d025ea4d9469eb214826a5a77dc864f41cddc8eb954db5e""},{""key"":[40,2,30],""candidate_count"":5,""sha256"":""8394631d2aa0c939ee6ec7767701fca5d7f279611ca014d2116e9ecb0bdd817c""},{""key"":[40,2,34],""candidate_count"":3,""sha256"":""e44866640c3b95254010fbad077d295ce8177e15fb74316c78d7f00aa05044c3""}]","[{""key"":[14,41,4],""started_at"":21.172954717197793,""closed_at"":23.172954717197793,""candidate_paths"":[[14,3,41],[14,7,8,41],[14,24,41],[14,32,16,41],[14,33,41],[14,34,41],[14,35,46,41]],""selected_path"":[14,33,41]},{""key"":[14,41,8],""started_at"":85.0726616953359,""closed_at"":87.0726616953359,""candidate_paths"":[[14,19,41],[14,33,8,41],[14,33,41],[14,39,41],[14,41],[14,44,46,41]],""selected_path"":[14,41]},{""key"":[14,41,12],""started_at"":123.21152216663869,""closed_at"":125.21152216663869,""candidate_paths"":[[14,8,7,41],[14,18,10,41],[14,33,41],[14,34,41],[14,46,41]],""selected_path"":[14,46,41]},{""key"":[26,27,1],""started_at"":1.0,""closed_at"":3.0,""candidate_paths"":[[26,12,27],[26,17,27],[26,40,9,27],[26,40,20,27],[26,40,27],[26,43,27]],""selected_path"":[26,40,27]},{""key"":[26,27,5],""started_at"":44.74856068258777,""closed_at"":46.74856068258777,""candidate_paths"":[[26,20,27],[26,24,45,27],[26,33,9,27],[26,35,0,27],[26,37,27]],""selected_path"":[26,37,27]},{""key"":[27,30,3],""started_at"":14.647180923049065,""closed_at"":16.647180923049063,""candidate_paths"":[[27,3,19,30],[27,10,30],[27,10,31,30],[27,25,13,30],[27,30],[27,38,30],[27,39,2,30]],""selected_path"":[27,30]},{""key"":[27,30,7],""started_at"":75.95956324632948,""closed_at"":77.95956324632948,""candidate_paths"":[[27,22,2,30],[27,22,30],[27,22,38,30],[27,46,1,30],[27,47,30]],""selected_path"":[27,47,30]},{""key"":[27,30,15],""started_at"":184.76674982030596,""closed_at"":186.76674982030596,""candidate_paths"":[[27,1,30],[27,3,36,30],[27,4,22,30],[27,10,30],[27,10,38,30],[27,16,30],[27,30]],""selected_path"":[27,30]},{""key"":[27,30,19],""started_at"":251.81448939582876,""closed_at"":253.81448939582876,""candidate_paths"":[[27,7,30],[27,10,30],[27,36,19,30],[27,36,30],[27,36,31,30],[27,47,30]],""selected_path"":[27,36,30]},{""key"":[27,30,23],""started_at"":379.5011612100745,""closed_at"":381.5011612100745,""candidate_paths"":[[27,4,30],[27,10,30],[27,18,31,30],[27,18,38,30],[27,30],[27,47,30]],""selected_path"":[27,30]},{""key"":[40,2,2],""started_at"":11.907534522272735,""closed_at"":13.907534522272735,""candidate_paths"":[[40,0,2],[40,12,34,2],[40,28,31,2],[40,32,19,2],[40,37,29,2]],""selected_path"":[40,0,2]},{""key"":[40,2,6],""started_at"":64.76971517547491,""closed_at"":66.76971517547491,""candidate_paths"":[[40,0,2],[40,2],[40,4,2],[40,22,2],[40,29,31,2],[40,32,1,2],[40,39,2]],""selected_path"":[40,2]},{""key"":[40,2,14],""started_at"":161.53273473936306,""closed_at"":163.53273473936306,""candidate_paths"":[[40,0,2],[40,2],[40,4,22,2],[40,39,2],[40,44,2]],""selected_path"":[40,2]},{""key"":[40,2,18],""started_at"":238.79767926644712,""closed_at"":240.79767926644712,""candidate_paths"":[[40,0,2],[40,2],[40,14,2],[40,19,2],[40,21,2],[40,26,38,2],[40,29,2]],""selected_path"":[40,2]},{""key"":[40,2,22],""started_at"":297.4219155518478,""closed_at"":299.4219155518478,""candidate_paths"":[[40,0,2],[40,2],[40,4,2],[40,14,2]],""selected_path"":[40,2]},{""key"":[40,2,26],""started_at"":451.07425218654436,""closed_at"":453.07425218654436,""candidate_paths"":[[40,0,2],[40,2],[40,14,2],[40,21,2],[40,31,10,2],[40,32,1,2]],""selected_path"":[40,2]},{""key"":[40,2,30],""started_at"":515.8532155569495,""closed_at"":517.8532155569495,""candidate_paths"":[[40,0,2],[40,22,26,2],[40,28,19,2],[40,39,2],[40,48,2]],""selected_path"":[40,0,2]},{""key"":[40,2,34],""started_at"":553.3847449686073,""closed_at"":555.3847449686073,""candidate_paths"":[[40,0,2],[40,2],[40,37,49,2]],""selected_path"":[40,2]}]",36,0,4,4,3.6,a5f9871b4c552da23281b2575cff7e89c35257147a7148978fcae89cfcb18a0a,7,2.75,0,connected-multihop,0.9,2,4,4,2.0,1,0,0,0.7777777777777778,0.027210884353741496,0,0.0,0.47893001825235215,0.998897496139575,0.9999958158180241,0.9999999885258685,0.9999999999999698,0.17142857142857143,0.05061224489795919
meshecho,35,600.0,36,36,0,0.388889,0.388889,0.0,2.053413,1.935232,2.053413,2.287744,2.431616,14,14,0,856,24,832,23,61.577216,22.234497,0.037057,24.384578,95.231936,119.616513,8.544037,4.398373,1.935232,7172,34772,41944,0.17099,28028,0.668224,3463,0,783,26,16,13,2,34,0,12,0.851006,0.971963,0,0,0.0,-1,0,0,0,icc2027_generalization_stale_fading_short_ttl,50,8250.0,4.0,unicast,poisson,0,16,93,16,"[{""key"":[14,41,4],""candidate_count"":8,""sha256"":""e71425f8d7449c24cec83081c65cc6cf838f4e492f35a38d1bb9695fa6407f08""},{""key"":[14,41,8],""candidate_count"":5,""sha256"":""55912f4e44a229f05aa067351ba6c8a3df74ca01a5cda3d200dc970ae9bcf47d""},{""key"":[26,27,1],""candidate_count"":6,""sha256"":""0625765a9b8589b8476bb1a54f3ada0232d42b4bd0ff7d567605212787380e37""},{""key"":[26,27,5],""candidate_count"":6,""sha256"":""2e11501983257d03a56157c77f3192642853de57e367874610e7446693693617""},{""key"":[26,27,9],""candidate_count"":2,""sha256"":""7b4981d517de9c1aaabbb8a59ab9f56923a5309309235fdd91434573f02d7c51""},{""key"":[27,30,3],""candidate_count"":6,""sha256"":""fd6deb3e235a958fbd93e69c4dd9bdfb36225cc7e8c8e796a72d9ef448181298""},{""key"":[27,30,7],""candidate_count"":6,""sha256"":""ac68683742aa77980599bd6e90f4286fa3ab815c69171d82603f90dbdcc2157f""},{""key"":[27,30,15],""candidate_count"":7,""sha256"":""6a5130a041fb3d7b97d8ccf285518becedc0e23f62ef68e79cbec34f4439a25a""},{""key"":[40,2,2],""candidate_count"":4,""sha256"":""246b206db24cf448216749c1b6d2801157631a7b1fb018b11c37c1c732d4f77a""},{""key"":[40,2,6],""candidate_count"":8,""sha256"":""333876d033268cc12c9a3cad2787b14f5eeb5923b84c017904c6463f314cde73""},{""key"":[40,2,14],""candidate_count"":3,""sha256"":""efe22cb4fa3693d8ff8a81fbfdfc00db54bc246c31d89fb5a6390b1193d44d5f""},{""key"":[40,2,18],""candidate_count"":7,""sha256"":""b204a9a0239fa043d3da08d71eca5c11c332ee6bc585b0684b256c7a003313c3""},{""key"":[40,2,22],""candidate_count"":6,""sha256"":""33f22ecc8fea1dc28b645e2273ffd7d28a720d5d79f8185801f065e51b910286""},{""key"":[40,2,26],""candidate_count"":8,""sha256"":""f5a90cf0c9d79dc7dac0bcf301a74a968ee818c186ab2b1aa15642562354b3cd""},{""key"":[40,2,30],""candidate_count"":6,""sha256"":""a68cf0987af94e0c47d6b93e9d168f594b1558dd676342facd825d642559750b""},{""key"":[40,2,34],""candidate_count"":5,""sha256"":""536494cc150398ecee6e7753b5a69adbc4f055a1bd1f34fda6ededf1e290c21a""}]","[{""key"":[14,41,4],""started_at"":21.172954717197793,""closed_at"":23.172954717197793,""candidate_paths"":[[14,3,41],[14,7,8,41],[14,24,41],[14,29,10,28,41],[14,32,16,41],[14,33,41],[14,34,41],[14,35,46,41]],""selected_path"":[14,33,41]},{""key"":[14,41,8],""started_at"":85.0726616953359,""closed_at"":87.0726616953359,""candidate_paths"":[[14,4,5,41],[14,4,30,41],[14,33,41],[14,36,47,41],[14,41]],""selected_path"":[14,41]},{""key"":[26,27,1],""started_at"":1.0,""closed_at"":3.0,""candidate_paths"":[[26,12,27],[26,17,27],[26,40,9,27],[26,40,20,27],[26,40,27],[26,43,27]],""selected_path"":[26,40,27]},{""key"":[26,27,5],""started_at"":44.74856068258777,""closed_at"":46.74856068258777,""candidate_paths"":[[26,17,27],[26,20,27],[26,22,9,27],[26,40,27],[26,42,5,27],[26,43,27]],""selected_path"":[26,40,27]},{""key"":[26,27,9],""started_at"":85.24418933851926,""closed_at"":87.24418933851926,""candidate_paths"":[[26,9,5,27],[26,17,20,27]],""selected_path"":[26,9,5,27]},{""key"":[27,30,3],""started_at"":14.647180923049065,""closed_at"":16.647180923049063,""candidate_paths"":[[27,10,30],[27,12,26,30],[27,16,32,30],[27,38,30],[27,47,18,30],[27,49,30]],""selected_path"":[27,10,30]},{""key"":[27,30,7],""started_at"":75.95956324632948,""closed_at"":77.95956324632948,""candidate_paths"":[[27,0,10,30],[27,0,19,30],[27,20,31,30],[27,35,38,30],[27,36,30],[27,47,30]],""selected_path"":[27,47,30]},{""key"":[27,30,15],""started_at"":184.76674982030596,""closed_at"":186.76674982030596,""candidate_paths"":[[27,10,30],[27,10,38,30],[27,14,22,30],[27,19,30],[27,26,28,30],[27,26,30],[27,30]],""selected_path"":[27,30]},{""key"":[40,2,2],""started_at"":11.907534522272735,""closed_at"":13.907534522272735,""candidate_paths"":[[40,0,2],[40,14,2],[40,19,31,2],[40,48,34,2]],""selected_path"":[40,0,2]},{""key"":[40,2,6],""started_at"":64.76971517547491,""closed_at"":66.76971517547491,""candidate_paths"":[[40,0,2],[40,2],[40,4,2],[40,18,36,2],[40,21,2],[40,29,31,2],[40,30,47,2],[40,46,34,2]],""selected_path"":[40,2]},{""key"":[40,2,14],""started_at"":161.53273473936306,""closed_at"":163.53273473936306,""candidate_paths"":[[40,0,2],[40,2],[40,39,2]],""selected_path"":[40,2]},{""key"":[40,2,18],""started_at"":238.79767926644712,""closed_at"":240.79767926644712,""candidate_paths"":[[40,0,2],[40,2],[40,4,2],[40,12,38,2],[40,19,31,2],[40,44,47,2],[40,48,2]],""selected_path"":[40,2]},{""key"":[40,2,22],""started_at"":297.4219155518478,""closed_at"":299.4219155518478,""candidate_paths"":[[40,0,2],[40,2],[40,10,36,2],[40,14,2],[40,26,47,2],[40,48,2]],""selected_path"":[40,2]},{""key"":[40,2,26],""started_at"":451.07425218654436,""closed_at"":453.07425218654436,""candidate_paths"":[[40,0,2],[40,2],[40,4,2],[40,13,1,2],[40,13,47,2],[40,21,2],[40,35,2],[40,44,2]],""selected_path"":[40,0,2]},{""key"":[40,2,30],""started_at"":515.8532155569495,""closed_at"":517.8532155569495,""candidate_paths"":[[40,0,2],[40,11,14,2],[40,22,32,2],[40,28,26,2],[40,39,2],[40,44,2]],""selected_path"":[40,0,2]},{""key"":[40,2,34],""started_at"":553.3847449686073,""closed_at"":555.3847449686073,""candidate_paths"":[[40,0,2],[40,2],[40,26,36,2],[40,30,10,2],[40,30,38,2]],""selected_path"":[40,2]}]",36,0,4,4,3.6,a5f9871b4c552da23281b2575cff7e89c35257147a7148978fcae89cfcb18a0a,7,2.75,0,connected-multihop,0.9,2,4,4,2.0,1,1,0,0.8125,0.033205619412515965,0,1.0,0.47893001825235215,0.998897496139575,0.9999958158180241,0.9999999885258685,0.9999999999999698,0.17142857142857143,0.05061224489795919
meshtastic-like,36,600.0,33,33,0,0.666667,1.0,0.0,0.610352,0.598203,0.610352,1.461901,1.69166,33,22,0,512,465,47,47,36.831232,20.456329,0.034094,14.585168,59.276672,73.86184,3.357356,1.674147,0.598203,7127,17961,25088,0.28408,15631,0.623047,4223,1503,0,0,0,0,0,0,0,0,0.0,0.091797,0,0,0.0,-1,0,0,0,icc2027_generalization_stale_fading_short_ttl,50,8250.0,4.0,unicast,poisson,0,0,0,0,[],[],33,0,4,4,3.3,ee22ffb37e31b472dc98f2223a37ca58e4a7dee7654991972df7895d633396d1,7,2.75,0,connected-multihop,0.9,2,4,4,2.0,1,0,0,0.0,0.0,0,0.0,0.7000149933113213,0.99956605741109,0.9999981116985418,0.9999999971374072,0.9999999999999641,0.13224489795918368,0.04
meshcore-like,36,600.0,33,33,0,0.272727,0.30303,0.0,2.145451,2.044582,2.145451,2.287744,2.431616,10,9,0,693,18,675,18,49.851648,16.637185,0.027729,19.741253,76.590458,96.33171,10.703523,5.539072,2.044582,4957,29000,33957,0.145979,23153,0.681833,2045,0,637,20,13,9,1,32,0,0,0.0,0.974026,0,0,0.0,-1,0,0,0,icc2027_generalization_stale_fading_short_ttl,50,8250.0,4.0,unicast,poisson,0,13,55,12,"[{""key"":[19,36,2],""candidate_count"":6,""sha256"":""c3fe017a8e0c4d6680414bedd5da1121ffedf678e87286b9fa22dc0febbdfe4a""},{""key"":[24,28,3],""candidate_count"":3,""sha256"":""46ad140c689b3ed985f52878dad43817472996b95281fe692b311fa9b2f47ce6""},{""key"":[32,29,4],""candidate_count"":6,""sha256"":""617f743645f81235d94b3be524d71c374b3c13a790d3d538830c73b792e81254""},{""key"":[32,29,8],""candidate_count"":1,""sha256"":""86d3198e03e34c7105fd29ccea1fb3949405b2d7b62c312460ace29e9848947a""},{""key"":[32,29,12],""candidate_count"":2,""sha256"":""c72089b98af6fb95ea12f9c5a26b26e7f97408e7fcf94b57611179ef8cee1607""},{""key"":[37,10,1],""candidate_count"":7,""sha256"":""869498bc1aa6c155836d178a45bc23a7e5e42e1a092f2b6855aa9ebdeeb177a7""},{""key"":[37,10,5],""candidate_count"":4,""sha256"":""a02eb02afbc71ba1229ae1e657ff55544291036c538a6d04ce42a9d607f08252""},{""key"":[37,10,9],""candidate_count"":6,""sha256"":""a16ff8504be317ea7b544123bf6d7ba4d376a89bf0cf350792a95b311d75acf1""},{""key"":[37,10,13],""candidate_count"":2,""sha256"":""d5ecf855926087c10e1cd40648224cddff68dbc0bba52bc5998ab6089e9c2ec8""},{""key"":[37,10,17],""candidate_count"":4,""sha256"":""a1797533e751b26e4fc2fc149ffc839ebd3911d37e9b153c6296db1f40a5d8b1""},{""key"":[37,10,21],""candidate_count"":3,""sha256"":""968afd9a210cafdf82fe9fe0e0f04f88a2e3dd3c607b1513e68fb5dff264e533""},{""key"":[37,10,25],""candidate_count"":3,""sha256"":""ccd66682a141a844c3fa7e6e11d96d353f02be7c8dda73265a425394ec2a76ec""},{""key"":[37,10,33],""candidate_count"":8,""sha256"":""5200df64e6c972dbff89abb6de1b46214e140e7a8c1f53bbc17de0a58b941380""}]","[{""key"":[19,36,2],""started_at"":6.399117056531828,""closed_at"":8.399117056531828,""candidate_paths"":[[19,8,36],[19,15,36],[19,30,36],[19,35,46,36],[19,36],[19,48,33,36]],""selected_path"":[19,36]},{""key"":[24,28,3],""started_at"":48.56605769524613,""closed_at"":50.56605769524613,""candidate_paths"":[[24,9,5,28],[24,13,28],[24,28]],""selected_path"":[24,28]},{""key"":[32,29,4],""started_at"":67.66184993843757,""closed_at"":69.66184993843757,""candidate_paths"":[[32,6,29],[32,16,29],[32,26,29],[32,27,8,29],[32,29],[32,42,29]],""selected_path"":[32,29]},{""key"":[32,29,8],""started_at"":192.1766488410131,""closed_at"":194.1766488410131,""candidate_paths"":[[32,26,29]],""selected_path"":[32,26,29]},{""key"":[32,29,12],""started_at"":254.83167272809266,""closed_at"":256.83167272809266,""candidate_paths"":[[32,26,29],[32,29]],""selected_path"":[32,29]},{""key"":[37,10,1],""started_at"":1.0,""closed_at"":3.0,""candidate_paths"":[[37,7,6,10],[37,7,10],[37,7,23,10],[37,15,10],[37,30,10],[37,33,10],[37,36,10]],""selected_path"":[37,7,10]},{""key"":[37,10,5],""started_at"":91.46083779725467,""closed_at"":93.46083779725467,""candidate_paths"":[[37,7,10],[37,30,10],[37,36,10],[37,45,10]],""selected_path"":[37,7,10]},{""key"":[37,10,9],""started_at"":203.34366798221924,""closed_at"":205.34366798221924,""candidate_paths"":[[37,8,10],[37,16,10],[37,30,10],[37,31,33,10],[37,36,10],[37,36,15,10]],""selected_path"":[37,8,10]},{""key"":[37,10,13],""started_at"":268.8617009548604,""closed_at"":270.8617009548604,""candidate_paths"":[[37,30,10],[37,38,22,10]],""selected_path"":[37,30,10]},{""key"":[37,10,17],""started_at"":343.76141760633675,""closed_at"":345.76141760633675,""candidate_paths"":[[37,2,30,10],[37,15,10],[37,33,10],[37,36,10]],""selected_path"":[37,15,10]},{""key"":[37,10,21],""started_at"":452.1906873690095,""closed_at"":454.1906873690095,""candidate_paths"":[[37,10],[37,21,10],[37,36,10]],""selected_path"":[37,10]},{""key"":[37,10,25],""started_at"":508.45540137294205,""closed_at"":510.45540137294205,""candidate_paths"":[[37,15,10],[37,36,10],[37,36,30,10]],""selected_path"":[37,15,10]},{""key"":[37,10,33],""started_at"":595.5912175914609,""closed_at"":597.5912175914609,""candidate_paths"":[[37,9,19,10],[37,10],[37,15,10],[37,29,6,10],[37,33,10],[37,36,10],[37,36,30,10],[37,45,10]],""selected_path"":[37,10]}]",33,0,4,4,3.3,ee22ffb37e31b472dc98f2223a37ca58e4a7dee7654991972df7895d633396d1,7,2.75,0,connected-multihop,0.9,2,4,4,2.0,1,0,0,0.6923076923076923,0.03139717425431711,0,0.0,0.7000149933113213,0.99956605741109,0.9999981116985418,0.9999999971374072,0.9999999999999641,0.13224489795918368,0.04
etx-mesh,36,600.0,33,33,0,0.515152,0.515152,0.0,2.098997,1.984745,2.098997,2.287744,2.431616,17,17,0,913,27,886,27,65.677568,21.861583,0.036436,26.008317,101.017053,127.02537,7.472081,3.863386,1.984745,6507,38230,44737,0.14545,30731,0.686926,2397,0,832,27,17,15,2,31,0,13,0.392525,0.970427,0,0,0.0,-1,0,0,0,icc2027_generalization_stale_fading_short_ttl,50,8250.0,4.0,unicast,poisson,0,17,70,16,"[{""key"":[19,36,2],""candidate_count"":6,""sha256"":""c3fe017a8e0c4d6680414bedd5da1121ffedf678e87286b9fa22dc0febbdfe4a""},{""key"":[24,28,3],""candidate_count"":3,""sha256"":""46ad140c689b3ed985f52878dad43817472996b95281fe692b311fa9b2f47ce6""},{""key"":[32,29,4],""candidate_count"":6,""sha256"":""617f743645f81235d94b3be524d71c374b3c13a790d3d538830c73b792e81254""},{""key"":[32,29,8],""candidate_count"":1,""sha256"":""86d3198e03e34c7105fd29ccea1fb3949405b2d7b62c312460ace29e9848947a""},{""key"":[32,29,12],""candidate_count"":2,""sha256"":""c72089b98af6fb95ea12f9c5a26b26e7f97408e7fcf94b57611179ef8cee1607""},{""key"":[32,29,16],""candidate_count"":3,""sha256"":""e97217b21aeea61aed7f2a25fd15df9decc4676e4b7a4915181dd95a76c58886""},{""key"":[32,29,20],""candidate_count"":5,""sha256"":""9cee014ba686424781a61647894c453e7138781b149f9c1a4895b5418e5f21d5""},{""key"":[32,29,24],""candidate_count"":4,""sha256"":""275a9c38d136aa9d9d3b0433ded5d0093ec003cc104ca6c94aa204e7fa3052c2""},{""key"":[32,29,32],""candidate_count"":4,""sha256"":""d6d2124c6b77b5d7562910ffc1a3f9295922b8b5f2d6365aa7497d24ee20daa3""},{""key"":[37,10,1],""candidate_count"":7,""sha256"":""869498bc1aa6c155836d178a45bc23a7e5e42e1a092f2b6855aa9ebdeeb177a7""},{""key"":[37,10,5],""candidate_count"":4,""sha256"":""a02eb02afbc71ba1229ae1e657ff55544291036c538a6d04ce42a9d607f08252""},{""key"":[37,10,9],""candidate_count"":6,""sha256"":""a16ff8504be317ea7b544123bf6d7ba4d376a89bf0cf350792a95b311d75acf1""},{""key"":[37,10,13],""candidate_count"":3,""sha256"":""7d73d799a786b3a063e0770e57d1540b8ea2f301baf58a77483ff6788e38f2b2""},{""key"":[37,10,17],""candidate_count"":4,""sha256"":""5b757875356b1e1957981cd484fcba00a83b4cf18abb2da7006a236c7db5327d""},{""key"":[37,10,21],""candidate_count"":5,""sha256"":""0650e1376539b7c0139b097c6b6f438b0aaf402a87161cf48b528595de96e3a7""},{""key"":[37,10,25],""candidate_count"":4,""sha256"":""7503c4e01bd47023f8f7144c83370ecf7a9dbcc30a63b857a58008be5f1829b4""},{""key"":[37,10,33],""candidate_count"":3,""sha256"":""0c5ea656a4b9bd4afafa477e6105947a670e24976c2cbf94f3805a07871c86df""}]","[{""key"":[19,36,2],""started_at"":6.399117056531828,""closed_at"":8.399117056531828,""candidate_paths"":[[19,8,36],[19,15,36],[19,30,36],[19,35,46,36],[19,36],[19,48,33,36]],""selected_path"":[19,36]},{""key"":[24,28,3],""started_at"":48.56605769524613,""closed_at"":50.56605769524613,""candidate_paths"":[[24,9,5,28],[24,13,28],[24,28]],""selected_path"":[24,28]},{""key"":[32,29,4],""started_at"":67.66184993843757,""closed_at"":69.66184993843757,""candidate_paths"":[[32,6,29],[32,16,29],[32,26,29],[32,27,8,29],[32,29],[32,42,29]],""selected_path"":[32,29]},{""key"":[32,29,8],""started_at"":192.1766488410131,""closed_at"":194.1766488410131,""candidate_paths"":[[32,26,29]],""selected_path"":[32,26,29]},{""key"":[32,29,12],""started_at"":254.83167272809266,""closed_at"":256.83167272809266,""candidate_paths"":[[32,26,29],[32,29]],""selected_path"":[32,26,29]},{""key"":[32,29,16],""started_at"":308.0517794789604,""closed_at"":310.0517794789604,""candidate_paths"":[[32,6,29],[32,16,29],[32,26,29]],""selected_path"":[32,16,29]},{""key"":[32,29,20],""started_at"":446.38743875670116,""closed_at"":448.38743875670116,""candidate_paths"":[[32,6,24,29],[32,6,29],[32,26,29],[32,33,29],[32,34,29]],""selected_path"":[32,26,29]},{""key"":[32,29,24],""started_at"":501.3719479553455,""closed_at"":503.3719479553455,""candidate_paths"":[[32,6,29],[32,29],[32,36,15,29],[32,45,27,29]],""selected_path"":[32,29]},{""key"":[32,29,32],""started_at"":592.5059715937832,""closed_at"":594.5059715937832,""candidate_paths"":[[32,6,29],[32,26,29],[32,36,24,29],[32,41,29]],""selected_path"":[32,6,29]},{""key"":[37,10,1],""started_at"":1.0,""closed_at"":3.0,""candidate_paths"":[[37,7,6,10],[37,7,10],[37,7,23,10],[37,15,10],[37,30,10],[37,33,10],[37,36,10]],""selected_path"":[37,7,10]},{""key"":[37,10,5],""started_at"":91.46083779725467,""closed_at"":93.46083779725467,""candidate_paths"":[[37,7,10],[37,30,10],[37,36,10],[37,45,10]],""selected_path"":[37,45,10]},{""key"":[37,10,9],""started_at"":203.34366798221924,""closed_at"":205.34366798221924,""candidate_paths"":[[37,8,10],[37,16,10],[37,30,10],[37,31,33,10],[37,36,10],[37,36,15,10]],""selected_path"":[37,8,10]},{""key"":[37,10,13],""started_at"":268.8617009548604,""closed_at"":270.8617009548604,""candidate_paths"":[[37,15,10],[37,15,30,10],[37,36,10]],""selected_path"":[37,15,10]},{""key"":[37,10,17],""started_at"":343.76141760633675,""closed_at"":345.76141760633675,""candidate_paths"":[[37,11,22,10],[37,15,10],[37,30,10],[37,36,10]],""selected_path"":[37,15,10]},{""key"":[37,10,21],""started_at"":452.1906873690095,""closed_at"":454.1906873690095,""candidate_paths"":[[37,2,10],[37,10],[37,30,10],[37,33,10],[37,36,10]],""selected_path"":[37,10]},{""key"":[37,10,25],""started_at"":508.45540137294205,""closed_at"":510.45540137294205,""candidate_paths"":[[37,10],[37,15,10],[37,15,30,10],[37,36,10]],""selected_path"":[37,10]},{""key"":[37,10,33],""started_at"":595.5912175914609,""closed_at"":597.5912175914609,""candidate_paths"":[[37,4,10],[37,10],[37,15,10]],""selected_path"":[37,10]}]",33,0,4,4,3.3,ee22ffb37e31b472dc98f2223a37ca58e4a7dee7654991972df7895d633396d1,7,2.75,0,connected-multihop,0.9,2,4,4,2.0,1,2,1,0.8823529411764706,0.03245192307692308,0,1.5,0.7000149933113213,0.99956605741109,0.9999981116985418,0.9999999971374072,0.9999999999999641,0.13224489795918368,0.04
ett-mesh,36,600.0,33,33,0,0.515152,0.515152,0.0,2.098997,1.984745,2.098997,2.287744,2.431616,17,17,0,913,27,886,27,65.677568,21.861583,0.036436,26.008317,101.017053,127.02537,7.472081,3.863386,1.984745,6507,38230,44737,0.14545,30731,0.686926,2397,0,832,27,17,15,2,31,0,13,0.893339,0.970427,0,0,0.0,-1,0,0,0,icc2027_generalization_stale_fading_short_ttl,50,8250.0,4.0,unicast,poisson,0,17,70,16,"[{""key"":[19,36,2],""candidate_count"":6,""sha256"":""c3fe017a8e0c4d6680414bedd5da1121ffedf678e87286b9fa22dc0febbdfe4a""},{""key"":[24,28,3],""candidate_count"":3,""sha256"":""46ad140c689b3ed985f52878dad43817472996b95281fe692b311fa9b2f47ce6""},{""key"":[32,29,4],""candidate_count"":6,""sha256"":""617f743645f81235d94b3be524d71c374b3c13a790d3d538830c73b792e81254""},{""key"":[32,29,8],""candidate_count"":1,""sha256"":""86d3198e03e34c7105fd29ccea1fb3949405b2d7b62c312460ace29e9848947a""},{""key"":[32,29,12],""candidate_count"":2,""sha256"":""c72089b98af6fb95ea12f9c5a26b26e7f97408e7fcf94b57611179ef8cee1607""},{""key"":[32,29,16],""candidate_count"":3,""sha256"":""e97217b21aeea61aed7f2a25fd15df9decc4676e4b7a4915181dd95a76c58886""},{""key"":[32,29,20],""candidate_count"":5,""sha256"":""9cee014ba686424781a61647894c453e7138781b149f9c1a4895b5418e5f21d5""},{""key"":[32,29,24],""candidate_count"":4,""sha256"":""275a9c38d136aa9d9d3b0433ded5d0093ec003cc104ca6c94aa204e7fa3052c2""},{""key"":[32,29,32],""candidate_count"":4,""sha256"":""d6d2124c6b77b5d7562910ffc1a3f9295922b8b5f2d6365aa7497d24ee20daa3""},{""key"":[37,10,1],""candidate_count"":7,""sha256"":""869498bc1aa6c155836d178a45bc23a7e5e42e1a092f2b6855aa9ebdeeb177a7""},{""key"":[37,10,5],""candidate_count"":4,""sha256"":""a02eb02afbc71ba1229ae1e657ff55544291036c538a6d04ce42a9d607f08252""},{""key"":[37,10,9],""candidate_count"":6,""sha256"":""a16ff8504be317ea7b544123bf6d7ba4d376a89bf0cf350792a95b311d75acf1""},{""key"":[37,10,13],""candidate_count"":3,""sha256"":""7d73d799a786b3a063e0770e57d1540b8ea2f301baf58a77483ff6788e38f2b2""},{""key"":[37,10,17],""candidate_count"":4,""sha256"":""5b757875356b1e1957981cd484fcba00a83b4cf18abb2da7006a236c7db5327d""},{""key"":[37,10,21],""candidate_count"":5,""sha256"":""0650e1376539b7c0139b097c6b6f438b0aaf402a87161cf48b528595de96e3a7""},{""key"":[37,10,25],""candidate_count"":4,""sha256"":""7503c4e01bd47023f8f7144c83370ecf7a9dbcc30a63b857a58008be5f1829b4""},{""key"":[37,10,33],""candidate_count"":3,""sha256"":""0c5ea656a4b9bd4afafa477e6105947a670e24976c2cbf94f3805a07871c86df""}]","[{""key"":[19,36,2],""started_at"":6.399117056531828,""closed_at"":8.399117056531828,""candidate_paths"":[[19,8,36],[19,15,36],[19,30,36],[19,35,46,36],[19,36],[19,48,33,36]],""selected_path"":[19,36]},{""key"":[24,28,3],""started_at"":48.56605769524613,""closed_at"":50.56605769524613,""candidate_paths"":[[24,9,5,28],[24,13,28],[24,28]],""selected_path"":[24,28]},{""key"":[32,29,4],""started_at"":67.66184993843757,""closed_at"":69.66184993843757,""candidate_paths"":[[32,6,29],[32,16,29],[32,26,29],[32,27,8,29],[32,29],[32,42,29]],""selected_path"":[32,29]},{""key"":[32,29,8],""started_at"":192.1766488410131,""closed_at"":194.1766488410131,""candidate_paths"":[[32,26,29]],""selected_path"":[32,26,29]},{""key"":[32,29,12],""started_at"":254.83167272809266,""closed_at"":256.83167272809266,""candidate_paths"":[[32,26,29],[32,29]],""selected_path"":[32,26,29]},{""key"":[32,29,16],""started_at"":308.0517794789604,""closed_at"":310.0517794789604,""candidate_paths"":[[32,6,29],[32,16,29],[32,26,29]],""selected_path"":[32,16,29]},{""key"":[32,29,20],""started_at"":446.38743875670116,""closed_at"":448.38743875670116,""candidate_paths"":[[32,6,24,29],[32,6,29],[32,26,29],[32,33,29],[32,34,29]],""selected_path"":[32,26,29]},{""key"":[32,29,24],""started_at"":501.3719479553455,""closed_at"":503.3719479553455,""candidate_paths"":[[32,6,29],[32,29],[32,36,15,29],[32,45,27,29]],""selected_path"":[32,29]},{""key"":[32,29,32],""started_at"":592.5059715937832,""closed_at"":594.5059715937832,""candidate_paths"":[[32,6,29],[32,26,29],[32,36,24,29],[32,41,29]],""selected_path"":[32,6,29]},{""key"":[37,10,1],""started_at"":1.0,""closed_at"":3.0,""candidate_paths"":[[37,7,6,10],[37,7,10],[37,7,23,10],[37,15,10],[37,30,10],[37,33,10],[37,36,10]],""selected_path"":[37,7,10]},{""key"":[37,10,5],""started_at"":91.46083779725467,""closed_at"":93.46083779725467,""candidate_paths"":[[37,7,10],[37,30,10],[37,36,10],[37,45,10]],""selected_path"":[37,45,10]},{""key"":[37,10,9],""started_at"":203.34366798221924,""closed_at"":205.34366798221924,""candidate_paths"":[[37,8,10],[37,16,10],[37,30,10],[37,31,33,10],[37,36,10],[37,36,15,10]],""selected_path"":[37,8,10]},{""key"":[37,10,13],""started_at"":268.8617009548604,""closed_at"":270.8617009548604,""candidate_paths"":[[37,15,10],[37,15,30,10],[37,36,10]],""selected_path"":[37,15,10]},{""key"":[37,10,17],""started_at"":343.76141760633675,""closed_at"":345.76141760633675,""candidate_paths"":[[37,11,22,10],[37,15,10],[37,30,10],[37,36,10]],""selected_path"":[37,15,10]},{""key"":[37,10,21],""started_at"":452.1906873690095,""closed_at"":454.1906873690095,""candidate_paths"":[[37,2,10],[37,10],[37,30,10],[37,33,10],[37,36,10]],""selected_path"":[37,10]},{""key"":[37,10,25],""started_at"":508.45540137294205,""closed_at"":510.45540137294205,""candidate_paths"":[[37,10],[37,15,10],[37,15,30,10],[37,36,10]],""selected_path"":[37,10]},{""key"":[37,10,33],""started_at"":595.5912175914609,""closed_at"":597.5912175914609,""candidate_paths"":[[37,4,10],[37,10],[37,15,10]],""selected_path"":[37,10]}]",33,0,4,4,3.3,ee22ffb37e31b472dc98f2223a37ca58e4a7dee7654991972df7895d633396d1,7,2.75,0,connected-multihop,0.9,2,4,4,2.0,1,2,1,0.8823529411764706,0.03245192307692308,0,1.5,0.7000149933113213,0.99956605741109,0.9999981116985418,0.9999999971374072,0.9999999999999641,0.13224489795918368,0.04
minhop-mesh,36,600.0,33,33,0,0.151515,0.151515,0.0,1.930906,1.815808,1.930906,2.287744,2.431616,5,5,0,574,12,562,8,41.291264,13.630858,0.022718,16.351341,63.411344,79.762684,15.952537,8.258253,1.815808,3906,24220,28126,0.138875,19504,0.693451,1931,0,539,15,11,8,1,32,0,7,0.73417,0.979094,0,0,0.0,-1,0,0,0,icc2027_generalization_stale_fading_short_ttl,50,8250.0,4.0,unicast,poisson,0,11,59,11,"[{""key"":[19,36,2],""candidate_count"":6,""sha256"":""e00462840c4174ee641c562e426ca1563bfe42c20f450aa16e89e4a1d8c65fc3""},{""key"":[24,28,3],""candidate_count"":8,""sha256"":""b5aa78e856da5e6f8d9c87b7239143c65c1961bab1ba1c90b8ddb4347773997d""},{""key"":[32,29,4],""candidate_count"":3,""sha256"":""1005039b9ddd0f72ccf0e7dc0259caf337e4a612ac26061441c8a66c5a32cedb""},{""key"":[32,29,8],""candidate_count"":4,""sha256"":""6867883f45957abe9e8501a3977dafcf33f0780ebc27db5408a49999885aadcc""},{""key"":[32,29,12],""candidate_count"":6,""sha256"":""a01ee75227776050136fe0001c93d4337d673f2983be89d05ee03490be15c216""},{""key"":[32,29,16],""candidate_count"":3,""sha256"":""a45471ed32c4641e18684820bab48bdeb54752931d1841f95e8ad70b4f85fd86""},{""key"":[32,29,20],""candidate_count"":6,""sha256"":""7a5be5adcb1298e4c0bedd9461104d76230746d0a6f0b662b9814dae0c3982ba""},{""key"":[32,29,24],""candidate_count"":4,""sha256"":""e88751c3706600d1c706f1052f80dccf0790b97c009ceaf8dc6ddbf9ee8b510a""},{""key"":[32,29,32],""candidate_count"":5,""sha256"":""2fc226159f376ef9f3860b206d0295037dd1190b269142c04719623dfddcd3ed""},{""key"":[37,10,1],""candidate_count"":7,""sha256"":""869498bc1aa6c155836d178a45bc23a7e5e42e1a092f2b6855aa9ebdeeb177a7""},{""key"":[37,10,5],""candidate_count"":7,""sha256"":""e6dc49013f17414aacfbfdb0a9b9c52e897a8c405665a4f87861178cf8c94ccf""}]","[{""key"":[19,36,2],""started_at"":6.399117056531828,""closed_at"":8.399117056531828,""candidate_paths"":[[19,7,36],[19,8,36],[19,15,36],[19,36],[19,37,41,36],[19,40,13,36]],""selected_path"":[19,36]},{""key"":[24,28,3],""started_at"":48.56605769524613,""closed_at"":50.56605769524613,""candidate_paths"":[[24,13,15,28],[24,13,28],[24,28],[24,33,22,28],[24,36,28],[24,46,5,28],[24,46,28],[24,46,37,28]],""selected_path"":[24,28]},{""key"":[32,29,4],""started_at"":67.66184993843757,""closed_at"":69.66184993843757,""candidate_paths"":[[32,6,29],[32,29],[32,40,8,29]],""selected_path"":[32,29]},{""key"":[32,29,8],""started_at"":192.1766488410131,""closed_at"":194.1766488410131,""candidate_paths"":[[32,1,28,29],[32,6,29],[32,26,29],[32,45,29]],""selected_path"":[32,26,29]},{""key"":[32,29,12],""started_at"":254.83167272809266,""closed_at"":256.83167272809266,""candidate_paths"":[[32,2,29],[32,3,29],[32,26,29],[32,29],[32,35,29],[32,40,13,29]],""selected_path"":[32,29]},{""key"":[32,29,16],""started_at"":308.0517794789604,""closed_at"":310.0517794789604,""candidate_paths"":[[32,6,29],[32,26,29],[32,36,29]],""selected_path"":[32,6,29]},{""key"":[32,29,20],""started_at"":446.38743875670116,""closed_at"":448.38743875670116,""candidate_paths"":[[32,6,29],[32,16,29],[32,24,29],[32,26,29],[32,33,29],[32,40,29]],""selected_path"":[32,6,29]},{""key"":[32,29,24],""started_at"":501.3719479553455,""closed_at"":503.3719479553455,""candidate_paths"":[[32,6,29],[32,17,27,29],[32,26,29],[32,29]],""selected_path"":[32,29]},{""key"":[32,29,32],""started_at"":592.5059715937832,""closed_at"":594.5059715937832,""candidate_paths"":[[32,11,29],[32,29],[32,30,24,29],[32,31,29],[32,45,29]],""selected_path"":[32,29]},{""key"":[37,10,1],""started_at"":1.0,""closed_at"":3.0,""candidate_paths"":[[37,7,6,10],[37,7,10],[37,7,23,10],[37,15,10],[37,30,10],[37,33,10],[37,36,10]],""selected_path"":[37,7,10]},{""key"":[37,10,5],""started_at"":91.46083779725467,""closed_at"":93.46083779725467,""candidate_paths"":[[37,10],[37,15,10],[37,17,16,10],[37,25,10],[37,30,10],[37,36,10],[37,45,6,10]],""selected_path"":[37,10]}]",33,0,4,4,3.3,ee22ffb37e31b472dc98f2223a37ca58e4a7dee7654991972df7895d633396d1,7,2.75,0,connected-multihop,0.9,2,4,4,2.0,1,1,0,0.7272727272727273,0.027829313543599257,0,1.0,0.7000149933113213,0.99956605741109,0.9999981116985418,0.9999999971374072,0.9999999999999641,0.13224489795918368,0.04
meshecho,36,600.0,33,33,0,0.424242,0.424242,0.0,2.221961,2.098642,2.221961,2.287744,2.431616,14,14,0,961,26,935,24,69.130496,23.964572,0.039941,27.375676,106.469636,133.845313,9.560379,4.937893,2.098642,7159,39930,47089,0.152031,32131,0.682346,2992,0,882,29,18,15,1,32,0,14,0.863515,0.972945,0,0,0.0,-1,0,0,0,icc2027_generalization_stale_fading_short_ttl,50,8250.0,4.0,unicast,poisson,0,18,83,18,"[{""key"":[19,36,2],""candidate_count"":5,""sha256"":""4f7af6b648e7c80e5ddd8f23954fa3ad615afb39ebe54d15a114ea5694777a39""},{""key"":[19,36,6],""candidate_count"":6,""sha256"":""4a3d49913240a5b8ae5f15f8ea735b2167271d7a77378dee5b4b3f2e58cc4b40""},{""key"":[19,36,10],""candidate_count"":4,""sha256"":""5130de4f39fe650eb95369f91c92124f4888e53233bfe622421ce36534ddb9b3""},{""key"":[19,36,14],""candidate_count"":4,""sha256"":""9680bf629370afc60ebab5863c348e419271a6f40b95d9a90ab21abddc58199b""},{""key"":[24,28,3],""candidate_count"":6,""sha256"":""3a275e025ab075bd7e79a9367ee618b887f05a0ae8c3c7d2f11b92230cfe9689""},{""key"":[24,28,7],""candidate_count"":5,""sha256"":""6de5235fe21fbd29148045d0b578381ef23239ff6ee3545fddb564cedb8b946d""},{""key"":[24,28,11],""candidate_count"":6,""sha256"":""9461430751ef8e1fd89f51dafe8d0b2d5a75fde0aa2722e95162f6023268bf53""},{""key"":[24,28,15],""candidate_count"":3,""sha256"":""355720368752d9e8895537ae4f1a7c1fcafc17ad3e800cfce6867a7d94bf2f84""},{""key"":[32,29,4],""candidate_count"":3,""sha256"":""1005039b9ddd0f72ccf0e7dc0259caf337e4a612ac26061441c8a66c5a32cedb""},{""key"":[32,29,8],""candidate_count"":6,""sha256"":""eadbc0fb69a56be53156f44b9093e2b58238a513dd78c5a5834bad53a4c847a0""},{""key"":[32,29,12],""candidate_count"":4,""sha256"":""45d31b6eda1e9fa0988c0090bbd3c64fe0ab70b8fa8d4f72f0a4c4ec8abb36cd""},{""key"":[32,29,16],""candidate_count"":2,""sha256"":""1b450a086b8d014fc7909844992790ccda26bb69a29a2b1e606bb4573210cced""},{""key"":[32,29,20],""candidate_count"":4,""sha256"":""c6db6c01f060ab2b5d588981f153532facd5b2c6d148b54f8cbf465581580841""},{""key"":[32,29,24],""candidate_count"":6,""sha256"":""282d8a25ffed69aa25f83ddbe475067fd3113be072b33a91dba056a0efa3cf94""},{""key"":[32,29,32],""candidate_count"":3,""sha256"":""3b5f4be552a72ff36fe43f6849b767a0d1f8b16d658deeff2b605644ca03fbc9""},{""key"":[37,10,1],""candidate_count"":7,""sha256"":""869498bc1aa6c155836d178a45bc23a7e5e42e1a092f2b6855aa9ebdeeb177a7""},{""key"":[37,10,5],""candidate_count"":3,""sha256"":""9bdb0864a7e9ef9eaee2975dc006a0ad5981ffe1ce3165b040343067f5a74cdd""},{""key"":[37,10,9],""candidate_count"":6,""sha256"":""3057054ab088910e891ec9eefed9882a8420e700b73253b4e5ec0cc2d46d6df3""}]","[{""key"":[19,36,2],""started_at"":6.399117056531828,""closed_at"":8.399117056531828,""candidate_paths"":[[19,8,36],[19,15,36],[19,30,36],[19,48,33,36],[19,49,46,36]],""selected_path"":[19,15,36]},{""key"":[19,36,6],""started_at"":152.27740050091774,""closed_at"":154.27740050091774,""candidate_paths"":[[19,4,30,36],[19,10,36],[19,15,36],[19,27,21,36],[19,28,45,36],[19,36]],""selected_path"":[19,36]},{""key"":[19,36,10],""started_at"":208.26073044113159,""closed_at"":210.26073044113159,""candidate_paths"":[[19,10,36],[19,29,26,36],[19,35,36],[19,40,28,36]],""selected_path"":[19,10,36]},{""key"":[19,36,14],""started_at"":295.75392611418584,""closed_at"":297.75392611418584,""candidate_paths"":[[19,7,36],[19,11,15,36],[19,11,36],[19,35,36]],""selected_path"":[19,35,36]},{""key"":[24,28,3],""started_at"":48.56605769524613,""closed_at"":50.56605769524613,""candidate_paths"":[[24,13,28],[24,14,37,28],[24,28],[24,36,28],[24,47,5,28],[24,47,12,28]],""selected_path"":[24,13,28]},{""key"":[24,28,7],""started_at"":173.51598538503265,""closed_at"":175.51598538503265,""candidate_paths"":[[24,1,28],[24,28],[24,43,0,28],[24,45,28],[24,49,46,28]],""selected_path"":[24,28]},{""key"":[24,28,11],""started_at"":212.67652896468283,""closed_at"":214.67652896468283,""candidate_paths"":[[24,4,28],[24,13,40,28],[24,28],[24,39,22,28],[24,46,7,28],[24,49,28]],""selected_path"":[24,28]},{""key"":[24,28,15],""started_at"":296.968599228929,""closed_at"":298.968599228929,""candidate_paths"":[[24,6,38,28],[24,6,45,28],[24,16,41,28]],""selected_path"":[24,6,45,28]},{""key"":[32,29,4],""started_at"":67.66184993843757,""closed_at"":69.66184993843757,""candidate_paths"":[[32,6,29],[32,29],[32,40,8,29]],""selected_path"":[32,29]},{""key"":[32,29,8],""started_at"":192.1766488410131,""closed_at"":194.1766488410131,""candidate_paths"":[[32,6,29],[32,12,29],[32,15,10,29],[32,15,29],[32,26,29],[32,45,29]],""selected_path"":[32,12,29]},{""key"":[32,29,12],""started_at"":254.83167272809266,""closed_at"":256.83167272809266,""candidate_paths"":[[32,16,29],[32,26,29],[32,29],[32,45,29]],""selected_path"":[32,26,29]},{""key"":[32,29,16],""started_at"":308.0517794789604,""closed_at"":310.0517794789604,""candidate_paths"":[[32,6,29],[32,16,29]],""selected_path"":[32,6,29]},{""key"":[32,29,20],""started_at"":446.38743875670116,""closed_at"":448.38743875670116,""candidate_paths"":[[32,6,29],[32,26,29],[32,29],[32,36,30,29]],""selected_path"":[32,6,29]},{""key"":[32,29,24],""started_at"":501.3719479553455,""closed_at"":503.3719479553455,""candidate_paths"":[[32,6,29],[32,8,27,29],[32,26,29],[32,28,29],[32,29],[32,43,29]],""selected_path"":[32,29]},{""key"":[32,29,32],""started_at"":592.5059715937832,""closed_at"":594.5059715937832,""candidate_paths"":[[32,6,24,29],[32,6,29],[32,26,29]],""selected_path"":[32,26,29]},{""key"":[37,10,1],""started_at"":1.0,""closed_at"":3.0,""candidate_paths"":[[37,7,6,10],[37,7,10],[37,7,23,10],[37,15,10],[37,30,10],[37,33,10],[37,36,10]],""selected_path"":[37,7,10]},{""key"":[37,10,5],""started_at"":91.46083779725467,""closed_at"":93.46083779725467,""candidate_paths"":[[37,15,10],[37,30,10],[37,36,10]],""selected_path"":[37,36,10]},{""key"":[37,10,9],""started_at"":203.34366798221924,""closed_at"":205.34366798221924,""candidate_paths"":[[37,14,6,10],[37,17,47,10],[37,25,10],[37,29,10],[37,30,10],[37,36,10]],""selected_path"":[37,30,10]}]",33,0,4,4,3.3,ee22ffb37e31b472dc98f2223a37ca58e4a7dee7654991972df7895d633396d1,7,2.75,0,connected-multihop,0.9,2,4,4,2.0,1,1,1,0.8333333333333334,0.032879818594104306,0,2.0,0.7000149933113213,0.99956605741109,0.9999981116985418,0.9999999971374072,0.9999999999999641,0.13224489795918368,0.04
meshtastic-like,37,600.0,52,52,0,0.557692,0.980769,0.0,0.348488,0.449759,0.348488,1.315206,1.315593,51,29,0,796,737,59,59,57.261056,33.435297,0.055725,22.675378,92.459187,115.134565,3.970157,1.974519,0.449759,11574,27430,39004,0.296739,23639,0.606066,7246,2397,0,0,0,0,0,0,0,0,0.0,0.074121,0,0,0.0,-1,0,0,0,icc2027_generalization_stale_fading_short_ttl,50,8250.0,4.0,unicast,poisson,0,0,0,0,[],[],52,0,4,4,5.2,e324413f320ab7b9dfdde74de73a4d41a82befa09f16bd489c3b823b6089a0c4,7,2.75,0,connected-multihop,0.9,2,4,4,2.0,1,0,0,0.0,0.0,0,0.0,0.3862813398910735,0.9968037345427366,0.9999842207245093,0.9999999852736774,0.9999999999998033,0.19673469387755102,0.054693877551020405
meshcore-like,37,600.0,52,52,0,0.019231,0.019231,0.0,2.431616,2.287744,2.431616,2.287744,2.431616,1,1,0,255,2,253,2,18.34368,7.309821,0.012183,7.264097,28.857125,36.121222,36.121222,18.34368,2.287744,1812,10683,12495,0.145018,9144,0.731813,1308,0,245,6,5,1,0,52,0,0,0.0,0.992157,0,0,0.0,-1,0,0,0,icc2027_generalization_stale_fading_short_ttl,50,8250.0,4.0,unicast,poisson,0,5,29,5,"[{""key"":[1,33,2],""candidate_count"":5,""sha256"":""540e1a0e61d78b650d801ab0735ca4e8afae53319c84fa474d8d027efd0a332a""},{""key"":[16,32,4],""candidate_count"":3,""sha256"":""34e12a54c8d5c26f4d9b3919a1c6f4a56e33b9ebbc4cbb46e1812d7bd75010cc""},{""key"":[34,25,3],""candidate_count"":5,""sha256"":""b71884c936d2135f881a920a73b47e87d06d092efcb8bdea09159bd3a8a32d68""},{""key"":[34,25,7],""candidate_count"":8,""sha256"":""052eddc9f2bd947b064a05214ed6919f38dd8b26948330e0cf19d0b0312bfaa3""},{""key"":[39,6,1],""candidate_count"":8,""sha256"":""9aaeb07fe83511fb758f9db7d1c163a60c16ce5d7c785af0f5c39d51f44c04ba""}]","[{""key"":[1,33,2],""started_at"":3.030725279735279,""closed_at"":5.030725279735279,""candidate_paths"":[[1,8,33],[1,14,33],[1,23,6,33],[1,23,18,33],[1,23,20,33]],""selected_path"":[1,8,33]},{""key"":[16,32,4],""started_at"":13.504976821110857,""closed_at"":15.504976821110857,""candidate_paths"":[[16,27,1,32],[16,27,30,32],[16,40,32]],""selected_path"":[16,40,32]},{""key"":[34,25,3],""started_at"":11.285476789729566,""closed_at"":13.285476789729566,""candidate_paths"":[[34,5,13,25],[34,8,44,25],[34,15,25],[34,18,25],[34,43,24,25]],""selected_path"":[34,15,25]},{""key"":[34,25,7],""started_at"":106.98687537461869,""closed_at"":108.98687537461869,""candidate_paths"":[[34,3,4,25],[34,3,29,25],[34,6,9,25],[34,15,25],[34,25],[34,31,48,25],[34,36,25],[34,47,0,25]],""selected_path"":[34,25]},{""key"":[39,6,1],""started_at"":1.0,""closed_at"":3.0,""candidate_paths"":[[39,6],[39,21,6],[39,34,6],[39,34,40,6],[39,36,48,6],[39,38,33,6],[39,41,6],[39,46,9,6]],""selected_path"":[39,6]}]",52,0,4,4,5.2,e324413f320ab7b9dfdde74de73a4d41a82befa09f16bd489c3b823b6089a0c4,7,2.75,0,connected-multihop,0.9,2,4,4,2.0,1,0,0,0.2,0.024489795918367346,0,0.0,0.3862813398910735,0.9968037345427366,0.9999842207245093,0.9999999852736774,0.9999999999998033,0.19673469387755102,0.054693877551020405
etx-mesh,37,600.0,52,52,0,0.0,0.019231,0.0,0.0,2.287744,0.0,2.287744,0.0,1,0,0,254,2,252,1,18.271744,6.993957,0.011657,7.235611,28.656626,35.892237,0.0,0.0,2.287744,1670,10776,12446,0.13418,9205,0.739595,1166,0,245,6,5,1,0,52,0,1,0.356738,0.992126,0,0,0.0,-1,0,0,0,icc2027_generalization_stale_fading_short_ttl,50,8250.0,4.0,unicast,poisson,0,5,33,5,"[{""key"":[1,33,2],""candidate_count"":5,""sha256"":""540e1a0e61d78b650d801ab0735ca4e8afae53319c84fa474d8d027efd0a332a""},{""key"":[16,32,4],""candidate_count"":7,""sha256"":""37fc1e813518cda68062163bb841b152acc3f9b7e82ec6d271e4996855b937b6""},{""key"":[34,25,3],""candidate_count"":5,""sha256"":""b71884c936d2135f881a920a73b47e87d06d092efcb8bdea09159bd3a8a32d68""},{""key"":[34,25,7],""candidate_count"":8,""sha256"":""d2735546ad67b22c021e30d3247a6fbc36ca302b9bdd827b04da9063b1975d60""},{""key"":[39,6,1],""candidate_count"":8,""sha256"":""9aaeb07fe83511fb758f9db7d1c163a60c16ce5d7c785af0f5c39d51f44c04ba""}]","[{""key"":[1,33,2],""started_at"":3.030725279735279,""closed_at"":5.030725279735279,""candidate_paths"":[[1,8,33],[1,14,33],[1,23,6,33],[1,23,18,33],[1,23,20,33]],""selected_path"":[1,14,33]},{""key"":[16,32,4],""started_at"":13.504976821110857,""closed_at"":15.504976821110857,""candidate_paths"":[[16,27,11,32],[16,27,30,32],[16,27,32],[16,27,34,32],[16,40,10,32],[16,40,32],[16,41,32]],""selected_path"":[16,41,32]},{""key"":[34,25,3],""started_at"":11.285476789729566,""closed_at"":13.285476789729566,""candidate_paths"":[[34,5,13,25],[34,8,44,25],[34,15,25],[34,18,25],[34,43,24,25]],""selected_path"":[34,18,25]},{""key"":[34,25,7],""started_at"":106.98687537461869,""closed_at"":108.98687537461869,""candidate_paths"":[[34,3,29,25],[34,15,25],[34,17,16,25],[34,17,25],[34,18,25],[34,25],[34,36,25],[34,39,25]],""selected_path"":[34,25]},{""key"":[39,6,1],""started_at"":1.0,""closed_at"":3.0,""candidate_paths"":[[39,6],[39,21,6],[39,34,6],[39,34,40,6],[39,36,48,6],[39,38,33,6],[39,41,6],[39,46,9,6]],""selected_path"":[39,6]}]",52,0,4,4,5.2,e324413f320ab7b9dfdde74de73a4d41a82befa09f16bd489c3b823b6089a0c4,7,2.75,0,connected-multihop,0.9,2,4,4,2.0,1,0,0,0.2,0.024489795918367346,0,0.0,0.3862813398910735,0.9968037345427366,0.9999842207245093,0.9999999852736774,0.9999999999998033,0.19673469387755102,0.054693877551020405
ett-mesh,37,600.0,52,52,0,0.0,0.019231,0.0,0.0,2.287744,0.0,2.287744,0.0,1,0,0,254,2,252,1,18.271744,6.993957,0.011657,7.235611,28.656626,35.892237,0.0,0.0,2.287744,1670,10776,12446,0.13418,9205,0.739595,1166,0,245,6,5,1,0,52,0,1,0.884006,0.992126,0,0,0.0,-1,0,0,0,icc2027_generalization_stale_fading_short_ttl,50,8250.0,4.0,unicast,poisson,0,5,33,5,"[{""key"":[1,33,2],""candidate_count"":5,""sha256"":""540e1a0e61d78b650d801ab0735ca4e8afae53319c84fa474d8d027efd0a332a""},{""key"":[16,32,4],""candidate_count"":7,""sha256"":""37fc1e813518cda68062163bb841b152acc3f9b7e82ec6d271e4996855b937b6""},{""key"":[34,25,3],""candidate_count"":5,""sha256"":""b71884c936d2135f881a920a73b47e87d06d092efcb8bdea09159bd3a8a32d68""},{""key"":[34,25,7],""candidate_count"":8,""sha256"":""d2735546ad67b22c021e30d3247a6fbc36ca302b9bdd827b04da9063b1975d60""},{""key"":[39,6,1],""candidate_count"":8,""sha256"":""9aaeb07fe83511fb758f9db7d1c163a60c16ce5d7c785af0f5c39d51f44c04ba""}]","[{""key"":[1,33,2],""started_at"":3.030725279735279,""closed_at"":5.030725279735279,""candidate_paths"":[[1,8,33],[1,14,33],[1,23,6,33],[1,23,18,33],[1,23,20,33]],""selected_path"":[1,14,33]},{""key"":[16,32,4],""started_at"":13.504976821110857,""closed_at"":15.504976821110857,""candidate_paths"":[[16,27,11,32],[16,27,30,32],[16,27,32],[16,27,34,32],[16,40,10,32],[16,40,32],[16,41,32]],""selected_path"":[16,41,32]},{""key"":[34,25,3],""started_at"":11.285476789729566,""closed_at"":13.285476789729566,""candidate_paths"":[[34,5,13,25],[34,8,44,25],[34,15,25],[34,18,25],[34,43,24,25]],""selected_path"":[34,18,25]},{""key"":[34,25,7],""started_at"":106.98687537461869,""closed_at"":108.98687537461869,""candidate_paths"":[[34,3,29,25],[34,15,25],[34,17,16,25],[34,17,25],[34,18,25],[34,25],[34,36,25],[34,39,25]],""selected_path"":[34,25]},{""key"":[39,6,1],""started_at"":1.0,""closed_at"":3.0,""candidate_paths"":[[39,6],[39,21,6],[39,34,6],[39,34,40,6],[39,36,48,6],[39,38,33,6],[39,41,6],[39,46,9,6]],""selected_path"":[39,6]}]",52,0,4,4,5.2,e324413f320ab7b9dfdde74de73a4d41a82befa09f16bd489c3b823b6089a0c4,7,2.75,0,connected-multihop,0.9,2,4,4,2.0,1,0,0,0.2,0.024489795918367346,0,0.0,0.3862813398910735,0.9968037345427366,0.9999842207245093,0.9999999852736774,0.9999999999998033,0.19673469387755102,0.054693877551020405
minhop-mesh,37,600.0,52,52,0,0.057692,0.076923,0.0,2.431616,2.251776,2.431616,2.287744,2.431616,4,3,0,469,9,460,7,33.737984,12.779309,0.021299,13.360242,52.748242,66.108484,22.036161,11.245995,2.251776,3380,19601,22981,0.147078,16429,0.714895,2042,0,441,12,9,5,1,51,0,5,0.718719,0.98081,0,0,0.0,-1,0,0,0,icc2027_generalization_stale_fading_short_ttl,50,8250.0,4.0,unicast,poisson,0,9,49,9,"[{""key"":[1,33,2],""candidate_count"":9,""sha256"":""80f00a09d0f7aa1370bc845da48ec929b461a3b211ac352a9c9605ef8b066f42""},{""key"":[1,33,6],""candidate_count"":6,""sha256"":""2ecc67d6b580932f30319aec907505f14ede5dd887e50f48ef22f5966bee4c89""},{""key"":[1,33,10],""candidate_count"":5,""sha256"":""f47fd3a8d3b596296c220b16c1663b23a8885cc04e166b283cf89e0e91c989a9""},{""key"":[1,33,14],""candidate_count"":4,""sha256"":""1b69932baf06f4832944297c43d90b8823727b0e4b66f4bcc6040319160ddfef""},{""key"":[1,33,22],""candidate_count"":5,""sha256"":""c199880e6493dc7a7a4037ccc2b2804f19dec3f7ae78c0367584a83bf6b19925""},{""key"":[16,32,4],""candidate_count"":3,""sha256"":""93ea8f7a06074d252cb900f95eb39e18875e9c26d247a655e260d4e466d951a3""},{""key"":[34,25,3],""candidate_count"":5,""sha256"":""bd3e5241ca3d73e1b16afdc8314aca35953c4e6ddbee1943eb4ca9d4b7b36636""},{""key"":[34,25,7],""candidate_count"":8,""sha256"":""671295629f65f89dd7e7f12cd7a1197973222cc7ca15e39e6b3ef83adc5090c3""},{""key"":[39,6,1],""candidate_count"":4,""sha256"":""6b09365285f94c97baa79bc0b43885294fad8e60bbfc85541dbe9a34c0efbe1c""}]","[{""key"":[1,33,2],""started_at"":3.030725279735279,""closed_at"":5.030725279735279,""candidate_paths"":[[1,8,33],[1,24,33],[1,29,33],[1,48,6,33],[1,48,10,33],[1,48,20,33],[1,48,33],[1,48,38,33],[1,48,45,33]],""selected_path"":[1,48,33]},{""key"":[1,33,6],""started_at"":87.8656679711832,""closed_at"":89.8656679711832,""candidate_paths"":[[1,20,33],[1,31,11,33],[1,35,33],[1,40,33],[1,41,21,33],[1,41,33]],""selected_path"":[1,20,33]},{""key"":[1,33,10],""started_at"":146.80239898033048,""closed_at"":148.80239898033048,""candidate_paths"":[[1,10,33],[1,20,33],[1,33],[1,34,12,33],[1,38,33]],""selected_path"":[1,33]},{""key"":[1,33,14],""started_at"":180.5803193169521,""closed_at"":182.5803193169521,""candidate_paths"":[[1,20,33],[1,33],[1,38,10,33],[1,38,33]],""selected_path"":[1,33]},{""key"":[1,33,22],""started_at"":247.0008022538892,""closed_at"":249.0008022538892,""candidate_paths"":[[1,10,33],[1,16,33],[1,24,26,33],[1,33],[1,34,19,33]],""selected_path"":[1,33]},{""key"":[16,32,4],""started_at"":13.504976821110857,""closed_at"":15.504976821110857,""candidate_paths"":[[16,27,30,32],[16,28,32],[16,40,32]],""selected_path"":[16,40,32]},{""key"":[34,25,3],""started_at"":11.285476789729566,""closed_at"":13.285476789729566,""candidate_paths"":[[34,7,42,25],[34,15,25],[34,29,13,25],[34,46,25],[34,47,9,25]],""selected_path"":[34,15,25]},{""key"":[34,25,7],""started_at"":106.98687537461869,""closed_at"":108.98687537461869,""candidate_paths"":[[34,7,4,25],[34,17,25],[34,25],[34,29,25],[34,36,25],[34,39,25],[34,47,15,25],[34,47,25]],""selected_path"":[34,25]},{""key"":[39,6,1],""started_at"":1.0,""closed_at"":3.0,""candidate_paths"":[[39,6],[39,23,43,6],[39,34,6],[39,38,33,6]],""selected_path"":[39,6]}]",52,0,4,4,5.2,e324413f320ab7b9dfdde74de73a4d41a82befa09f16bd489c3b823b6089a0c4,7,2.75,0,connected-multihop,0.9,2,4,4,2.0,1,0,0,0.5555555555555556,0.027210884353741496,0,0.0,0.3862813398910735,0.9968037345427366,0.9999842207245093,0.9999999852736774,0.9999999999998033,0.19673469387755102,0.054693877551020405
meshecho,37,600.0,52,52,0,0.076923,0.076923,0.0,2.377664,2.251776,2.377664,2.287744,2.431616,4,4,0,471,8,463,7,33.881856,12.265743,0.020443,13.417215,52.748242,66.165457,16.541364,8.470464,2.251776,3408,19671,23079,0.147667,16342,0.70809,1823,0,441,15,9,5,0,52,0,5,0.837996,0.983015,0,0,0.0,-1,0,0,0,icc2027_generalization_stale_fading_short_ttl,50,8250.0,4.0,unicast,poisson,0,9,49,9,"[{""key"":[1,33,2],""candidate_count"":7,""sha256"":""9ecf17c0623d05fb3739ea6265dc4e86cc33f593284efc2facf516967919f145""},{""key"":[16,32,4],""candidate_count"":4,""sha256"":""eefcf31488f0b0010ccb4e81382b24babe7a28faf70323cb5815d44a47ccce88""},{""key"":[16,32,8],""candidate_count"":8,""sha256"":""becc26849b76fff81ea214f88b2a845bab406164283b26bd84e8c34472b615d1""},{""key"":[16,32,12],""candidate_count"":5,""sha256"":""d4957eedb1df40bb322db9766c44328bd6fa67a29fc05d850e86e47552a0084d""},{""key"":[16,32,16],""candidate_count"":6,""sha256"":""efcdf4b6f7a38267d235cdb108a0ad0b640229e9910ded865ad6652914acd837""},{""key"":[34,25,3],""candidate_count"":4,""sha256"":""029e9e740db804a9e7058d8c05e53165768516056a8ef2894747af7e6622b569""},{""key"":[34,25,7],""candidate_count"":8,""sha256"":""ca0925478adce7229a37d5d48db1e6c306b637e089f570e3f8cd929cfc20d484""},{""key"":[34,25,11],""candidate_count"":3,""sha256"":""7a35bc34146c3a8261e9725bd1f3ef63e4309cab75c9f12d9531b8f9efa90436""},{""key"":[39,6,1],""candidate_count"":4,""sha256"":""4e7111cc5483c50ef33f94b3809d7025fffc1e1812fe868be590a16dd8063fbd""}]","[{""key"":[1,33,2],""started_at"":3.030725279735279,""closed_at"":5.030725279735279,""candidate_paths"":[[1,14,33],[1,17,6,33],[1,17,20,33],[1,17,47,33],[1,24,26,33],[1,24,45,33],[1,44,33]],""selected_path"":[1,14,33]},{""key"":[16,32,4],""started_at"":13.504976821110857,""closed_at"":15.504976821110857,""candidate_paths"":[[16,10,32],[16,11,31,32],[16,27,32],[16,32]],""selected_path"":[16,32]},{""key"":[16,32,8],""started_at"":111.59967939245898,""closed_at"":113.59967939245898,""candidate_paths"":[[16,1,32],[16,7,41,32],[16,18,31,32],[16,19,32],[16,27,49,32],[16,30,32],[16,34,32],[16,40,32]],""selected_path"":[16,40,32]},{""key"":[16,32,12],""started_at"":157.5462750921665,""closed_at"":159.5462750921665,""candidate_paths"":[[16,30,32],[16,32],[16,38,34,32],[16,40,32],[16,41,45,32]],""selected_path"":[16,30,32]},{""key"":[16,32,16],""started_at"":191.99059968325687,""closed_at"":193.99059968325687,""candidate_paths"":[[16,10,31,32],[16,10,34,32],[16,30,32],[16,32],[16,35,32],[16,47,11,32]],""selected_path"":[16,32]},{""key"":[34,25,3],""started_at"":11.285476789729566,""closed_at"":13.285476789729566,""candidate_paths"":[[34,4,24,25],[34,15,25],[34,36,42,25],[34,43,13,25]],""selected_path"":[34,15,25]},{""key"":[34,25,7],""started_at"":106.98687537461869,""closed_at"":108.98687537461869,""candidate_paths"":[[34,13,29,25],[34,15,25],[34,17,25],[34,25],[34,30,48,25],[34,36,25],[34,39,25],[34,49,1,25]],""selected_path"":[34,36,25]},{""key"":[34,25,11],""started_at"":151.79207187555144,""closed_at"":153.79207187555144,""candidate_paths"":[[34,25],[34,36,15,25],[34,43,0,25]],""selected_path"":[34,25]},{""key"":[39,6,1],""started_at"":1.0,""closed_at"":3.0,""candidate_paths"":[[39,6],[39,23,43,6],[39,25,49,6],[39,34,6]],""selected_path"":[39,34,6]}]",52,0,4,4,5.2,e324413f320ab7b9dfdde74de73a4d41a82befa09f16bd489c3b823b6089a0c4,7,2.75,0,connected-multihop,0.9,2,4,4,2.0,1,0,0,0.5555555555555556,0.034013605442176874,0,0.0,0.3862813398910735,0.9968037345427366,0.9999842207245093,0.9999999852736774,0.9999999999998033,0.19673469387755102,0.054693877551020405
meshtastic-like,38,600.0,36,36,0,0.666667,1.0,0.0,0.472515,0.568142,0.472515,1.165312,1.300869,36,24,0,477,428,49,49,34.313472,21.568545,0.035948,13.588135,55.758166,69.346301,2.889429,1.429728,0.568142,7781,15592,23373,0.332905,13723,0.58713,4639,1599,0,0,0,0,0,0,0,0,0.0,0.102725,0,0,0.0,-1,0,0,0,icc2027_generalization_stale_fading_short_ttl,50,8250.0,4.0,unicast,poisson,0,0,0,0,[],[],36,0,4,4,3.6,3aab77c111641b991044760530f48959394e8f518c12da87bd97531f0c818952,7,2.75,0,connected-multihop,0.9,2,4,4,2.0,1,0,0,0.0,0.0,0,0.0,0.6616260607337525,0.9992050438804394,0.9999972718559133,0.9999999961881794,0.9999999999999661,0.1404081632653061,0.035918367346938776
meshcore-like,38,600.0,36,36,0,0.194444,0.194444,0.0,2.308297,2.205531,2.308297,2.287744,2.431616,7,7,0,574,10,564,10,41.291264,14.764725,0.024608,16.351341,64.120424,80.471765,11.495966,5.898752,2.205531,4174,23952,28126,0.148404,19758,0.702482,2357,0,539,15,11,7,0,36,0,0,0.0,0.982578,0,0,0.0,-1,0,0,0,icc2027_generalization_stale_fading_short_ttl,50,8250.0,4.0,unicast,poisson,0,11,60,11,"[{""key"":[16,6,2],""candidate_count"":7,""sha256"":""ee877d6217d023578ce730e5020f39270769dff7ecc50d6a4b27d8c9c2f175af""},{""key"":[16,6,6],""candidate_count"":4,""sha256"":""67460d323898f6a979a9a933e699245778d1d7574f7ec46c2af100f7e526e4f5""},{""key"":[16,6,10],""candidate_count"":8,""sha256"":""c957184ac3bc8e2a9225bffc9fc330165734f1ca2e6dc27c7e40e35402a53d4e""},{""key"":[16,6,14],""candidate_count"":6,""sha256"":""331227dd8e8abac2c65f7a926fd46432d397fc38f651504a0f3e285bc7c95601""},{""key"":[29,42,1],""candidate_count"":9,""sha256"":""d8b9033776ce5c1031181d48784a34696163859d5306680a2a979db3342daa01""},{""key"":[29,42,5],""candidate_count"":4,""sha256"":""db7ecb268796e81323a221de41a9c68787a7711f08b7fb833ab0dca1528d1102""},{""key"":[30,9,4],""candidate_count"":4,""sha256"":""0cde7ea44ac5002af529c390119eeb35b2c3ca07fe5000892112eab47d5c75de""},{""key"":[30,9,8],""candidate_count"":6,""sha256"":""f9182277a8f8485894aa1ec3aca7864830df1e09616a1d19d73b0835e24a74e4""},{""key"":[42,25,3],""candidate_count"":4,""sha256"":""dfd835a9e8bb2c76f3c487d5a53673aff9da6399a78c7d7d2caf75c4dd11976e""},{""key"":[42,25,7],""candidate_count"":6,""sha256"":""695f5f5204aa4070fe000173181bb8897eeb16448e452c396a4f96608f134285""},{""key"":[42,25,11],""candidate_count"":2,""sha256"":""e5c6fb09387f2bf269aed05c8cea2b707e873fb6923d305867e421a7011b2287""}]","[{""key"":[16,6,2],""started_at"":5.917939928330964,""closed_at"":7.917939928330964,""candidate_paths"":[[16,5,21,6],[16,6],[16,13,6],[16,13,8,6],[16,28,27,6],[16,37,6],[16,45,41,6]],""selected_path"":[16,6]},{""key"":[16,6,6],""started_at"":102.79761216982563,""closed_at"":104.79761216982563,""candidate_paths"":[[16,21,6],[16,21,8,6],[16,37,6],[16,37,41,6]],""selected_path"":[16,21,6]},{""key"":[16,6,10],""started_at"":160.19526868562474,""closed_at"":162.19526868562474,""candidate_paths"":[[16,15,8,6],[16,15,21,6],[16,33,6],[16,37,6],[16,41,6],[16,44,1,6],[16,44,13,6],[16,44,31,6]],""selected_path"":[16,33,6]},{""key"":[16,6,14],""started_at"":202.24922890954122,""closed_at"":204.24922890954122,""candidate_paths"":[[16,6],[16,8,6],[16,11,35,6],[16,21,6],[16,28,6],[16,30,15,6]],""selected_path"":[16,6]},{""key"":[29,42,1],""started_at"":1.0,""closed_at"":3.0,""candidate_paths"":[[29,4,44,42],[29,18,42],[29,22,36,42],[29,22,42],[29,22,49,42],[29,33,1,42],[29,42],[29,43,47,42],[29,48,42]],""selected_path"":[29,42]},{""key"":[29,42,5],""started_at"":62.4697725496888,""closed_at"":64.4697725496888,""candidate_paths"":[[29,0,48,42],[29,16,42],[29,23,9,42],[29,31,44,42]],""selected_path"":[29,16,42]},{""key"":[30,9,4],""started_at"":59.029109488423316,""closed_at"":61.029109488423316,""candidate_paths"":[[30,7,3,9],[30,9],[30,14,9],[30,24,19,9]],""selected_path"":[30,9]},{""key"":[30,9,8],""started_at"":121.56789722337027,""closed_at"":123.56789722337027,""candidate_paths"":[[30,1,9],[30,3,9],[30,9],[30,14,9],[30,23,39,9],[30,32,47,9]],""selected_path"":[30,9]},{""key"":[42,25,3],""started_at"":45.78619743531913,""closed_at"":47.78619743531913,""candidate_paths"":[[42,10,25],[42,29,26,25],[42,39,25],[42,44,32,25]],""selected_path"":[42,10,25]},{""key"":[42,25,7],""started_at"":114.17942257832227,""closed_at"":116.17942257832227,""candidate_paths"":[[42,10,25],[42,23,25],[42,25],[42,37,8,25],[42,39,25],[42,45,31,25]],""selected_path"":[42,25]},{""key"":[42,25,11],""started_at"":176.39010526670126,""closed_at"":178.39010526670126,""candidate_paths"":[[42,27,21,25],[42,39,25]],""selected_path"":[42,39,25]}]",36,0,4,4,3.6,3aab77c111641b991044760530f48959394e8f518c12da87bd97531f0c818952,7,2.75,0,connected-multihop,0.9,2,4,4,2.0,1,0,0,0.6363636363636364,0.027829313543599257,0,0.0,0.6616260607337525,0.9992050438804394,0.9999972718559133,0.9999999961881794,0.9999999999999661,0.1404081632653061,0.035918367346938776
etx-mesh,38,600.0,36,36,0,0.194444,0.194444,0.0,2.308297,2.205531,2.308297,2.287744,2.431616,7,7,0,574,10,564,10,41.291264,14.764725,0.024608,16.351341,64.120424,80.471765,11.495966,5.898752,2.205531,4174,23952,28126,0.148404,19758,0.702482,2357,0,539,15,11,7,0,36,0,7,0.419874,0.982578,0,0,0.0,-1,0,0,0,icc2027_generalization_stale_fading_short_ttl,50,8250.0,4.0,unicast,poisson,0,11,60,11,"[{""key"":[16,6,2],""candidate_count"":7,""sha256"":""ee877d6217d023578ce730e5020f39270769dff7ecc50d6a4b27d8c9c2f175af""},{""key"":[16,6,6],""candidate_count"":4,""sha256"":""67460d323898f6a979a9a933e699245778d1d7574f7ec46c2af100f7e526e4f5""},{""key"":[16,6,10],""candidate_count"":8,""sha256"":""c957184ac3bc8e2a9225bffc9fc330165734f1ca2e6dc27c7e40e35402a53d4e""},{""key"":[16,6,14],""candidate_count"":6,""sha256"":""331227dd8e8abac2c65f7a926fd46432d397fc38f651504a0f3e285bc7c95601""},{""key"":[29,42,1],""candidate_count"":9,""sha256"":""d8b9033776ce5c1031181d48784a34696163859d5306680a2a979db3342daa01""},{""key"":[29,42,5],""candidate_count"":4,""sha256"":""db7ecb268796e81323a221de41a9c68787a7711f08b7fb833ab0dca1528d1102""},{""key"":[30,9,4],""candidate_count"":4,""sha256"":""0cde7ea44ac5002af529c390119eeb35b2c3ca07fe5000892112eab47d5c75de""},{""key"":[30,9,8],""candidate_count"":6,""sha256"":""f9182277a8f8485894aa1ec3aca7864830df1e09616a1d19d73b0835e24a74e4""},{""key"":[42,25,3],""candidate_count"":4,""sha256"":""dfd835a9e8bb2c76f3c487d5a53673aff9da6399a78c7d7d2caf75c4dd11976e""},{""key"":[42,25,7],""candidate_count"":6,""sha256"":""695f5f5204aa4070fe000173181bb8897eeb16448e452c396a4f96608f134285""},{""key"":[42,25,11],""candidate_count"":2,""sha256"":""e5c6fb09387f2bf269aed05c8cea2b707e873fb6923d305867e421a7011b2287""}]","[{""key"":[16,6,2],""started_at"":5.917939928330964,""closed_at"":7.917939928330964,""candidate_paths"":[[16,5,21,6],[16,6],[16,13,6],[16,13,8,6],[16,28,27,6],[16,37,6],[16,45,41,6]],""selected_path"":[16,6]},{""key"":[16,6,6],""started_at"":102.79761216982563,""closed_at"":104.79761216982563,""candidate_paths"":[[16,21,6],[16,21,8,6],[16,37,6],[16,37,41,6]],""selected_path"":[16,21,6]},{""key"":[16,6,10],""started_at"":160.19526868562474,""closed_at"":162.19526868562474,""candidate_paths"":[[16,15,8,6],[16,15,21,6],[16,33,6],[16,37,6],[16,41,6],[16,44,1,6],[16,44,13,6],[16,44,31,6]],""selected_path"":[16,33,6]},{""key"":[16,6,14],""started_at"":202.24922890954122,""closed_at"":204.24922890954122,""candidate_paths"":[[16,6],[16,8,6],[16,11,35,6],[16,21,6],[16,28,6],[16,30,15,6]],""selected_path"":[16,6]},{""key"":[29,42,1],""started_at"":1.0,""closed_at"":3.0,""candidate_paths"":[[29,4,44,42],[29,18,42],[29,22,36,42],[29,22,42],[29,22,49,42],[29,33,1,42],[29,42],[29,43,47,42],[29,48,42]],""selected_path"":[29,42]},{""key"":[29,42,5],""started_at"":62.4697725496888,""closed_at"":64.4697725496888,""candidate_paths"":[[29,0,48,42],[29,16,42],[29,23,9,42],[29,31,44,42]],""selected_path"":[29,16,42]},{""key"":[30,9,4],""started_at"":59.029109488423316,""closed_at"":61.029109488423316,""candidate_paths"":[[30,7,3,9],[30,9],[30,14,9],[30,24,19,9]],""selected_path"":[30,9]},{""key"":[30,9,8],""started_at"":121.56789722337027,""closed_at"":123.56789722337027,""candidate_paths"":[[30,1,9],[30,3,9],[30,9],[30,14,9],[30,23,39,9],[30,32,47,9]],""selected_path"":[30,9]},{""key"":[42,25,3],""started_at"":45.78619743531913,""closed_at"":47.78619743531913,""candidate_paths"":[[42,10,25],[42,29,26,25],[42,39,25],[42,44,32,25]],""selected_path"":[42,10,25]},{""key"":[42,25,7],""started_at"":114.17942257832227,""closed_at"":116.17942257832227,""candidate_paths"":[[42,10,25],[42,23,25],[42,25],[42,37,8,25],[42,39,25],[42,45,31,25]],""selected_path"":[42,25]},{""key"":[42,25,11],""started_at"":176.39010526670126,""closed_at"":178.39010526670126,""candidate_paths"":[[42,27,21,25],[42,39,25]],""selected_path"":[42,39,25]}]",36,0,4,4,3.6,3aab77c111641b991044760530f48959394e8f518c12da87bd97531f0c818952,7,2.75,0,connected-multihop,0.9,2,4,4,2.0,1,0,0,0.6363636363636364,0.027829313543599257,0,0.0,0.6616260607337525,0.9992050438804394,0.9999972718559133,0.9999999961881794,0.9999999999999661,0.1404081632653061,0.035918367346938776
ett-mesh,38,600.0,36,36,0,0.194444,0.194444,0.0,2.308297,2.205531,2.308297,2.287744,2.431616,7,7,0,574,10,564,10,41.291264,14.764725,0.024608,16.351341,64.120424,80.471765,11.495966,5.898752,2.205531,4174,23952,28126,0.148404,19758,0.702482,2357,0,539,15,11,7,0,36,0,7,0.905156,0.982578,0,0,0.0,-1,0,0,0,icc2027_generalization_stale_fading_short_ttl,50,8250.0,4.0,unicast,poisson,0,11,60,11,"[{""key"":[16,6,2],""candidate_count"":7,""sha256"":""ee877d6217d023578ce730e5020f39270769dff7ecc50d6a4b27d8c9c2f175af""},{""key"":[16,6,6],""candidate_count"":4,""sha256"":""67460d323898f6a979a9a933e699245778d1d7574f7ec46c2af100f7e526e4f5""},{""key"":[16,6,10],""candidate_count"":8,""sha256"":""c957184ac3bc8e2a9225bffc9fc330165734f1ca2e6dc27c7e40e35402a53d4e""},{""key"":[16,6,14],""candidate_count"":6,""sha256"":""331227dd8e8abac2c65f7a926fd46432d397fc38f651504a0f3e285bc7c95601""},{""key"":[29,42,1],""candidate_count"":9,""sha256"":""d8b9033776ce5c1031181d48784a34696163859d5306680a2a979db3342daa01""},{""key"":[29,42,5],""candidate_count"":4,""sha256"":""db7ecb268796e81323a221de41a9c68787a7711f08b7fb833ab0dca1528d1102""},{""key"":[30,9,4],""candidate_count"":4,""sha256"":""0cde7ea44ac5002af529c390119eeb35b2c3ca07fe5000892112eab47d5c75de""},{""key"":[30,9,8],""candidate_count"":6,""sha256"":""f9182277a8f8485894aa1ec3aca7864830df1e09616a1d19d73b0835e24a74e4""},{""key"":[42,25,3],""candidate_count"":4,""sha256"":""dfd835a9e8bb2c76f3c487d5a53673aff9da6399a78c7d7d2caf75c4dd11976e""},{""key"":[42,25,7],""candidate_count"":6,""sha256"":""695f5f5204aa4070fe000173181bb8897eeb16448e452c396a4f96608f134285""},{""key"":[42,25,11],""candidate_count"":2,""sha256"":""e5c6fb09387f2bf269aed05c8cea2b707e873fb6923d305867e421a7011b2287""}]","[{""key"":[16,6,2],""started_at"":5.917939928330964,""closed_at"":7.917939928330964,""candidate_paths"":[[16,5,21,6],[16,6],[16,13,6],[16,13,8,6],[16,28,27,6],[16,37,6],[16,45,41,6]],""selected_path"":[16,6]},{""key"":[16,6,6],""started_at"":102.79761216982563,""closed_at"":104.79761216982563,""candidate_paths"":[[16,21,6],[16,21,8,6],[16,37,6],[16,37,41,6]],""selected_path"":[16,21,6]},{""key"":[16,6,10],""started_at"":160.19526868562474,""closed_at"":162.19526868562474,""candidate_paths"":[[16,15,8,6],[16,15,21,6],[16,33,6],[16,37,6],[16,41,6],[16,44,1,6],[16,44,13,6],[16,44,31,6]],""selected_path"":[16,33,6]},{""key"":[16,6,14],""started_at"":202.24922890954122,""closed_at"":204.24922890954122,""candidate_paths"":[[16,6],[16,8,6],[16,11,35,6],[16,21,6],[16,28,6],[16,30,15,6]],""selected_path"":[16,6]},{""key"":[29,42,1],""started_at"":1.0,""closed_at"":3.0,""candidate_paths"":[[29,4,44,42],[29,18,42],[29,22,36,42],[29,22,42],[29,22,49,42],[29,33,1,42],[29,42],[29,43,47,42],[29,48,42]],""selected_path"":[29,42]},{""key"":[29,42,5],""started_at"":62.4697725496888,""closed_at"":64.4697725496888,""candidate_paths"":[[29,0,48,42],[29,16,42],[29,23,9,42],[29,31,44,42]],""selected_path"":[29,16,42]},{""key"":[30,9,4],""started_at"":59.029109488423316,""closed_at"":61.029109488423316,""candidate_paths"":[[30,7,3,9],[30,9],[30,14,9],[30,24,19,9]],""selected_path"":[30,9]},{""key"":[30,9,8],""started_at"":121.56789722337027,""closed_at"":123.56789722337027,""candidate_paths"":[[30,1,9],[30,3,9],[30,9],[30,14,9],[30,23,39,9],[30,32,47,9]],""selected_path"":[30,9]},{""key"":[42,25,3],""started_at"":45.78619743531913,""closed_at"":47.78619743531913,""candidate_paths"":[[42,10,25],[42,29,26,25],[42,39,25],[42,44,32,25]],""selected_path"":[42,10,25]},{""key"":[42,25,7],""started_at"":114.17942257832227,""closed_at"":116.17942257832227,""candidate_paths"":[[42,10,25],[42,23,25],[42,25],[42,37,8,25],[42,39,25],[42,45,31,25]],""selected_path"":[42,25]},{""key"":[42,25,11],""started_at"":176.39010526670126,""closed_at"":178.39010526670126,""candidate_paths"":[[42,27,21,25],[42,39,25]],""selected_path"":[42,39,25]}]",36,0,4,4,3.6,3aab77c111641b991044760530f48959394e8f518c12da87bd97531f0c818952,7,2.75,0,connected-multihop,0.9,2,4,4,2.0,1,0,0,0.6363636363636364,0.027829313543599257,0,0.0,0.6616260607337525,0.9992050438804394,0.9999972718559133,0.9999999961881794,0.9999999999999661,0.1404081632653061,0.035918367346938776
minhop-mesh,38,600.0,36,36,0,0.25,0.25,0.0,1.891257,1.771364,1.891257,2.287744,2.431616,9,9,0,895,21,874,15,64.38272,23.34346,0.038906,25.495557,100.153931,125.649488,13.961054,7.153636,1.771364,6492,37363,43855,0.148033,31064,0.708334,3481,0,833,26,17,13,2,34,0,13,0.841574,0.976536,0,0,0.0,-1,0,0,0,icc2027_generalization_stale_fading_short_ttl,50,8250.0,4.0,unicast,poisson,0,17,95,17,"[{""key"":[16,6,2],""candidate_count"":9,""sha256"":""161c66fd9ad7ec360fab8cd68379e9bbff791e69e77e18b0929456e041ed1bb4""},{""key"":[16,6,6],""candidate_count"":5,""sha256"":""1ee1846a325a3e3a432d13eb05b00200fd33297012a868f78211bcee4dc83277""},{""key"":[16,6,10],""candidate_count"":4,""sha256"":""1483db727b4ebacf47952c4a22242cf9e0fe7bd5faf0d422c3959ada82ceb3e2""},{""key"":[16,6,14],""candidate_count"":5,""sha256"":""670b3ba2dcad7b084880d8fd3c17c53622dbe030966789b8c09b75eb170720cf""},{""key"":[16,6,22],""candidate_count"":3,""sha256"":""e82e261d04c4afa1a4c7dbd38490d72e908f5c374d2ead33327d58b998e47a1e""},{""key"":[16,6,26],""candidate_count"":5,""sha256"":""505199443d53cc8b866969569321e2880deed931e23ac6877a0a136c65170c5f""},{""key"":[16,6,30],""candidate_count"":6,""sha256"":""78871714cd430ecdf23361d5c2997165139e9c30a68a6d8517f8c8dea84a1f63""},{""key"":[16,6,34],""candidate_count"":10,""sha256"":""62c3133afbcdbd4ca0d667b730b7e709f0af4ddb29be2c21bfb6e9ef269dda92""},{""key"":[29,42,1],""candidate_count"":8,""sha256"":""4be70bd72e9103ce48dfb6c080d4208685b25b88059614c3f2e1ea1955fcf28c""},{""key"":[29,42,5],""candidate_count"":5,""sha256"":""11ff75ebb155349a4bfa35ca3fbfd28eded281a70e61bd5bfa59f54c4569ac05""},{""key"":[29,42,9],""candidate_count"":4,""sha256"":""8f188e26c7d2295845bad216d452e71ecd9eedb62746c881c5c9cfb1003720bd""},{""key"":[29,42,13],""candidate_count"":7,""sha256"":""be79bd7a0c4d479b7f6aa788bf6748226bc4e59ab57636ea52cba255fb7a96c8""},{""key"":[29,42,21],""candidate_count"":4,""sha256"":""897f0e3b8776eb0ab1a95a9e30143cce6b70cdf0dfabd096b15b1941fcb80daa""},{""key"":[30,9,4],""candidate_count"":6,""sha256"":""335dfc3267bc8e7ab4fb7cf309b3002181e422438b81ce378c754e78cb4d8338""},{""key"":[30,9,8],""candidate_count"":8,""sha256"":""281f1e94564c2730dd84e3c4e883ad8f5b51e7de9acd91e9ea229e86711c9b87""},{""key"":[42,25,3],""candidate_count"":2,""sha256"":""75fe8633245711067729b67f94ab90573bcef99ef1921f04c71203d9ec7a80fb""},{""key"":[42,25,7],""candidate_count"":4,""sha256"":""da21b201542b94b73f3b19a1548f19b1219fa6733dbd0f2ffe1117eec979c03d""}]","[{""key"":[16,6,2],""started_at"":5.917939928330964,""closed_at"":7.917939928330964,""candidate_paths"":[[16,1,27,6],[16,6],[16,13,6],[16,17,15,6],[16,17,30,6],[16,28,6],[16,37,6],[16,38,21,6],[16,47,6]],""selected_path"":[16,6]},{""key"":[16,6,6],""started_at"":102.79761216982563,""closed_at"":104.79761216982563,""candidate_paths"":[[16,8,6],[16,13,6],[16,21,6],[16,28,6],[16,41,6]],""selected_path"":[16,21,6]},{""key"":[16,6,10],""started_at"":160.19526868562474,""closed_at"":162.19526868562474,""candidate_paths"":[[16,7,6],[16,33,6],[16,37,6],[16,41,6]],""selected_path"":[16,41,6]},{""key"":[16,6,14],""started_at"":202.24922890954122,""closed_at"":204.24922890954122,""candidate_paths"":[[16,8,6],[16,20,41,6],[16,21,6],[16,28,6],[16,35,6]],""selected_path"":[16,21,6]},{""key"":[16,6,22],""started_at"":320.09981265803526,""closed_at"":322.09981265803526,""candidate_paths"":[[16,7,6],[16,21,6],[16,32,8,6]],""selected_path"":[16,21,6]},{""key"":[16,6,26],""started_at"":435.10220252832886,""closed_at"":437.10220252832886,""candidate_paths"":[[16,13,15,6],[16,17,29,6],[16,28,6],[16,34,11,6],[16,37,6]],""selected_path"":[16,37,6]},{""key"":[16,6,30],""started_at"":534.3646176548315,""closed_at"":536.3646176548315,""candidate_paths"":[[16,8,6],[16,12,6],[16,12,28,6],[16,21,6],[16,35,27,6],[16,38,41,6]],""selected_path"":[16,8,6]},{""key"":[16,6,34],""started_at"":575.1129338714804,""closed_at"":577.1129338714804,""candidate_paths"":[[16,4,44,6],[16,6],[16,12,8,6],[16,13,6],[16,14,6],[16,15,21,6],[16,28,6],[16,29,6],[16,31,6],[16,37,6]],""selected_path"":[16,6]},{""key"":[29,42,1],""started_at"":1.0,""closed_at"":3.0,""candidate_paths"":[[29,4,44,42],[29,18,42],[29,22,36,42],[29,22,42],[29,33,1,42],[29,42],[29,43,47,42],[29,48,42]],""selected_path"":[29,42]},{""key"":[29,42,5],""started_at"":62.4697725496888,""closed_at"":64.4697725496888,""candidate_paths"":[[29,3,42],[29,5,42],[29,7,42],[29,16,42],[29,34,22,42]],""selected_path"":[29,16,42]},{""key"":[29,42,9],""started_at"":123.61192030282871,""closed_at"":125.61192030282871,""candidate_paths"":[[29,15,42],[29,45,14,42],[29,45,18,42],[29,45,42]],""selected_path"":[29,45,42]},{""key"":[29,42,13],""started_at"":195.8570023671699,""closed_at"":197.8570023671699,""candidate_paths"":[[29,4,42],[29,14,9,42],[29,18,42],[29,19,42],[29,22,43,42],[29,42],[29,48,42]],""selected_path"":[29,42]},{""key"":[29,42,21],""started_at"":285.15644297958073,""closed_at"":287.15644297958073,""candidate_paths"":[[29,0,36,42],[29,0,42],[29,18,42],[29,27,1,42]],""selected_path"":[29,18,42]},{""key"":[30,9,4],""started_at"":59.029109488423316,""closed_at"":61.029109488423316,""candidate_paths"":[[30,7,9],[30,9],[30,14,3,9],[30,14,9],[30,24,19,9],[30,25,9]],""selected_path"":[30,9]},{""key"":[30,9,8],""started_at"":121.56789722337027,""closed_at"":123.56789722337027,""candidate_paths"":[[30,2,9],[30,3,9],[30,9],[30,11,9],[30,14,9],[30,28,9],[30,34,0,9],[30,40,39,9]],""selected_path"":[30,9]},{""key"":[42,25,3],""started_at"":45.78619743531913,""closed_at"":47.78619743531913,""candidate_paths"":[[42,14,11,25],[42,40,25]],""selected_path"":[42,40,25]},{""key"":[42,25,7],""started_at"":114.17942257832227,""closed_at"":116.17942257832227,""candidate_paths"":[[42,10,25],[42,12,41,25],[42,25],[42,39,25]],""selected_path"":[42,25]}]",36,0,4,4,3.6,3aab77c111641b991044760530f48959394e8f518c12da87bd97531f0c818952,7,2.75,0,connected-multihop,0.9,2,4,4,2.0,1,0,0,0.7647058823529411,0.031212484993997598,0,0.0,0.6616260607337525,0.9992050438804394,0.9999972718559133,0.9999999961881794,0.9999999999999661,0.1404081632653061,0.035918367346938776
meshecho,38,600.0,36,36,0,0.527778,0.583333,0.0,2.130223,2.032183,2.130223,2.287744,2.431616,21,19,0,1286,38,1248,34,92.509696,34.300572,0.057168,36.63384,143.637672,180.271512,9.487974,4.868931,2.032183,10573,52441,63014,0.167788,42889,0.680627,4969,0,1175,39,24,21,3,33,0,20,0.843471,0.970451,0,0,0.0,-1,0,0,0,icc2027_generalization_stale_fading_short_ttl,50,8250.0,4.0,unicast,poisson,0,24,122,23,"[{""key"":[16,6,2],""candidate_count"":5,""sha256"":""70c43186207f021ee5a6c467b65cb2a980d71dca66e830169436e4b9bae6f4ca""},{""key"":[16,6,6],""candidate_count"":5,""sha256"":""33899ca78eeb26f5004fec73599c80ddacce87c04c8725c25e2a94ba433bd882""},{""key"":[16,6,10],""candidate_count"":5,""sha256"":""b3b990eaad805f164081ba464523cbc14028b62e1b7f82851105d7dac182319d""},{""key"":[16,6,14],""candidate_count"":8,""sha256"":""c29e108bde4ff60f4e2f1df4f6c7f46563b625b81a72206978a3721c21c25817""},{""key"":[16,6,22],""candidate_count"":3,""sha256"":""c187394925665adb60780ab9faaa9eefaadd92f3f3d8f6783a72d923a392b8da""},{""key"":[16,6,26],""candidate_count"":6,""sha256"":""afbc3679c55cf1f728cb9d416d9fa5831a5cfcd18e6432d074f51d4cc15b387a""},{""key"":[16,6,30],""candidate_count"":7,""sha256"":""9ee6ea8d9a1d742db8fb941483ba2e317ee2ae205dc4fc85f7d6beefb7456703""},{""key"":[16,6,34],""candidate_count"":2,""sha256"":""9f5ee4a9863dabc76c1965e1234223afb7818ab41d273cb0bf1ec7956bfd5e37""},{""key"":[29,42,1],""candidate_count"":7,""sha256"":""6c380b0ce72de426ae11140e918ac083148d50730eb6d860cf723600acdc36a8""},{""key"":[29,42,5],""candidate_count"":6,""sha256"":""269e86b57b7cf5d2f3b6f4c1b6c27916d8b2e2843548ea0c7e9beb82940fa516""},{""key"":[29,42,9],""candidate_count"":4,""sha256"":""ef297bd3cf9d329b5b95ef6960a690c0ebc3898acb1f9b87c1201fedf5f20cf6""},{""key"":[29,42,13],""candidate_count"":6,""sha256"":""4920ab6be67bd327f7b4765bff504d1e7ff007c7e3b4e8062f6752a80d2f626d""},{""key"":[29,42,21],""candidate_count"":3,""sha256"":""cb9842590ebf8c3ed47ad24f267dee45a6432b89e59a7dfd5eb424723ba4c080""},{""key"":[29,42,25],""candidate_count"":5,""sha256"":""42efe911b142c4d51a51286a55cdcadbd33e7ae07e5334c21f4f67c7a49a5d9e""},{""key"":[29,42,29],""candidate_count"":4,""sha256"":""1ef5c6c3d8d380092e49694aac47056b24c4e27e4410c1b0180b3ea58cbdcde4""},{""key"":[30,9,4],""candidate_count"":5,""sha256"":""51bc6aa794d82261294de750755eda24f88e6d91b523fa154016d70be16155ad""},{""key"":[30,9,8],""candidate_count"":8,""sha256"":""b1199d5f2557669794dcfc6ce7eb3a606850be6799f5a21d7e9617939e0726d4""},{""key"":[42,25,3],""candidate_count"":6,""sha256"":""f06cff8d72d2b2bc8c410ab6abe7124bbf24616a8c475b41803e80d8eb8b9522""},{""key"":[42,25,7],""candidate_count"":7,""sha256"":""1f7b73fa488a88222fcfd879f4fab3a9c2c1a1a808edd8e75da75887bc793fba""},{""key"":[42,25,11],""candidate_count"":5,""sha256"":""73f91c5c2896b377fd64c28b6b4f9161c8572e8e18512f66d9c027fd160b4774""},{""key"":[42,25,19],""candidate_count"":6,""sha256"":""2482d5a3a54e9d4099dc0c4fd91afe7fd9bea883fd3cf827236fb849e2a4a99b""},{""key"":[42,25,23],""candidate_count"":1,""sha256"":""86d043861fae8563b6c19f1c62613463c62c6d44478a42ec3a7cc7ff0bfb3522""},{""key"":[42,25,27],""candidate_count"":3,""sha256"":""79707334424092bb736286d05acc5e5dec1a288b662c24e5621a786e39402e9c""},{""key"":[42,25,31],""candidate_count"":5,""sha256"":""446307aa010d9241b6d766cb50134d76ce67979b703e4bf05cea1847439d2272""}]","[{""key"":[16,6,2],""started_at"":5.917939928330964,""closed_at"":7.917939928330964,""candidate_paths"":[[16,6],[16,28,6],[16,28,8,6],[16,28,27,6],[16,37,6]],""selected_path"":[16,6]},{""key"":[16,6,6],""started_at"":102.79761216982563,""closed_at"":104.79761216982563,""candidate_paths"":[[16,8,6],[16,13,6],[16,21,6],[16,28,6],[16,32,6]],""selected_path"":[16,21,6]},{""key"":[16,6,10],""started_at"":160.19526868562474,""closed_at"":162.19526868562474,""candidate_paths"":[[16,12,11,6],[16,30,6],[16,37,6],[16,41,6],[16,44,13,6]],""selected_path"":[16,41,6]},{""key"":[16,6,14],""started_at"":202.24922890954122,""closed_at"":204.24922890954122,""candidate_paths"":[[16,6],[16,8,6],[16,11,35,6],[16,21,6],[16,28,6],[16,31,6],[16,38,6],[16,38,41,6]],""selected_path"":[16,21,6]},{""key"":[16,6,22],""started_at"":320.09981265803526,""closed_at"":322.09981265803526,""candidate_paths"":[[16,12,41,6],[16,13,6],[16,21,6]],""selected_path"":[16,21,6]},{""key"":[16,6,26],""started_at"":435.10220252832886,""closed_at"":437.10220252832886,""candidate_paths"":[[16,17,23,6],[16,28,6],[16,37,8,6],[16,38,11,6],[16,41,6],[16,41,29,6]],""selected_path"":[16,28,6]},{""key"":[16,6,30],""started_at"":534.3646176548315,""closed_at"":536.3646176548315,""candidate_paths"":[[16,8,6],[16,13,28,6],[16,17,15,6],[16,21,6],[16,23,11,6],[16,29,41,6],[16,37,6]],""selected_path"":[16,8,6]},{""key"":[16,6,34],""started_at"":575.1129338714804,""closed_at"":577.1129338714804,""candidate_paths"":[[16,6],[16,27,1,6]],""selected_path"":[16,6]},{""key"":[29,42,1],""started_at"":1.0,""closed_at"":3.0,""candidate_paths"":[[29,14,9,42],[29,18,42],[29,22,36,42],[29,22,42],[29,33,1,42],[29,42],[29,48,42]],""selected_path"":[29,42]},{""key"":[29,42,5],""started_at"":62.4697725496888,""closed_at"":64.4697725496888,""candidate_paths"":[[29,0,48,42],[29,3,42],[29,5,7,42],[29,16,42],[29,34,22,42],[29,45,18,42]],""selected_path"":[29,16,42]},{""key"":[29,42,9],""started_at"":123.61192030282871,""closed_at"":125.61192030282871,""candidate_paths"":[[29,41,38,42],[29,41,42],[29,45,18,42],[29,45,42]],""selected_path"":[29,41,42]},{""key"":[29,42,13],""started_at"":195.8570023671699,""closed_at"":197.8570023671699,""candidate_paths"":[[29,0,42],[29,3,9,42],[29,18,42],[29,19,10,42],[29,32,1,42],[29,42]],""selected_path"":[29,42]},{""key"":[29,42,21],""started_at"":285.15644297958073,""closed_at"":287.15644297958073,""candidate_paths"":[[29,4,42],[29,18,42],[29,48,42]],""selected_path"":[29,18,42]},{""key"":[29,42,25],""started_at"":424.8659982686456,""closed_at"":426.8659982686456,""candidate_paths"":[[29,7,42],[29,7,48,42],[29,19,42],[29,22,11,42],[29,22,11,43,42]],""selected_path"":[29,7,42]},{""key"":[29,42,29],""started_at"":496.9986750379337,""closed_at"":498.9986750379337,""candidate_paths"":[[29,9,14,42],[29,18,42],[29,22,42],[29,42]],""selected_path"":[29,42]},{""key"":[30,9,4],""started_at"":59.029109488423316,""closed_at"":61.029109488423316,""candidate_paths"":[[30,9],[30,14,3,9],[30,14,9],[30,24,19,9],[30,39,9]],""selected_path"":[30,9]},{""key"":[30,9,8],""started_at"":121.56789722337027,""closed_at"":123.56789722337027,""candidate_paths"":[[30,3,9],[30,9],[30,11,9],[30,14,9],[30,18,35,9],[30,28,9],[30,36,7,9],[30,40,39,9]],""selected_path"":[30,14,9]},{""key"":[42,25,3],""started_at"":45.78619743531913,""closed_at"":47.78619743531913,""candidate_paths"":[[42,10,25],[42,24,28,25],[42,29,26,25],[42,33,32,25],[42,35,12,25],[42,39,25]],""selected_path"":[42,10,25]},{""key"":[42,25,7],""started_at"":114.17942257832227,""closed_at"":116.17942257832227,""candidate_paths"":[[42,10,25],[42,14,25],[42,25],[42,27,8,25],[42,35,2,25],[42,38,31,25],[42,39,25]],""selected_path"":[42,25]},{""key"":[42,25,11],""started_at"":176.39010526670126,""closed_at"":178.39010526670126,""candidate_paths"":[[42,7,2,25],[42,8,25],[42,35,25],[42,39,25],[42,48,25]],""selected_path"":[42,39,25]},{""key"":[42,25,19],""started_at"":231.5095158496473,""closed_at"":233.5095158496473,""candidate_paths"":[[42,10,25],[42,14,25],[42,25],[42,28,6,25],[42,28,41,25],[42,37,8,25]],""selected_path"":[42,25]},{""key"":[42,25,23],""started_at"":329.108288661466,""closed_at"":331.108288661466,""candidate_paths"":[[42,14,25]],""selected_path"":[42,14,25]},{""key"":[42,25,27],""started_at"":469.4385048943833,""closed_at"":471.4385048943833,""candidate_paths"":[[42,10,25],[42,14,25],[42,31,13,25]],""selected_path"":[42,14,25]},{""key"":[42,25,31],""started_at"":539.1354496245197,""closed_at"":541.1354496245197,""candidate_paths"":[[42,2,46,25],[42,8,28,25],[42,10,25],[42,12,41,25],[42,25]],""selected_path"":[42,25]}]",36,0,4,4,3.6,3aab77c111641b991044760530f48959394e8f518c12da87bd97531f0c818952,7,2.75,0,connected-multihop,0.9,2,4,4,2.0,1,1,0,0.875,0.033191489361702124,0,1.0,0.6616260607337525,0.9992050438804394,0.9999972718559133,0.9999999961881794,0.9999999999999661,0.1404081632653061,0.035918367346938776
meshtastic-like,39,600.0,46,46,0,0.5,0.978261,0.0,0.504619,0.592566,0.504619,1.385568,1.548235,45,23,0,675,615,60,60,48.5568,27.567267,0.045945,19.228493,78.353378,97.581871,4.24269,2.111165,0.592566,9884,23191,33075,0.298836,20043,0.605986,6074,2114,0,0,0,0,0,0,0,0,0.0,0.088889,0,0,0.0,-1,0,0,0,icc2027_generalization_stale_fading_short_ttl,50,8250.0,4.0,unicast,poisson,0,0,0,0,[],[],46,0,4,4,4.6,16ceb3e5fbeac8d116491daeff6866bc23ef1d945024dff6886a537463143976,7,2.75,0,connected-multihop,0.9,2,4,4,2.0,1,0,0,0.0,0.0,0,0.0,0.5986869604555719,0.9985622110828428,0.9999946754155578,0.9999999931854868,0.9999999999999553,0.16653061224489796,0.04244897959183674
meshcore-like,39,600.0,46,46,0,0.26087,0.26087,0.0,1.799733,1.691829,1.799733,2.287744,2.431616,12,12,0,848,22,826,18,61.001728,22.521784,0.037536,24.156684,94.791817,118.948501,9.912375,5.083477,1.691829,6661,34891,41552,0.160305,28741,0.691688,3277,0,784,24,16,13,3,43,0,0,0.0,0.974057,0,0,0.0,-1,0,0,0,icc2027_generalization_stale_fading_short_ttl,50,8250.0,4.0,unicast,poisson,0,16,82,16,"[{""key"":[4,16,3],""candidate_count"":3,""sha256"":""98e37b945ac38ca74adc95dad7244aa76bc0fb54e134d2cd7744836a56c6fec9""},{""key"":[4,16,7],""candidate_count"":3,""sha256"":""fcf93a88d6d61359a0ceeeb6c7a20eed9cea881dd974c57e269901d0523ba4e0""},{""key"":[8,39,4],""candidate_count"":6,""sha256"":""77487790cefe3d94179043afef945e8158cc7c1c775bfbb98fb207206fa58af4""},{""key"":[8,39,8],""candidate_count"":7,""sha256"":""7e7fac41caff4e0d10d86e0926ac20739e09d4fc0f5918e0432ee4fced3083af""},{""key"":[8,39,12],""candidate_count"":6,""sha256"":""f18785e6fbc404a6ff95719838c9de727eccd2ef60686d2d4158fd654eb56eeb""},{""key"":[8,39,16],""candidate_count"":4,""sha256"":""d54f839b9b3a77ad6175ca2bbd0a1568c864b1c4b70988c98d453e48e0cdc09a""},{""key"":[42,40,2],""candidate_count"":2,""sha256"":""099c19881fd38037f68ad02d9244c5ee8fecbbcbc39fde7d919d9e3d660b91ce""},{""key"":[46,14,1],""candidate_count"":5,""sha256"":""b2f31a24e817732e06c23b6f24b495f5856815fca3078bd83a50aa36c410c61e""},{""key"":[46,14,9],""candidate_count"":5,""sha256"":""ef13d56e32ecfed2ca0449812289832c5646675ea66600b017ff7035581c3650""},{""key"":[46,14,13],""candidate_count"":6,""sha256"":""7aeccf605eacc1b93b2f4387ab76466096401ff66c80ee86ffe4d6f08d64a73c""},{""key"":[46,14,17],""candidate_count"":5,""sha256"":""e6961fc77f4b0568a0f84a769a510efb5a7c28dd68d7c2b604ce85d1d97622dd""},{""key"":[46,14,21],""candidate_count"":6,""sha256"":""77fdd4cdd3fe6133ef09c70b2dddcaeee7081956e59bbcbd3f7771e1a6abd3b6""},{""key"":[46,14,25],""candidate_count"":7,""sha256"":""5ef752257481c1f1cba8d9ab924c826219ba92c51a7033264241988e1d631035""},{""key"":[46,14,29],""candidate_count"":6,""sha256"":""7227eafe77831ef021cdea12070a1d032d88c64feaf4dc94cea16072fe23389f""},{""key"":[46,14,37],""candidate_count"":6,""sha256"":""c0deea9084e59468b92f445ff38af602cafb91fd1401b576bdf4dd23abcda252""},{""key"":[46,14,41],""candidate_count"":5,""sha256"":""ce67d63b0d7217342da6c9a3b9c2ed6203d3a379bc05d712bf7ff2d68c9d3b07""}]","[{""key"":[4,16,3],""started_at"":11.047800428901063,""closed_at"":13.047800428901063,""candidate_paths"":[[4,30,16],[4,34,16],[4,47,18,16]],""selected_path"":[4,30,16]},{""key"":[4,16,7],""started_at"":58.05702454301543,""closed_at"":60.05702454301543,""candidate_paths"":[[4,9,16],[4,13,15,16],[4,30,16]],""selected_path"":[4,9,16]},{""key"":[8,39,4],""started_at"":17.363738543523162,""closed_at"":19.363738543523162,""candidate_paths"":[[8,13,15,39],[8,13,39],[8,31,6,39],[8,31,41,39],[8,32,25,39],[8,39]],""selected_path"":[8,39]},{""key"":[8,39,8],""started_at"":67.86950698856177,""closed_at"":69.86950698856177,""candidate_paths"":[[8,5,39],[8,9,39],[8,13,39],[8,14,39],[8,15,39],[8,18,39],[8,31,41,39]],""selected_path"":[8,5,39]},{""key"":[8,39,12],""started_at"":122.73656238200861,""closed_at"":124.73656238200861,""candidate_paths"":[[8,0,42,39],[8,5,39],[8,10,39],[8,13,39],[8,24,22,39],[8,24,25,39]],""selected_path"":[8,5,39]},{""key"":[8,39,16],""started_at"":256.3648196913621,""closed_at"":258.3648196913621,""candidate_paths"":[[8,9,18,39],[8,9,39],[8,13,39],[8,46,6,39]],""selected_path"":[8,9,39]},{""key"":[42,40,2],""started_at"":3.2346965419599223,""closed_at"":5.234696541959922,""candidate_paths"":[[42,43,40],[42,44,40]],""selected_path"":[42,43,40]},{""key"":[46,14,1],""started_at"":1.0,""closed_at"":3.0,""candidate_paths"":[[46,12,4,14],[46,14],[46,17,14],[46,22,42,14],[46,34,14]],""selected_path"":[46,14]},{""key"":[46,14,9],""started_at"":75.50949134013376,""closed_at"":77.50949134013376,""candidate_paths"":[[46,1,14],[46,10,14],[46,17,14],[46,34,11,14],[46,47,20,14]],""selected_path"":[46,1,14]},{""key"":[46,14,13],""started_at"":150.77944608282178,""closed_at"":152.77944608282178,""candidate_paths"":[[46,9,14],[46,9,17,14],[46,10,14],[46,15,14],[46,21,14],[46,26,11,14]],""selected_path"":[46,9,14]},{""key"":[46,14,17],""started_at"":266.8669066334587,""closed_at"":268.8669066334587,""candidate_paths"":[[46,9,14],[46,32,17,14],[46,32,18,14],[46,34,47,14],[46,35,14]],""selected_path"":[46,9,14]},{""key"":[46,14,21],""started_at"":310.10455844317886,""closed_at"":312.10455844317886,""candidate_paths"":[[46,1,35,14],[46,3,16,14],[46,10,39,14],[46,14],[46,17,14],[46,32,8,14]],""selected_path"":[46,14]},{""key"":[46,14,25],""started_at"":364.77098397838773,""closed_at"":366.77098397838773,""candidate_paths"":[[46,1,14],[46,1,21,14],[46,10,14],[46,14],[46,17,14],[46,44,14],[46,48,14]],""selected_path"":[46,14]},{""key"":[46,14,29],""started_at"":434.7794291115937,""closed_at"":436.7794291115937,""candidate_paths"":[[46,9,14],[46,9,15,14],[46,14],[46,17,14],[46,28,40,14],[46,35,14]],""selected_path"":[46,14]},{""key"":[46,14,37],""started_at"":522.5976478066926,""closed_at"":524.5976478066926,""candidate_paths"":[[46,9,14],[46,10,14],[46,14],[46,15,14],[46,17,14],[46,35,16,14]],""selected_path"":[46,14]},{""key"":[46,14,41],""started_at"":563.4048027717388,""closed_at"":565.4048027717388,""candidate_paths"":[[46,10,14],[46,17,14],[46,17,15,14],[46,21,14],[46,34,47,14]],""selected_path"":[46,10,14]}]",46,0,4,4,4.6,16ceb3e5fbeac8d116491daeff6866bc23ef1d945024dff6886a537463143976,7,2.75,0,connected-multihop,0.9,2,4,4,2.0,1,1,1,0.8125,0.030612244897959183,0,2.0,0.5986869604555719,0.9985622110828428,0.9999946754155578,0.9999999931854868,0.9999999999999553,0.16653061224489796,0.04244897959183674
etx-mesh,39,600.0,46,46,0,0.173913,0.173913,0.0,2.118672,1.992784,2.118672,2.287744,2.431616,8,8,0,737,17,720,14,53.016832,19.310773,0.032185,20.994665,82.434258,103.428923,12.928615,6.627104,1.992784,5387,30726,36113,0.149171,25448,0.704677,2823,0,686,20,14,10,1,45,0,10,0.393405,0.976934,0,0,0.0,-1,0,0,0,icc2027_generalization_stale_fading_short_ttl,50,8250.0,4.0,unicast,poisson,0,14,69,14,"[{""key"":[4,16,3],""candidate_count"":3,""sha256"":""98e37b945ac38ca74adc95dad7244aa76bc0fb54e134d2cd7744836a56c6fec9""},{""key"":[4,16,7],""candidate_count"":3,""sha256"":""dce62c10aaa0c556fddbf206bf7b353c055df07add5cc6cc5b0f036c5e75c9e4""},{""key"":[8,39,4],""candidate_count"":4,""sha256"":""f66d7c014081a6f3b2dbdb4895024c5bb109841faeb22296d444c9ccc6d3984a""},{""key"":[8,39,8],""candidate_count"":7,""sha256"":""6c5a37568c5c0bcdc18dcf9b2223d61672692bc62f7e3e21fa7c65aab48e219d""},{""key"":[8,39,12],""candidate_count"":6,""sha256"":""3c324fa84d26464c1d13e0b9f7f9d00be688ca71bbd9f7d262c93ea68a81cec9""},{""key"":[8,39,16],""candidate_count"":4,""sha256"":""d54f839b9b3a77ad6175ca2bbd0a1568c864b1c4b70988c98d453e48e0cdc09a""},{""key"":[42,40,2],""candidate_count"":2,""sha256"":""099c19881fd38037f68ad02d9244c5ee8fecbbcbc39fde7d919d9e3d660b91ce""},{""key"":[46,14,1],""candidate_count"":5,""sha256"":""b2f31a24e817732e06c23b6f24b495f5856815fca3078bd83a50aa36c410c61e""},{""key"":[46,14,9],""candidate_count"":6,""sha256"":""8409a9af1bb25f928d7c0ed60688ec90fcb8e0412ef08dec25c0bb0c5caaf4dd""},{""key"":[46,14,13],""candidate_count"":5,""sha256"":""8310a8952ddabe3ba853d5d8b00a54f310fd5e61334b297c4e2b3a1b858f3755""},{""key"":[46,14,17],""candidate_count"":5,""sha256"":""e6961fc77f4b0568a0f84a769a510efb5a7c28dd68d7c2b604ce85d1d97622dd""},{""key"":[46,14,21],""candidate_count"":5,""sha256"":""4b20805d10bcbd5fe671315c1fc71205556be9efb6a06b5507d3647d92a4a5da""},{""key"":[46,14,25],""candidate_count"":8,""sha256"":""427507d8b0f78582043ba3bd9b2847aa8f39c735496796c03eea2d6a0c75dd47""},{""key"":[46,14,29],""candidate_count"":6,""sha256"":""7227eafe77831ef021cdea12070a1d032d88c64feaf4dc94cea16072fe23389f""}]","[{""key"":[4,16,3],""started_at"":11.047800428901063,""closed_at"":13.047800428901063,""candidate_paths"":[[4,30,16],[4,34,16],[4,47,18,16]],""selected_path"":[4,34,16]},{""key"":[4,16,7],""started_at"":58.05702454301543,""closed_at"":60.05702454301543,""candidate_paths"":[[4,9,16],[4,30,16],[4,43,20,16]],""selected_path"":[4,9,16]},{""key"":[8,39,4],""started_at"":17.363738543523162,""closed_at"":19.363738543523162,""candidate_paths"":[[8,13,39],[8,24,27,39],[8,38,6,39],[8,39]],""selected_path"":[8,39]},{""key"":[8,39,8],""started_at"":67.86950698856177,""closed_at"":69.86950698856177,""candidate_paths"":[[8,5,39],[8,5,42,39],[8,9,39],[8,13,39],[8,18,39],[8,31,41,39],[8,37,39]],""selected_path"":[8,13,39]},{""key"":[8,39,12],""started_at"":122.73656238200861,""closed_at"":124.73656238200861,""candidate_paths"":[[8,5,39],[8,10,39],[8,10,42,39],[8,13,39],[8,24,22,39],[8,45,39]],""selected_path"":[8,5,39]},{""key"":[8,39,16],""started_at"":256.3648196913621,""closed_at"":258.3648196913621,""candidate_paths"":[[8,9,18,39],[8,9,39],[8,13,39],[8,46,6,39]],""selected_path"":[8,9,39]},{""key"":[42,40,2],""started_at"":3.2346965419599223,""closed_at"":5.234696541959922,""candidate_paths"":[[42,43,40],[42,44,40]],""selected_path"":[42,44,40]},{""key"":[46,14,1],""started_at"":1.0,""closed_at"":3.0,""candidate_paths"":[[46,12,4,14],[46,14],[46,17,14],[46,22,42,14],[46,34,14]],""selected_path"":[46,14]},{""key"":[46,14,9],""started_at"":75.50949134013376,""closed_at"":77.50949134013376,""candidate_paths"":[[46,1,14],[46,13,11,14],[46,15,14],[46,17,14],[46,26,20,14],[46,47,16,14]],""selected_path"":[46,1,14]},{""key"":[46,14,13],""started_at"":150.77944608282178,""closed_at"":152.77944608282178,""candidate_paths"":[[46,9,14],[46,9,17,14],[46,10,14],[46,15,14],[46,48,11,14]],""selected_path"":[46,9,14]},{""key"":[46,14,17],""started_at"":266.8669066334587,""closed_at"":268.8669066334587,""candidate_paths"":[[46,9,14],[46,32,17,14],[46,32,18,14],[46,34,47,14],[46,35,14]],""selected_path"":[46,9,14]},{""key"":[46,14,21],""started_at"":310.10455844317886,""closed_at"":312.10455844317886,""candidate_paths"":[[46,10,14],[46,14],[46,17,14],[46,47,39,14],[46,48,14]],""selected_path"":[46,14]},{""key"":[46,14,25],""started_at"":364.77098397838773,""closed_at"":366.77098397838773,""candidate_paths"":[[46,1,14],[46,1,21,14],[46,10,14],[46,12,29,14],[46,14],[46,17,14],[46,35,14],[46,45,14]],""selected_path"":[46,14]},{""key"":[46,14,29],""started_at"":434.7794291115937,""closed_at"":436.7794291115937,""candidate_paths"":[[46,9,14],[46,9,15,14],[46,14],[46,17,14],[46,28,40,14],[46,35,14]],""selected_path"":[46,14]}]",46,0,4,4,4.6,16ceb3e5fbeac8d116491daeff6866bc23ef1d945024dff6886a537463143976,7,2.75,0,connected-multihop,0.9,2,4,4,2.0,1,0,0,0.7142857142857143,0.029154518950437316,0,0.0,0.5986869604555719,0.9985622110828428,0.9999946754155578,0.9999999931854868,0.9999999999999553,0.16653061224489796,0.04244897959183674
ett-mesh,39,600.0,46,46,0,0.173913,0.173913,0.0,2.118672,1.992784,2.118672,2.287744,2.431616,8,8,0,737,17,720,14,53.016832,19.310773,0.032185,20.994665,82.434258,103.428923,12.928615,6.627104,1.992784,5387,30726,36113,0.149171,25448,0.704677,2823,0,686,20,14,10,1,45,0,10,0.893648,0.976934,0,0,0.0,-1,0,0,0,icc2027_generalization_stale_fading_short_ttl,50,8250.0,4.0,unicast,poisson,0,14,69,14,"[{""key"":[4,16,3],""candidate_count"":3,""sha256"":""98e37b945ac38ca74adc95dad7244aa76bc0fb54e134d2cd7744836a56c6fec9""},{""key"":[4,16,7],""candidate_count"":3,""sha256"":""dce62c10aaa0c556fddbf206bf7b353c055df07add5cc6cc5b0f036c5e75c9e4""},{""key"":[8,39,4],""candidate_count"":4,""sha256"":""f66d7c014081a6f3b2dbdb4895024c5bb109841faeb22296d444c9ccc6d3984a""},{""key"":[8,39,8],""candidate_count"":7,""sha256"":""6c5a37568c5c0bcdc18dcf9b2223d61672692bc62f7e3e21fa7c65aab48e219d""},{""key"":[8,39,12],""candidate_count"":6,""sha256"":""3c324fa84d26464c1d13e0b9f7f9d00be688ca71bbd9f7d262c93ea68a81cec9""},{""key"":[8,39,16],""candidate_count"":4,""sha256"":""d54f839b9b3a77ad6175ca2bbd0a1568c864b1c4b70988c98d453e48e0cdc09a""},{""key"":[42,40,2],""candidate_count"":2,""sha256"":""099c19881fd38037f68ad02d9244c5ee8fecbbcbc39fde7d919d9e3d660b91ce""},{""key"":[46,14,1],""candidate_count"":5,""sha256"":""b2f31a24e817732e06c23b6f24b495f5856815fca3078bd83a50aa36c410c61e""},{""key"":[46,14,9],""candidate_count"":6,""sha256"":""8409a9af1bb25f928d7c0ed60688ec90fcb8e0412ef08dec25c0bb0c5caaf4dd""},{""key"":[46,14,13],""candidate_count"":5,""sha256"":""8310a8952ddabe3ba853d5d8b00a54f310fd5e61334b297c4e2b3a1b858f3755""},{""key"":[46,14,17],""candidate_count"":5,""sha256"":""e6961fc77f4b0568a0f84a769a510efb5a7c28dd68d7c2b604ce85d1d97622dd""},{""key"":[46,14,21],""candidate_count"":5,""sha256"":""4b20805d10bcbd5fe671315c1fc71205556be9efb6a06b5507d3647d92a4a5da""},{""key"":[46,14,25],""candidate_count"":8,""sha256"":""427507d8b0f78582043ba3bd9b2847aa8f39c735496796c03eea2d6a0c75dd47""},{""key"":[46,14,29],""candidate_count"":6,""sha256"":""7227eafe77831ef021cdea12070a1d032d88c64feaf4dc94cea16072fe23389f""}]","[{""key"":[4,16,3],""started_at"":11.047800428901063,""closed_at"":13.047800428901063,""candidate_paths"":[[4,30,16],[4,34,16],[4,47,18,16]],""selected_path"":[4,34,16]},{""key"":[4,16,7],""started_at"":58.05702454301543,""closed_at"":60.05702454301543,""candidate_paths"":[[4,9,16],[4,30,16],[4,43,20,16]],""selected_path"":[4,9,16]},{""key"":[8,39,4],""started_at"":17.363738543523162,""closed_at"":19.363738543523162,""candidate_paths"":[[8,13,39],[8,24,27,39],[8,38,6,39],[8,39]],""selected_path"":[8,39]},{""key"":[8,39,8],""started_at"":67.86950698856177,""closed_at"":69.86950698856177,""candidate_paths"":[[8,5,39],[8,5,42,39],[8,9,39],[8,13,39],[8,18,39],[8,31,41,39],[8,37,39]],""selected_path"":[8,13,39]},{""key"":[8,39,12],""started_at"":122.73656238200861,""closed_at"":124.73656238200861,""candidate_paths"":[[8,5,39],[8,10,39],[8,10,42,39],[8,13,39],[8,24,22,39],[8,45,39]],""selected_path"":[8,5,39]},{""key"":[8,39,16],""started_at"":256.3648196913621,""closed_at"":258.3648196913621,""candidate_paths"":[[8,9,18,39],[8,9,39],[8,13,39],[8,46,6,39]],""selected_path"":[8,9,39]},{""key"":[42,40,2],""started_at"":3.2346965419599223,""closed_at"":5.234696541959922,""candidate_paths"":[[42,43,40],[42,44,40]],""selected_path"":[42,44,40]},{""key"":[46,14,1],""started_at"":1.0,""closed_at"":3.0,""candidate_paths"":[[46,12,4,14],[46,14],[46,17,14],[46,22,42,14],[46,34,14]],""selected_path"":[46,14]},{""key"":[46,14,9],""started_at"":75.50949134013376,""closed_at"":77.50949134013376,""candidate_paths"":[[46,1,14],[46,13,11,14],[46,15,14],[46,17,14],[46,26,20,14],[46,47,16,14]],""selected_path"":[46,1,14]},{""key"":[46,14,13],""started_at"":150.77944608282178,""closed_at"":152.77944608282178,""candidate_paths"":[[46,9,14],[46,9,17,14],[46,10,14],[46,15,14],[46,48,11,14]],""selected_path"":[46,9,14]},{""key"":[46,14,17],""started_at"":266.8669066334587,""closed_at"":268.8669066334587,""candidate_paths"":[[46,9,14],[46,32,17,14],[46,32,18,14],[46,34,47,14],[46,35,14]],""selected_path"":[46,9,14]},{""key"":[46,14,21],""started_at"":310.10455844317886,""closed_at"":312.10455844317886,""candidate_paths"":[[46,10,14],[46,14],[46,17,14],[46,47,39,14],[46,48,14]],""selected_path"":[46,14]},{""key"":[46,14,25],""started_at"":364.77098397838773,""closed_at"":366.77098397838773,""candidate_paths"":[[46,1,14],[46,1,21,14],[46,10,14],[46,12,29,14],[46,14],[46,17,14],[46,35,14],[46,45,14]],""selected_path"":[46,14]},{""key"":[46,14,29],""started_at"":434.7794291115937,""closed_at"":436.7794291115937,""candidate_paths"":[[46,9,14],[46,9,15,14],[46,14],[46,17,14],[46,28,40,14],[46,35,14]],""selected_path"":[46,14]}]",46,0,4,4,4.6,16ceb3e5fbeac8d116491daeff6866bc23ef1d945024dff6886a537463143976,7,2.75,0,connected-multihop,0.9,2,4,4,2.0,1,0,0,0.7142857142857143,0.029154518950437316,0,0.0,0.5986869604555719,0.9985622110828428,0.9999946754155578,0.9999999931854868,0.9999999999999553,0.16653061224489796,0.04244897959183674
minhop-mesh,39,600.0,46,46,0,0.152174,0.173913,0.0,2.012306,1.956816,2.012306,2.287744,2.431616,8,7,0,891,18,873,12,64.094976,23.972173,0.039954,25.38161,99.88497,125.26658,17.895226,9.156425,1.956816,6586,37073,43659,0.150851,30828,0.706109,3807,0,832,29,17,13,1,45,0,13,0.844931,0.979798,0,0,0.0,-1,0,0,0,icc2027_generalization_stale_fading_short_ttl,50,8250.0,4.0,unicast,poisson,0,17,81,17,"[{""key"":[4,16,3],""candidate_count"":3,""sha256"":""06b0242dd8148a77cdf2fb5f7a1b710978721c8038cfa42a8f5fe2ae65b444d6""},{""key"":[4,16,7],""candidate_count"":2,""sha256"":""37de857c325f730b8c016de88d5433a35cacc08315b0e48907fe813f79da840c""},{""key"":[8,39,4],""candidate_count"":6,""sha256"":""d6ce022db2e1dfbf22ac8023e97c9f7fc39ab626cfcaee84a821f1067cdd32fd""},{""key"":[8,39,8],""candidate_count"":3,""sha256"":""ed14d7593a703f892f8f32412ccea0d9e4b17e6f30cd13c84b0ac7243f691010""},{""key"":[8,39,12],""candidate_count"":6,""sha256"":""6fa5fb24ea1433bed45edde66f87ccaf11cb4e4ccd0a39b72ba222c276b504d3""},{""key"":[8,39,16],""candidate_count"":4,""sha256"":""27afaf954fe6178d591a05923729d7df6ae64a63d0abbe7ea2c4dd971ce2a4b8""},{""key"":[8,39,20],""candidate_count"":5,""sha256"":""e1351bb66176dae5f9e0ab70667677523c36d00c2bb1a297e798697a32a8cdf4""},{""key"":[8,39,24],""candidate_count"":4,""sha256"":""687192d243f8cb46785064ebe84c50d286eff9c9d2237f5b5721a47fd9a0251c""},{""key"":[8,39,28],""candidate_count"":5,""sha256"":""67faefbd91129d812450a5a97bea637b11b3891b3e2d57dbd8721e720d7feda7""},{""key"":[8,39,32],""candidate_count"":3,""sha256"":""856461ff05a28cc9309764d2160fde44bc595715ed1512502548bbfb1bd43707""},{""key"":[8,39,36],""candidate_count"":4,""sha256"":""ee9ebf22440118a47670bfe565d4567ddc74bf564ea897fb95f424becacebbad""},{""key"":[8,39,40],""candidate_count"":4,""sha256"":""67cc465956a9944511d409321d097b6778e517becedcf0b1f102022a89684972""},{""key"":[42,40,2],""candidate_count"":6,""sha256"":""c78b51bc04e65b445c2e304c14d5921a3282720a7a1c9e3c922931a492df4cab""},{""key"":[42,40,6],""candidate_count"":8,""sha256"":""f69e02d8ae085065bac351f425a6909f89954a6d7c704a847d917c79d4f636fc""},{""key"":[42,40,10],""candidate_count"":7,""sha256"":""e916d113a9cf72e6059c3cb87f6d800ab621c785948ad526d49a49f0fd51b682""},{""key"":[46,14,1],""candidate_count"":6,""sha256"":""52c4ddfed9029ff8c52804c2fb1f4c28a36a61763315d11e677073b3528caba8""},{""key"":[46,14,9],""candidate_count"":5,""sha256"":""052c280514cbdfad1c7255bc58c7f277946aea3128dc7836c82c76a0d8b5fcd0""}]","[{""key"":[4,16,3],""started_at"":11.047800428901063,""closed_at"":13.047800428901063,""candidate_paths"":[[4,2,20,16],[4,30,16],[4,34,16]],""selected_path"":[4,34,16]},{""key"":[4,16,7],""started_at"":58.05702454301543,""closed_at"":60.05702454301543,""candidate_paths"":[[4,15,5,16],[4,30,16]],""selected_path"":[4,30,16]},{""key"":[8,39,4],""started_at"":17.363738543523162,""closed_at"":19.363738543523162,""candidate_paths"":[[8,9,18,39],[8,13,15,39],[8,13,39],[8,14,39],[8,31,19,39],[8,39]],""selected_path"":[8,39]},{""key"":[8,39,8],""started_at"":67.86950698856177,""closed_at"":69.86950698856177,""candidate_paths"":[[8,0,7,39],[8,13,39],[8,15,39]],""selected_path"":[8,13,39]},{""key"":[8,39,12],""started_at"":122.73656238200861,""closed_at"":124.73656238200861,""candidate_paths"":[[8,5,39],[8,5,42,39],[8,13,15,39],[8,13,39],[8,17,39],[8,21,43,39]],""selected_path"":[8,13,39]},{""key"":[8,39,16],""started_at"":256.3648196913621,""closed_at"":258.3648196913621,""candidate_paths"":[[8,15,39],[8,22,37,39],[8,36,18,39],[8,47,21,39]],""selected_path"":[8,15,39]},{""key"":[8,39,20],""started_at"":309.41497945955155,""closed_at"":311.41497945955155,""candidate_paths"":[[8,4,44,39],[8,10,39],[8,14,39],[8,15,39],[8,15,42,39]],""selected_path"":[8,15,39]},{""key"":[8,39,24],""started_at"":356.569271496248,""closed_at"":358.569271496248,""candidate_paths"":[[8,2,42,39],[8,10,39],[8,15,39],[8,26,39]],""selected_path"":[8,15,39]},{""key"":[8,39,28],""started_at"":396.10251390849817,""closed_at"":398.10251390849817,""candidate_paths"":[[8,13,39],[8,13,42,39],[8,15,39],[8,33,39],[8,40,0,39]],""selected_path"":[8,15,39]},{""key"":[8,39,32],""started_at"":444.36976009968276,""closed_at"":446.36976009968276,""candidate_paths"":[[8,9,39],[8,13,39],[8,25,22,39]],""selected_path"":[8,9,39]},{""key"":[8,39,36],""started_at"":494.5250068823436,""closed_at"":496.5250068823436,""candidate_paths"":[[8,5,39],[8,10,42,39],[8,15,39],[8,38,41,39]],""selected_path"":[8,15,39]},{""key"":[8,39,40],""started_at"":555.3216220509913,""closed_at"":557.3216220509913,""candidate_paths"":[[8,13,39],[8,14,31,39],[8,15,39],[8,49,39]],""selected_path"":[8,15,39]},{""key"":[42,40,2],""started_at"":3.2346965419599223,""closed_at"":5.234696541959922,""candidate_paths"":[[42,0,40],[42,2,21,40],[42,7,40],[42,26,36,40],[42,26,40],[42,40]],""selected_path"":[42,40]},{""key"":[42,40,6],""started_at"":40.51654814325428,""closed_at"":42.51654814325428,""candidate_paths"":[[42,0,40],[42,2,20,40],[42,2,23,40],[42,7,40],[42,26,40],[42,35,30,40],[42,40],[42,43,40]],""selected_path"":[42,40]},{""key"":[42,40,10],""started_at"":98.72601111449164,""closed_at"":100.72601111449164,""candidate_paths"":[[42,2,20,40],[42,4,40],[42,7,40],[42,18,27,40],[42,18,40],[42,22,19,40],[42,23,8,40]],""selected_path"":[42,4,40]},{""key"":[46,14,1],""started_at"":1.0,""closed_at"":3.0,""candidate_paths"":[[46,9,21,14],[46,14],[46,17,14],[46,22,18,14],[46,22,42,14],[46,34,14]],""selected_path"":[46,14]},{""key"":[46,14,9],""started_at"":75.50949134013376,""closed_at"":77.50949134013376,""candidate_paths"":[[46,1,14],[46,10,14],[46,17,14],[46,26,20,14],[46,47,14]],""selected_path"":[46,47,14]}]",46,0,4,4,4.6,16ceb3e5fbeac8d116491daeff6866bc23ef1d945024dff6886a537463143976,7,2.75,0,connected-multihop,0.9,2,4,4,2.0,1,0,0,0.7647058823529411,0.03485576923076923,0,0.0,0.5986869604555719,0.9985622110828428,0.9999946754155578,0.9999999931854868,0.9999999999999553,0.16653061224489796,0.04244897959183674
meshecho,39,600.0,46,46,0,0.217391,0.217391,0.0,2.15968,2.037389,2.15968,2.287744,2.431616,10,10,0,693,17,676,17,49.851648,19.070734,0.031785,19.741253,77.676084,97.417337,9.741734,4.985165,2.037389,5616,28341,33957,0.165386,23359,0.687899,2596,0,637,22,13,9,1,45,0,9,0.839687,0.975469,0,0,0.0,-1,0,0,0,icc2027_generalization_stale_fading_short_ttl,50,8250.0,4.0,unicast,poisson,0,13,66,13,"[{""key"":[4,16,3],""candidate_count"":3,""sha256"":""212dc00695b7b19cfe66f354871b8ddf79fdc535c12362a03600acf28f99536e""},{""key"":[4,16,7],""candidate_count"":3,""sha256"":""84cd5feba5ae9dbbcdd14177a367204c332a9a9a77b504bb977396bd350a1ee4""},{""key"":[8,39,4],""candidate_count"":6,""sha256"":""792fb07d0f4f65f19a9d03457dbb54bfe8a6f72ba2b260f62db313e412dd0c8d""},{""key"":[8,39,8],""candidate_count"":4,""sha256"":""9d462269f011d9061ffdc96f636501ccc5abb4494b922a5985bdcf8fc27a2a60""},{""key"":[8,39,12],""candidate_count"":5,""sha256"":""96b1cb06eab93851570b288b4bdaa1cc6c6c7fb3ca3dbf1d0b91261c768d0cce""},{""key"":[8,39,16],""candidate_count"":4,""sha256"":""c1508056a61258158521cfdb000dfcd9b0549d8ecde3288500b582606bfb66dc""},{""key"":[8,39,20],""candidate_count"":8,""sha256"":""0863d3c4c618b5bc24a5822b20676b49a22b8fddc107719efd119cefd9846cc4""},{""key"":[42,40,2],""candidate_count"":9,""sha256"":""8bec13c7388bbbbef98df5ccb35b8cdf137120471af184f8dfaeedfbaf7a9112""},{""key"":[46,14,1],""candidate_count"":4,""sha256"":""53975288de209c52f0e128adb9de2394e7a2b365b6bd8f40ff25dd1592972d10""},{""key"":[46,14,9],""candidate_count"":6,""sha256"":""3eec333c2dd626e804e94fc6129466be6b3429b20832d19b554a2d9369e30ce6""},{""key"":[46,14,13],""candidate_count"":6,""sha256"":""21e706087d32dd8b428cde743d9aff54c89e88928695fb1835c3d3fb2f8f4375""},{""key"":[46,14,17],""candidate_count"":5,""sha256"":""c3391f47f3564863b535a3431a3f9fed1095ab8c05ce8b23b22ffa633689ab39""},{""key"":[46,14,21],""candidate_count"":3,""sha256"":""b5d97c3196674d11e6a51ef9b8b1775596ef46ec529af8ff0b78fb9601a74b60""}]","[{""key"":[4,16,3],""started_at"":11.047800428901063,""closed_at"":13.047800428901063,""candidate_paths"":[[4,30,16],[4,34,16],[4,42,5,16]],""selected_path"":[4,34,16]},{""key"":[4,16,7],""started_at"":58.05702454301543,""closed_at"":60.05702454301543,""candidate_paths"":[[4,9,16],[4,15,5,16],[4,29,30,16]],""selected_path"":[4,9,16]},{""key"":[8,39,4],""started_at"":17.363738543523162,""closed_at"":19.363738543523162,""candidate_paths"":[[8,1,39],[8,9,18,39],[8,13,39],[8,14,39],[8,31,19,39],[8,39]],""selected_path"":[8,39]},{""key"":[8,39,8],""started_at"":67.86950698856177,""closed_at"":69.86950698856177,""candidate_paths"":[[8,13,39],[8,15,39],[8,17,39],[8,45,44,39]],""selected_path"":[8,13,39]},{""key"":[8,39,12],""started_at"":122.73656238200861,""closed_at"":124.73656238200861,""candidate_paths"":[[8,0,42,39],[8,5,39],[8,10,39],[8,13,39],[8,17,15,39]],""selected_path"":[8,13,39]},{""key"":[8,39,16],""started_at"":256.3648196913621,""closed_at"":258.3648196913621,""candidate_paths"":[[8,9,39],[8,11,18,39],[8,11,39],[8,13,39]],""selected_path"":[8,13,39]},{""key"":[8,39,20],""started_at"":309.41497945955155,""closed_at"":311.41497945955155,""candidate_paths"":[[8,1,18,39],[8,9,39],[8,14,17,39],[8,22,42,39],[8,26,39],[8,32,43,39],[8,33,44,39],[8,49,39]],""selected_path"":[8,9,39]},{""key"":[42,40,2],""started_at"":3.2346965419599223,""closed_at"":5.234696541959922,""candidate_paths"":[[42,0,30,40],[42,0,40],[42,22,37,40],[42,26,40],[42,32,28,7,40],[42,32,28,40],[42,32,40],[42,34,23,40],[42,40]],""selected_path"":[42,40]},{""key"":[46,14,1],""started_at"":1.0,""closed_at"":3.0,""candidate_paths"":[[46,14],[46,17,14],[46,22,18,14],[46,34,14]],""selected_path"":[46,14]},{""key"":[46,14,9],""started_at"":75.50949134013376,""closed_at"":77.50949134013376,""candidate_paths"":[[46,1,14],[46,8,16,14],[46,10,14],[46,11,14],[46,14],[46,17,14]],""selected_path"":[46,17,14]},{""key"":[46,14,13],""started_at"":150.77944608282178,""closed_at"":152.77944608282178,""candidate_paths"":[[46,9,14],[46,9,17,14],[46,10,14],[46,38,16,14],[46,39,5,14],[46,39,13,14]],""selected_path"":[46,10,14]},{""key"":[46,14,17],""started_at"":266.8669066334587,""closed_at"":268.8669066334587,""candidate_paths"":[[46,1,14],[46,9,14],[46,10,14],[46,36,11,14],[46,36,47,14]],""selected_path"":[46,10,14]},{""key"":[46,14,21],""started_at"":310.10455844317886,""closed_at"":312.10455844317886,""candidate_paths"":[[46,19,18,14],[46,44,10,14],[46,44,14]],""selected_path"":[46,44,14]}]",46,0,4,4,4.6,16ceb3e5fbeac8d116491daeff6866bc23ef1d945024dff6886a537463143976,7,2.75,0,connected-multihop,0.9,2,4,4,2.0,1,0,0,0.6923076923076923,0.03453689167974882,0,0.0,0.5986869604555719,0.9985622110828428,0.9999946754155578,0.9999999931854868,0.9999999999999553,0.16653061224489796,0.04244897959183674
meshtastic-like,40,600.0,49,49,0,0.489796,1.0,0.0,0.945121,0.89843,0.945121,1.63223,1.65054,49,24,0,683,610,73,73,49.132288,30.561669,0.050936,19.456386,79.793545,99.249931,4.135414,2.047179,0.89843,10955,22512,33467,0.327337,19335,0.577733,6795,2255,0,0,0,0,0,0,0,0,0.0,0.106881,0,0,0.0,-1,0,0,0,icc2027_generalization_stale_fading_short_ttl,50,8250.0,4.0,unicast,poisson,0,0,0,0,[],[],49,0,4,4,4.9,668c018561fc4a691a7d8efa0d4da6bf8a9d0bc35bcca411d9c53fe5a17be6dc,7,2.75,0,connected-multihop,0.9,2,4,4,2.0,1,0,0,0.0,0.0,0,0.0,0.1556859442368379,0.9918970401673821,0.9999745730362483,0.9999999758021579,0.9999999999999697,0.24326530612244898,0.08571428571428572
meshcore-like,40,600.0,49,49,0,0.040816,0.040816,0.0,2.323712,2.215808,2.323712,2.28055,2.420826,2,2,0,358,4,354,3,25.753088,9.52331,0.015872,10.198223,40.165734,50.363957,25.181978,12.876544,2.215808,2324,15218,17542,0.132482,12752,0.726941,1486,0,343,8,7,3,0,49,0,0,0.0,0.988827,0,0,0.0,-1,0,0,0,icc2027_generalization_stale_fading_short_ttl,50,8250.0,4.0,unicast,poisson,0,7,36,7,"[{""key"":[12,3,1],""candidate_count"":4,""sha256"":""cc012f97974aa9d93a2218f28e8db5d7ab2d6bbc259f87e947684a87fa126ea8""},{""key"":[23,29,3],""candidate_count"":7,""sha256"":""dd194764d6ad8ea11403e5dd3c603645c5d7b1220119cf3fb16fb895bfc48cc4""},{""key"":[23,29,7],""candidate_count"":7,""sha256"":""021b5b786e5a8802787972792606f2f43783c3f7957f40792afde5a83fe1462a""},{""key"":[23,29,11],""candidate_count"":5,""sha256"":""447b1ff0577323579d1c55261c1920d52d0ed803849b327faa58708b0a4fa43d""},{""key"":[23,29,15],""candidate_count"":6,""sha256"":""cf2b998801788603a59843ad37b71e30ba02d8d03759763e7e95a211ce22c5fc""},{""key"":[30,48,2],""candidate_count"":5,""sha256"":""0d2cdf5e35a6f2e28c8959989331d86e985493f497239d10587cf230c26d29f3""},{""key"":[39,46,4],""candidate_count"":2,""sha256"":""78f9a6ee6d4247f0203fb3152478f81fa7da54eb9793edfd8a35d1ee94be763c""}]","[{""key"":[12,3,1],""started_at"":1.0,""closed_at"":3.0,""candidate_paths"":[[12,7,3],[12,8,3],[12,15,3],[12,16,36,3]],""selected_path"":[12,7,3]},{""key"":[23,29,3],""started_at"":10.132530012523022,""closed_at"":12.132530012523022,""candidate_paths"":[[23,7,38,29],[23,17,6,29],[23,17,49,29],[23,20,29],[23,29],[23,35,21,29],[23,35,29]],""selected_path"":[23,29]},{""key"":[23,29,7],""started_at"":90.5960838901376,""closed_at"":92.5960838901376,""candidate_paths"":[[23,2,16,29],[23,9,29],[23,28,6,29],[23,28,47,29],[23,29],[23,43,29],[23,49,29]],""selected_path"":[23,29]},{""key"":[23,29,11],""started_at"":123.21509914957377,""closed_at"":125.21509914957377,""candidate_paths"":[[23,13,29],[23,13,49,29],[23,15,46,29],[23,21,29],[23,34,29]],""selected_path"":[23,13,29]},{""key"":[23,29,15],""started_at"":207.40263877832302,""closed_at"":209.40263877832302,""candidate_paths"":[[23,9,3,29],[23,9,21,29],[23,9,29],[23,29],[23,33,38,29],[23,49,29]],""selected_path"":[23,29]},{""key"":[30,48,2],""started_at"":2.390160328296516,""closed_at"":4.390160328296516,""candidate_paths"":[[30,9,48],[30,26,48],[30,31,48],[30,40,46,48],[30,42,28,48]],""selected_path"":[30,9,48]},{""key"":[39,46,4],""started_at"":17.687138356398265,""closed_at"":19.687138356398265,""candidate_paths"":[[39,8,49,46],[39,18,7,46]],""selected_path"":[39,8,49,46]}]",49,0,4,4,4.9,668c018561fc4a691a7d8efa0d4da6bf8a9d0bc35bcca411d9c53fe5a17be6dc,7,2.75,0,connected-multihop,0.9,2,4,4,2.0,1,0,0,0.42857142857142855,0.023323615160349854,0,0.0,0.1556859442368379,0.9918970401673821,0.9999745730362483,0.9999999758021579,0.9999999999999697,0.24326530612244898,0.08571428571428572
etx-mesh,40,600.0,49,49,0,0.22449,0.22449,0.0,1.709591,1.618036,1.709591,2.287744,2.431616,11,11,0,787,18,769,14,56.613632,20.923258,0.034872,22.418998,88.121571,110.540569,10.049143,5.146694,1.618036,5776,32787,38563,0.149781,27124,0.703369,3122,0,735,20,15,11,3,46,0,11,0.410527,0.977128,0,0,0.0,-1,0,0,0,icc2027_generalization_stale_fading_short_ttl,50,8250.0,4.0,unicast,poisson,0,15,81,15,"[{""key"":[12,3,1],""candidate_count"":4,""sha256"":""cc012f97974aa9d93a2218f28e8db5d7ab2d6bbc259f87e947684a87fa126ea8""},{""key"":[23,29,3],""candidate_count"":5,""sha256"":""5dea46dc58aa6dbb68d0d27078b461fa8a586c6f55e2115142154b1f2f51f02a""},{""key"":[23,29,7],""candidate_count"":6,""sha256"":""38ac590fca17b1ad56661afe7ad7df860d76c35e516fd4bd0745069015607960""},{""key"":[23,29,11],""candidate_count"":6,""sha256"":""a2d65306f163887a064c3b746b0ce7da174bc5e84febcac1108d608ee31ce70b""},{""key"":[23,29,15],""candidate_count"":7,""sha256"":""e781086cd565ba6dcc9e9ad30c9170533e901f8879339e9130bc2602a605b338""},{""key"":[23,29,23],""candidate_count"":7,""sha256"":""dcb37d7712488f9200a57469b6e495ac8c900410da7ab4c17fb6d5be299517f9""},{""key"":[23,29,27],""candidate_count"":7,""sha256"":""0899edd4e6f553b25172351007e85dfee2a66a04f323dd9782d4b16e243bc2fc""},{""key"":[23,29,35],""candidate_count"":5,""sha256"":""673490398a5b994e08ed3cae7f607e64602a3b81593358ddb7548a13de1cb729""},{""key"":[23,29,43],""candidate_count"":8,""sha256"":""cc085a9f623cfd6b9e6184e2dd5293c8d185b0954cbbce022c52b8769658af78""},{""key"":[30,48,2],""candidate_count"":5,""sha256"":""0d2cdf5e35a6f2e28c8959989331d86e985493f497239d10587cf230c26d29f3""},{""key"":[30,48,6],""candidate_count"":4,""sha256"":""d02b9025a83c91b10b39194ad999f9bea6845e5c43801c867cafa4252458846f""},{""key"":[39,46,4],""candidate_count"":2,""sha256"":""c3ed82721825e027084b1973fa2f783de5f87c226dc52a3d7ba7223bcba3d265""},{""key"":[39,46,8],""candidate_count"":6,""sha256"":""ed85fa7f48bbc6cc68a37d2e262dbd883d25dd49670f63bb54762ebadfee84e9""},{""key"":[39,46,12],""candidate_count"":7,""sha256"":""9050d2fbb8d3452b2a230d1b1bfec315709ce1d7538711cc7fe8a57fdc43d10a""},{""key"":[39,46,16],""candidate_count"":2,""sha256"":""17aa9b054debb8fc54844f880433b6b7caa51336784e25273d7c935da114b680""}]","[{""key"":[12,3,1],""started_at"":1.0,""closed_at"":3.0,""candidate_paths"":[[12,7,3],[12,8,3],[12,15,3],[12,16,36,3]],""selected_path"":[12,7,3]},{""key"":[23,29,3],""started_at"":10.132530012523022,""closed_at"":12.132530012523022,""candidate_paths"":[[23,22,37,29],[23,22,46,29],[23,29],[23,35,21,29],[23,35,29]],""selected_path"":[23,29]},{""key"":[23,29,7],""started_at"":90.5960838901376,""closed_at"":92.5960838901376,""candidate_paths"":[[23,18,6,29],[23,18,21,29],[23,18,46,29],[23,29],[23,33,29],[23,38,13,29]],""selected_path"":[23,29]},{""key"":[23,29,11],""started_at"":123.21509914957377,""closed_at"":125.21509914957377,""candidate_paths"":[[23,2,29],[23,6,3,29],[23,18,49,29],[23,29],[23,38,29],[23,38,46,29]],""selected_path"":[23,38,29]},{""key"":[23,29,15],""started_at"":207.40263877832302,""closed_at"":209.40263877832302,""candidate_paths"":[[23,9,29],[23,13,38,29],[23,15,16,29],[23,15,21,29],[23,29],[23,44,37,29],[23,49,29]],""selected_path"":[23,29]},{""key"":[23,29,23],""started_at"":274.28027007895156,""closed_at"":276.28027007895156,""candidate_paths"":[[23,2,29],[23,7,16,29],[23,8,6,29],[23,21,29],[23,34,29],[23,47,29],[23,49,29]],""selected_path"":[23,2,29]},{""key"":[23,29,27],""started_at"":349.3938382001143,""closed_at"":351.3938382001143,""candidate_paths"":[[23,3,15,29],[23,8,29],[23,9,29],[23,20,17,29],[23,29],[23,49,21,29],[23,49,29]],""selected_path"":[23,29]},{""key"":[23,29,35],""started_at"":394.938272278064,""closed_at"":396.938272278064,""candidate_paths"":[[23,29],[23,49,6,29],[23,49,15,29],[23,49,21,29],[23,49,29]],""selected_path"":[23,29]},{""key"":[23,29,43],""started_at"":453.1121514158989,""closed_at"":455.1121514158989,""candidate_paths"":[[23,2,29],[23,9,29],[23,20,29],[23,26,14,29],[23,29],[23,36,29],[23,49,21,29],[23,49,29]],""selected_path"":[23,29]},{""key"":[30,48,2],""started_at"":2.390160328296516,""closed_at"":4.390160328296516,""candidate_paths"":[[30,9,48],[30,26,48],[30,31,48],[30,40,46,48],[30,42,28,48]],""selected_path"":[30,26,48]},{""key"":[30,48,6],""started_at"":44.9243274960102,""closed_at"":46.9243274960102,""candidate_paths"":[[30,1,48],[30,15,29,48],[30,23,48],[30,40,48]],""selected_path"":[30,1,48]},{""key"":[39,46,4],""started_at"":17.687138356398265,""closed_at"":19.687138356398265,""candidate_paths"":[[39,17,20,46],[39,22,46]],""selected_path"":[39,22,46]},{""key"":[39,46,8],""started_at"":109.26659572059071,""closed_at"":111.26659572059071,""candidate_paths"":[[39,0,48,46],[39,2,16,46],[39,21,46],[39,28,46],[39,29,49,46],[39,38,46]],""selected_path"":[39,28,46]},{""key"":[39,46,12],""started_at"":150.99129765094145,""closed_at"":152.99129765094145,""candidate_paths"":[[39,15,46],[39,18,4,46],[39,18,7,46],[39,18,35,46],[39,18,49,46],[39,43,46],[39,46]],""selected_path"":[39,46]},{""key"":[39,46,16],""started_at"":209.13303505356967,""closed_at"":211.13303505356967,""candidate_paths"":[[39,2,46],[39,14,46]],""selected_path"":[39,2,46]}]",49,0,4,4,4.9,668c018561fc4a691a7d8efa0d4da6bf8a9d0bc35bcca411d9c53fe5a17be6dc,7,2.75,0,connected-multihop,0.9,2,4,4,2.0,1,0,0,0.7333333333333333,0.027210884353741496,0,0.0,0.1556859442368379,0.9918970401673821,0.9999745730362483,0.9999999758021579,0.9999999999999697,0.24326530612244898,0.08571428571428572
ett-mesh,40,600.0,49,49,0,0.22449,0.22449,0.0,1.709591,1.618036,1.709591,2.287744,2.431616,11,11,0,787,18,769,14,56.613632,20.923258,0.034872,22.418998,88.121571,110.540569,10.049143,5.146694,1.618036,5776,32787,38563,0.149781,27124,0.703369,3122,0,735,20,15,11,3,46,0,11,0.896621,0.977128,0,0,0.0,-1,0,0,0,icc2027_generalization_stale_fading_short_ttl,50,8250.0,4.0,unicast,poisson,0,15,81,15,"[{""key"":[12,3,1],""candidate_count"":4,""sha256"":""cc012f97974aa9d93a2218f28e8db5d7ab2d6bbc259f87e947684a87fa126ea8""},{""key"":[23,29,3],""candidate_count"":5,""sha256"":""5dea46dc58aa6dbb68d0d27078b461fa8a586c6f55e2115142154b1f2f51f02a""},{""key"":[23,29,7],""candidate_count"":6,""sha256"":""38ac590fca17b1ad56661afe7ad7df860d76c35e516fd4bd0745069015607960""},{""key"":[23,29,11],""candidate_count"":6,""sha256"":""a2d65306f163887a064c3b746b0ce7da174bc5e84febcac1108d608ee31ce70b""},{""key"":[23,29,15],""candidate_count"":7,""sha256"":""e781086cd565ba6dcc9e9ad30c9170533e901f8879339e9130bc2602a605b338""},{""key"":[23,29,23],""candidate_count"":7,""sha256"":""dcb37d7712488f9200a57469b6e495ac8c900410da7ab4c17fb6d5be299517f9""},{""key"":[23,29,27],""candidate_count"":7,""sha256"":""0899edd4e6f553b25172351007e85dfee2a66a04f323dd9782d4b16e243bc2fc""},{""key"":[23,29,35],""candidate_count"":5,""sha256"":""673490398a5b994e08ed3cae7f607e64602a3b81593358ddb7548a13de1cb729""},{""key"":[23,29,43],""candidate_count"":8,""sha256"":""cc085a9f623cfd6b9e6184e2dd5293c8d185b0954cbbce022c52b8769658af78""},{""key"":[30,48,2],""candidate_count"":5,""sha256"":""0d2cdf5e35a6f2e28c8959989331d86e985493f497239d10587cf230c26d29f3""},{""key"":[30,48,6],""candidate_count"":4,""sha256"":""d02b9025a83c91b10b39194ad999f9bea6845e5c43801c867cafa4252458846f""},{""key"":[39,46,4],""candidate_count"":2,""sha256"":""c3ed82721825e027084b1973fa2f783de5f87c226dc52a3d7ba7223bcba3d265""},{""key"":[39,46,8],""candidate_count"":6,""sha256"":""ed85fa7f48bbc6cc68a37d2e262dbd883d25dd49670f63bb54762ebadfee84e9""},{""key"":[39,46,12],""candidate_count"":7,""sha256"":""9050d2fbb8d3452b2a230d1b1bfec315709ce1d7538711cc7fe8a57fdc43d10a""},{""key"":[39,46,16],""candidate_count"":2,""sha256"":""17aa9b054debb8fc54844f880433b6b7caa51336784e25273d7c935da114b680""}]","[{""key"":[12,3,1],""started_at"":1.0,""closed_at"":3.0,""candidate_paths"":[[12,7,3],[12,8,3],[12,15,3],[12,16,36,3]],""selected_path"":[12,7,3]},{""key"":[23,29,3],""started_at"":10.132530012523022,""closed_at"":12.132530012523022,""candidate_paths"":[[23,22,37,29],[23,22,46,29],[23,29],[23,35,21,29],[23,35,29]],""selected_path"":[23,29]},{""key"":[23,29,7],""started_at"":90.5960838901376,""closed_at"":92.5960838901376,""candidate_paths"":[[23,18,6,29],[23,18,21,29],[23,18,46,29],[23,29],[23,33,29],[23,38,13,29]],""selected_path"":[23,29]},{""key"":[23,29,11],""started_at"":123.21509914957377,""closed_at"":125.21509914957377,""candidate_paths"":[[23,2,29],[23,6,3,29],[23,18,49,29],[23,29],[23,38,29],[23,38,46,29]],""selected_path"":[23,38,29]},{""key"":[23,29,15],""started_at"":207.40263877832302,""closed_at"":209.40263877832302,""candidate_paths"":[[23,9,29],[23,13,38,29],[23,15,16,29],[23,15,21,29],[23,29],[23,44,37,29],[23,49,29]],""selected_path"":[23,29]},{""key"":[23,29,23],""started_at"":274.28027007895156,""closed_at"":276.28027007895156,""candidate_paths"":[[23,2,29],[23,7,16,29],[23,8,6,29],[23,21,29],[23,34,29],[23,47,29],[23,49,29]],""selected_path"":[23,2,29]},{""key"":[23,29,27],""started_at"":349.3938382001143,""closed_at"":351.3938382001143,""candidate_paths"":[[23,3,15,29],[23,8,29],[23,9,29],[23,20,17,29],[23,29],[23,49,21,29],[23,49,29]],""selected_path"":[23,29]},{""key"":[23,29,35],""started_at"":394.938272278064,""closed_at"":396.938272278064,""candidate_paths"":[[23,29],[23,49,6,29],[23,49,15,29],[23,49,21,29],[23,49,29]],""selected_path"":[23,29]},{""key"":[23,29,43],""started_at"":453.1121514158989,""closed_at"":455.1121514158989,""candidate_paths"":[[23,2,29],[23,9,29],[23,20,29],[23,26,14,29],[23,29],[23,36,29],[23,49,21,29],[23,49,29]],""selected_path"":[23,29]},{""key"":[30,48,2],""started_at"":2.390160328296516,""closed_at"":4.390160328296516,""candidate_paths"":[[30,9,48],[30,26,48],[30,31,48],[30,40,46,48],[30,42,28,48]],""selected_path"":[30,26,48]},{""key"":[30,48,6],""started_at"":44.9243274960102,""closed_at"":46.9243274960102,""candidate_paths"":[[30,1,48],[30,15,29,48],[30,23,48],[30,40,48]],""selected_path"":[30,1,48]},{""key"":[39,46,4],""started_at"":17.687138356398265,""closed_at"":19.687138356398265,""candidate_paths"":[[39,17,20,46],[39,22,46]],""selected_path"":[39,22,46]},{""key"":[39,46,8],""started_at"":109.26659572059071,""closed_at"":111.26659572059071,""candidate_paths"":[[39,0,48,46],[39,2,16,46],[39,21,46],[39,28,46],[39,29,49,46],[39,38,46]],""selected_path"":[39,28,46]},{""key"":[39,46,12],""started_at"":150.99129765094145,""closed_at"":152.99129765094145,""candidate_paths"":[[39,15,46],[39,18,4,46],[39,18,7,46],[39,18,35,46],[39,18,49,46],[39,43,46],[39,46]],""selected_path"":[39,46]},{""key"":[39,46,16],""started_at"":209.13303505356967,""closed_at"":211.13303505356967,""candidate_paths"":[[39,2,46],[39,14,46]],""selected_path"":[39,2,46]}]",49,0,4,4,4.9,668c018561fc4a691a7d8efa0d4da6bf8a9d0bc35bcca411d9c53fe5a17be6dc,7,2.75,0,connected-multihop,0.9,2,4,4,2.0,1,0,0,0.7333333333333333,0.027210884353741496,0,0.0,0.1556859442368379,0.9918970401673821,0.9999745730362483,0.9999999758021579,0.9999999999999697,0.24326530612244898,0.08571428571428572
minhop-mesh,40,600.0,49,49,0,0.040816,0.040816,0.0,2.323712,2.215808,2.323712,2.28055,2.420826,2,2,0,514,7,507,3,36.975104,13.872695,0.023121,14.642141,57.853621,72.495762,36.247881,18.487552,2.215808,3568,21618,25186,0.141666,18254,0.724768,2233,0,490,14,10,6,0,49,0,6,0.839313,0.986381,0,0,0.0,-1,0,0,0,icc2027_generalization_stale_fading_short_ttl,50,8250.0,4.0,unicast,poisson,0,10,55,10,"[{""key"":[12,3,1],""candidate_count"":6,""sha256"":""1fa96bb1a5eb07b92905333c84d304927d0c6b051d4b2b23d67b57d3b755fb67""},{""key"":[23,29,3],""candidate_count"":6,""sha256"":""e88b09eef7c26093165f383162e927b1f05e1cbea2554c116d69638711e70717""},{""key"":[23,29,7],""candidate_count"":8,""sha256"":""69e6fa0c1f0a8a1bd1fbbc6b5a5c2e50ce10ccef389d8f9832c208c180b80987""},{""key"":[23,29,11],""candidate_count"":5,""sha256"":""1a160e2865d088d577a20b7a0c2ca7daa70cc0e38b97dc5dbb866aad4fe0fa91""},{""key"":[23,29,15],""candidate_count"":7,""sha256"":""bc7b5e553da0032eb41f1b66d972e1cd4f47bb54b3ef6cc38932ca7dc5bf658d""},{""key"":[30,48,2],""candidate_count"":6,""sha256"":""0ea87a41226c1a131f9e9ea66230c374f51c0e2075ced6ca01e4be18355e7231""},{""key"":[39,46,4],""candidate_count"":4,""sha256"":""4c071ac530a04d2e1d90440b77eeb6a7cee965c1c65915131a19eafecc303621""},{""key"":[39,46,8],""candidate_count"":4,""sha256"":""90a8542029a39eb817b0871fd2e008ab55a38513459d60baaaa39e7b0df346c8""},{""key"":[39,46,12],""candidate_count"":6,""sha256"":""1468daafb8fe347be67375052af6bd3f2d35b8662df7714c9d41251f79635394""},{""key"":[39,46,16],""candidate_count"":3,""sha256"":""190b441b3d6d85869ac71b3efad31c80eed15f28e844641829c393dc6cbc6664""}]","[{""key"":[12,3,1],""started_at"":1.0,""closed_at"":3.0,""candidate_paths"":[[12,7,3],[12,8,3],[12,15,3],[12,16,36,3],[12,37,17,3],[12,46,3]],""selected_path"":[12,8,3]},{""key"":[23,29,3],""started_at"":10.132530012523022,""closed_at"":12.132530012523022,""candidate_paths"":[[23,2,21,29],[23,8,29],[23,15,29],[23,20,29],[23,29],[23,49,29]],""selected_path"":[23,29]},{""key"":[23,29,7],""started_at"":90.5960838901376,""closed_at"":92.5960838901376,""candidate_paths"":[[23,2,16,29],[23,9,29],[23,28,6,29],[23,28,47,29],[23,29],[23,38,29],[23,43,29],[23,49,29]],""selected_path"":[23,29]},{""key"":[23,29,11],""started_at"":123.21509914957377,""closed_at"":125.21509914957377,""candidate_paths"":[[23,8,29],[23,9,29],[23,9,46,29],[23,9,49,29],[23,35,29]],""selected_path"":[23,35,29]},{""key"":[23,29,15],""started_at"":207.40263877832302,""closed_at"":209.40263877832302,""candidate_paths"":[[23,6,16,29],[23,9,29],[23,29],[23,32,13,29],[23,33,38,29],[23,44,29],[23,49,29]],""selected_path"":[23,29]},{""key"":[30,48,2],""started_at"":2.390160328296516,""closed_at"":4.390160328296516,""candidate_paths"":[[30,1,23,48],[30,1,28,48],[30,1,48],[30,26,35,48],[30,26,48],[30,42,48]],""selected_path"":[30,26,48]},{""key"":[39,46,4],""started_at"":17.687138356398265,""closed_at"":19.687138356398265,""candidate_paths"":[[39,15,46],[39,16,46],[39,31,45,46],[39,35,46]],""selected_path"":[39,15,46]},{""key"":[39,46,8],""started_at"":109.26659572059071,""closed_at"":111.26659572059071,""candidate_paths"":[[39,13,21,46],[39,14,46],[39,15,46],[39,20,49,46]],""selected_path"":[39,15,46]},{""key"":[39,46,12],""started_at"":150.99129765094145,""closed_at"":152.99129765094145,""candidate_paths"":[[39,15,46],[39,22,38,46],[39,29,46],[39,43,7,46],[39,43,46],[39,46]],""selected_path"":[39,46]},{""key"":[39,46,16],""started_at"":209.13303505356967,""closed_at"":211.13303505356967,""candidate_paths"":[[39,2,46],[39,14,25,46],[39,45,46]],""selected_path"":[39,2,46]}]",49,0,4,4,4.9,668c018561fc4a691a7d8efa0d4da6bf8a9d0bc35bcca411d9c53fe5a17be6dc,7,2.75,0,connected-multihop,0.9,2,4,4,2.0,1,0,0,0.6,0.02857142857142857,0,0.0,0.1556859442368379,0.9918970401673821,0.9999745730362483,0.9999999758021579,0.9999999999999697,0.24326530612244898,0.08571428571428572
meshecho,40,600.0,49,49,0,0.306122,0.306122,0.0,1.954884,1.830195,1.954884,2.431616,2.647424,15,15,0,916,28,888,26,65.893376,26.099665,0.043499,26.093777,102.68706,128.780836,8.585389,4.392892,1.830195,7869,37015,44884,0.175319,30264,0.674271,3729,0,833,29,17,14,3,46,0,13,0.843237,0.969432,0,0,0.0,-1,0,0,0,icc2027_generalization_stale_fading_short_ttl,50,8250.0,4.0,unicast,poisson,0,17,95,17,"[{""key"":[12,3,1],""candidate_count"":6,""sha256"":""550a4be4daf1e24feb798ba1e05bf1bd82ab7e5ec16b71feec7dbee4ebebc3fb""},{""key"":[23,29,3],""candidate_count"":5,""sha256"":""f6c9b2c16de2819cb124c97efbd1a87ea6f624b5f1c6db32c6989594bdde42c2""},{""key"":[23,29,7],""candidate_count"":5,""sha256"":""f809679fcf7209fc20b054b3740b75e2e79a9c202b997de6e797d3b1b90d28b9""},{""key"":[23,29,11],""candidate_count"":3,""sha256"":""561883975b6f7475906bdc06d3d19c978bbd19b95b64e64f8f6c7ae01753f70b""},{""key"":[23,29,15],""candidate_count"":7,""sha256"":""84d4ba822f7f2ccd63a35c6d86e7340bb2c793f7b8ded3343ae3fe031e7e282a""},{""key"":[23,29,23],""candidate_count"":6,""sha256"":""f09c6856a4b8111e5d4241d953ddfa87b2e414e74de554a1c77a975808d61eab""},{""key"":[23,29,27],""candidate_count"":8,""sha256"":""1288d28effa690b971218150d949bf9f36e7a7025484d72a657abca476723445""},{""key"":[23,29,35],""candidate_count"":6,""sha256"":""41a22fd3e259013457833e6687d991249519c7f7695ee980da4d6c50fa054232""},{""key"":[23,29,43],""candidate_count"":9,""sha256"":""b7da334e02073c943d0ddc6179f05bbe3b2e26315c17213a6d135640de287422""},{""key"":[23,29,47],""candidate_count"":5,""sha256"":""d7821d4fff687d0b526ba57f49a5d117983aff4e6ae2b4c29812d44225ef05fe""},{""key"":[30,48,2],""candidate_count"":6,""sha256"":""601ac9761c5939140ec0172d56fbf319ecd18cd9548d54b5e0785de651614c03""},{""key"":[30,48,6],""candidate_count"":5,""sha256"":""36e0ccceb5d11fc225d089846b5ef84e058bdfdd11a3dbaab4a3997eda392fbb""},{""key"":[30,48,10],""candidate_count"":5,""sha256"":""9f9c48bd545dec56f05b2ae5d1c07cc6171b180cef73cef6fc67a6eb4e27f386""},{""key"":[30,48,14],""candidate_count"":7,""sha256"":""c9f3c4fd8f8f0f1be70fec8c523784bc82576358f5755fdab809273756bb596f""},{""key"":[39,46,4],""candidate_count"":3,""sha256"":""5ae63b1fd6d332d13b482db2bce0bf39994edd54da13641ce134283b44c88ffe""},{""key"":[39,46,8],""candidate_count"":4,""sha256"":""8c3bacde4ee8776c44439a10c1f73480315a72677a668135b248e71fe3da3a37""},{""key"":[39,46,12],""candidate_count"":5,""sha256"":""e068fe0fd20920e16f4aef4540d4c65cb01622474aa13479903f2a2b3d7aac11""}]","[{""key"":[12,3,1],""started_at"":1.0,""closed_at"":3.0,""candidate_paths"":[[12,7,3],[12,8,3],[12,15,3],[12,16,36,3],[12,24,19,3],[12,37,17,3]],""selected_path"":[12,8,3]},{""key"":[23,29,3],""started_at"":10.132530012523022,""closed_at"":12.132530012523022,""candidate_paths"":[[23,2,21,29],[23,15,29],[23,20,29],[23,29],[23,49,29]],""selected_path"":[23,29]},{""key"":[23,29,7],""started_at"":90.5960838901376,""closed_at"":92.5960838901376,""candidate_paths"":[[23,18,6,29],[23,29],[23,33,29],[23,36,29],[23,49,3,29]],""selected_path"":[23,29]},{""key"":[23,29,11],""started_at"":123.21509914957377,""closed_at"":125.21509914957377,""candidate_paths"":[[23,6,16,29],[23,15,49,29],[23,36,3,29]],""selected_path"":[23,6,16,29]},{""key"":[23,29,15],""started_at"":207.40263877832302,""closed_at"":209.40263877832302,""candidate_paths"":[[23,2,21,29],[23,6,15,29],[23,9,29],[23,18,22,29],[23,20,16,29],[23,29],[23,49,29]],""selected_path"":[23,49,29]},{""key"":[23,29,23],""started_at"":274.28027007895156,""closed_at"":276.28027007895156,""candidate_paths"":[[23,4,3,29],[23,14,46,29],[23,36,6,29],[23,44,13,38,29],[23,45,29],[23,49,29]],""selected_path"":[23,49,29]},{""key"":[23,29,27],""started_at"":349.3938382001143,""closed_at"":351.3938382001143,""candidate_paths"":[[23,9,29],[23,13,21,29],[23,13,29],[23,20,17,29],[23,29],[23,36,15,29],[23,36,16,29],[23,49,29]],""selected_path"":[23,29]},{""key"":[23,29,35],""started_at"":394.938272278064,""closed_at"":396.938272278064,""candidate_paths"":[[23,9,29],[23,21,29],[23,29],[23,32,29],[23,49,6,29],[23,49,29]],""selected_path"":[23,29]},{""key"":[23,29,43],""started_at"":453.1121514158989,""closed_at"":455.1121514158989,""candidate_paths"":[[23,2,29],[23,7,29],[23,17,9,29],[23,20,29],[23,29],[23,33,29],[23,36,8,29],[23,36,16,29],[23,49,29]],""selected_path"":[23,29]},{""key"":[23,29,47],""started_at"":531.6686608383256,""closed_at"":533.6686608383256,""candidate_paths"":[[23,17,29],[23,22,37,29],[23,28,21,29],[23,47,46,29],[23,49,29]],""selected_path"":[23,49,29]},{""key"":[30,48,2],""started_at"":2.390160328296516,""closed_at"":4.390160328296516,""candidate_paths"":[[30,1,48],[30,6,36,48],[30,11,48],[30,42,28,48],[30,42,48],[30,44,10,48]],""selected_path"":[30,1,48]},{""key"":[30,48,6],""started_at"":44.9243274960102,""closed_at"":46.9243274960102,""candidate_paths"":[[30,1,48],[30,14,33,48],[30,27,35,48],[30,28,48],[30,40,48]],""selected_path"":[30,1,48]},{""key"":[30,48,10],""started_at"":115.24081193123378,""closed_at"":117.24081193123378,""candidate_paths"":[[30,1,48],[30,18,48],[30,20,7,48],[30,20,37,48],[30,33,28,48]],""selected_path"":[30,1,48]},{""key"":[30,48,14],""started_at"":187.35183591464934,""closed_at"":189.35183591464934,""candidate_paths"":[[30,1,48],[30,6,48],[30,18,4,48],[30,18,48],[30,42,48],[30,43,48],[30,47,7,48]],""selected_path"":[30,18,48]},{""key"":[39,46,4],""started_at"":17.687138356398265,""closed_at"":19.687138356398265,""candidate_paths"":[[39,18,7,46],[39,37,22,46],[39,40,45,46]],""selected_path"":[39,18,7,46]},{""key"":[39,46,8],""started_at"":109.26659572059071,""closed_at"":111.26659572059071,""candidate_paths"":[[39,2,16,46],[39,9,21,46],[39,9,49,46],[39,38,46]],""selected_path"":[39,38,46]},{""key"":[39,46,12],""started_at"":150.99129765094145,""closed_at"":152.99129765094145,""candidate_paths"":[[39,15,46],[39,15,49,46],[39,29,38,46],[39,32,7,46],[39,46]],""selected_path"":[39,46]}]",49,0,4,4,4.9,668c018561fc4a691a7d8efa0d4da6bf8a9d0bc35bcca411d9c53fe5a17be6dc,7,2.75,0,connected-multihop,0.9,2,4,4,2.0,1,1,1,0.8235294117647058,0.03481392557022809,0,2.0,0.1556859442368379,0.9918970401673821,0.9999745730362483,0.9999999758021579,0.9999999999999697,0.24326530612244898,0.08571428571428572
