protocol,seed,duration_s,flows,unicast_flows,broadcast_flows,unicast_pdr,destination_unicast_pdr,broadcast_coverage,avg_delay_s,unicast_delivery_delay_s,unicast_ack_delay_s,p95_unicast_delivery_delay_s,p95_unicast_ack_delay_s,unicast_deliveries,unicast_acks,broadcast_deliveries,tx_count,data_tx,control_tx,ack_tx,total_airtime_s,channel_busy_time_s,channel_busy_ratio,tx_energy_j,rx_energy_j,total_energy_j,energy_per_delivery_j,airtime_per_delivery_s,mean_delivery_delay_s,rx_success,rx_fail,rx_attempts,packet_reception_ratio,collision_fail,collision_rate,duplicate_rx,suppressed_forwards,route_requests,route_replies,route_cache_hits,route_cache_misses,fallback_forward_count,route_repair_count,mean_path_confidence,control_overhead_ratio,policy_switch_count,policy_update_count,policy_reward_total,active_profile_index,profile_lean_count,profile_balanced_count,profile_rescue_count,selected_path,final_cached_path,weak_link_shadowing_db,weak_edge,route_discovery_attempts,selected_confidence,final_cached_confidence,candidate_count,short_candidate_seen,long_candidate_seen,short_candidate_confidence,long_candidate_confidence,selected_route_class,case
meshecho-confidence,1,751.0,24,24,0,1.0,1.0,0.0,2.011552,1.2712,2.011552,0.740352,1.480704,24,24,0,153,72,81,72,37.757952,37.757952,0.050277,14.952149,7.700357,22.652506,0.943854,1.573248,1.2712,306,0,306,1.0,0,0.0,0,0,6,3,23,1,0,0,0.878377,0.529412,0,0,0.0,0,24,0,0,0-1-2-5,0-1-2-5,0.0,,1,0.905,0.905,2,1,1,0.905,0.83,short,null
meshecho-no-confidence,1,751.0,24,24,0,1.0,1.0,0.0,2.011552,1.2712,2.011552,0.740352,1.480704,24,24,0,153,72,81,72,37.757952,37.757952,0.050277,14.952149,7.700357,22.652506,0.943854,1.573248,1.2712,306,0,306,1.0,0,0.0,0,0,6,3,23,1,0,0,0.878377,0.529412,0,0,0.0,0,24,0,0,0-1-2-5,0-1-2-5,0.0,,1,0.905,0.905,2,1,1,0.905,0.83,short,null
meshecho-confidence,2,751.0,24,24,0,1.0,1.0,0.0,2.011552,1.2712,2.011552,0.740352,1.480704,24,24,0,153,72,81,72,37.757952,37.757952,0.050277,14.952149,7.700357,22.652506,0.943854,1.573248,1.2712,306,0,306,1.0,0,0.0,0,0,6,3,23,1,0,0,0.878377,0.529412,0,0,0.0,0,24,0,0,0-1-2-5,0-1-2-5,0.0,,1,0.905,0.905,2,1,1,0.905,0.83,short,null
meshecho-no-confidence,2,751.0,24,24,0,1.0,1.0,0.0,2.011552,1.2712,2.011552,0.740352,1.480704,24,24,0,153,72,81,72,37.757952,37.757952,0.050277,14.952149,7.700357,22.652506,0.943854,1.573248,1.2712,306,0,306,1.0,0,0.0,0,0,6,3,23,1,0,0,0.878377,0.529412,0,0,0.0,0,24,0,0,0-1-2-5,0-1-2-5,0.0,,1,0.905,0.905,2,1,1,0.905,0.83,short,null
meshecho-confidence,3,751.0,24,24,0,1.0,1.0,0.0,2.011552,1.2712,2.011552,0.740352,1.480704,24,24,0,153,72,81,72,37.757952,37.757952,0.050277,14.952149,7.700357,22.652506,0.943854,1.573248,1.2712,306,0,306,1.0,0,0.0,0,0,6,3,23,1,0,0,0.878377,0.529412,0,0,0.0,0,24,0,0,0-1-2-5,0-1-2-5,0.0,,1,0.905,0.905,2,1,1,0.905,0.83,short,null
meshecho-no-confidence,3,751.0,24,24,0,1.0,1.0,0.0,2.011552,1.2712,2.011552,0.740352,1.480704,24,24,0,153,72,81,72,37.757952,37.757952,0.050277,14.952149,7.700357,22.652506,0.943854,1.573248,1.2712,306,0,306,1.0,0,0.0,0,0,6,3,23,1,0,0,0.878377,0.529412,0,0,0.0,0,24,0,0,0-1-2-5,0-1-2-5,0.0,,1,0.905,0.905,2,1,1,0.905,0.83,short,null
meshecho-confidence,4,751.0,24,24,0,1.0,1.0,0.0,2.011552,1.2712,2.011552,0.740352,1.480704,24,24,0,153,72,81,72,37.757952,37.757952,0.050277,14.952149,7.700357,22.652506,0.943854,1.573248,1.2712,306,0,306,1.0,0,0.0,0,0,6,3,23,1,0,0,0.878377,0.529412,0,0,0.0,0,24,0,0,0-1-2-5,0-1-2-5,0.0,,1,0.905,0.905,2,1,1,0.905,0.83,short,null
meshecho-no-confidence,4,751.0,24,24,0,1.0,1.0,0.0,2.011552,1.2712,2.011552,0.740352,1.480704,24,24,0,153,72,81,72,37.757952,37.757952,0.050277,14.952149,7.700357,22.652506,0.943854,1.573248,1.2712,306,0,306,1.0,0,0.0,0,0,6,3,23,1,0,0,0.878377,0.529412,0,0,0.0,0,24,0,0,0-1-2-5,0-1-2-5,0.0,,1,0.905,0.905,2,1,1,0.905,0.83,short,null
meshecho-confidence,5,751.0,24,24,0,1.0,1.0,0.0,2.011552,1.2712,2.011552,0.740352,1.480704,24,24,0,153,72,81,72,37.757952,37.757952,0.050277,14.952149,7.700357,22.652506,0.943854,1.573248,1.2712,306,0,306,1.0,0,0.0,0,0,6,3,23,1,0,0,0.878377,0.529412,0,0,0.0,0,24,0,0,0-1-2-5,0-1-2-5,0.0,,1,0.905,0.905,2,1,1,0.905,0.83,short,null
meshecho-no-confidence,5,751.0,24,24,0,1.0,1.0,0.0,2.011552,1.2712,2.011552,0.740352,1.480704,24,24,0,153,72,81,72,37.757952,37.757952,0.050277,14.952149,7.700357,22.652506,0.943854,1.573248,1.2712,306,0,306,1.0,0,0.0,0,0,6,3,23,1,0,0,0.878377,0.529412,0,0,0.0,0,24,0,0,0-1-2-5,0-1-2-5,0.0,,1,0.905,0.905,2,1,1,0.905,0.83,short,null
meshecho-confidence,6,751.0,24,24,0,1.0,1.0,0.0,2.011552,1.2712,2.011552,0.740352,1.480704,24,24,0,153,72,81,72,37.757952,37.757952,0.050277,14.952149,7.700357,22.652506,0.943854,1.573248,1.2712,306,0,306,1.0,0,0.0,0,0,6,3,23,1,0,0,0.878377,0.529412,0,0,0.0,0,24,0,0,0-1-2-5,0-1-2-5,0.0,,1,0.905,0.905,2,1,1,0.905,0.83,short,null
meshecho-no-confidence,6,751.0,24,24,0,1.0,1.0,0.0,2.011552,1.2712,2.011552,0.740352,1.480704,24,24,0,153,72,81,72,37.757952,37.757952,0.050277,14.952149,7.700357,22.652506,0.943854,1.573248,1.2712,306,0,306,1.0,0,0.0,0,0,6,3,23,1,0,0,0.878377,0.529412,0,0,0.0,0,24,0,0,0-1-2-5,0-1-2-5,0.0,,1,0.905,0.905,2,1,1,0.905,0.83,short,null
meshecho-confidence,7,751.0,24,24,0,1.0,1.0,0.0,2.011552,1.2712,2.011552,0.740352,1.480704,24,24,0,153,72,81,72,37.757952,37.757952,0.050277,14.952149,7.700357,22.652506,0.943854,1.573248,1.2712,306,0,306,1.0,0,0.0,0,0,6,3,23,1,0,0,0.878377,0.529412,0,0,0.0,0,24,0,0,0-1-2-5,0-1-2-5,0.0,,1,0.905,0.905,2,1,1,0.905,0.83,short,null
meshecho-no-confidence,7,751.0,24,24,0,1.0,1.0,0.0,2.011552,1.2712,2.011552,0.740352,1.480704,24,24,0,153,72,81,72,37.757952,37.757952,0.050277,14.952149,7.700357,22.652506,0.943854,1.573248,1.2712,306,0,306,1.0,0,0.0,0,0,6,3,23,1,0,0,0.878377,0.529412,0,0,0.0,0,24,0,0,0-1-2-5,0-1-2-5,0.0,,1,0.905,0.905,2,1,1,0.905,0.83,short,null
meshecho-confidence,8,751.0,24,24,0,1.0,1.0,0.0,2.011552,1.2712,2.011552,0.740352,1.480704,24,24,0,153,72,81,72,37.757952,37.757952,0.050277,14.952149,7.700357,22.652506,0.943854,1.573248,1.2712,306,0,306,1.0,0,0.0,0,0,6,3,23,1,0,0,0.878377,0.529412,0,0,0.0,0,24,0,0,0-1-2-5,0-1-2-5,0.0,,1,0.905,0.905,2,1,1,0.905,0.83,short,null
meshecho-no-confidence,8,751.0,24,24,0,1.0,1.0,0.0,2.011552,1.2712,2.011552,0.740352,1.480704,24,24,0,153,72,81,72,37.757952,37.757952,0.050277,14.952149,7.700357,22.652506,0.943854,1.573248,1.2712,306,0,306,1.0,0,0.0,0,0,6,3,23,1,0,0,0.878377,0.529412,0,0,0.0,0,24,0,0,0-1-2-5,0-1-2-5,0.0,,1,0.905,0.905,2,1,1,0.905,0.83,short,null
meshecho-confidence,9,751.0,24,24,0,1.0,1.0,0.0,2.011552,1.2712,2.011552,0.740352,1.480704,24,24,0,153,72,81,72,37.757952,37.757952,0.050277,14.952149,7.700357,22.652506,0.943854,1.573248,1.2712,306,0,306,1.0,0,0.0,0,0,6,3,23,1,0,0,0.878377,0.529412,0,0,0.0,0,24,0,0,0-1-2-5,0-1-2-5,0.0,,1,0.905,0.905,2,1,1,0.905,0.83,short,null
meshecho-no-confidence,9,751.0,24,24,0,1.0,1.0,0.0,2.011552,1.2712,2.011552,0.740352,1.480704,24,24,0,153,72,81,72,37.757952,37.757952,0.050277,14.952149,7.700357,22.652506,0.943854,1.573248,1.2712,306,0,306,1.0,0,0.0,0,0,6,3,23,1,0,0,0.878377,0.529412,0,0,0.0,0,24,0,0,0-1-2-5,0-1-2-5,0.0,,1,0.905,0.905,2,1,1,0.905,0.83,short,null
meshecho-confidence,10,751.0,24,24,0,1.0,1.0,0.0,2.011552,1.2712,2.011552,0.740352,1.480704,24,24,0,153,72,81,72,37.757952,37.757952,0.050277,14.952149,7.700357,22.652506,0.943854,1.573248,1.2712,306,0,306,1.0,0,0.0,0,0,6,3,23,1,0,0,0.878377,0.529412,0,0,0.0,0,24,0,0,0-1-2-5,0-1-2-5,0.0,,1,0.905,0.905,2,1,1,0.905,0.83,short,null
meshecho-no-confidence,10,751.0,24,24,0,1.0,1.0,0.0,2.011552,1.2712,2.011552,0.740352,1.480704,24,24,0,153,72,81,72,37.757952,37.757952,0.050277,14.952149,7.700357,22.652506,0.943854,1.573248,1.2712,306,0,306,1.0,0,0.0,0,0,6,3,23,1,0,0,0.878377,0.529412,0,0,0.0,0,24,0,0,0-1-2-5,0-1-2-5,0.0,,1,0.905,0.905,2,1,1,0.905,0.83,short,null
meshecho-confidence,11,751.0,24,24,0,1.0,1.0,0.0,2.011552,1.2712,2.011552,0.740352,1.480704,24,24,0,153,72,81,72,37.757952,37.757952,0.050277,14.952149,7.700357,22.652506,0.943854,1.573248,1.2712,306,0,306,1.0,0,0.0,0,0,6,3,23,1,0,0,0.878377,0.529412,0,0,0.0,0,24,0,0,0-1-2-5,0-1-2-5,0.0,,1,0.905,0.905,2,1,1,0.905,0.83,short,null
meshecho-no-confidence,11,751.0,24,24,0,1.0,1.0,0.0,2.011552,1.2712,2.011552,0.740352,1.480704,24,24,0,153,72,81,72,37.757952,37.757952,0.050277,14.952149,7.700357,22.652506,0.943854,1.573248,1.2712,306,0,306,1.0,0,0.0,0,0,6,3,23,1,0,0,0.878377,0.529412,0,0,0.0,0,24,0,0,0-1-2-5,0-1-2-5,0.0,,1,0.905,0.905,2,1,1,0.905,0.83,short,null
meshecho-confidence,12,751.0,24,24,0,1.0,1.0,0.0,2.011552,1.2712,2.011552,0.740352,1.480704,24,24,0,153,72,81,72,37.757952,37.757952,0.050277,14.952149,7.700357,22.652506,0.943854,1.573248,1.2712,306,0,306,1.0,0,0.0,0,0,6,3,23,1,0,0,0.878377,0.529412,0,0,0.0,0,24,0,0,0-1-2-5,0-1-2-5,0.0,,1,0.905,0.905,2,1,1,0.905,0.83,short,null
meshecho-no-confidence,12,751.0,24,24,0,1.0,1.0,0.0,2.011552,1.2712,2.011552,0.740352,1.480704,24,24,0,153,72,81,72,37.757952,37.757952,0.050277,14.952149,7.700357,22.652506,0.943854,1.573248,1.2712,306,0,306,1.0,0,0.0,0,0,6,3,23,1,0,0,0.878377,0.529412,0,0,0.0,0,24,0,0,0-1-2-5,0-1-2-5,0.0,,1,0.905,0.905,2,1,1,0.905,0.83,short,null
meshecho-confidence,13,751.0,24,24,0,1.0,1.0,0.0,2.011552,1.2712,2.011552,0.740352,1.480704,24,24,0,153,72,81,72,37.757952,37.757952,0.050277,14.952149,7.700357,22.652506,0.943854,1.573248,1.2712,306,0,306,1.0,0,0.0,0,0,6,3,23,1,0,0,0.878377,0.529412,0,0,0.0,0,24,0,0,0-1-2-5,0-1-2-5,0.0,,1,0.905,0.905,2,1,1,0.905,0.83,short,null
meshecho-no-confidence,13,751.0,24,24,0,1.0,1.0,0.0,2.011552,1.2712,2.011552,0.740352,1.480704,24,24,0,153,72,81,72,37.757952,37.757952,0.050277,14.952149,7.700357,22.652506,0.943854,1.573248,1.2712,306,0,306,1.0,0,0.0,0,0,6,3,23,1,0,0,0.878377,0.529412,0,0,0.0,0,24,0,0,0-1-2-5,0-1-2-5,0.0,,1,0.905,0.905,2,1,1,0.905,0.83,short,null
meshecho-confidence,14,751.0,24,24,0,1.0,1.0,0.0,2.011552,1.2712,2.011552,0.740352,1.480704,24,24,0,153,72,81,72,37.757952,37.757952,0.050277,14.952149,7.700357,22.652506,0.943854,1.573248,1.2712,306,0,306,1.0,0,0.0,0,0,6,3,23,1,0,0,0.878377,0.529412,0,0,0.0,0,24,0,0,0-1-2-5,0-1-2-5,0.0,,1,0.905,0.905,2,1,1,0.905,0.83,short,null
meshecho-no-confidence,14,751.0,24,24,0,1.0,1.0,0.0,2.011552,1.2712,2.011552,0.740352,1.480704,24,24,0,153,72,81,72,37.757952,37.757952,0.050277,14.952149,7.700357,22.652506,0.943854,1.573248,1.2712,306,0,306,1.0,0,0.0,0,0,6,3,23,1,0,0,0.878377,0.529412,0,0,0.0,0,24,0,0,0-1-2-5,0-1-2-5,0.0,,1,0.905,0.905,2,1,1,0.905,0.83,short,null
meshecho-confidence,15,751.0,24,24,0,1.0,1.0,0.0,2.011552,1.2712,2.011552,0.740352,1.480704,24,24,0,153,72,81,72,37.757952,37.757952,0.050277,14.952149,7.700357,22.652506,0.943854,1.573248,1.2712,306,0,306,1.0,0,0.0,0,0,6,3,23,1,0,0,0.878377,0.529412,0,0,0.0,0,24,0,0,0-1-2-5,0-1-2-5,0.0,,1,0.905,0.905,2,1,1,0.905,0.83,short,null
meshecho-no-confidence,15,751.0,24,24,0,1.0,1.0,0.0,2.011552,1.2712,2.011552,0.740352,1.480704,24,24,0,153,72,81,72,37.757952,37.757952,0.050277,14.952149,7.700357,22.652506,0.943854,1.573248,1.2712,306,0,306,1.0,0,0.0,0,0,6,3,23,1,0,0,0.878377,0.529412,0,0,0.0,0,24,0,0,0-1-2-5,0-1-2-5,0.0,,1,0.905,0.905,2,1,1,0.905,0.83,short,null
meshecho-confidence,16,751.0,24,24,0,1.0,1.0,0.0,2.011552,1.2712,2.011552,0.740352,1.480704,24,24,0,153,72,81,72,37.757952,37.757952,0.050277,14.952149,7.700357,22.652506,0.943854,1.573248,1.2712,306,0,306,1.0,0,0.0,0,0,6,3,23,1,0,0,0.878377,0.529412,0,0,0.0,0,24,0,0,0-1-2-5,0-1-2-5,0.0,,1,0.905,0.905,2,1,1,0.905,0.83,short,null
meshecho-no-confidence,16,751.0,24,24,0,1.0,1.0,0.0,2.011552,1.2712,2.011552,0.740352,1.480704,24,24,0,153,72,81,72,37.757952,37.757952,0.050277,14.952149,7.700357,22.652506,0.943854,1.573248,1.2712,306,0,306,1.0,0,0.0,0,0,6,3,23,1,0,0,0.878377,0.529412,0,0,0.0,0,24,0,0,0-1-2-5,0-1-2-5,0.0,,1,0.905,0.905,2,1,1,0.905,0.83,short,null
meshecho-confidence,17,751.0,24,24,0,1.0,1.0,0.0,2.011552,1.2712,2.011552,0.740352,1.480704,24,24,0,153,72,81,72,37.757952,37.757952,0.050277,14.952149,7.700357,22.652506,0.943854,1.573248,1.2712,306,0,306,1.0,0,0.0,0,0,6,3,23,1,0,0,0.878377,0.529412,0,0,0.0,0,24,0,0,0-1-2-5,0-1-2-5,0.0,,1,0.905,0.905,2,1,1,0.905,0.83,short,null
meshecho-no-confidence,17,751.0,24,24,0,1.0,1.0,0.0,2.011552,1.2712,2.011552,0.740352,1.480704,24,24,0,153,72,81,72,37.757952,37.757952,0.050277,14.952149,7.700357,22.652506,0.943854,1.573248,1.2712,306,0,306,1.0,0,0.0,0,0,6,3,23,1,0,0,0.878377,0.529412,0,0,0.0,0,24,0,0,0-1-2-5,0-1-2-5,0.0,,1,0.905,0.905,2,1,1,0.905,0.83,short,null
meshecho-confidence,18,751.0,24,24,0,1.0,1.0,0.0,2.011552,1.2712,2.011552,0.740352,1.480704,24,24,0,153,72,81,72,37.757952,37.757952,0.050277,14.952149,7.700357,22.652506,0.943854,1.573248,1.2712,306,0,306,1.0,0,0.0,0,0,6,3,23,1,0,0,0.878377,0.529412,0,0,0.0,0,24,0,0,0-1-2-5,0-1-2-5,0.0,,1,0.905,0.905,2,1,1,0.905,0.83,short,null
meshecho-no-confidence,18,751.0,24,24,0,1.0,1.0,0.0,2.011552,1.2712,2.011552,0.740352,1.480704,24,24,0,153,72,81,72,37.757952,37.757952,0.050277,14.952149,7.700357,22.652506,0.943854,1.573248,1.2712,306,0,306,1.0,0,0.0,0,0,6,3,23,1,0,0,0.878377,0.529412,0,0,0.0,0,24,0,0,0-1-2-5,0-1-2-5,0.0,,1,0.905,0.905,2,1,1,0.905,0.83,short,null
meshecho-confidence,19,751.0,24,24,0,1.0,1.0,0.0,2.011552,1.2712,2.011552,0.740352,1.480704,24,24,0,153,72,81,72,37.757952,37.757952,0.050277,14.952149,7.700357,22.652506,0.943854,1.573248,1.2712,306,0,306,1.0,0,0.0,0,0,6,3,23,1,0,0,0.878377,0.529412,0,0,0.0,0,24,0,0,0-1-2-5,0-1-2-5,0.0,,1,0.905,0.905,2,1,1,0.905,0.83,short,null
meshecho-no-confidence,19,751.0,24,24,0,1.0,1.0,0.0,2.011552,1.2712,2.011552,0.740352,1.480704,24,24,0,153,72,81,72,37.757952,37.757952,0.050277,14.952149,7.700357,22.652506,0.943854,1.573248,1.2712,306,0,306,1.0,0,0.0,0,0,6,3,23,1,0,0,0.878377,0.529412,0,0,0.0,0,24,0,0,0-1-2-5,0-1-2-5,0.0,,1,0.905,0.905,2,1,1,0.905,0.83,short,null
meshecho-confidence,20,751.0,24,24,0,1.0,1.0,0.0,2.011552,1.2712,2.011552,0.740352,1.480704,24,24,0,153,72,81,72,37.757952,37.757952,0.050277,14.952149,7.700357,22.652506,0.943854,1.573248,1.2712,306,0,306,1.0,0,0.0,0,0,6,3,23,1,0,0,0.878377,0.529412,0,0,0.0,0,24,0,0,0-1-2-5,0-1-2-5,0.0,,1,0.905,0.905,2,1,1,0.905,0.83,short,null
meshecho-no-confidence,20,751.0,24,24,0,1.0,1.0,0.0,2.011552,1.2712,2.011552,0.740352,1.480704,24,24,0,153,72,81,72,37.757952,37.757952,0.050277,14.952149,7.700357,22.652506,0.943854,1.573248,1.2712,306,0,306,1.0,0,0.0,0,0,6,3,23,1,0,0,0.878377,0.529412,0,0,0.0,0,24,0,0,0-1-2-5,0-1-2-5,0.0,,1,0.905,0.905,2,1,1,0.905,0.83,short,null
meshecho-confidence,21,751.0,24,24,0,1.0,1.0,0.0,2.011552,1.2712,2.011552,0.740352,1.480704,24,24,0,153,72,81,72,37.757952,37.757952,0.050277,14.952149,7.700357,22.652506,0.943854,1.573248,1.2712,306,0,306,1.0,0,0.0,0,0,6,3,23,1,0,0,0.878377,0.529412,0,0,0.0,0,24,0,0,0-1-2-5,0-1-2-5,0.0,,1,0.905,0.905,2,1,1,0.905,0.83,short,null
meshecho-no-confidence,21,751.0,24,24,0,1.0,1.0,0.0,2.011552,1.2712,2.011552,0.740352,1.480704,24,24,0,153,72,81,72,37.757952,37.757952,0.050277,14.952149,7.700357,22.652506,0.943854,1.573248,1.2712,306,0,306,1.0,0,0.0,0,0,6,3,23,1,0,0,0.878377,0.529412,0,0,0.0,0,24,0,0,0-1-2-5,0-1-2-5,0.0,,1,0.905,0.905,2,1,1,0.905,0.83,short,null
meshecho-confidence,22,751.0,24,24,0,1.0,1.0,0.0,2.011552,1.2712,2.011552,0.740352,1.480704,24,24,0,153,72,81,72,37.757952,37.757952,0.050277,14.952149,7.700357,22.652506,0.943854,1.573248,1.2712,306,0,306,1.0,0,0.0,0,0,6,3,23,1,0,0,0.878377,0.529412,0,0,0.0,0,24,0,0,0-1-2-5,0-1-2-5,0.0,,1,0.905,0.905,2,1,1,0.905,0.83,short,null
meshecho-no-confidence,22,751.0,24,24,0,1.0,1.0,0.0,2.011552,1.2712,2.011552,0.740352,1.480704,24,24,0,153,72,81,72,37.757952,37.757952,0.050277,14.952149,7.700357,22.652506,0.943854,1.573248,1.2712,306,0,306,1.0,0,0.0,0,0,6,3,23,1,0,0,0.878377,0.529412,0,0,0.0,0,24,0,0,0-1-2-5,0-1-2-5,0.0,,1,0.905,0.905,2,1,1,0.905,0.83,short,null
meshecho-confidence,23,751.0,24,24,0,1.0,1.0,0.0,2.011552,1.2712,2.011552,0.740352,1.480704,24,24,0,153,72,81,72,37.757952,37.757952,0.050277,14.952149,7.700357,22.652506,0.943854,1.573248,1.2712,306,0,306,1.0,0,0.0,0,0,6,3,23,1,0,0,0.878377,0.529412,0,0,0.0,0,24,0,0,0-1-2-5,0-1-2-5,0.0,,1,0.905,0.905,2,1,1,0.905,0.83,short,null
meshecho-no-confidence,23,751.0,24,24,0,1.0,1.0,0.0,2.011552,1.2712,2.011552,0.740352,1.480704,24,24,0,153,72,81,72,37.757952,37.757952,0.050277,14.952149,7.700357,22.652506,0.943854,1.573248,1.2712,306,0,306,1.0,0,0.0,0,0,6,3,23,1,0,0,0.878377,0.529412,0,0,0.0,0,24,0,0,0-1-2-5,0-1-2-5,0.0,,1,0.905,0.905,2,1,1,0.905,0.83,short,null
meshecho-confidence,24,751.0,24,24,0,1.0,1.0,0.0,2.011552,1.2712,2.011552,0.740352,1.480704,24,24,0,153,72,81,72,37.757952,37.757952,0.050277,14.952149,7.700357,22.652506,0.943854,1.573248,1.2712,306,0,306,1.0,0,0.0,0,0,6,3,23,1,0,0,0.878377,0.529412,0,0,0.0,0,24,0,0,0-1-2-5,0-1-2-5,0.0,,1,0.905,0.905,2,1,1,0.905,0.83,short,null
meshecho-no-confidence,24,751.0,24,24,0,1.0,1.0,0.0,2.011552,1.2712,2.011552,0.740352,1.480704,24,24,0,153,72,81,72,37.757952,37.757952,0.050277,14.952149,7.700357,22.652506,0.943854,1.573248,1.2712,306,0,306,1.0,0,0.0,0,0,6,3,23,1,0,0,0.878377,0.529412,0,0,0.0,0,24,0,0,0-1-2-5,0-1-2-5,0.0,,1,0.905,0.905,2,1,1,0.905,0.83,short,null
meshecho-confidence,25,751.0,24,24,0,1.0,1.0,0.0,2.011552,1.2712,2.011552,0.740352,1.480704,24,24,0,153,72,81,72,37.757952,37.757952,0.050277,14.952149,7.700357,22.652506,0.943854,1.573248,1.2712,306,0,306,1.0,0,0.0,0,0,6,3,23,1,0,0,0.878377,0.529412,0,0,0.0,0,24,0,0,0-1-2-5,0-1-2-5,0.0,,1,0.905,0.905,2,1,1,0.905,0.83,short,null
meshecho-no-confidence,25,751.0,24,24,0,1.0,1.0,0.0,2.011552,1.2712,2.011552,0.740352,1.480704,24,24,0,153,72,81,72,37.757952,37.757952,0.050277,14.952149,7.700357,22.652506,0.943854,1.573248,1.2712,306,0,306,1.0,0,0.0,0,0,6,3,23,1,0,0,0.878377,0.529412,0,0,0.0,0,24,0,0,0-1-2-5,0-1-2-5,0.0,,1,0.905,0.905,2,1,1,0.905,0.83,short,null
meshecho-confidence,26,751.0,24,24,0,1.0,1.0,0.0,2.011552,1.2712,2.011552,0.740352,1.480704,24,24,0,153,72,81,72,37.757952,37.757952,0.050277,14.952149,7.700357,22.652506,0.943854,1.573248,1.2712,306,0,306,1.0,0,0.0,0,0,6,3,23,1,0,0,0.878377,0.529412,0,0,0.0,0,24,0,0,0-1-2-5,0-1-2-5,0.0,,1,0.905,0.905,2,1,1,0.905,0.83,short,null
meshecho-no-confidence,26,751.0,24,24,0,1.0,1.0,0.0,2.011552,1.2712,2.011552,0.740352,1.480704,24,24,0,153,72,81,72,37.757952,37.757952,0.050277,14.952149,7.700357,22.652506,0.943854,1.573248,1.2712,306,0,306,1.0,0,0.0,0,0,6,3,23,1,0,0,0.878377,0.529412,0,0,0.0,0,24,0,0,0-1-2-5,0-1-2-5,0.0,,1,0.905,0.905,2,1,1,0.905,0.83,short,null
meshecho-confidence,27,751.0,24,24,0,1.0,1.0,0.0,2.011552,1.2712,2.011552,0.740352,1.480704,24,24,0,153,72,81,72,37.757952,37.757952,0.050277,14.952149,7.700357,22.652506,0.943854,1.573248,1.2712,306,0,306,1.0,0,0.0,0,0,6,3,23,1,0,0,0.878377,0.529412,0,0,0.0,0,24,0,0,0-1-2-5,0-1-2-5,0.0,,1,0.905,0.905,2,1,1,0.905,0.83,short,null
meshecho-no-confidence,27,751.0,24,24,0,1.0,1.0,0.0,2.011552,1.2712,2.011552,0.740352,1.480704,24,24,0,153,72,81,72,37.757952,37.757952,0.050277,14.952149,7.700357,22.652506,0.943854,1.573248,1.2712,306,0,306,1.0,0,0.0,0,0,6,3,23,1,0,0,0.878377,0.529412,0,0,0.0,0,24,0,0,0-1-2-5,0-1-2-5,0.0,,1,0.905,0.905,2,1,1,0.905,0.83,short,null
meshecho-confidence,28,751.0,24,24,0,1.0,1.0,0.0,2.011552,1.2712,2.011552,0.740352,1.480704,24,24,0,153,72,81,72,37.757952,37.757952,0.050277,14.952149,7.700357,22.652506,0.943854,1.573248,1.2712,306,0,306,1.0,0,0.0,0,0,6,3,23,1,0,0,0.878377,0.529412,0,0,0.0,0,24,0,0,0-1-2-5,0-1-2-5,0.0,,1,0.905,0.905,2,1,1,0.905,0.83,short,null
meshecho-no-confidence,28,751.0,24,24,0,1.0,1.0,0.0,2.011552,1.2712,2.011552,0.740352,1.480704,24,24,0,153,72,81,72,37.757952,37.757952,0.050277,14.952149,7.700357,22.652506,0.943854,1.573248,1.2712,306,0,306,1.0,0,0.0,0,0,6,3,23,1,0,0,0.878377,0.529412,0,0,0.0,0,24,0,0,0-1-2-5,0-1-2-5,0.0,,1,0.905,0.905,2,1,1,0.905,0.83,short,null
meshecho-confidence,29,751.0,24,24,0,1.0,1.0,0.0,2.011552,1.2712,2.011552,0.740352,1.480704,24,24,0,153,72,81,72,37.757952,37.757952,0.050277,14.952149,7.700357,22.652506,0.943854,1.573248,1.2712,306,0,306,1.0,0,0.0,0,0,6,3,23,1,0,0,0.878377,0.529412,0,0,0.0,0,24,0,0,0-1-2-5,0-1-2-5,0.0,,1,0.905,0.905,2,1,1,0.905,0.83,short,null
meshecho-no-confidence,29,751.0,24,24,0,1.0,1.0,0.0,2.011552,1.2712,2.011552,0.740352,1.480704,24,24,0,153,72,81,72,37.757952,37.757952,0.050277,14.952149,7.700357,22.652506,0.943854,1.573248,1.2712,306,0,306,1.0,0,0.0,0,0,6,3,23,1,0,0,0.878377,0.529412,0,0,0.0,0,24,0,0,0-1-2-5,0-1-2-5,0.0,,1,0.905,0.905,2,1,1,0.905,0.83,short,null
meshecho-confidence,30,751.0,24,24,0,1.0,1.0,0.0,2.011552,1.2712,2.011552,0.740352,1.480704,24,24,0,153,72,81,72,37.757952,37.757952,0.050277,14.952149,7.700357,22.652506,0.943854,1.573248,1.2712,306,0,306,1.0,0,0.0,0,0,6,3,23,1,0,0,0.878377,0.529412,0,0,0.0,0,24,0,0,0-1-2-5,0-1-2-5,0.0,,1,0.905,0.905,2,1,1,0.905,0.83,short,null
meshecho-no-confidence,30,751.0,24,24,0,1.0,1.0,0.0,2.011552,1.2712,2.011552,0.740352,1.480704,24,24,0,153,72,81,72,37.757952,37.757952,0.050277,14.952149,7.700357,22.652506,0.943854,1.573248,1.2712,306,0,306,1.0,0,0.0,0,0,6,3,23,1,0,0,0.878377,0.529412,0,0,0.0,0,24,0,0,0-1-2-5,0-1-2-5,0.0,,1,0.905,0.905,2,1,1,0.905,0.83,short,null
meshecho-confidence,31,751.0,24,24,0,1.0,1.0,0.0,2.011552,1.2712,2.011552,0.740352,1.480704,24,24,0,153,72,81,72,37.757952,37.757952,0.050277,14.952149,7.700357,22.652506,0.943854,1.573248,1.2712,306,0,306,1.0,0,0.0,0,0,6,3,23,1,0,0,0.878377,0.529412,0,0,0.0,0,24,0,0,0-1-2-5,0-1-2-5,0.0,,1,0.905,0.905,2,1,1,0.905,0.83,short,null
meshecho-no-confidence,31,751.0,24,24,0,1.0,1.0,0.0,2.011552,1.2712,2.011552,0.740352,1.480704,24,24,0,153,72,81,72,37.757952,37.757952,0.050277,14.952149,7.700357,22.652506,0.943854,1.573248,1.2712,306,0,306,1.0,0,0.0,0,0,6,3,23,1,0,0,0.878377,0.529412,0,0,0.0,0,24,0,0,0-1-2-5,0-1-2-5,0.0,,1,0.905,0.905,2,1,1,0.905,0.83,short,null
meshecho-confidence,32,751.0,24,24,0,1.0,1.0,0.0,2.011552,1.2712,2.011552,0.740352,1.480704,24,24,0,153,72,81,72,37.757952,37.757952,0.050277,14.952149,7.700357,22.652506,0.943854,1.573248,1.2712,306,0,306,1.0,0,0.0,0,0,6,3,23,1,0,0,0.878377,0.529412,0,0,0.0,0,24,0,0,0-1-2-5,0-1-2-5,0.0,,1,0.905,0.905,2,1,1,0.905,0.83,short,null
meshecho-no-confidence,32,751.0,24,24,0,1.0,1.0,0.0,2.011552,1.2712,2.011552,0.740352,1.480704,24,24,0,153,72,81,72,37.757952,37.757952,0.050277,14.952149,7.700357,22.652506,0.943854,1.573248,1.2712,306,0,306,1.0,0,0.0,0,0,6,3,23,1,0,0,0.878377,0.529412,0,0,0.0,0,24,0,0,0-1-2-5,0-1-2-5,0.0,,1,0.905,0.905,2,1,1,0.905,0.83,short,null
meshecho-confidence,33,751.0,24,24,0,1.0,1.0,0.0,2.011552,1.2712,2.011552,0.740352,1.480704,24,24,0,153,72,81,72,37.757952,37.757952,0.050277,14.952149,7.700357,22.652506,0.943854,1.573248,1.2712,306,0,306,1.0,0,0.0,0,0,6,3,23,1,0,0,0.878377,0.529412,0,0,0.0,0,24,0,0,0-1-2-5,0-1-2-5,0.0,,1,0.905,0.905,2,1,1,0.905,0.83,short,null
meshecho-no-confidence,33,751.0,24,24,0,1.0,1.0,0.0,2.011552,1.2712,2.011552,0.740352,1.480704,24,24,0,153,72,81,72,37.757952,37.757952,0.050277,14.952149,7.700357,22.652506,0.943854,1.573248,1.2712,306,0,306,1.0,0,0.0,0,0,6,3,23,1,0,0,0.878377,0.529412,0,0,0.0,0,24,0,0,0-1-2-5,0-1-2-5,0.0,,1,0.905,0.905,2,1,1,0.905,0.83,short,null
meshecho-confidence,34,751.0,24,24,0,1.0,1.0,0.0,2.011552,1.2712,2.011552,0.740352,1.480704,24,24,0,153,72,81,72,37.757952,37.757952,0.050277,14.952149,7.700357,22.652506,0.943854,1.573248,1.2712,306,0,306,1.0,0,0.0,0,0,6,3,23,1,0,0,0.878377,0.529412,0,0,0.0,0,24,0,0,0-1-2-5,0-1-2-5,0.0,,1,0.905,0.905,2,1,1,0.905,0.83,short,null
meshecho-no-confidence,34,751.0,24,24,0,1.0,1.0,0.0,2.011552,1.2712,2.011552,0.740352,1.480704,24,24,0,153,72,81,72,37.757952,37.757952,0.050277,14.952149,7.700357,22.652506,0.943854,1.573248,1.2712,306,0,306,1.0,0,0.0,0,0,6,3,23,1,0,0,0.878377,0.529412,0,0,0.0,0,24,0,0,0-1-2-5,0-1-2-5,0.0,,1,0.905,0.905,2,1,1,0.905,0.83,short,null
meshecho-confidence,35,751.0,24,24,0,1.0,1.0,0.0,2.011552,1.2712,2.011552,0.740352,1.480704,24,24,0,153,72,81,72,37.757952,37.757952,0.050277,14.952149,7.700357,22.652506,0.943854,1.573248,1.2712,306,0,306,1.0,0,0.0,0,0,6,3,23,1,0,0,0.878377,0.529412,0,0,0.0,0,24,0,0,0-1-2-5,0-1-2-5,0.0,,1,0.905,0.905,2,1,1,0.905,0.83,short,null
meshecho-no-confidence,35,751.0,24,24,0,1.0,1.0,0.0,2.011552,1.2712,2.011552,0.740352,1.480704,24,24,0,153,72,81,72,37.757952,37.757952,0.050277,14.952149,7.700357,22.652506,0.943854,1.573248,1.2712,306,0,306,1.0,0,0.0,0,0,6,3,23,1,0,0,0.878377,0.529412,0,0,0.0,0,24,0,0,0-1-2-5,0-1-2-5,0.0,,1,0.905,0.905,2,1,1,0.905,0.83,short,null
meshecho-confidence,36,751.0,24,24,0,1.0,1.0,0.0,2.011552,1.2712,2.011552,0.740352,1.480704,24,24,0,153,72,81,72,37.757952,37.757952,0.050277,14.952149,7.700357,22.652506,0.943854,1.573248,1.2712,306,0,306,1.0,0,0.0,0,0,6,3,23,1,0,0,0.878377,0.529412,0,0,0.0,0,24,0,0,0-1-2-5,0-1-2-5,0.0,,1,0.905,0.905,2,1,1,0.905,0.83,short,null
meshecho-no-confidence,36,751.0,24,24,0,1.0,1.0,0.0,2.011552,1.2712,2.011552,0.740352,1.480704,24,24,0,153,72,81,72,37.757952,37.757952,0.050277,14.952149,7.700357,22.652506,0.943854,1.573248,1.2712,306,0,306,1.0,0,0.0,0,0,6,3,23,1,0,0,0.878377,0.529412,0,0,0.0,0,24,0,0,0-1-2-5,0-1-2-5,0.0,,1,0.905,0.905,2,1,1,0.905,0.83,short,null
meshecho-confidence,37,751.0,24,24,0,1.0,1.0,0.0,2.011552,1.2712,2.011552,0.740352,1.480704,24,24,0,153,72,81,72,37.757952,37.757952,0.050277,14.952149,7.700357,22.652506,0.943854,1.573248,1.2712,306,0,306,1.0,0,0.0,0,0,6,3,23,1,0,0,0.878377,0.529412,0,0,0.0,0,24,0,0,0-1-2-5,0-1-2-5,0.0,,1,0.905,0.905,2,1,1,0.905,0.83,short,null
meshecho-no-confidence,37,751.0,24,24,0,1.0,1.0,0.0,2.011552,1.2712,2.011552,0.740352,1.480704,24,24,0,153,72,81,72,37.757952,37.757952,0.050277,14.952149,7.700357,22.652506,0.943854,1.573248,1.2712,306,0,306,1.0,0,0.0,0,0,6,3,23,1,0,0,0.878377,0.529412,0,0,0.0,0,24,0,0,0-1-2-5,0-1-2-5,0.0,,1,0.905,0.905,2,1,1,0.905,0.83,short,null
meshecho-confidence,38,751.0,24,24,0,1.0,1.0,0.0,2.011552,1.2712,2.011552,0.740352,1.480704,24,24,0,153,72,81,72,37.757952,37.757952,0.050277,14.952149,7.700357,22.652506,0.943854,1.573248,1.2712,306,0,306,1.0,0,0.0,0,0,6,3,23,1,0,0,0.878377,0.529412,0,0,0.0,0,24,0,0,0-1-2-5,0-1-2-5,0.0,,1,0.905,0.905,2,1,1,0.905,0.83,short,null
meshecho-no-confidence,38,751.0,24,24,0,1.0,1.0,0.0,2.011552,1.2712,2.011552,0.740352,1.480704,24,24,0,153,72,81,72,37.757952,37.757952,0.050277,14.952149,7.700357,22.652506,0.943854,1.573248,1.2712,306,0,306,1.0,0,0.0,0,0,6,3,23,1,0,0,0.878377,0.529412,0,0,0.0,0,24,0,0,0-1-2-5,0-1-2-5,0.0,,1,0.905,0.905,2,1,1,0.905,0.83,short,null
meshecho-confidence,39,751.0,24,24,0,1.0,1.0,0.0,2.011552,1.2712,2.011552,0.740352,1.480704,24,24,0,153,72,81,72,37.757952,37.757952,0.050277,14.952149,7.700357,22.652506,0.943854,1.573248,1.2712,306,0,306,1.0,0,0.0,0,0,6,3,23,1,0,0,0.878377,0.529412,0,0,0.0,0,24,0,0,0-1-2-5,0-1-2-5,0.0,,1,0.905,0.905,2,1,1,0.905,0.83,short,null
meshecho-no-confidence,39,751.0,24,24,0,1.0,1.0,0.0,2.011552,1.2712,2.011552,0.740352,1.480704,24,24,0,153,72,81,72,37.757952,37.757952,0.050277,14.952149,7.700357,22.652506,0.943854,1.573248,1.2712,306,0,306,1.0,0,0.0,0,0,6,3,23,1,0,0,0.878377,0.529412,0,0,0.0,0,24,0,0,0-1-2-5,0-1-2-5,0.0,,1,0.905,0.905,2,1,1,0.905,0.83,short,null
meshecho-confidence,40,751.0,24,24,0,1.0,1.0,0.0,2.011552,1.2712,2.011552,0.740352,1.480704,24,24,0,153,72,81,72,37.757952,37.757952,0.050277,14.952149,7.700357,22.652506,0.943854,1.573248,1.2712,306,0,306,1.0,0,0.0,0,0,6,3,23,1,0,0,0.878377,0.529412,0,0,0.0,0,24,0,0,0-1-2-5,0-1-2-5,0.0,,1,0.905,0.905,2,1,1,0.905,0.83,short,null
meshecho-no-confidence,40,751.0,24,24,0,1.0,1.0,0.0,2.011552,1.2712,2.011552,0.740352,1.480704,24,24,0,153,72,81,72,37.757952,37.757952,0.050277,14.952149,7.700357,22.652506,0.943854,1.573248,1.2712,306,0,306,1.0,0,0.0,0,0,6,3,23,1,0,0,0.878377,0.529412,0,0,0.0,0,24,0,0,0-1-2-5,0-1-2-5,0.0,,1,0.905,0.905,2,1,1,0.905,0.83,short,null
meshecho-confidence,41,751.0,24,24,0,1.0,1.0,0.0,2.011552,1.2712,2.011552,0.740352,1.480704,24,24,0,153,72,81,72,37.757952,37.757952,0.050277,14.952149,7.700357,22.652506,0.943854,1.573248,1.2712,306,0,306,1.0,0,0.0,0,0,6,3,23,1,0,0,0.878377,0.529412,0,0,0.0,0,24,0,0,0-1-2-5,0-1-2-5,0.0,,1,0.905,0.905,2,1,1,0.905,0.83,short,null
meshecho-no-confidence,41,751.0,24,24,0,1.0,1.0,0.0,2.011552,1.2712,2.011552,0.740352,1.480704,24,24,0,153,72,81,72,37.757952,37.757952,0.050277,14.952149,7.700357,22.652506,0.943854,1.573248,1.2712,306,0,306,1.0,0,0.0,0,0,6,3,23,1,0,0,0.878377,0.529412,0,0,0.0,0,24,0,0,0-1-2-5,0-1-2-5,0.0,,1,0.905,0.905,2,1,1,0.905,0.83,short,null
meshecho-confidence,42,751.0,24,24,0,1.0,1.0,0.0,2.011552,1.2712,2.011552,0.740352,1.480704,24,24,0,153,72,81,72,37.757952,37.757952,0.050277,14.952149,7.700357,22.652506,0.943854,1.573248,1.2712,306,0,306,1.0,0,0.0,0,0,6,3,23,1,0,0,0.878377,0.529412,0,0,0.0,0,24,0,0,0-1-2-5,0-1-2-5,0.0,,1,0.905,0.905,2,1,1,0.905,0.83,short,null
meshecho-no-confidence,42,751.0,24,24,0,1.0,1.0,0.0,2.011552,1.2712,2.011552,0.740352,1.480704,24,24,0,153,72,81,72,37.757952,37.757952,0.050277,14.952149,7.700357,22.652506,0.943854,1.573248,1.2712,306,0,306,1.0,0,0.0,0,0,6,3,23,1,0,0,0.878377,0.529412,0,0,0.0,0,24,0,0,0-1-2-5,0-1-2-5,0.0,,1,0.905,0.905,2,1,1,0.905,0.83,short,null
meshecho-confidence,43,751.0,24,24,0,1.0,1.0,0.0,2.011552,1.2712,2.011552,0.740352,1.480704,24,24,0,153,72,81,72,37.757952,37.757952,0.050277,14.952149,7.700357,22.652506,0.943854,1.573248,1.2712,306,0,306,1.0,0,0.0,0,0,6,3,23,1,0,0,0.878377,0.529412,0,0,0.0,0,24,0,0,0-1-2-5,0-1-2-5,0.0,,1,0.905,0.905,2,1,1,0.905,0.83,short,null
meshecho-no-confidence,43,751.0,24,24,0,1.0,1.0,0.0,2.011552,1.2712,2.011552,0.740352,1.480704,24,24,0,153,72,81,72,37.757952,37.757952,0.050277,14.952149,7.700357,22.652506,0.943854,1.573248,1.2712,306,0,306,1.0,0,0.0,0,0,6,3,23,1,0,0,0.878377,0.529412,0,0,0.0,0,24,0,0,0-1-2-5,0-1-2-5,0.0,,1,0.905,0.905,2,1,1,0.905,0.83,short,null
meshecho-confidence,44,751.0,24,24,0,1.0,1.0,0.0,2.011552,1.2712,2.011552,0.740352,1.480704,24,24,0,153,72,81,72,37.757952,37.757952,0.050277,14.952149,7.700357,22.652506,0.943854,1.573248,1.2712,306,0,306,1.0,0,0.0,0,0,6,3,23,1,0,0,0.878377,0.529412,0,0,0.0,0,24,0,0,0-1-2-5,0-1-2-5,0.0,,1,0.905,0.905,2,1,1,0.905,0.83,short,null
meshecho-no-confidence,44,751.0,24,24,0,1.0,1.0,0.0,2.011552,1.2712,2.011552,0.740352,1.480704,24,24,0,153,72,81,72,37.757952,37.757952,0.050277,14.952149,7.700357,22.652506,0.943854,1.573248,1.2712,306,0,306,1.0,0,0.0,0,0,6,3,23,1,0,0,0.878377,0.529412,0,0,0.0,0,24,0,0,0-1-2-5,0-1-2-5,0.0,,1,0.905,0.905,2,1,1,0.905,0.83,short,null
meshecho-confidence,45,751.0,24,24,0,1.0,1.0,0.0,2.011552,1.2712,2.011552,0.740352,1.480704,24,24,0,153,72,81,72,37.757952,37.757952,0.050277,14.952149,7.700357,22.652506,0.943854,1.573248,1.2712,306,0,306,1.0,0,0.0,0,0,6,3,23,1,0,0,0.878377,0.529412,0,0,0.0,0,24,0,0,0-1-2-5,0-1-2-5,0.0,,1,0.905,0.905,2,1,1,0.905,0.83,short,null
meshecho-no-confidence,45,751.0,24,24,0,1.0,1.0,0.0,2.011552,1.2712,2.011552,0.740352,1.480704,24,24,0,153,72,81,72,37.757952,37.757952,0.050277,14.952149,7.700357,22.652506,0.943854,1.573248,1.2712,306,0,306,1.0,0,0.0,0,0,6,3,23,1,0,0,0.878377,0.529412,0,0,0.0,0,24,0,0,0-1-2-5,0-1-2-5,0.0,,1,0.905,0.905,2,1,1,0.905,0.83,short,null
meshecho-confidence,46,751.0,24,24,0,1.0,1.0,0.0,2.011552,1.2712,2.011552,0.740352,1.480704,24,24,0,153,72,81,72,37.757952,37.757952,0.050277,14.952149,7.700357,22.652506,0.943854,1.573248,1.2712,306,0,306,1.0,0,0.0,0,0,6,3,23,1,0,0,0.878377,0.529412,0,0,0.0,0,24,0,0,0-1-2-5,0-1-2-5,0.0,,1,0.905,0.905,2,1,1,0.905,0.83,short,null
meshecho-no-confidence,46,751.0,24,24,0,1.0,1.0,0.0,2.011552,1.2712,2.011552,0.740352,1.480704,24,24,0,153,72,81,72,37.757952,37.757952,0.050277,14.952149,7.700357,22.652506,0.943854,1.573248,1.2712,306,0,306,1.0,0,0.0,0,0,6,3,23,1,0,0,0.878377,0.529412,0,0,0.0,0,24,0,0,0-1-2-5,0-1-2-5,0.0,,1,0.905,0.905,2,1,1,0.905,0.83,short,null
meshecho-confidence,47,751.0,24,24,0,1.0,1.0,0.0,2.011552,1.2712,2.011552,0.740352,1.480704,24,24,0,153,72,81,72,37.757952,37.757952,0.050277,14.952149,7.700357,22.652506,0.943854,1.573248,1.2712,306,0,306,1.0,0,0.0,0,0,6,3,23,1,0,0,0.878377,0.529412,0,0,0.0,0,24,0,0,0-1-2-5,0-1-2-5,0.0,,1,0.905,0.905,2,1,1,0.905,0.83,short,null
meshecho-no-confidence,47,751.0,24,24,0,1.0,1.0,0.0,2.011552,1.2712,2.011552,0.740352,1.480704,24,24,0,153,72,81,72,37.757952,37.757952,0.050277,14.952149,7.700357,22.652506,0.943854,1.573248,1.2712,306,0,306,1.0,0,0.0,0,0,6,3,23,1,0,0,0.878377,0.529412,0,0,0.0,0,24,0,0,0-1-2-5,0-1-2-5,0.0,,1,0.905,0.905,2,1,1,0.905,0.83,short,null
meshecho-confidence,48,751.0,24,24,0,1.0,1.0,0.0,2.011552,1.2712,2.011552,0.740352,1.480704,24,24,0,153,72,81,72,37.757952,37.757952,0.050277,14.952149,7.700357,22.652506,0.943854,1.573248,1.2712,306,0,306,1.0,0,0.0,0,0,6,3,23,1,0,0,0.878377,0.529412,0,0,0.0,0,24,0,0,0-1-2-5,0-1-2-5,0.0,,1,0.905,0.905,2,1,1,0.905,0.83,short,null
meshecho-no-confidence,48,751.0,24,24,0,1.0,1.0,0.0,2.011552,1.2712,2.011552,0.740352,1.480704,24,24,0,153,72,81,72,37.757952,37.757952,0.050277,14.952149,7.700357,22.652506,0.943854,1.573248,1.2712,306,0,306,1.0,0,0.0,0,0,6,3,23,1,0,0,0.878377,0.529412,0,0,0.0,0,24,0,0,0-1-2-5,0-1-2-5,0.0,,1,0.905,0.905,2,1,1,0.905,0.83,short,null
meshecho-confidence,49,751.0,24,24,0,1.0,1.0,0.0,2.011552,1.2712,2.011552,0.740352,1.480704,24,24,0,153,72,81,72,37.757952,37.757952,0.050277,14.952149,7.700357,22.652506,0.943854,1.573248,1.2712,306,0,306,1.0,0,0.0,0,0,6,3,23,1,0,0,0.878377,0.529412,0,0,0.0,0,24,0,0,0-1-2-5,0-1-2-5,0.0,,1,0.905,0.905,2,1,1,0.905,0.83,short,null
meshecho-no-confidence,49,751.0,24,24,0,1.0,1.0,0.0,2.011552,1.2712,2.011552,0.740352,1.480704,24,24,0,153,72,81,72,37.757952,37.757952,0.050277,14.952149,7.700357,22.652506,0.943854,1.573248,1.2712,306,0,306,1.0,0,0.0,0,0,6,3,23,1,0,0,0.878377,0.529412,0,0,0.0,0,24,0,0,0-1-2-5,0-1-2-5,0.0,,1,0.905,0.905,2,1,1,0.905,0.83,short,null
meshecho-confidence,50,751.0,24,24,0,1.0,1.0,0.0,2.011552,1.2712,2.011552,0.740352,1.480704,24,24,0,153,72,81,72,37.757952,37.757952,0.050277,14.952149,7.700357,22.652506,0.943854,1.573248,1.2712,306,0,306,1.0,0,0.0,0,0,6,3,23,1,0,0,0.878377,0.529412,0,0,0.0,0,24,0,0,0-1-2-5,0-1-2-5,0.0,,1,0.905,0.905,2,1,1,0.905,0.83,short,null
meshecho-no-confidence,50,751.0,24,24,0,1.0,1.0,0.0,2.011552,1.2712,2.011552,0.740352,1.480704,24,24,0,153,72,81,72,37.757952,37.757952,0.050277,14.952149,7.700357,22.652506,0.943854,1.573248,1.2712,306,0,306,1.0,0,0.0,0,0,6,3,23,1,0,0,0.878377,0.529412,0,0,0.0,0,24,0,0,0-1-2-5,0-1-2-5,0.0,,1,0.905,0.905,2,1,1,0.905,0.83,short,null
meshecho-confidence,51,751.0,24,24,0,1.0,1.0,0.0,2.011552,1.2712,2.011552,0.740352,1.480704,24,24,0,153,72,81,72,37.757952,37.757952,0.050277,14.952149,7.700357,22.652506,0.943854,1.573248,1.2712,306,0,306,1.0,0,0.0,0,0,6,3,23,1,0,0,0.878377,0.529412,0,0,0.0,0,24,0,0,0-1-2-5,0-1-2-5,0.0,,1,0.905,0.905,2,1,1,0.905,0.83,short,null
meshecho-no-confidence,51,751.0,24,24,0,1.0,1.0,0.0,2.011552,1.2712,2.011552,0.740352,1.480704,24,24,0,153,72,81,72,37.757952,37.757952,0.050277,14.952149,7.700357,22.652506,0.943854,1.573248,1.2712,306,0,306,1.0,0,0.0,0,0,6,3,23,1,0,0,0.878377,0.529412,0,0,0.0,0,24,0,0,0-1-2-5,0-1-2-5,0.0,,1,0.905,0.905,2,1,1,0.905,0.83,short,null
meshecho-confidence,52,751.0,24,24,0,1.0,1.0,0.0,2.011552,1.2712,2.011552,0.740352,1.480704,24,24,0,153,72,81,72,37.757952,37.757952,0.050277,14.952149,7.700357,22.652506,0.943854,1.573248,1.2712,306,0,306,1.0,0,0.0,0,0,6,3,23,1,0,0,0.878377,0.529412,0,0,0.0,0,24,0,0,0-1-2-5,0-1-2-5,0.0,,1,0.905,0.905,2,1,1,0.905,0.83,short,null
meshecho-no-confidence,52,751.0,24,24,0,1.0,1.0,0.0,2.011552,1.2712,2.011552,0.740352,1.480704,24,24,0,153,72,81,72,37.757952,37.757952,0.050277,14.952149,7.700357,22.652506,0.943854,1.573248,1.2712,306,0,306,1.0,0,0.0,0,0,6,3,23,1,0,0,0.878377,0.529412,0,0,0.0,0,24,0,0,0-1-2-5,0-1-2-5,0.0,,1,0.905,0.905,2,1,1,0.905,0.83,short,null
meshecho-confidence,53,751.0,24,24,0,1.0,1.0,0.0,2.011552,1.2712,2.011552,0.740352,1.480704,24,24,0,153,72,81,72,37.757952,37.757952,0.050277,14.952149,7.700357,22.652506,0.943854,1.573248,1.2712,306,0,306,1.0,0,0.0,0,0,6,3,23,1,0,0,0.878377,0.529412,0,0,0.0,0,24,0,0,0-1-2-5,0-1-2-5,0.0,,1,0.905,0.905,2,1,1,0.905,0.83,short,null
meshecho-no-confidence,53,751.0,24,24,0,1.0,1.0,0.0,2.011552,1.2712,2.011552,0.740352,1.480704,24,24,0,153,72,81,72,37.757952,37.757952,0.050277,14.952149,7.700357,22.652506,0.943854,1.573248,1.2712,306,0,306,1.0,0,0.0,0,0,6,3,23,1,0,0,0.878377,0.529412,0,0,0.0,0,24,0,0,0-1-2-5,0-1-2-5,0.0,,1,0.905,0.905,2,1,1,0.905,0.83,short,null
meshecho-confidence,54,751.0,24,24,0,1.0,1.0,0.0,2.011552,1.2712,2.011552,0.740352,1.480704,24,24,0,153,72,81,72,37.757952,37.757952,0.050277,14.952149,7.700357,22.652506,0.943854,1.573248,1.2712,306,0,306,1.0,0,0.0,0,0,6,3,23,1,0,0,0.878377,0.529412,0,0,0.0,0,24,0,0,0-1-2-5,0-1-2-5,0.0,,1,0.905,0.905,2,1,1,0.905,0.83,short,null
meshecho-no-confidence,54,751.0,24,24,0,1.0,1.0,0.0,2.011552,1.2712,2.011552,0.740352,1.480704,24,24,0,153,72,81,72,37.757952,37.757952,0.050277,14.952149,7.700357,22.652506,0.943854,1.573248,1.2712,306,0,306,1.0,0,0.0,0,0,6,3,23,1,0,0,0.878377,0.529412,0,0,0.0,0,24,0,0,0-1-2-5,0-1-2-5,0.0,,1,0.905,0.905,2,1,1,0.905,0.83,short,null
meshecho-confidence,55,751.0,24,24,0,1.0,1.0,0.0,2.011552,1.2712,2.011552,0.740352,1.480704,24,24,0,153,72,81,72,37.757952,37.757952,0.050277,14.952149,7.700357,22.652506,0.943854,1.573248,1.2712,306,0,306,1.0,0,0.0,0,0,6,3,23,1,0,0,0.878377,0.529412,0,0,0.0,0,24,0,0,0-1-2-5,0-1-2-5,0.0,,1,0.905,0.905,2,1,1,0.905,0.83,short,null
meshecho-no-confidence,55,751.0,24,24,0,1.0,1.0,0.0,2.011552,1.2712,2.011552,0.740352,1.480704,24,24,0,153,72,81,72,37.757952,37.757952,0.050277,14.952149,7.700357,22.652506,0.943854,1.573248,1.2712,306,0,306,1.0,0,0.0,0,0,6,3,23,1,0,0,0.878377,0.529412,0,0,0.0,0,24,0,0,0-1-2-5,0-1-2-5,0.0,,1,0.905,0.905,2,1,1,0.905,0.83,short,null
meshecho-confidence,56,751.0,24,24,0,1.0,1.0,0.0,2.011552,1.2712,2.011552,0.740352,1.480704,24,24,0,153,72,81,72,37.757952,37.757952,0.050277,14.952149,7.700357,22.652506,0.943854,1.573248,1.2712,306,0,306,1.0,0,0.0,0,0,6,3,23,1,0,0,0.878377,0.529412,0,0,0.0,0,24,0,0,0-1-2-5,0-1-2-5,0.0,,1,0.905,0.905,2,1,1,0.905,0.83,short,null
meshecho-no-confidence,56,751.0,24,24,0,1.0,1.0,0.0,2.011552,1.2712,2.011552,0.740352,1.480704,24,24,0,153,72,81,72,37.757952,37.757952,0.050277,14.952149,7.700357,22.652506,0.943854,1.573248,1.2712,306,0,306,1.0,0,0.0,0,0,6,3,23,1,0,0,0.878377,0.529412,0,0,0.0,0,24,0,0,0-1-2-5,0-1-2-5,0.0,,1,0.905,0.905,2,1,1,0.905,0.83,short,null
meshecho-confidence,57,751.0,24,24,0,1.0,1.0,0.0,2.011552,1.2712,2.011552,0.740352,1.480704,24,24,0,153,72,81,72,37.757952,37.757952,0.050277,14.952149,7.700357,22.652506,0.943854,1.573248,1.2712,306,0,306,1.0,0,0.0,0,0,6,3,23,1,0,0,0.878377,0.529412,0,0,0.0,0,24,0,0,0-1-2-5,0-1-2-5,0.0,,1,0.905,0.905,2,1,1,0.905,0.83,short,null
meshecho-no-confidence,57,751.0,24,24,0,1.0,1.0,0.0,2.011552,1.2712,2.011552,0.740352,1.480704,24,24,0,153,72,81,72,37.757952,37.757952,0.050277,14.952149,7.700357,22.652506,0.943854,1.573248,1.2712,306,0,306,1.0,0,0.0,0,0,6,3,23,1,0,0,0.878377,0.529412,0,0,0.0,0,24,0,0,0-1-2-5,0-1-2-5,0.0,,1,0.905,0.905,2,1,1,0.905,0.83,short,null
meshecho-confidence,58,751.0,24,24,0,1.0,1.0,0.0,2.011552,1.2712,2.011552,0.740352,1.480704,24,24,0,153,72,81,72,37.757952,37.757952,0.050277,14.952149,7.700357,22.652506,0.943854,1.573248,1.2712,306,0,306,1.0,0,0.0,0,0,6,3,23,1,0,0,0.878377,0.529412,0,0,0.0,0,24,0,0,0-1-2-5,0-1-2-5,0.0,,1,0.905,0.905,2,1,1,0.905,0.83,short,null
meshecho-no-confidence,58,751.0,24,24,0,1.0,1.0,0.0,2.011552,1.2712,2.011552,0.740352,1.480704,24,24,0,153,72,81,72,37.757952,37.757952,0.050277,14.952149,7.700357,22.652506,0.943854,1.573248,1.2712,306,0,306,1.0,0,0.0,0,0,6,3,23,1,0,0,0.878377,0.529412,0,0,0.0,0,24,0,0,0-1-2-5,0-1-2-5,0.0,,1,0.905,0.905,2,1,1,0.905,0.83,short,null
meshecho-confidence,59,751.0,24,24,0,1.0,1.0,0.0,2.011552,1.2712,2.011552,0.740352,1.480704,24,24,0,153,72,81,72,37.757952,37.757952,0.050277,14.952149,7.700357,22.652506,0.943854,1.573248,1.2712,306,0,306,1.0,0,0.0,0,0,6,3,23,1,0,0,0.878377,0.529412,0,0,0.0,0,24,0,0,0-1-2-5,0-1-2-5,0.0,,1,0.905,0.905,2,1,1,0.905,0.83,short,null
meshecho-no-confidence,59,751.0,24,24,0,1.0,1.0,0.0,2.011552,1.2712,2.011552,0.740352,1.480704,24,24,0,153,72,81,72,37.757952,37.757952,0.050277,14.952149,7.700357,22.652506,0.943854,1.573248,1.2712,306,0,306,1.0,0,0.0,0,0,6,3,23,1,0,0,0.878377,0.529412,0,0,0.0,0,24,0,0,0-1-2-5,0-1-2-5,0.0,,1,0.905,0.905,2,1,1,0.905,0.83,short,null
meshecho-confidence,60,751.0,24,24,0,1.0,1.0,0.0,2.011552,1.2712,2.011552,0.740352,1.480704,24,24,0,153,72,81,72,37.757952,37.757952,0.050277,14.952149,7.700357,22.652506,0.943854,1.573248,1.2712,306,0,306,1.0,0,0.0,0,0,6,3,23,1,0,0,0.878377,0.529412,0,0,0.0,0,24,0,0,0-1-2-5,0-1-2-5,0.0,,1,0.905,0.905,2,1,1,0.905,0.83,short,null
meshecho-no-confidence,60,751.0,24,24,0,1.0,1.0,0.0,2.011552,1.2712,2.011552,0.740352,1.480704,24,24,0,153,72,81,72,37.757952,37.757952,0.050277,14.952149,7.700357,22.652506,0.943854,1.573248,1.2712,306,0,306,1.0,0,0.0,0,0,6,3,23,1,0,0,0.878377,0.529412,0,0,0.0,0,24,0,0,0-1-2-5,0-1-2-5,0.0,,1,0.905,0.905,2,1,1,0.905,0.83,short,null
meshecho-confidence,61,751.0,24,24,0,1.0,1.0,0.0,2.011552,1.2712,2.011552,0.740352,1.480704,24,24,0,153,72,81,72,37.757952,37.757952,0.050277,14.952149,7.700357,22.652506,0.943854,1.573248,1.2712,306,0,306,1.0,0,0.0,0,0,6,3,23,1,0,0,0.878377,0.529412,0,0,0.0,0,24,0,0,0-1-2-5,0-1-2-5,0.0,,1,0.905,0.905,2,1,1,0.905,0.83,short,null
meshecho-no-confidence,61,751.0,24,24,0,1.0,1.0,0.0,2.011552,1.2712,2.011552,0.740352,1.480704,24,24,0,153,72,81,72,37.757952,37.757952,0.050277,14.952149,7.700357,22.652506,0.943854,1.573248,1.2712,306,0,306,1.0,0,0.0,0,0,6,3,23,1,0,0,0.878377,0.529412,0,0,0.0,0,24,0,0,0-1-2-5,0-1-2-5,0.0,,1,0.905,0.905,2,1,1,0.905,0.83,short,null
meshecho-confidence,62,751.0,24,24,0,1.0,1.0,0.0,2.011552,1.2712,2.011552,0.740352,1.480704,24,24,0,153,72,81,72,37.757952,37.757952,0.050277,14.952149,7.700357,22.652506,0.943854,1.573248,1.2712,306,0,306,1.0,0,0.0,0,0,6,3,23,1,0,0,0.878377,0.529412,0,0,0.0,0,24,0,0,0-1-2-5,0-1-2-5,0.0,,1,0.905,0.905,2,1,1,0.905,0.83,short,null
meshecho-no-confidence,62,751.0,24,24,0,1.0,1.0,0.0,2.011552,1.2712,2.011552,0.740352,1.480704,24,24,0,153,72,81,72,37.757952,37.757952,0.050277,14.952149,7.700357,22.652506,0.943854,1.573248,1.2712,306,0,306,1.0,0,0.0,0,0,6,3,23,1,0,0,0.878377,0.529412,0,0,0.0,0,24,0,0,0-1-2-5,0-1-2-5,0.0,,1,0.905,0.905,2,1,1,0.905,0.83,short,null
meshecho-confidence,63,751.0,24,24,0,1.0,1.0,0.0,2.011552,1.2712,2.011552,0.740352,1.480704,24,24,0,153,72,81,72,37.757952,37.757952,0.050277,14.952149,7.700357,22.652506,0.943854,1.573248,1.2712,306,0,306,1.0,0,0.0,0,0,6,3,23,1,0,0,0.878377,0.529412,0,0,0.0,0,24,0,0,0-1-2-5,0-1-2-5,0.0,,1,0.905,0.905,2,1,1,0.905,0.83,short,null
meshecho-no-confidence,63,751.0,24,24,0,1.0,1.0,0.0,2.011552,1.2712,2.011552,0.740352,1.480704,24,24,0,153,72,81,72,37.757952,37.757952,0.050277,14.952149,7.700357,22.652506,0.943854,1.573248,1.2712,306,0,306,1.0,0,0.0,0,0,6,3,23,1,0,0,0.878377,0.529412,0,0,0.0,0,24,0,0,0-1-2-5,0-1-2-5,0.0,,1,0.905,0.905,2,1,1,0.905,0.83,short,null
meshecho-confidence,64,751.0,24,24,0,1.0,1.0,0.0,2.011552,1.2712,2.011552,0.740352,1.480704,24,24,0,153,72,81,72,37.757952,37.757952,0.050277,14.952149,7.700357,22.652506,0.943854,1.573248,1.2712,306,0,306,1.0,0,0.0,0,0,6,3,23,1,0,0,0.878377,0.529412,0,0,0.0,0,24,0,0,0-1-2-5,0-1-2-5,0.0,,1,0.905,0.905,2,1,1,0.905,0.83,short,null
meshecho-no-confidence,64,751.0,24,24,0,1.0,1.0,0.0,2.011552,1.2712,2.011552,0.740352,1.480704,24,24,0,153,72,81,72,37.757952,37.757952,0.050277,14.952149,7.700357,22.652506,0.943854,1.573248,1.2712,306,0,306,1.0,0,0.0,0,0,6,3,23,1,0,0,0.878377,0.529412,0,0,0.0,0,24,0,0,0-1-2-5,0-1-2-5,0.0,,1,0.905,0.905,2,1,1,0.905,0.83,short,null
meshecho-confidence,65,751.0,24,24,0,1.0,1.0,0.0,2.011552,1.2712,2.011552,0.740352,1.480704,24,24,0,153,72,81,72,37.757952,37.757952,0.050277,14.952149,7.700357,22.652506,0.943854,1.573248,1.2712,306,0,306,1.0,0,0.0,0,0,6,3,23,1,0,0,0.878377,0.529412,0,0,0.0,0,24,0,0,0-1-2-5,0-1-2-5,0.0,,1,0.905,0.905,2,1,1,0.905,0.83,short,null
meshecho-no-confidence,65,751.0,24,24,0,1.0,1.0,0.0,2.011552,1.2712,2.011552,0.740352,1.480704,24,24,0,153,72,81,72,37.757952,37.757952,0.050277,14.952149,7.700357,22.652506,0.943854,1.573248,1.2712,306,0,306,1.0,0,0.0,0,0,6,3,23,1,0,0,0.878377,0.529412,0,0,0.0,0,24,0,0,0-1-2-5,0-1-2-5,0.0,,1,0.905,0.905,2,1,1,0.905,0.83,short,null
meshecho-confidence,66,751.0,24,24,0,1.0,1.0,0.0,2.011552,1.2712,2.011552,0.740352,1.480704,24,24,0,153,72,81,72,37.757952,37.757952,0.050277,14.952149,7.700357,22.652506,0.943854,1.573248,1.2712,306,0,306,1.0,0,0.0,0,0,6,3,23,1,0,0,0.878377,0.529412,0,0,0.0,0,24,0,0,0-1-2-5,0-1-2-5,0.0,,1,0.905,0.905,2,1,1,0.905,0.83,short,null
meshecho-no-confidence,66,751.0,24,24,0,1.0,1.0,0.0,2.011552,1.2712,2.011552,0.740352,1.480704,24,24,0,153,72,81,72,37.757952,37.757952,0.050277,14.952149,7.700357,22.652506,0.943854,1.573248,1.2712,306,0,306,1.0,0,0.0,0,0,6,3,23,1,0,0,0.878377,0.529412,0,0,0.0,0,24,0,0,0-1-2-5,0-1-2-5,0.0,,1,0.905,0.905,2,1,1,0.905,0.83,short,null
meshecho-confidence,67,751.0,24,24,0,1.0,1.0,0.0,2.011552,1.2712,2.011552,0.740352,1.480704,24,24,0,153,72,81,72,37.757952,37.757952,0.050277,14.952149,7.700357,22.652506,0.943854,1.573248,1.2712,306,0,306,1.0,0,0.0,0,0,6,3,23,1,0,0,0.878377,0.529412,0,0,0.0,0,24,0,0,0-1-2-5,0-1-2-5,0.0,,1,0.905,0.905,2,1,1,0.905,0.83,short,null
meshecho-no-confidence,67,751.0,24,24,0,1.0,1.0,0.0,2.011552,1.2712,2.011552,0.740352,1.480704,24,24,0,153,72,81,72,37.757952,37.757952,0.050277,14.952149,7.700357,22.652506,0.943854,1.573248,1.2712,306,0,306,1.0,0,0.0,0,0,6,3,23,1,0,0,0.878377,0.529412,0,0,0.0,0,24,0,0,0-1-2-5,0-1-2-5,0.0,,1,0.905,0.905,2,1,1,0.905,0.83,short,null
meshecho-confidence,68,751.0,24,24,0,1.0,1.0,0.0,2.011552,1.2712,2.011552,0.740352,1.480704,24,24,0,153,72,81,72,37.757952,37.757952,0.050277,14.952149,7.700357,22.652506,0.943854,1.573248,1.2712,306,0,306,1.0,0,0.0,0,0,6,3,23,1,0,0,0.878377,0.529412,0,0,0.0,0,24,0,0,0-1-2-5,0-1-2-5,0.0,,1,0.905,0.905,2,1,1,0.905,0.83,short,null
meshecho-no-confidence,68,751.0,24,24,0,1.0,1.0,0.0,2.011552,1.2712,2.011552,0.740352,1.480704,24,24,0,153,72,81,72,37.757952,37.757952,0.050277,14.952149,7.700357,22.652506,0.943854,1.573248,1.2712,306,0,306,1.0,0,0.0,0,0,6,3,23,1,0,0,0.878377,0.529412,0,0,0.0,0,24,0,0,0-1-2-5,0-1-2-5,0.0,,1,0.905,0.905,2,1,1,0.905,0.83,short,null
meshecho-confidence,69,751.0,24,24,0,1.0,1.0,0.0,2.011552,1.2712,2.011552,0.740352,1.480704,24,24,0,153,72,81,72,37.757952,37.757952,0.050277,14.952149,7.700357,22.652506,0.943854,1.573248,1.2712,306,0,306,1.0,0,0.0,0,0,6,3,23,1,0,0,0.878377,0.529412,0,0,0.0,0,24,0,0,0-1-2-5,0-1-2-5,0.0,,1,0.905,0.905,2,1,1,0.905,0.83,short,null
meshecho-no-confidence,69,751.0,24,24,0,1.0,1.0,0.0,2.011552,1.2712,2.011552,0.740352,1.480704,24,24,0,153,72,81,72,37.757952,37.757952,0.050277,14.952149,7.700357,22.652506,0.943854,1.573248,1.2712,306,0,306,1.0,0,0.0,0,0,6,3,23,1,0,0,0.878377,0.529412,0,0,0.0,0,24,0,0,0-1-2-5,0-1-2-5,0.0,,1,0.905,0.905,2,1,1,0.905,0.83,short,null
meshecho-confidence,70,751.0,24,24,0,1.0,1.0,0.0,2.011552,1.2712,2.011552,0.740352,1.480704,24,24,0,153,72,81,72,37.757952,37.757952,0.050277,14.952149,7.700357,22.652506,0.943854,1.573248,1.2712,306,0,306,1.0,0,0.0,0,0,6,3,23,1,0,0,0.878377,0.529412,0,0,0.0,0,24,0,0,0-1-2-5,0-1-2-5,0.0,,1,0.905,0.905,2,1,1,0.905,0.83,short,null
meshecho-no-confidence,70,751.0,24,24,0,1.0,1.0,0.0,2.011552,1.2712,2.011552,0.740352,1.480704,24,24,0,153,72,81,72,37.757952,37.757952,0.050277,14.952149,7.700357,22.652506,0.943854,1.573248,1.2712,306,0,306,1.0,0,0.0,0,0,6,3,23,1,0,0,0.878377,0.529412,0,0,0.0,0,24,0,0,0-1-2-5,0-1-2-5,0.0,,1,0.905,0.905,2,1,1,0.905,0.83,short,null
meshecho-confidence,71,751.0,24,24,0,1.0,1.0,0.0,2.011552,1.2712,2.011552,0.740352,1.480704,24,24,0,153,72,81,72,37.757952,37.757952,0.050277,14.952149,7.700357,22.652506,0.943854,1.573248,1.2712,306,0,306,1.0,0,0.0,0,0,6,3,23,1,0,0,0.878377,0.529412,0,0,0.0,0,24,0,0,0-1-2-5,0-1-2-5,0.0,,1,0.905,0.905,2,1,1,0.905,0.83,short,null
meshecho-no-confidence,71,751.0,24,24,0,1.0,1.0,0.0,2.011552,1.2712,2.011552,0.740352,1.480704,24,24,0,153,72,81,72,37.757952,37.757952,0.050277,14.952149,7.700357,22.652506,0.943854,1.573248,1.2712,306,0,306,1.0,0,0.0,0,0,6,3,23,1,0,0,0.878377,0.529412,0,0,0.0,0,24,0,0,0-1-2-5,0-1-2-5,0.0,,1,0.905,0.905,2,1,1,0.905,0.83,short,null
meshecho-confidence,72,751.0,24,24,0,1.0,1.0,0.0,2.011552,1.2712,2.011552,0.740352,1.480704,24,24,0,153,72,81,72,37.757952,37.757952,0.050277,14.952149,7.700357,22.652506,0.943854,1.573248,1.2712,306,0,306,1.0,0,0.0,0,0,6,3,23,1,0,0,0.878377,0.529412,0,0,0.0,0,24,0,0,0-1-2-5,0-1-2-5,0.0,,1,0.905,0.905,2,1,1,0.905,0.83,short,null
meshecho-no-confidence,72,751.0,24,24,0,1.0,1.0,0.0,2.011552,1.2712,2.011552,0.740352,1.480704,24,24,0,153,72,81,72,37.757952,37.757952,0.050277,14.952149,7.700357,22.652506,0.943854,1.573248,1.2712,306,0,306,1.0,0,0.0,0,0,6,3,23,1,0,0,0.878377,0.529412,0,0,0.0,0,24,0,0,0-1-2-5,0-1-2-5,0.0,,1,0.905,0.905,2,1,1,0.905,0.83,short,null
meshecho-confidence,73,751.0,24,24,0,1.0,1.0,0.0,2.011552,1.2712,2.011552,0.740352,1.480704,24,24,0,153,72,81,72,37.757952,37.757952,0.050277,14.952149,7.700357,22.652506,0.943854,1.573248,1.2712,306,0,306,1.0,0,0.0,0,0,6,3,23,1,0,0,0.878377,0.529412,0,0,0.0,0,24,0,0,0-1-2-5,0-1-2-5,0.0,,1,0.905,0.905,2,1,1,0.905,0.83,short,null
meshecho-no-confidence,73,751.0,24,24,0,1.0,1.0,0.0,2.011552,1.2712,2.011552,0.740352,1.480704,24,24,0,153,72,81,72,37.757952,37.757952,0.050277,14.952149,7.700357,22.652506,0.943854,1.573248,1.2712,306,0,306,1.0,0,0.0,0,0,6,3,23,1,0,0,0.878377,0.529412,0,0,0.0,0,24,0,0,0-1-2-5,0-1-2-5,0.0,,1,0.905,0.905,2,1,1,0.905,0.83,short,null
meshecho-confidence,74,751.0,24,24,0,1.0,1.0,0.0,2.011552,1.2712,2.011552,0.740352,1.480704,24,24,0,153,72,81,72,37.757952,37.757952,0.050277,14.952149,7.700357,22.652506,0.943854,1.573248,1.2712,306,0,306,1.0,0,0.0,0,0,6,3,23,1,0,0,0.878377,0.529412,0,0,0.0,0,24,0,0,0-1-2-5,0-1-2-5,0.0,,1,0.905,0.905,2,1,1,0.905,0.83,short,null
meshecho-no-confidence,74,751.0,24,24,0,1.0,1.0,0.0,2.011552,1.2712,2.011552,0.740352,1.480704,24,24,0,153,72,81,72,37.757952,37.757952,0.050277,14.952149,7.700357,22.652506,0.943854,1.573248,1.2712,306,0,306,1.0,0,0.0,0,0,6,3,23,1,0,0,0.878377,0.529412,0,0,0.0,0,24,0,0,0-1-2-5,0-1-2-5,0.0,,1,0.905,0.905,2,1,1,0.905,0.83,short,null
meshecho-confidence,75,751.0,24,24,0,1.0,1.0,0.0,2.011552,1.2712,2.011552,0.740352,1.480704,24,24,0,153,72,81,72,37.757952,37.757952,0.050277,14.952149,7.700357,22.652506,0.943854,1.573248,1.2712,306,0,306,1.0,0,0.0,0,0,6,3,23,1,0,0,0.878377,0.529412,0,0,0.0,0,24,0,0,0-1-2-5,0-1-2-5,0.0,,1,0.905,0.905,2,1,1,0.905,0.83,short,null
meshecho-no-confidence,75,751.0,24,24,0,1.0,1.0,0.0,2.011552,1.2712,2.011552,0.740352,1.480704,24,24,0,153,72,81,72,37.757952,37.757952,0.050277,14.952149,7.700357,22.652506,0.943854,1.573248,1.2712,306,0,306,1.0,0,0.0,0,0,6,3,23,1,0,0,0.878377,0.529412,0,0,0.0,0,24,0,0,0-1-2-5,0-1-2-5,0.0,,1,0.905,0.905,2,1,1,0.905,0.83,short,null
meshecho-confidence,76,751.0,24,24,0,1.0,1.0,0.0,2.011552,1.2712,2.011552,0.740352,1.480704,24,24,0,153,72,81,72,37.757952,37.757952,0.050277,14.952149,7.700357,22.652506,0.943854,1.573248,1.2712,306,0,306,1.0,0,0.0,0,0,6,3,23,1,0,0,0.878377,0.529412,0,0,0.0,0,24,0,0,0-1-2-5,0-1-2-5,0.0,,1,0.905,0.905,2,1,1,0.905,0.83,short,null
meshecho-no-confidence,76,751.0,24,24,0,1.0,1.0,0.0,2.011552,1.2712,2.011552,0.740352,1.480704,24,24,0,153,72,81,72,37.757952,37.757952,0.050277,14.952149,7.700357,22.652506,0.943854,1.573248,1.2712,306,0,306,1.0,0,0.0,0,0,6,3,23,1,0,0,0.878377,0.529412,0,0,0.0,0,24,0,0,0-1-2-5,0-1-2-5,0.0,,1,0.905,0.905,2,1,1,0.905,0.83,short,null
meshecho-confidence,77,751.0,24,24,0,1.0,1.0,0.0,2.011552,1.2712,2.011552,0.740352,1.480704,24,24,0,153,72,81,72,37.757952,37.757952,0.050277,14.952149,7.700357,22.652506,0.943854,1.573248,1.2712,306,0,306,1.0,0,0.0,0,0,6,3,23,1,0,0,0.878377,0.529412,0,0,0.0,0,24,0,0,0-1-2-5,0-1-2-5,0.0,,1,0.905,0.905,2,1,1,0.905,0.83,short,null
meshecho-no-confidence,77,751.0,24,24,0,1.0,1.0,0.0,2.011552,1.2712,2.011552,0.740352,1.480704,24,24,0,153,72,81,72,37.757952,37.757952,0.050277,14.952149,7.700357,22.652506,0.943854,1.573248,1.2712,306,0,306,1.0,0,0.0,0,0,6,3,23,1,0,0,0.878377,0.529412,0,0,0.0,0,24,0,0,0-1-2-5,0-1-2-5,0.0,,1,0.905,0.905,2,1,1,0.905,0.83,short,null
meshecho-confidence,78,751.0,24,24,0,1.0,1.0,0.0,2.011552,1.2712,2.011552,0.740352,1.480704,24,24,0,153,72,81,72,37.757952,37.757952,0.050277,14.952149,7.700357,22.652506,0.943854,1.573248,1.2712,306,0,306,1.0,0,0.0,0,0,6,3,23,1,0,0,0.878377,0.529412,0,0,0.0,0,24,0,0,0-1-2-5,0-1-2-5,0.0,,1,0.905,0.905,2,1,1,0.905,0.83,short,null
meshecho-no-confidence,78,751.0,24,24,0,1.0,1.0,0.0,2.011552,1.2712,2.011552,0.740352,1.480704,24,24,0,153,72,81,72,37.757952,37.757952,0.050277,14.952149,7.700357,22.652506,0.943854,1.573248,1.2712,306,0,306,1.0,0,0.0,0,0,6,3,23,1,0,0,0.878377,0.529412,0,0,0.0,0,24,0,0,0-1-2-5,0-1-2-5,0.0,,1,0.905,0.905,2,1,1,0.905,0.83,short,null
meshecho-confidence,79,751.0,24,24,0,1.0,1.0,0.0,2.011552,1.2712,2.011552,0.740352,1.480704,24,24,0,153,72,81,72,37.757952,37.757952,0.050277,14.952149,7.700357,22.652506,0.943854,1.573248,1.2712,306,0,306,1.0,0,0.0,0,0,6,3,23,1,0,0,0.878377,0.529412,0,0,0.0,0,24,0,0,0-1-2-5,0-1-2-5,0.0,,1,0.905,0.905,2,1,1,0.905,0.83,short,null
meshecho-no-confidence,79,751.0,24,24,0,1.0,1.0,0.0,2.011552,1.2712,2.011552,0.740352,1.480704,24,24,0,153,72,81,72,37.757952,37.757952,0.050277,14.952149,7.700357,22.652506,0.943854,1.573248,1.2712,306,0,306,1.0,0,0.0,0,0,6,3,23,1,0,0,0.878377,0.529412,0,0,0.0,0,24,0,0,0-1-2-5,0-1-2-5,0.0,,1,0.905,0.905,2,1,1,0.905,0.83,short,null
meshecho-confidence,80,751.0,24,24,0,1.0,1.0,0.0,2.011552,1.2712,2.011552,0.740352,1.480704,24,24,0,153,72,81,72,37.757952,37.757952,0.050277,14.952149,7.700357,22.652506,0.943854,1.573248,1.2712,306,0,306,1.0,0,0.0,0,0,6,3,23,1,0,0,0.878377,0.529412,0,0,0.0,0,24,0,0,0-1-2-5,0-1-2-5,0.0,,1,0.905,0.905,2,1,1,0.905,0.83,short,null
meshecho-no-confidence,80,751.0,24,24,0,1.0,1.0,0.0,2.011552,1.2712,2.011552,0.740352,1.480704,24,24,0,153,72,81,72,37.757952,37.757952,0.050277,14.952149,7.700357,22.652506,0.943854,1.573248,1.2712,306,0,306,1.0,0,0.0,0,0,6,3,23,1,0,0,0.878377,0.529412,0,0,0.0,0,24,0,0,0-1-2-5,0-1-2-5,0.0,,1,0.905,0.905,2,1,1,0.905,0.83,short,null
meshecho-confidence,81,751.0,24,24,0,1.0,1.0,0.0,2.011552,1.2712,2.011552,0.740352,1.480704,24,24,0,153,72,81,72,37.757952,37.757952,0.050277,14.952149,7.700357,22.652506,0.943854,1.573248,1.2712,306,0,306,1.0,0,0.0,0,0,6,3,23,1,0,0,0.878377,0.529412,0,0,0.0,0,24,0,0,0-1-2-5,0-1-2-5,0.0,,1,0.905,0.905,2,1,1,0.905,0.83,short,null
meshecho-no-confidence,81,751.0,24,24,0,1.0,1.0,0.0,2.011552,1.2712,2.011552,0.740352,1.480704,24,24,0,153,72,81,72,37.757952,37.757952,0.050277,14.952149,7.700357,22.652506,0.943854,1.573248,1.2712,306,0,306,1.0,0,0.0,0,0,6,3,23,1,0,0,0.878377,0.529412,0,0,0.0,0,24,0,0,0-1-2-5,0-1-2-5,0.0,,1,0.905,0.905,2,1,1,0.905,0.83,short,null
meshecho-confidence,82,751.0,24,24,0,1.0,1.0,0.0,2.011552,1.2712,2.011552,0.740352,1.480704,24,24,0,153,72,81,72,37.757952,37.757952,0.050277,14.952149,7.700357,22.652506,0.943854,1.573248,1.2712,306,0,306,1.0,0,0.0,0,0,6,3,23,1,0,0,0.878377,0.529412,0,0,0.0,0,24,0,0,0-1-2-5,0-1-2-5,0.0,,1,0.905,0.905,2,1,1,0.905,0.83,short,null
meshecho-no-confidence,82,751.0,24,24,0,1.0,1.0,0.0,2.011552,1.2712,2.011552,0.740352,1.480704,24,24,0,153,72,81,72,37.757952,37.757952,0.050277,14.952149,7.700357,22.652506,0.943854,1.573248,1.2712,306,0,306,1.0,0,0.0,0,0,6,3,23,1,0,0,0.878377,0.529412,0,0,0.0,0,24,0,0,0-1-2-5,0-1-2-5,0.0,,1,0.905,0.905,2,1,1,0.905,0.83,short,null
meshecho-confidence,83,751.0,24,24,0,1.0,1.0,0.0,2.011552,1.2712,2.011552,0.740352,1.480704,24,24,0,153,72,81,72,37.757952,37.757952,0.050277,14.952149,7.700357,22.652506,0.943854,1.573248,1.2712,306,0,306,1.0,0,0.0,0,0,6,3,23,1,0,0,0.878377,0.529412,0,0,0.0,0,24,0,0,0-1-2-5,0-1-2-5,0.0,,1,0.905,0.905,2,1,1,0.905,0.83,short,null
meshecho-no-confidence,83,751.0,24,24,0,1.0,1.0,0.0,2.011552,1.2712,2.011552,0.740352,1.480704,24,24,0,153,72,81,72,37.757952,37.757952,0.050277,14.952149,7.700357,22.652506,0.943854,1.573248,1.2712,306,0,306,1.0,0,0.0,0,0,6,3,23,1,0,0,0.878377,0.529412,0,0,0.0,0,24,0,0,0-1-2-5,0-1-2-5,0.0,,1,0.905,0.905,2,1,1,0.905,0.83,short,null
meshecho-confidence,84,751.0,24,24,0,1.0,1.0,0.0,2.011552,1.2712,2.011552,0.740352,1.480704,24,24,0,153,72,81,72,37.757952,37.757952,0.050277,14.952149,7.700357,22.652506,0.943854,1.573248,1.2712,306,0,306,1.0,0,0.0,0,0,6,3,23,1,0,0,0.878377,0.529412,0,0,0.0,0,24,0,0,0-1-2-5,0-1-2-5,0.0,,1,0.905,0.905,2,1,1,0.905,0.83,short,null
meshecho-no-confidence,84,751.0,24,24,0,1.0,1.0,0.0,2.011552,1.2712,2.011552,0.740352,1.480704,24,24,0,153,72,81,72,37.757952,37.757952,0.050277,14.952149,7.700357,22.652506,0.943854,1.573248,1.2712,306,0,306,1.0,0,0.0,0,0,6,3,23,1,0,0,0.878377,0.529412,0,0,0.0,0,24,0,0,0-1-2-5,0-1-2-5,0.0,,1,0.905,0.905,2,1,1,0.905,0.83,short,null
meshecho-confidence,85,751.0,24,24,0,1.0,1.0,0.0,2.011552,1.2712,2.011552,0.740352,1.480704,24,24,0,153,72,81,72,37.757952,37.757952,0.050277,14.952149,7.700357,22.652506,0.943854,1.573248,1.2712,305,1,306,0.996732,0,0.0,0,0,6,3,23,1,0,0,0.878377,0.529412,0,0,0.0,0,24,0,0,0-1-2-5,0-1-2-5,0.0,,1,0.905,0.905,2,1,1,0.905,0.83,short,null
meshecho-no-confidence,85,751.0,24,24,0,1.0,1.0,0.0,2.011552,1.2712,2.011552,0.740352,1.480704,24,24,0,153,72,81,72,37.757952,37.757952,0.050277,14.952149,7.700357,22.652506,0.943854,1.573248,1.2712,305,1,306,0.996732,0,0.0,0,0,6,3,23,1,0,0,0.878377,0.529412,0,0,0.0,0,24,0,0,0-1-2-5,0-1-2-5,0.0,,1,0.905,0.905,2,1,1,0.905,0.83,short,null
meshecho-confidence,86,751.0,24,24,0,1.0,1.0,0.0,2.011552,1.2712,2.011552,0.740352,1.480704,24,24,0,153,72,81,72,37.757952,37.757952,0.050277,14.952149,7.700357,22.652506,0.943854,1.573248,1.2712,306,0,306,1.0,0,0.0,0,0,6,3,23,1,0,0,0.878377,0.529412,0,0,0.0,0,24,0,0,0-1-2-5,0-1-2-5,0.0,,1,0.905,0.905,2,1,1,0.905,0.83,short,null
meshecho-no-confidence,86,751.0,24,24,0,1.0,1.0,0.0,2.011552,1.2712,2.011552,0.740352,1.480704,24,24,0,153,72,81,72,37.757952,37.757952,0.050277,14.952149,7.700357,22.652506,0.943854,1.573248,1.2712,306,0,306,1.0,0,0.0,0,0,6,3,23,1,0,0,0.878377,0.529412,0,0,0.0,0,24,0,0,0-1-2-5,0-1-2-5,0.0,,1,0.905,0.905,2,1,1,0.905,0.83,short,null
meshecho-confidence,87,751.0,24,24,0,1.0,1.0,0.0,2.011552,1.2712,2.011552,0.740352,1.480704,24,24,0,153,72,81,72,37.757952,37.757952,0.050277,14.952149,7.700357,22.652506,0.943854,1.573248,1.2712,306,0,306,1.0,0,0.0,0,0,6,3,23,1,0,0,0.878377,0.529412,0,0,0.0,0,24,0,0,0-1-2-5,0-1-2-5,0.0,,1,0.905,0.905,2,1,1,0.905,0.83,short,null
meshecho-no-confidence,87,751.0,24,24,0,1.0,1.0,0.0,2.011552,1.2712,2.011552,0.740352,1.480704,24,24,0,153,72,81,72,37.757952,37.757952,0.050277,14.952149,7.700357,22.652506,0.943854,1.573248,1.2712,306,0,306,1.0,0,0.0,0,0,6,3,23,1,0,0,0.878377,0.529412,0,0,0.0,0,24,0,0,0-1-2-5,0-1-2-5,0.0,,1,0.905,0.905,2,1,1,0.905,0.83,short,null
meshecho-confidence,88,751.0,24,24,0,1.0,1.0,0.0,2.011552,1.2712,2.011552,0.740352,1.480704,24,24,0,153,72,81,72,37.757952,37.757952,0.050277,14.952149,7.700357,22.652506,0.943854,1.573248,1.2712,306,0,306,1.0,0,0.0,0,0,6,3,23,1,0,0,0.878377,0.529412,0,0,0.0,0,24,0,0,0-1-2-5,0-1-2-5,0.0,,1,0.905,0.905,2,1,1,0.905,0.83,short,null
meshecho-no-confidence,88,751.0,24,24,0,1.0,1.0,0.0,2.011552,1.2712,2.011552,0.740352,1.480704,24,24,0,153,72,81,72,37.757952,37.757952,0.050277,14.952149,7.700357,22.652506,0.943854,1.573248,1.2712,306,0,306,1.0,0,0.0,0,0,6,3,23,1,0,0,0.878377,0.529412,0,0,0.0,0,24,0,0,0-1-2-5,0-1-2-5,0.0,,1,0.905,0.905,2,1,1,0.905,0.83,short,null
meshecho-confidence,89,751.0,24,24,0,1.0,1.0,0.0,2.011552,1.2712,2.011552,0.740352,1.480704,24,24,0,153,72,81,72,37.757952,37.757952,0.050277,14.952149,7.700357,22.652506,0.943854,1.573248,1.2712,306,0,306,1.0,0,0.0,0,0,6,3,23,1,0,0,0.878377,0.529412,0,0,0.0,0,24,0,0,0-1-2-5,0-1-2-5,0.0,,1,0.905,0.905,2,1,1,0.905,0.83,short,null
meshecho-no-confidence,89,751.0,24,24,0,1.0,1.0,0.0,2.011552,1.2712,2.011552,0.740352,1.480704,24,24,0,153,72,81,72,37.757952,37.757952,0.050277,14.952149,7.700357,22.652506,0.943854,1.573248,1.2712,306,0,306,1.0,0,0.0,0,0,6,3,23,1,0,0,0.878377,0.529412,0,0,0.0,0,24,0,0,0-1-2-5,0-1-2-5,0.0,,1,0.905,0.905,2,1,1,0.905,0.83,short,null
meshecho-confidence,90,751.0,24,24,0,1.0,1.0,0.0,2.011552,1.2712,2.011552,0.740352,1.480704,24,24,0,153,72,81,72,37.757952,37.757952,0.050277,14.952149,7.700357,22.652506,0.943854,1.573248,1.2712,306,0,306,1.0,0,0.0,0,0,6,3,23,1,0,0,0.878377,0.529412,0,0,0.0,0,24,0,0,0-1-2-5,0-1-2-5,0.0,,1,0.905,0.905,2,1,1,0.905,0.83,short,null
meshecho-no-confidence,90,751.0,24,24,0,1.0,1.0,0.0,2.011552,1.2712,2.011552,0.740352,1.480704,24,24,0,153,72,81,72,37.757952,37.757952,0.050277,14.952149,7.700357,22.652506,0.943854,1.573248,1.2712,306,0,306,1.0,0,0.0,0,0,6,3,23,1,0,0,0.878377,0.529412,0,0,0.0,0,24,0,0,0-1-2-5,0-1-2-5,0.0,,1,0.905,0.905,2,1,1,0.905,0.83,short,null
meshecho-confidence,91,751.0,24,24,0,1.0,1.0,0.0,2.011552,1.2712,2.011552,0.740352,1.480704,24,24,0,153,72,81,72,37.757952,37.757952,0.050277,14.952149,7.700357,22.652506,0.943854,1.573248,1.2712,306,0,306,1.0,0,0.0,0,0,6,3,23,1,0,0,0.878377,0.529412,0,0,0.0,0,24,0,0,0-1-2-5,0-1-2-5,0.0,,1,0.905,0.905,2,1,1,0.905,0.83,short,null
meshecho-no-confidence,91,751.0,24,24,0,1.0,1.0,0.0,2.011552,1.2712,2.011552,0.740352,1.480704,24,24,0,153,72,81,72,37.757952,37.757952,0.050277,14.952149,7.700357,22.652506,0.943854,1.573248,1.2712,306,0,306,1.0,0,0.0,0,0,6,3,23,1,0,0,0.878377,0.529412,0,0,0.0,0,24,0,0,0-1-2-5,0-1-2-5,0.0,,1,0.905,0.905,2,1,1,0.905,0.83,short,null
meshecho-confidence,92,751.0,24,24,0,1.0,1.0,0.0,2.011552,1.2712,2.011552,0.740352,1.480704,24,24,0,153,72,81,72,37.757952,37.757952,0.050277,14.952149,7.700357,22.652506,0.943854,1.573248,1.2712,306,0,306,1.0,0,0.0,0,0,6,3,23,1,0,0,0.878377,0.529412,0,0,0.0,0,24,0,0,0-1-2-5,0-1-2-5,0.0,,1,0.905,0.905,2,1,1,0.905,0.83,short,null
meshecho-no-confidence,92,751.0,24,24,0,1.0,1.0,0.0,2.011552,1.2712,2.011552,0.740352,1.480704,24,24,0,153,72,81,72,37.757952,37.757952,0.050277,14.952149,7.700357,22.652506,0.943854,1.573248,1.2712,306,0,306,1.0,0,0.0,0,0,6,3,23,1,0,0,0.878377,0.529412,0,0,0.0,0,24,0,0,0-1-2-5,0-1-2-5,0.0,,1,0.905,0.905,2,1,1,0.905,0.83,short,null
meshecho-confidence,93,751.0,24,24,0,1.0,1.0,0.0,2.011552,1.2712,2.011552,0.740352,1.480704,24,24,0,153,72,81,72,37.757952,37.757952,0.050277,14.952149,7.700357,22.652506,0.943854,1.573248,1.2712,306,0,306,1.0,0,0.0,0,0,6,3,23,1,0,0,0.878377,0.529412,0,0,0.0,0,24,0,0,0-1-2-5,0-1-2-5,0.0,,1,0.905,0.905,2,1,1,0.905,0.83,short,null
meshecho-no-confidence,93,751.0,24,24,0,1.0,1.0,0.0,2.011552,1.2712,2.011552,0.740352,1.480704,24,24,0,153,72,81,72,37.757952,37.757952,0.050277,14.952149,7.700357,22.652506,0.943854,1.573248,1.2712,306,0,306,1.0,0,0.0,0,0,6,3,23,1,0,0,0.878377,0.529412,0,0,0.0,0,24,0,0,0-1-2-5,0-1-2-5,0.0,,1,0.905,0.905,2,1,1,0.905,0.83,short,null
meshecho-confidence,94,751.0,24,24,0,1.0,1.0,0.0,2.011552,1.2712,2.011552,0.740352,1.480704,24,24,0,153,72,81,72,37.757952,37.757952,0.050277,14.952149,7.700357,22.652506,0.943854,1.573248,1.2712,306,0,306,1.0,0,0.0,0,0,6,3,23,1,0,0,0.878377,0.529412,0,0,0.0,0,24,0,0,0-1-2-5,0-1-2-5,0.0,,1,0.905,0.905,2,1,1,0.905,0.83,short,null
meshecho-no-confidence,94,751.0,24,24,0,1.0,1.0,0.0,2.011552,1.2712,2.011552,0.740352,1.480704,24,24,0,153,72,81,72,37.757952,37.757952,0.050277,14.952149,7.700357,22.652506,0.943854,1.573248,1.2712,306,0,306,1.0,0,0.0,0,0,6,3,23,1,0,0,0.878377,0.529412,0,0,0.0,0,24,0,0,0-1-2-5,0-1-2-5,0.0,,1,0.905,0.905,2,1,1,0.905,0.83,short,null
meshecho-confidence,95,751.0,24,24,0,1.0,1.0,0.0,2.011552,1.2712,2.011552,0.740352,1.480704,24,24,0,153,72,81,72,37.757952,37.757952,0.050277,14.952149,7.700357,22.652506,0.943854,1.573248,1.2712,306,0,306,1.0,0,0.0,0,0,6,3,23,1,0,0,0.878377,0.529412,0,0,0.0,0,24,0,0,0-1-2-5,0-1-2-5,0.0,,1,0.905,0.905,2,1,1,0.905,0.83,short,null
meshecho-no-confidence,95,751.0,24,24,0,1.0,1.0,0.0,2.011552,1.2712,2.011552,0.740352,1.480704,24,24,0,153,72,81,72,37.757952,37.757952,0.050277,14.952149,7.700357,22.652506,0.943854,1.573248,1.2712,306,0,306,1.0,0,0.0,0,0,6,3,23,1,0,0,0.878377,0.529412,0,0,0.0,0,24,0,0,0-1-2-5,0-1-2-5,0.0,,1,0.905,0.905,2,1,1,0.905,0.83,short,null
meshecho-confidence,96,751.0,24,24,0,1.0,1.0,0.0,2.011552,1.2712,2.011552,0.740352,1.480704,24,24,0,153,72,81,72,37.757952,37.757952,0.050277,14.952149,7.700357,22.652506,0.943854,1.573248,1.2712,306,0,306,1.0,0,0.0,0,0,6,3,23,1,0,0,0.878377,0.529412,0,0,0.0,0,24,0,0,0-1-2-5,0-1-2-5,0.0,,1,0.905,0.905,2,1,1,0.905,0.83,short,null
meshecho-no-confidence,96,751.0,24,24,0,1.0,1.0,0.0,2.011552,1.2712,2.011552,0.740352,1.480704,24,24,0,153,72,81,72,37.757952,37.757952,0.050277,14.952149,7.700357,22.652506,0.943854,1.573248,1.2712,306,0,306,1.0,0,0.0,0,0,6,3,23,1,0,0,0.878377,0.529412,0,0,0.0,0,24,0,0,0-1-2-5,0-1-2-5,0.0,,1,0.905,0.905,2,1,1,0.905,0.83,short,null
meshecho-confidence,97,751.0,24,24,0,1.0,1.0,0.0,2.011552,1.2712,2.011552,0.740352,1.480704,24,24,0,153,72,81,72,37.757952,37.757952,0.050277,14.952149,7.700357,22.652506,0.943854,1.573248,1.2712,306,0,306,1.0,0,0.0,0,0,6,3,23,1,0,0,0.878377,0.529412,0,0,0.0,0,24,0,0,0-1-2-5,0-1-2-5,0.0,,1,0.905,0.905,2,1,1,0.905,0.83,short,null
meshecho-no-confidence,97,751.0,24,24,0,1.0,1.0,0.0,2.011552,1.2712,2.011552,0.740352,1.480704,24,24,0,153,72,81,72,37.757952,37.757952,0.050277,14.952149,7.700357,22.652506,0.943854,1.573248,1.2712,306,0,306,1.0,0,0.0,0,0,6,3,23,1,0,0,0.878377,0.529412,0,0,0.0,0,24,0,0,0-1-2-5,0-1-2-5,0.0,,1,0.905,0.905,2,1,1,0.905,0.83,short,null
meshecho-confidence,98,751.0,24,24,0,1.0,1.0,0.0,2.011552,1.2712,2.011552,0.740352,1.480704,24,24,0,153,72,81,72,37.757952,37.757952,0.050277,14.952149,7.700357,22.652506,0.943854,1.573248,1.2712,306,0,306,1.0,0,0.0,0,0,6,3,23,1,0,0,0.878377,0.529412,0,0,0.0,0,24,0,0,0-1-2-5,0-1-2-5,0.0,,1,0.905,0.905,2,1,1,0.905,0.83,short,null
meshecho-no-confidence,98,751.0,24,24,0,1.0,1.0,0.0,2.011552,1.2712,2.011552,0.740352,1.480704,24,24,0,153,72,81,72,37.757952,37.757952,0.050277,14.952149,7.700357,22.652506,0.943854,1.573248,1.2712,306,0,306,1.0,0,0.0,0,0,6,3,23,1,0,0,0.878377,0.529412,0,0,0.0,0,24,0,0,0-1-2-5,0-1-2-5,0.0,,1,0.905,0.905,2,1,1,0.905,0.83,short,null
meshecho-confidence,99,751.0,24,24,0,1.0,1.0,0.0,2.011552,1.2712,2.011552,0.740352,1.480704,24,24,0,153,72,81,72,37.757952,37.757952,0.050277,14.952149,7.700357,22.652506,0.943854,1.573248,1.2712,306,0,306,1.0,0,0.0,0,0,6,3,23,1,0,0,0.878377,0.529412,0,0,0.0,0,24,0,0,0-1-2-5,0-1-2-5,0.0,,1,0.905,0.905,2,1,1,0.905,0.83,short,null
meshecho-no-confidence,99,751.0,24,24,0,1.0,1.0,0.0,2.011552,1.2712,2.011552,0.740352,1.480704,24,24,0,153,72,81,72,37.757952,37.757952,0.050277,14.952149,7.700357,22.652506,0.943854,1.573248,1.2712,306,0,306,1.0,0,0.0,0,0,6,3,23,1,0,0,0.878377,0.529412,0,0,0.0,0,24,0,0,0-1-2-5,0-1-2-5,0.0,,1,0.905,0.905,2,1,1,0.905,0.83,short,null
meshecho-confidence,100,751.0,24,24,0,1.0,1.0,0.0,2.011552,1.2712,2.011552,0.740352,1.480704,24,24,0,153,72,81,72,37.757952,37.757952,0.050277,14.952149,7.700357,22.652506,0.943854,1.573248,1.2712,306,0,306,1.0,0,0.0,0,0,6,3,23,1,0,0,0.878377,0.529412,0,0,0.0,0,24,0,0,0-1-2-5,0-1-2-5,0.0,,1,0.905,0.905,2,1,1,0.905,0.83,short,null
meshecho-no-confidence,100,751.0,24,24,0,1.0,1.0,0.0,2.011552,1.2712,2.011552,0.740352,1.480704,24,24,0,153,72,81,72,37.757952,37.757952,0.050277,14.952149,7.700357,22.652506,0.943854,1.573248,1.2712,306,0,306,1.0,0,0.0,0,0,6,3,23,1,0,0,0.878377,0.529412,0,0,0.0,0,24,0,0,0-1-2-5,0-1-2-5,0.0,,1,0.905,0.905,2,1,1,0.905,0.83,short,null
meshecho-confidence,1,751.0,24,24,0,1.0,1.0,0.0,2.011552,1.2712,2.011552,0.740352,1.480704,24,24,0,153,72,81,72,37.757952,37.757952,0.050277,14.952149,7.700357,22.652506,0.943854,1.573248,1.2712,306,0,306,1.0,0,0.0,0,0,6,3,23,1,0,0,0.856704,0.529412,0,0,0.0,0,24,0,0,0-1-2-5,0-1-2-5,5.0,1-2,1,0.883327,0.883327,2,1,1,0.883327,0.83,short,short-weak-5db
meshecho-no-confidence,1,751.0,24,24,0,1.0,1.0,0.0,2.011552,1.2712,2.011552,0.740352,1.480704,24,24,0,153,72,81,72,37.757952,37.757952,0.050277,14.952149,7.700357,22.652506,0.943854,1.573248,1.2712,306,0,306,1.0,0,0.0,0,0,6,3,23,1,0,0,0.856704,0.529412,0,0,0.0,0,24,0,0,0-1-2-5,0-1-2-5,5.0,1-2,1,0.883327,0.883327,2,1,1,0.883327,0.83,short,short-weak-5db
meshecho-confidence,2,751.0,24,24,0,0.958333,0.958333,0.0,2.034632,1.29428,2.034632,0.740352,1.480704,23,23,0,149,71,78,69,36.770816,36.770816,0.048962,14.561243,7.49904,22.060283,0.959143,1.598731,1.29428,296,2,298,0.993289,0,0.0,0,0,6,3,23,1,0,0,0.856704,0.52349,0,0,0.0,0,24,0,0,0-1-2-5,0-1-2-5,5.0,1-2,1,0.883327,0.883327,2,1,1,0.883327,0.83,short,short-weak-5db
meshecho-no-confidence,2,751.0,24,24,0,0.958333,0.958333,0.0,2.034632,1.29428,2.034632,0.740352,1.480704,23,23,0,149,71,78,69,36.770816,36.770816,0.048962,14.561243,7.49904,22.060283,0.959143,1.598731,1.29428,296,2,298,0.993289,0,0.0,0,0,6,3,23,1,0,0,0.856704,0.52349,0,0,0.0,0,24,0,0,0-1-2-5,0-1-2-5,5.0,1-2,1,0.883327,0.883327,2,1,1,0.883327,0.83,short,short-weak-5db
meshecho-confidence,3,751.0,24,24,0,1.0,1.0,0.0,2.011552,1.2712,2.011552,0.740352,1.480704,24,24,0,153,72,81,72,37.757952,37.757952,0.050277,14.952149,7.700357,22.652506,0.943854,1.573248,1.2712,306,0,306,1.0,0,0.0,0,0,6,3,23,1,0,0,0.856704,0.529412,0,0,0.0,0,24,0,0,0-1-2-5,0-1-2-5,5.0,1-2,1,0.883327,0.883327,2,1,1,0.883327,0.83,short,short-weak-5db
meshecho-no-confidence,3,751.0,24,24,0,1.0,1.0,0.0,2.011552,1.2712,2.011552,0.740352,1.480704,24,24,0,153,72,81,72,37.757952,37.757952,0.050277,14.952149,7.700357,22.652506,0.943854,1.573248,1.2712,306,0,306,1.0,0,0.0,0,0,6,3,23,1,0,0,0.856704,0.529412,0,0,0.0,0,24,0,0,0-1-2-5,0-1-2-5,5.0,1-2,1,0.883327,0.883327,2,1,1,0.883327,0.83,short,short-weak-5db
meshecho-confidence,4,751.0,24,24,0,1.0,1.0,0.0,2.011552,1.2712,2.011552,0.740352,1.480704,24,24,0,153,72,81,72,37.757952,37.757952,0.050277,14.952149,7.700357,22.652506,0.943854,1.573248,1.2712,305,1,306,0.996732,0,0.0,0,0,6,3,23,1,0,0,0.856704,0.529412,0,0,0.0,0,24,0,0,0-1-2-5,0-1-2-5,5.0,1-2,1,0.883327,0.883327,2,1,1,0.883327,0.83,short,short-weak-5db
meshecho-no-confidence,4,751.0,24,24,0,1.0,1.0,0.0,2.011552,1.2712,2.011552,0.740352,1.480704,24,24,0,153,72,81,72,37.757952,37.757952,0.050277,14.952149,7.700357,22.652506,0.943854,1.573248,1.2712,305,1,306,0.996732,0,0.0,0,0,6,3,23,1,0,0,0.856704,0.529412,0,0,0.0,0,24,0,0,0-1-2-5,0-1-2-5,5.0,1-2,1,0.883327,0.883327,2,1,1,0.883327,0.83,short,short-weak-5db
meshecho-confidence,5,751.0,24,24,0,1.0,1.0,0.0,2.011552,1.2712,2.011552,0.740352,1.480704,24,24,0,153,72,81,72,37.757952,37.757952,0.050277,14.952149,7.700357,22.652506,0.943854,1.573248,1.2712,306,0,306,1.0,0,0.0,0,0,6,3,23,1,0,0,0.856704,0.529412,0,0,0.0,0,24,0,0,0-1-2-5,0-1-2-5,5.0,1-2,1,0.883327,0.883327,2,1,1,0.883327,0.83,short,short-weak-5db
meshecho-no-confidence,5,751.0,24,24,0,1.0,1.0,0.0,2.011552,1.2712,2.011552,0.740352,1.480704,24,24,0,153,72,81,72,37.757952,37.757952,0.050277,14.952149,7.700357,22.652506,0.943854,1.573248,1.2712,306,0,306,1.0,0,0.0,0,0,6,3,23,1,0,0,0.856704,0.529412,0,0,0.0,0,24,0,0,0-1-2-5,0-1-2-5,5.0,1-2,1,0.883327,0.883327,2,1,1,0.883327,0.83,short,short-weak-5db
meshecho-confidence,6,751.0,24,24,0,1.0,1.0,0.0,2.011552,1.2712,2.011552,0.740352,1.480704,24,24,0,153,72,81,72,37.757952,37.757952,0.050277,14.952149,7.700357,22.652506,0.943854,1.573248,1.2712,305,1,306,0.996732,0,0.0,0,0,6,3,23,1,0,0,0.856704,0.529412,0,0,0.0,0,24,0,0,0-1-2-5,0-1-2-5,5.0,1-2,1,0.883327,0.883327,2,1,1,0.883327,0.83,short,short-weak-5db
meshecho-no-confidence,6,751.0,24,24,0,1.0,1.0,0.0,2.011552,1.2712,2.011552,0.740352,1.480704,24,24,0,153,72,81,72,37.757952,37.757952,0.050277,14.952149,7.700357,22.652506,0.943854,1.573248,1.2712,305,1,306,0.996732,0,0.0,0,0,6,3,23,1,0,0,0.856704,0.529412,0,0,0.0,0,24,0,0,0-1-2-5,0-1-2-5,5.0,1-2,1,0.883327,0.883327,2,1,1,0.883327,0.83,short,short-weak-5db
meshecho-confidence,7,751.0,24,24,0,1.0,1.0,0.0,2.011552,1.2712,2.011552,0.740352,1.480704,24,24,0,153,72,81,72,37.757952,37.757952,0.050277,14.952149,7.700357,22.652506,0.943854,1.573248,1.2712,306,0,306,1.0,0,0.0,0,0,6,3,23,1,0,0,0.856704,0.529412,0,0,0.0,0,24,0,0,0-1-2-5,0-1-2-5,5.0,1-2,1,0.883327,0.883327,2,1,1,0.883327,0.83,short,short-weak-5db
meshecho-no-confidence,7,751.0,24,24,0,1.0,1.0,0.0,2.011552,1.2712,2.011552,0.740352,1.480704,24,24,0,153,72,81,72,37.757952,37.757952,0.050277,14.952149,7.700357,22.652506,0.943854,1.573248,1.2712,306,0,306,1.0,0,0.0,0,0,6,3,23,1,0,0,0.856704,0.529412,0,0,0.0,0,24,0,0,0-1-2-5,0-1-2-5,5.0,1-2,1,0.883327,0.883327,2,1,1,0.883327,0.83,short,short-weak-5db
meshecho-confidence,8,751.0,24,24,0,1.0,1.0,0.0,2.011552,1.2712,2.011552,0.740352,1.480704,24,24,0,153,72,81,72,37.757952,37.757952,0.050277,14.952149,7.700357,22.652506,0.943854,1.573248,1.2712,304,2,306,0.993464,0,0.0,0,0,6,3,23,1,0,0,0.856704,0.529412,0,0,0.0,0,24,0,0,0-1-2-5,0-1-2-5,5.0,1-2,1,0.883327,0.883327,2,1,1,0.883327,0.83,short,short-weak-5db
meshecho-no-confidence,8,751.0,24,24,0,1.0,1.0,0.0,2.011552,1.2712,2.011552,0.740352,1.480704,24,24,0,153,72,81,72,37.757952,37.757952,0.050277,14.952149,7.700357,22.652506,0.943854,1.573248,1.2712,304,2,306,0.993464,0,0.0,0,0,6,3,23,1,0,0,0.856704,0.529412,0,0,0.0,0,24,0,0,0-1-2-5,0-1-2-5,5.0,1-2,1,0.883327,0.883327,2,1,1,0.883327,0.83,short,short-weak-5db
meshecho-confidence,9,751.0,24,24,0,0.958333,0.958333,0.0,2.034632,1.29428,2.034632,0.740352,1.480704,23,23,0,149,71,78,69,36.770816,36.770816,0.048962,14.561243,7.49904,22.060283,0.959143,1.598731,1.29428,297,1,298,0.996644,0,0.0,0,0,6,3,23,1,0,0,0.856704,0.52349,0,0,0.0,0,24,0,0,0-1-2-5,0-1-2-5,5.0,1-2,1,0.883327,0.883327,2,1,1,0.883327,0.83,short,short-weak-5db
meshecho-no-confidence,9,751.0,24,24,0,0.958333,0.958333,0.0,2.034632,1.29428,2.034632,0.740352,1.480704,23,23,0,149,71,78,69,36.770816,36.770816,0.048962,14.561243,7.49904,22.060283,0.959143,1.598731,1.29428,297,1,298,0.996644,0,0.0,0,0,6,3,23,1,0,0,0.856704,0.52349,0,0,0.0,0,24,0,0,0-1-2-5,0-1-2-5,5.0,1-2,1,0.883327,0.883327,2,1,1,0.883327,0.83,short,short-weak-5db
meshecho-confidence,10,751.0,24,24,0,1.0,1.0,0.0,2.011552,1.2712,2.011552,0.740352,1.480704,24,24,0,153,72,81,72,37.757952,37.757952,0.050277,14.952149,7.700357,22.652506,0.943854,1.573248,1.2712,305,1,306,0.996732,0,0.0,0,0,6,3,23,1,0,0,0.856704,0.529412,0,0,0.0,0,24,0,0,0-1-2-5,0-1-2-5,5.0,1-2,1,0.883327,0.883327,2,1,1,0.883327,0.83,short,short-weak-5db
meshecho-no-confidence,10,751.0,24,24,0,1.0,1.0,0.0,2.011552,1.2712,2.011552,0.740352,1.480704,24,24,0,153,72,81,72,37.757952,37.757952,0.050277,14.952149,7.700357,22.652506,0.943854,1.573248,1.2712,305,1,306,0.996732,0,0.0,0,0,6,3,23,1,0,0,0.856704,0.529412,0,0,0.0,0,24,0,0,0-1-2-5,0-1-2-5,5.0,1-2,1,0.883327,0.883327,2,1,1,0.883327,0.83,short,short-weak-5db
meshecho-confidence,11,751.0,24,24,0,1.0,1.0,0.0,2.011552,1.2712,2.011552,0.740352,1.480704,24,24,0,153,72,81,72,37.757952,37.757952,0.050277,14.952149,7.700357,22.652506,0.943854,1.573248,1.2712,306,0,306,1.0,0,0.0,0,0,6,3,23,1,0,0,0.856704,0.529412,0,0,0.0,0,24,0,0,0-1-2-5,0-1-2-5,5.0,1-2,1,0.883327,0.883327,2,1,1,0.883327,0.83,short,short-weak-5db
meshecho-no-confidence,11,751.0,24,24,0,1.0,1.0,0.0,2.011552,1.2712,2.011552,0.740352,1.480704,24,24,0,153,72,81,72,37.757952,37.757952,0.050277,14.952149,7.700357,22.652506,0.943854,1.573248,1.2712,306,0,306,1.0,0,0.0,0,0,6,3,23,1,0,0,0.856704,0.529412,0,0,0.0,0,24,0,0,0-1-2-5,0-1-2-5,5.0,1-2,1,0.883327,0.883327,2,1,1,0.883327,0.83,short,short-weak-5db
meshecho-confidence,12,751.0,24,24,0,1.0,1.0,0.0,2.011552,1.2712,2.011552,0.740352,1.480704,24,24,0,153,72,81,72,37.757952,37.757952,0.050277,14.952149,7.700357,22.652506,0.943854,1.573248,1.2712,306,0,306,1.0,0,0.0,0,0,6,3,23,1,0,0,0.856704,0.529412,0,0,0.0,0,24,0,0,0-1-2-5,0-1-2-5,5.0,1-2,1,0.883327,0.883327,2,1,1,0.883327,0.83,short,short-weak-5db
meshecho-no-confidence,12,751.0,24,24,0,1.0,1.0,0.0,2.011552,1.2712,2.011552,0.740352,1.480704,24,24,0,153,72,81,72,37.757952,37.757952,0.050277,14.952149,7.700357,22.652506,0.943854,1.573248,1.2712,306,0,306,1.0,0,0.0,0,0,6,3,23,1,0,0,0.856704,0.529412,0,0,0.0,0,24,0,0,0-1-2-5,0-1-2-5,5.0,1-2,1,0.883327,0.883327,2,1,1,0.883327,0.83,short,short-weak-5db
meshecho-confidence,13,751.0,24,24,0,1.0,1.0,0.0,2.011552,1.2712,2.011552,0.740352,1.480704,24,24,0,153,72,81,72,37.757952,37.757952,0.050277,14.952149,7.700357,22.652506,0.943854,1.573248,1.2712,305,1,306,0.996732,0,0.0,0,0,6,3,23,1,0,0,0.856704,0.529412,0,0,0.0,0,24,0,0,0-1-2-5,0-1-2-5,5.0,1-2,1,0.883327,0.883327,2,1,1,0.883327,0.83,short,short-weak-5db
meshecho-no-confidence,13,751.0,24,24,0,1.0,1.0,0.0,2.011552,1.2712,2.011552,0.740352,1.480704,24,24,0,153,72,81,72,37.757952,37.757952,0.050277,14.952149,7.700357,22.652506,0.943854,1.573248,1.2712,305,1,306,0.996732,0,0.0,0,0,6,3,23,1,0,0,0.856704,0.529412,0,0,0.0,0,24,0,0,0-1-2-5,0-1-2-5,5.0,1-2,1,0.883327,0.883327,2,1,1,0.883327,0.83,short,short-weak-5db
meshecho-confidence,14,751.0,24,24,0,1.0,1.0,0.0,2.011552,1.2712,2.011552,0.740352,1.480704,24,24,0,153,72,81,72,37.757952,37.757952,0.050277,14.952149,7.700357,22.652506,0.943854,1.573248,1.2712,306,0,306,1.0,0,0.0,0,0,6,3,23,1,0,0,0.856704,0.529412,0,0,0.0,0,24,0,0,0-1-2-5,0-1-2-5,5.0,1-2,1,0.883327,0.883327,2,1,1,0.883327,0.83,short,short-weak-5db
meshecho-no-confidence,14,751.0,24,24,0,1.0,1.0,0.0,2.011552,1.2712,2.011552,0.740352,1.480704,24,24,0,153,72,81,72,37.757952,37.757952,0.050277,14.952149,7.700357,22.652506,0.943854,1.573248,1.2712,306,0,306,1.0,0,0.0,0,0,6,3,23,1,0,0,0.856704,0.529412,0,0,0.0,0,24,0,0,0-1-2-5,0-1-2-5,5.0,1-2,1,0.883327,0.883327,2,1,1,0.883327,0.83,short,short-weak-5db
meshecho-confidence,15,751.0,24,24,0,0.916667,0.958333,0.0,2.059811,1.29428,2.059811,0.740352,1.480704,23,22,0,148,71,77,68,36.524032,36.524032,0.048634,14.463517,7.448711,21.912228,0.99601,1.660183,1.29428,293,3,296,0.989865,0,0.0,0,0,6,3,23,1,0,0,0.856704,0.52027,0,0,0.0,0,24,0,0,0-1-2-5,0-1-2-5,5.0,1-2,1,0.883327,0.883327,2,1,1,0.883327,0.83,short,short-weak-5db
meshecho-no-confidence,15,751.0,24,24,0,0.916667,0.958333,0.0,2.059811,1.29428,2.059811,0.740352,1.480704,23,22,0,148,71,77,68,36.524032,36.524032,0.048634,14.463517,7.448711,21.912228,0.99601,1.660183,1.29428,293,3,296,0.989865,0,0.0,0,0,6,3,23,1,0,0,0.856704,0.52027,0,0,0.0,0,24,0,0,0-1-2-5,0-1-2-5,5.0,1-2,1,0.883327,0.883327,2,1,1,0.883327,0.83,short,short-weak-5db
meshecho-confidence,16,751.0,24,24,0,1.0,1.0,0.0,2.011552,1.2712,2.011552,0.740352,1.480704,24,24,0,153,72,81,72,37.757952,37.757952,0.050277,14.952149,7.700357,22.652506,0.943854,1.573248,1.2712,306,0,306,1.0,0,0.0,0,0,6,3,23,1,0,0,0.856704,0.529412,0,0,0.0,0,24,0,0,0-1-2-5,0-1-2-5,5.0,1-2,1,0.883327,0.883327,2,1,1,0.883327,0.83,short,short-weak-5db
meshecho-no-confidence,16,751.0,24,24,0,1.0,1.0,0.0,2.011552,1.2712,2.011552,0.740352,1.480704,24,24,0,153,72,81,72,37.757952,37.757952,0.050277,14.952149,7.700357,22.652506,0.943854,1.573248,1.2712,306,0,306,1.0,0,0.0,0,0,6,3,23,1,0,0,0.856704,0.529412,0,0,0.0,0,24,0,0,0-1-2-5,0-1-2-5,5.0,1-2,1,0.883327,0.883327,2,1,1,0.883327,0.83,short,short-weak-5db
meshecho-confidence,17,751.0,24,24,0,0.958333,0.958333,0.0,2.034632,1.29428,2.034632,0.740352,1.480704,23,23,0,149,71,78,69,36.770816,36.770816,0.048962,14.561243,7.49904,22.060283,0.959143,1.598731,1.29428,295,3,298,0.989933,0,0.0,0,0,6,3,23,1,0,0,0.856704,0.52349,0,0,0.0,0,24,0,0,0-1-2-5,0-1-2-5,5.0,1-2,1,0.883327,0.883327,2,1,1,0.883327,0.83,short,short-weak-5db
meshecho-no-confidence,17,751.0,24,24,0,0.958333,0.958333,0.0,2.034632,1.29428,2.034632,0.740352,1.480704,23,23,0,149,71,78,69,36.770816,36.770816,0.048962,14.561243,7.49904,22.060283,0.959143,1.598731,1.29428,295,3,298,0.989933,0,0.0,0,0,6,3,23,1,0,0,0.856704,0.52349,0,0,0.0,0,24,0,0,0-1-2-5,0-1-2-5,5.0,1-2,1,0.883327,0.883327,2,1,1,0.883327,0.83,short,short-weak-5db
meshecho-confidence,18,751.0,24,24,0,1.0,1.0,0.0,2.011552,1.2712,2.011552,0.740352,1.480704,24,24,0,153,72,81,72,37.757952,37.757952,0.050277,14.952149,7.700357,22.652506,0.943854,1.573248,1.2712,305,1,306,0.996732,0,0.0,0,0,6,3,23,1,0,0,0.856704,0.529412,0,0,0.0,0,24,0,0,0-1-2-5,0-1-2-5,5.0,1-2,1,0.883327,0.883327,2,1,1,0.883327,0.83,short,short-weak-5db
meshecho-no-confidence,18,751.0,24,24,0,1.0,1.0,0.0,2.011552,1.2712,2.011552,0.740352,1.480704,24,24,0,153,72,81,72,37.757952,37.757952,0.050277,14.952149,7.700357,22.652506,0.943854,1.573248,1.2712,305,1,306,0.996732,0,0.0,0,0,6,3,23,1,0,0,0.856704,0.529412,0,0,0.0,0,24,0,0,0-1-2-5,0-1-2-5,5.0,1-2,1,0.883327,0.883327,2,1,1,0.883327,0.83,short,short-weak-5db
meshecho-confidence,19,751.0,24,24,0,1.0,1.0,0.0,2.011552,1.2712,2.011552,0.740352,1.480704,24,24,0,153,72,81,72,37.757952,37.757952,0.050277,14.952149,7.700357,22.652506,0.943854,1.573248,1.2712,305,1,306,0.996732,0,0.0,0,0,6,3,23,1,0,0,0.856704,0.529412,0,0,0.0,0,24,0,0,0-1-2-5,0-1-2-5,5.0,1-2,1,0.883327,0.883327,2,1,1,0.883327,0.83,short,short-weak-5db
meshecho-no-confidence,19,751.0,24,24,0,1.0,1.0,0.0,2.011552,1.2712,2.011552,0.740352,1.480704,24,24,0,153,72,81,72,37.757952,37.757952,0.050277,14.952149,7.700357,22.652506,0.943854,1.573248,1.2712,305,1,306,0.996732,0,0.0,0,0,6,3,23,1,0,0,0.856704,0.529412,0,0,0.0,0,24,0,0,0-1-2-5,0-1-2-5,5.0,1-2,1,0.883327,0.883327,2,1,1,0.883327,0.83,short,short-weak-5db
meshecho-confidence,20,751.0,24,24,0,1.0,1.0,0.0,2.011552,1.2712,2.011552,0.740352,1.480704,24,24,0,153,72,81,72,37.757952,37.757952,0.050277,14.952149,7.700357,22.652506,0.943854,1.573248,1.2712,306,0,306,1.0,0,0.0,0,0,6,3,23,1,0,0,0.856704,0.529412,0,0,0.0,0,24,0,0,0-1-2-5,0-1-2-5,5.0,1-2,1,0.883327,0.883327,2,1,1,0.883327,0.83,short,short-weak-5db
meshecho-no-confidence,20,751.0,24,24,0,1.0,1.0,0.0,2.011552,1.2712,2.011552,0.740352,1.480704,24,24,0,153,72,81,72,37.757952,37.757952,0.050277,14.952149,7.700357,22.652506,0.943854,1.573248,1.2712,306,0,306,1.0,0,0.0,0,0,6,3,23,1,0,0,0.856704,0.529412,0,0,0.0,0,24,0,0,0-1-2-5,0-1-2-5,5.0,1-2,1,0.883327,0.883327,2,1,1,0.883327,0.83,short,short-weak-5db
meshecho-confidence,21,751.0,24,24,0,1.0,1.0,0.0,2.011552,1.2712,2.011552,0.740352,1.480704,24,24,0,153,72,81,72,37.757952,37.757952,0.050277,14.952149,7.700357,22.652506,0.943854,1.573248,1.2712,305,1,306,0.996732,0,0.0,0,0,6,3,23,1,0,0,0.856704,0.529412,0,0,0.0,0,24,0,0,0-1-2-5,0-1-2-5,5.0,1-2,1,0.883327,0.883327,2,1,1,0.883327,0.83,short,short-weak-5db
meshecho-no-confidence,21,751.0,24,24,0,1.0,1.0,0.0,2.011552,1.2712,2.011552,0.740352,1.480704,24,24,0,153,72,81,72,37.757952,37.757952,0.050277,14.952149,7.700357,22.652506,0.943854,1.573248,1.2712,305,1,306,0.996732,0,0.0,0,0,6,3,23,1,0,0,0.856704,0.529412,0,0,0.0,0,24,0,0,0-1-2-5,0-1-2-5,5.0,1-2,1,0.883327,0.883327,2,1,1,0.883327,0.83,short,short-weak-5db
meshecho-confidence,22,751.0,24,24,0,1.0,1.0,0.0,2.515403,1.528267,2.515403,0.987136,1.974272,24,24,0,201,96,105,96,49.603584,49.603584,0.06605,19.643019,10.116155,29.759174,1.239966,2.066816,1.528267,401,1,402,0.997512,0,0.0,0,0,5,4,23,1,0,0,0.803396,0.522388,0,0,0.0,0,24,0,0,0-3-4-6-5,0-3-4-6-5,5.0,1-2,1,0.83,0.83,1,0,1,0.0,0.83,long,short-weak-5db
meshecho-no-confidence,22,751.0,24,24,0,1.0,1.0,0.0,2.515403,1.528267,2.515403,0.987136,1.974272,24,24,0,201,96,105,96,49.603584,49.603584,0.06605,19.643019,10.116155,29.759174,1.239966,2.066816,1.528267,401,1,402,0.997512,0,0.0,0,0,5,4,23,1,0,0,0.803396,0.522388,0,0,0.0,0,24,0,0,0-3-4-6-5,0-3-4-6-5,5.0,1-2,1,0.83,0.83,1,0,1,0.0,0.83,long,short-weak-5db
meshecho-confidence,23,751.0,24,24,0,1.0,1.0,0.0,2.011552,1.2712,2.011552,0.740352,1.480704,24,24,0,153,72,81,72,37.757952,37.757952,0.050277,14.952149,7.700357,22.652506,0.943854,1.573248,1.2712,306,0,306,1.0,0,0.0,0,0,6,3,23,1,0,0,0.856704,0.529412,0,0,0.0,0,24,0,0,0-1-2-5,0-1-2-5,5.0,1-2,1,0.883327,0.883327,2,1,1,0.883327,0.83,short,short-weak-5db
meshecho-no-confidence,23,751.0,24,24,0,1.0,1.0,0.0,2.011552,1.2712,2.011552,0.740352,1.480704,24,24,0,153,72,81,72,37.757952,37.757952,0.050277,14.952149,7.700357,22.652506,0.943854,1.573248,1.2712,306,0,306,1.0,0,0.0,0,0,6,3,23,1,0,0,0.856704,0.529412,0,0,0.0,0,24,0,0,0-1-2-5,0-1-2-5,5.0,1-2,1,0.883327,0.883327,2,1,1,0.883327,0.83,short,short-weak-5db
meshecho-confidence,24,751.0,24,24,0,1.0,1.0,0.0,2.515403,1.528267,2.515403,0.987136,1.974272,24,24,0,201,96,105,96,49.603584,49.603584,0.06605,19.643019,10.116155,29.759174,1.239966,2.066816,1.528267,401,1,402,0.997512,0,0.0,0,0,5,4,23,1,0,0,0.803396,0.522388,0,0,0.0,0,24,0,0,0-3-4-6-5,0-3-4-6-5,5.0,1-2,1,0.83,0.83,1,0,1,0.0,0.83,long,short-weak-5db
meshecho-no-confidence,24,751.0,24,24,0,1.0,1.0,0.0,2.515403,1.528267,2.515403,0.987136,1.974272,24,24,0,201,96,105,96,49.603584,49.603584,0.06605,19.643019,10.116155,29.759174,1.239966,2.066816,1.528267,401,1,402,0.997512,0,0.0,0,0,5,4,23,1,0,0,0.803396,0.522388,0,0,0.0,0,24,0,0,0-3-4-6-5,0-3-4-6-5,5.0,1-2,1,0.83,0.83,1,0,1,0.0,0.83,long,short-weak-5db
meshecho-confidence,25,751.0,24,24,0,1.0,1.0,0.0,2.011552,1.2712,2.011552,0.740352,1.480704,24,24,0,153,72,81,72,37.757952,37.757952,0.050277,14.952149,7.700357,22.652506,0.943854,1.573248,1.2712,306,0,306,1.0,0,0.0,0,0,6,3,23,1,0,0,0.856704,0.529412,0,0,0.0,0,24,0,0,0-1-2-5,0-1-2-5,5.0,1-2,1,0.883327,0.883327,2,1,1,0.883327,0.83,short,short-weak-5db
meshecho-no-confidence,25,751.0,24,24,0,1.0,1.0,0.0,2.011552,1.2712,2.011552,0.740352,1.480704,24,24,0,153,72,81,72,37.757952,37.757952,0.050277,14.952149,7.700357,22.652506,0.943854,1.573248,1.2712,306,0,306,1.0,0,0.0,0,0,6,3,23,1,0,0,0.856704,0.529412,0,0,0.0,0,24,0,0,0-1-2-5,0-1-2-5,5.0,1-2,1,0.883327,0.883327,2,1,1,0.883327,0.83,short,short-weak-5db
meshecho-confidence,26,751.0,24,24,0,0.958333,0.958333,0.0,2.034632,1.29428,2.034632,0.740352,1.480704,23,23,0,149,71,78,69,36.770816,36.770816,0.048962,14.561243,7.49904,22.060283,0.959143,1.598731,1.29428,297,1,298,0.996644,0,0.0,0,0,6,3,23,1,0,0,0.856704,0.52349,0,0,0.0,0,24,0,0,0-1-2-5,0-1-2-5,5.0,1-2,1,0.883327,0.883327,2,1,1,0.883327,0.83,short,short-weak-5db
meshecho-no-confidence,26,751.0,24,24,0,0.958333,0.958333,0.0,2.034632,1.29428,2.034632,0.740352,1.480704,23,23,0,149,71,78,69,36.770816,36.770816,0.048962,14.561243,7.49904,22.060283,0.959143,1.598731,1.29428,297,1,298,0.996644,0,0.0,0,0,6,3,23,1,0,0,0.856704,0.52349,0,0,0.0,0,24,0,0,0-1-2-5,0-1-2-5,5.0,1-2,1,0.883327,0.883327,2,1,1,0.883327,0.83,short,short-weak-5db
meshecho-confidence,27,751.0,24,24,0,1.0,1.0,0.0,2.011552,1.2712,2.011552,0.740352,1.480704,24,24,0,153,72,81,72,37.757952,37.757952,0.050277,14.952149,7.700357,22.652506,0.943854,1.573248,1.2712,306,0,306,1.0,0,0.0,0,0,6,3,23,1,0,0,0.856704,0.529412,0,0,0.0,0,24,0,0,0-1-2-5,0-1-2-5,5.0,1-2,1,0.883327,0.883327,2,1,1,0.883327,0.83,short,short-weak-5db
meshecho-no-confidence,27,751.0,24,24,0,1.0,1.0,0.0,2.011552,1.2712,2.011552,0.740352,1.480704,24,24,0,153,72,81,72,37.757952,37.757952,0.050277,14.952149,7.700357,22.652506,0.943854,1.573248,1.2712,306,0,306,1.0,0,0.0,0,0,6,3,23,1,0,0,0.856704,0.529412,0,0,0.0,0,24,0,0,0-1-2-5,0-1-2-5,5.0,1-2,1,0.883327,0.883327,2,1,1,0.883327,0.83,short,short-weak-5db
meshecho-confidence,28,751.0,24,24,0,1.0,1.0,0.0,2.011552,1.2712,2.011552,0.740352,1.480704,24,24,0,153,72,81,72,37.757952,37.757952,0.050277,14.952149,7.700357,22.652506,0.943854,1.573248,1.2712,305,1,306,0.996732,0,0.0,0,0,6,3,23,1,0,0,0.856704,0.529412,0,0,0.0,0,24,0,0,0-1-2-5,0-1-2-5,5.0,1-2,1,0.883327,0.883327,2,1,1,0.883327,0.83,short,short-weak-5db
meshecho-no-confidence,28,751.0,24,24,0,1.0,1.0,0.0,2.011552,1.2712,2.011552,0.740352,1.480704,24,24,0,153,72,81,72,37.757952,37.757952,0.050277,14.952149,7.700357,22.652506,0.943854,1.573248,1.2712,305,1,306,0.996732,0,0.0,0,0,6,3,23,1,0,0,0.856704,0.529412,0,0,0.0,0,24,0,0,0-1-2-5,0-1-2-5,5.0,1-2,1,0.883327,0.883327,2,1,1,0.883327,0.83,short,short-weak-5db
meshecho-confidence,29,751.0,24,24,0,1.0,1.0,0.0,2.011552,1.2712,2.011552,0.740352,1.480704,24,24,0,153,72,81,72,37.757952,37.757952,0.050277,14.952149,7.700357,22.652506,0.943854,1.573248,1.2712,304,2,306,0.993464,0,0.0,0,0,6,3,23,1,0,0,0.856704,0.529412,0,0,0.0,0,24,0,0,0-1-2-5,0-1-2-5,5.0,1-2,1,0.883327,0.883327,2,1,1,0.883327,0.83,short,short-weak-5db
meshecho-no-confidence,29,751.0,24,24,0,1.0,1.0,0.0,2.011552,1.2712,2.011552,0.740352,1.480704,24,24,0,153,72,81,72,37.757952,37.757952,0.050277,14.952149,7.700357,22.652506,0.943854,1.573248,1.2712,304,2,306,0.993464,0,0.0,0,0,6,3,23,1,0,0,0.856704,0.529412,0,0,0.0,0,24,0,0,0-1-2-5,0-1-2-5,5.0,1-2,1,0.883327,0.883327,2,1,1,0.883327,0.83,short,short-weak-5db
meshecho-confidence,30,751.0,24,24,0,1.0,1.0,0.0,2.011552,1.2712,2.011552,0.740352,1.480704,24,24,0,153,72,81,72,37.757952,37.757952,0.050277,14.952149,7.700357,22.652506,0.943854,1.573248,1.2712,306,0,306,1.0,0,0.0,0,0,6,3,23,1,0,0,0.856704,0.529412,0,0,0.0,0,24,0,0,0-1-2-5,0-1-2-5,5.0,1-2,1,0.883327,0.883327,2,1,1,0.883327,0.83,short,short-weak-5db
meshecho-no-confidence,30,751.0,24,24,0,1.0,1.0,0.0,2.011552,1.2712,2.011552,0.740352,1.480704,24,24,0,153,72,81,72,37.757952,37.757952,0.050277,14.952149,7.700357,22.652506,0.943854,1.573248,1.2712,306,0,306,1.0,0,0.0,0,0,6,3,23,1,0,0,0.856704,0.529412,0,0,0.0,0,24,0,0,0-1-2-5,0-1-2-5,5.0,1-2,1,0.883327,0.883327,2,1,1,0.883327,0.83,short,short-weak-5db
meshecho-confidence,31,751.0,24,24,0,1.0,1.0,0.0,2.011552,1.2712,2.011552,0.740352,1.480704,24,24,0,153,72,81,72,37.757952,37.757952,0.050277,14.952149,7.700357,22.652506,0.943854,1.573248,1.2712,306,0,306,1.0,0,0.0,0,0,6,3,23,1,0,0,0.856704,0.529412,0,0,0.0,0,24,0,0,0-1-2-5,0-1-2-5,5.0,1-2,1,0.883327,0.883327,2,1,1,0.883327,0.83,short,short-weak-5db
meshecho-no-confidence,31,751.0,24,24,0,1.0,1.0,0.0,2.011552,1.2712,2.011552,0.740352,1.480704,24,24,0,153,72,81,72,37.757952,37.757952,0.050277,14.952149,7.700357,22.652506,0.943854,1.573248,1.2712,306,0,306,1.0,0,0.0,0,0,6,3,23,1,0,0,0.856704,0.529412,0,0,0.0,0,24,0,0,0-1-2-5,0-1-2-5,5.0,1-2,1,0.883327,0.883327,2,1,1,0.883327,0.83,short,short-weak-5db
meshecho-confidence,32,751.0,24,24,0,1.0,1.0,0.0,2.011552,1.2712,2.011552,0.740352,1.480704,24,24,0,153,72,81,72,37.757952,37.757952,0.050277,14.952149,7.700357,22.652506,0.943854,1.573248,1.2712,306,0,306,1.0,0,0.0,0,0,6,3,23,1,0,0,0.856704,0.529412,0,0,0.0,0,24,0,0,0-1-2-5,0-1-2-5,5.0,1-2,1,0.883327,0.883327,2,1,1,0.883327,0.83,short,short-weak-5db
meshecho-no-confidence,32,751.0,24,24,0,1.0,1.0,0.0,2.011552,1.2712,2.011552,0.740352,1.480704,24,24,0,153,72,81,72,37.757952,37.757952,0.050277,14.952149,7.700357,22.652506,0.943854,1.573248,1.2712,306,0,306,1.0,0,0.0,0,0,6,3,23,1,0,0,0.856704,0.529412,0,0,0.0,0,24,0,0,0-1-2-5,0-1-2-5,5.0,1-2,1,0.883327,0.883327,2,1,1,0.883327,0.83,short,short-weak-5db
meshecho-confidence,33,751.0,24,24,0,1.0,1.0,0.0,2.011552,1.2712,2.011552,0.740352,1.480704,24,24,0,153,72,81,72,37.757952,37.757952,0.050277,14.952149,7.700357,22.652506,0.943854,1.573248,1.2712,306,0,306,1.0,0,0.0,0,0,6,3,23,1,0,0,0.856704,0.529412,0,0,0.0,0,24,0,0,0-1-2-5,0-1-2-5,5.0,1-2,1,0.883327,0.883327,2,1,1,0.883327,0.83,short,short-weak-5db
meshecho-no-confidence,33,751.0,24,24,0,1.0,1.0,0.0,2.011552,1.2712,2.011552,0.740352,1.480704,24,24,0,153,72,81,72,37.757952,37.757952,0.050277,14.952149,7.700357,22.652506,0.943854,1.573248,1.2712,306,0,306,1.0,0,0.0,0,0,6,3,23,1,0,0,0.856704,0.529412,0,0,0.0,0,24,0,0,0-1-2-5,0-1-2-5,5.0,1-2,1,0.883327,0.883327,2,1,1,0.883327,0.83,short,short-weak-5db
meshecho-confidence,34,751.0,24,24,0,1.0,1.0,0.0,2.011552,1.2712,2.011552,0.740352,1.480704,24,24,0,153,72,81,72,37.757952,37.757952,0.050277,14.952149,7.700357,22.652506,0.943854,1.573248,1.2712,306,0,306,1.0,0,0.0,0,0,6,3,23,1,0,0,0.856704,0.529412,0,0,0.0,0,24,0,0,0-1-2-5,0-1-2-5,5.0,1-2,1,0.883327,0.883327,2,1,1,0.883327,0.83,short,short-weak-5db
meshecho-no-confidence,34,751.0,24,24,0,1.0,1.0,0.0,2.011552,1.2712,2.011552,0.740352,1.480704,24,24,0,153,72,81,72,37.757952,37.757952,0.050277,14.952149,7.700357,22.652506,0.943854,1.573248,1.2712,306,0,306,1.0,0,0.0,0,0,6,3,23,1,0,0,0.856704,0.529412,0,0,0.0,0,24,0,0,0-1-2-5,0-1-2-5,5.0,1-2,1,0.883327,0.883327,2,1,1,0.883327,0.83,short,short-weak-5db
meshecho-confidence,35,751.0,24,24,0,0.958333,0.958333,0.0,2.034632,1.29428,2.034632,0.740352,1.480704,23,23,0,149,71,78,69,36.770816,36.770816,0.048962,14.561243,7.49904,22.060283,0.959143,1.598731,1.29428,297,1,298,0.996644,0,0.0,0,0,6,3,23,1,0,0,0.856704,0.52349,0,0,0.0,0,24,0,0,0-1-2-5,0-1-2-5,5.0,1-2,1,0.883327,0.883327,2,1,1,0.883327,0.83,short,short-weak-5db
meshecho-no-confidence,35,751.0,24,24,0,0.958333,0.958333,0.0,2.034632,1.29428,2.034632,0.740352,1.480704,23,23,0,149,71,78,69,36.770816,36.770816,0.048962,14.561243,7.49904,22.060283,0.959143,1.598731,1.29428,297,1,298,0.996644,0,0.0,0,0,6,3,23,1,0,0,0.856704,0.52349,0,0,0.0,0,24,0,0,0-1-2-5,0-1-2-5,5.0,1-2,1,0.883327,0.883327,2,1,1,0.883327,0.83,short,short-weak-5db
meshecho-confidence,36,751.0,24,24,0,1.0,1.0,0.0,2.011552,1.2712,2.011552,0.740352,1.480704,24,24,0,153,72,81,72,37.757952,37.757952,0.050277,14.952149,7.700357,22.652506,0.943854,1.573248,1.2712,306,0,306,1.0,0,0.0,0,0,6,3,23,1,0,0,0.856704,0.529412,0,0,0.0,0,24,0,0,0-1-2-5,0-1-2-5,5.0,1-2,1,0.883327,0.883327,2,1,1,0.883327,0.83,short,short-weak-5db
meshecho-no-confidence,36,751.0,24,24,0,1.0,1.0,0.0,2.011552,1.2712,2.011552,0.740352,1.480704,24,24,0,153,72,81,72,37.757952,37.757952,0.050277,14.952149,7.700357,22.652506,0.943854,1.573248,1.2712,306,0,306,1.0,0,0.0,0,0,6,3,23,1,0,0,0.856704,0.529412,0,0,0.0,0,24,0,0,0-1-2-5,0-1-2-5,5.0,1-2,1,0.883327,0.883327,2,1,1,0.883327,0.83,short,short-weak-5db
meshecho-confidence,37,751.0,24,24,0,1.0,1.0,0.0,2.011552,1.2712,2.011552,0.740352,1.480704,24,24,0,153,72,81,72,37.757952,37.757952,0.050277,14.952149,7.700357,22.652506,0.943854,1.573248,1.2712,306,0,306,1.0,0,0.0,0,0,6,3,23,1,0,0,0.856704,0.529412,0,0,0.0,0,24,0,0,0-1-2-5,0-1-2-5,5.0,1-2,1,0.883327,0.883327,2,1,1,0.883327,0.83,short,short-weak-5db
meshecho-no-confidence,37,751.0,24,24,0,1.0,1.0,0.0,2.011552,1.2712,2.011552,0.740352,1.480704,24,24,0,153,72,81,72,37.757952,37.757952,0.050277,14.952149,7.700357,22.652506,0.943854,1.573248,1.2712,306,0,306,1.0,0,0.0,0,0,6,3,23,1,0,0,0.856704,0.529412,0,0,0.0,0,24,0,0,0-1-2-5,0-1-2-5,5.0,1-2,1,0.883327,0.883327,2,1,1,0.883327,0.83,short,short-weak-5db
meshecho-confidence,38,751.0,24,24,0,1.0,1.0,0.0,2.011552,1.2712,2.011552,0.740352,1.480704,24,24,0,153,72,81,72,37.757952,37.757952,0.050277,14.952149,7.700357,22.652506,0.943854,1.573248,1.2712,305,1,306,0.996732,0,0.0,0,0,6,3,23,1,0,0,0.856704,0.529412,0,0,0.0,0,24,0,0,0-1-2-5,0-1-2-5,5.0,1-2,1,0.883327,0.883327,2,1,1,0.883327,0.83,short,short-weak-5db
meshecho-no-confidence,38,751.0,24,24,0,1.0,1.0,0.0,2.011552,1.2712,2.011552,0.740352,1.480704,24,24,0,153,72,81,72,37.757952,37.757952,0.050277,14.952149,7.700357,22.652506,0.943854,1.573248,1.2712,305,1,306,0.996732,0,0.0,0,0,6,3,23,1,0,0,0.856704,0.529412,0,0,0.0,0,24,0,0,0-1-2-5,0-1-2-5,5.0,1-2,1,0.883327,0.883327,2,1,1,0.883327,0.83,short,short-weak-5db
meshecho-confidence,39,751.0,24,24,0,0.958333,0.958333,0.0,2.034632,1.29428,2.034632,0.740352,1.480704,23,23,0,149,71,78,69,36.770816,36.770816,0.048962,14.561243,7.49904,22.060283,0.959143,1.598731,1.29428,297,1,298,0.996644,0,0.0,0,0,6,3,23,1,0,0,0.856704,0.52349,0,0,0.0,0,24,0,0,0-1-2-5,0-1-2-5,5.0,1-2,1,0.883327,0.883327,2,1,1,0.883327,0.83,short,short-weak-5db
meshecho-no-confidence,39,751.0,24,24,0,0.958333,0.958333,0.0,2.034632,1.29428,2.034632,0.740352,1.480704,23,23,0,149,71,78,69,36.770816,36.770816,0.048962,14.561243,7.49904,22.060283,0.959143,1.598731,1.29428,297,1,298,0.996644,0,0.0,0,0,6,3,23,1,0,0,0.856704,0.52349,0,0,0.0,0,24,0,0,0-1-2-5,0-1-2-5,5.0,1-2,1,0.883327,0.883327,2,1,1,0.883327,0.83,short,short-weak-5db
meshecho-confidence,40,751.0,24,24,0,1.0,1.0,0.0,2.011552,1.2712,2.011552,0.740352,1.480704,24,24,0,153,72,81,72,37.757952,37.757952,0.050277,14.952149,7.700357,22.652506,0.943854,1.573248,1.2712,306,0,306,1.0,0,0.0,0,0,6,3,23,1,0,0,0.856704,0.529412,0,0,0.0,0,24,0,0,0-1-2-5,0-1-2-5,5.0,1-2,1,0.883327,0.883327,2,1,1,0.883327,0.83,short,short-weak-5db
meshecho-no-confidence,40,751.0,24,24,0,1.0,1.0,0.0,2.011552,1.2712,2.011552,0.740352,1.480704,24,24,0,153,72,81,72,37.757952,37.757952,0.050277,14.952149,7.700357,22.652506,0.943854,1.573248,1.2712,306,0,306,1.0,0,0.0,0,0,6,3,23,1,0,0,0.856704,0.529412,0,0,0.0,0,24,0,0,0-1-2-5,0-1-2-5,5.0,1-2,1,0.883327,0.883327,2,1,1,0.883327,0.83,short,short-weak-5db
meshecho-confidence,41,751.0,24,24,0,0.958333,0.958333,0.0,2.034632,1.29428,2.034632,0.740352,1.480704,23,23,0,149,71,78,69,36.770816,36.770816,0.048962,14.561243,7.49904,22.060283,0.959143,1.598731,1.29428,296,2,298,0.993289,0,0.0,0,0,6,3,23,1,0,0,0.856704,0.52349,0,0,0.0,0,24,0,0,0-1-2-5,0-1-2-5,5.0,1-2,1,0.883327,0.883327,2,1,1,0.883327,0.83,short,short-weak-5db
meshecho-no-confidence,41,751.0,24,24,0,0.958333,0.958333,0.0,2.034632,1.29428,2.034632,0.740352,1.480704,23,23,0,149,71,78,69,36.770816,36.770816,0.048962,14.561243,7.49904,22.060283,0.959143,1.598731,1.29428,296,2,298,0.993289,0,0.0,0,0,6,3,23,1,0,0,0.856704,0.52349,0,0,0.0,0,24,0,0,0-1-2-5,0-1-2-5,5.0,1-2,1,0.883327,0.883327,2,1,1,0.883327,0.83,short,short-weak-5db
meshecho-confidence,42,751.0,24,24,0,0.916667,1.0,0.0,2.059811,1.2712,2.059811,0.740352,1.480704,24,22,0,151,72,79,70,37.264384,37.264384,0.04962,14.756696,7.599698,22.356395,1.0162,1.693836,1.2712,298,4,302,0.986755,0,0.0,0,0,6,3,23,1,0,0,0.856704,0.523179,0,0,0.0,0,24,0,0,0-1-2-5,0-1-2-5,5.0,1-2,1,0.883327,0.883327,2,1,1,0.883327,0.83,short,short-weak-5db
meshecho-no-confidence,42,751.0,24,24,0,0.916667,1.0,0.0,2.059811,1.2712,2.059811,0.740352,1.480704,24,22,0,151,72,79,70,37.264384,37.264384,0.04962,14.756696,7.599698,22.356395,1.0162,1.693836,1.2712,298,4,302,0.986755,0,0.0,0,0,6,3,23,1,0,0,0.856704,0.523179,0,0,0.0,0,24,0,0,0-1-2-5,0-1-2-5,5.0,1-2,1,0.883327,0.883327,2,1,1,0.883327,0.83,short,short-weak-5db
meshecho-confidence,43,751.0,24,24,0,1.0,1.0,0.0,2.011552,1.2712,2.011552,0.740352,1.480704,24,24,0,153,72,81,72,37.757952,37.757952,0.050277,14.952149,7.700357,22.652506,0.943854,1.573248,1.2712,306,0,306,1.0,0,0.0,0,0,6,3,23,1,0,0,0.856704,0.529412,0,0,0.0,0,24,0,0,0-1-2-5,0-1-2-5,5.0,1-2,1,0.883327,0.883327,2,1,1,0.883327,0.83,short,short-weak-5db
meshecho-no-confidence,43,751.0,24,24,0,1.0,1.0,0.0,2.011552,1.2712,2.011552,0.740352,1.480704,24,24,0,153,72,81,72,37.757952,37.757952,0.050277,14.952149,7.700357,22.652506,0.943854,1.573248,1.2712,306,0,306,1.0,0,0.0,0,0,6,3,23,1,0,0,0.856704,0.529412,0,0,0.0,0,24,0,0,0-1-2-5,0-1-2-5,5.0,1-2,1,0.883327,0.883327,2,1,1,0.883327,0.83,short,short-weak-5db
meshecho-confidence,44,751.0,24,24,0,1.0,1.0,0.0,2.011552,1.2712,2.011552,0.740352,1.480704,24,24,0,153,72,81,72,37.757952,37.757952,0.050277,14.952149,7.700357,22.652506,0.943854,1.573248,1.2712,306,0,306,1.0,0,0.0,0,0,6,3,23,1,0,0,0.856704,0.529412,0,0,0.0,0,24,0,0,0-1-2-5,0-1-2-5,5.0,1-2,1,0.883327,0.883327,2,1,1,0.883327,0.83,short,short-weak-5db
meshecho-no-confidence,44,751.0,24,24,0,1.0,1.0,0.0,2.011552,1.2712,2.011552,0.740352,1.480704,24,24,0,153,72,81,72,37.757952,37.757952,0.050277,14.952149,7.700357,22.652506,0.943854,1.573248,1.2712,306,0,306,1.0,0,0.0,0,0,6,3,23,1,0,0,0.856704,0.529412,0,0,0.0,0,24,0,0,0-1-2-5,0-1-2-5,5.0,1-2,1,0.883327,0.883327,2,1,1,0.883327,0.83,short,short-weak-5db
meshecho-confidence,45,751.0,24,24,0,1.0,1.0,0.0,2.011552,1.2712,2.011552,0.740352,1.480704,24,24,0,153,72,81,72,37.757952,37.757952,0.050277,14.952149,7.700357,22.652506,0.943854,1.573248,1.2712,306,0,306,1.0,0,0.0,0,0,6,3,23,1,0,0,0.856704,0.529412,0,0,0.0,0,24,0,0,0-1-2-5,0-1-2-5,5.0,1-2,1,0.883327,0.883327,2,1,1,0.883327,0.83,short,short-weak-5db
meshecho-no-confidence,45,751.0,24,24,0,1.0,1.0,0.0,2.011552,1.2712,2.011552,0.740352,1.480704,24,24,0,153,72,81,72,37.757952,37.757952,0.050277,14.952149,7.700357,22.652506,0.943854,1.573248,1.2712,306,0,306,1.0,0,0.0,0,0,6,3,23,1,0,0,0.856704,0.529412,0,0,0.0,0,24,0,0,0-1-2-5,0-1-2-5,5.0,1-2,1,0.883327,0.883327,2,1,1,0.883327,0.83,short,short-weak-5db
meshecho-confidence,46,751.0,24,24,0,0.958333,1.0,0.0,2.034632,1.2712,2.034632,0.740352,1.480704,24,23,0,152,72,80,71,37.511168,37.511168,0.049948,14.854423,7.650028,22.50445,0.978454,1.63092,1.2712,302,2,304,0.993421,0,0.0,0,0,6,3,23,1,0,0,0.856704,0.526316,0,0,0.0,0,24,0,0,0-1-2-5,0-1-2-5,5.0,1-2,1,0.883327,0.883327,2,1,1,0.883327,0.83,short,short-weak-5db
meshecho-no-confidence,46,751.0,24,24,0,0.958333,1.0,0.0,2.034632,1.2712,2.034632,0.740352,1.480704,24,23,0,152,72,80,71,37.511168,37.511168,0.049948,14.854423,7.650028,22.50445,0.978454,1.63092,1.2712,302,2,304,0.993421,0,0.0,0,0,6,3,23,1,0,0,0.856704,0.526316,0,0,0.0,0,24,0,0,0-1-2-5,0-1-2-5,5.0,1-2,1,0.883327,0.883327,2,1,1,0.883327,0.83,short,short-weak-5db
meshecho-confidence,47,751.0,24,24,0,1.0,1.0,0.0,2.011552,1.2712,2.011552,0.740352,1.480704,24,24,0,153,72,81,72,37.757952,37.757952,0.050277,14.952149,7.700357,22.652506,0.943854,1.573248,1.2712,306,0,306,1.0,0,0.0,0,0,6,3,23,1,0,0,0.856704,0.529412,0,0,0.0,0,24,0,0,0-1-2-5,0-1-2-5,5.0,1-2,1,0.883327,0.883327,2,1,1,0.883327,0.83,short,short-weak-5db
meshecho-no-confidence,47,751.0,24,24,0,1.0,1.0,0.0,2.011552,1.2712,2.011552,0.740352,1.480704,24,24,0,153,72,81,72,37.757952,37.757952,0.050277,14.952149,7.700357,22.652506,0.943854,1.573248,1.2712,306,0,306,1.0,0,0.0,0,0,6,3,23,1,0,0,0.856704,0.529412,0,0,0.0,0,24,0,0,0-1-2-5,0-1-2-5,5.0,1-2,1,0.883327,0.883327,2,1,1,0.883327,0.83,short,short-weak-5db
meshecho-confidence,48,751.0,24,24,0,1.0,1.0,0.0,2.011552,1.2712,2.011552,0.740352,1.480704,24,24,0,153,72,81,72,37.757952,37.757952,0.050277,14.952149,7.700357,22.652506,0.943854,1.573248,1.2712,306,0,306,1.0,0,0.0,0,0,6,3,23,1,0,0,0.856704,0.529412,0,0,0.0,0,24,0,0,0-1-2-5,0-1-2-5,5.0,1-2,1,0.883327,0.883327,2,1,1,0.883327,0.83,short,short-weak-5db
meshecho-no-confidence,48,751.0,24,24,0,1.0,1.0,0.0,2.011552,1.2712,2.011552,0.740352,1.480704,24,24,0,153,72,81,72,37.757952,37.757952,0.050277,14.952149,7.700357,22.652506,0.943854,1.573248,1.2712,306,0,306,1.0,0,0.0,0,0,6,3,23,1,0,0,0.856704,0.529412,0,0,0.0,0,24,0,0,0-1-2-5,0-1-2-5,5.0,1-2,1,0.883327,0.883327,2,1,1,0.883327,0.83,short,short-weak-5db
meshecho-confidence,49,751.0,24,24,0,1.0,1.0,0.0,2.011552,1.2712,2.011552,0.740352,1.480704,24,24,0,153,72,81,72,37.757952,37.757952,0.050277,14.952149,7.700357,22.652506,0.943854,1.573248,1.2712,306,0,306,1.0,0,0.0,0,0,6,3,23,1,0,0,0.856704,0.529412,0,0,0.0,0,24,0,0,0-1-2-5,0-1-2-5,5.0,1-2,1,0.883327,0.883327,2,1,1,0.883327,0.83,short,short-weak-5db
meshecho-no-confidence,49,751.0,24,24,0,1.0,1.0,0.0,2.011552,1.2712,2.011552,0.740352,1.480704,24,24,0,153,72,81,72,37.757952,37.757952,0.050277,14.952149,7.700357,22.652506,0.943854,1.573248,1.2712,306,0,306,1.0,0,0.0,0,0,6,3,23,1,0,0,0.856704,0.529412,0,0,0.0,0,24,0,0,0-1-2-5,0-1-2-5,5.0,1-2,1,0.883327,0.883327,2,1,1,0.883327,0.83,short,short-weak-5db
meshecho-confidence,50,751.0,24,24,0,1.0,1.0,0.0,2.011552,1.2712,2.011552,0.740352,1.480704,24,24,0,153,72,81,72,37.757952,37.757952,0.050277,14.952149,7.700357,22.652506,0.943854,1.573248,1.2712,306,0,306,1.0,0,0.0,0,0,6,3,23,1,0,0,0.856704,0.529412,0,0,0.0,0,24,0,0,0-1-2-5,0-1-2-5,5.0,1-2,1,0.883327,0.883327,2,1,1,0.883327,0.83,short,short-weak-5db
meshecho-no-confidence,50,751.0,24,24,0,1.0,1.0,0.0,2.011552,1.2712,2.011552,0.740352,1.480704,24,24,0,153,72,81,72,37.757952,37.757952,0.050277,14.952149,7.700357,22.652506,0.943854,1.573248,1.2712,306,0,306,1.0,0,0.0,0,0,6,3,23,1,0,0,0.856704,0.529412,0,0,0.0,0,24,0,0,0-1-2-5,0-1-2-5,5.0,1-2,1,0.883327,0.883327,2,1,1,0.883327,0.83,short,short-weak-5db
meshecho-confidence,51,751.0,24,24,0,0.0,0.0,0.0,0.0,0.0,0.0,0.0,0.0,0,0,0,8,0,8,0,1.974272,1.974272,0.002629,0.781812,0.402633,1.184445,0.0,0.0,0.0,15,1,16,0.9375,0,0.0,0,0,6,2,0,24,0,0,0.883327,1.0,0,0,0.0,0,24,0,0,0-1-2-5,,5.0,1-2,1,0.883327,0.0,2,1,1,0.883327,0.83,short,short-weak-5db
meshecho-no-confidence,51,751.0,24,24,0,0.0,0.0,0.0,0.0,0.0,0.0,0.0,0.0,0,0,0,8,0,8,0,1.974272,1.974272,0.002629,0.781812,0.402633,1.184445,0.0,0.0,0.0,15,1,16,0.9375,0,0.0,0,0,6,2,0,24,0,0,0.883327,1.0,0,0,0.0,0,24,0,0,0-1-2-5,,5.0,1-2,1,0.883327,0.0,2,1,1,0.883327,0.83,short,short-weak-5db
meshecho-confidence,52,751.0,24,24,0,1.0,1.0,0.0,2.011552,1.2712,2.011552,0.740352,1.480704,24,24,0,153,72,81,72,37.757952,37.757952,0.050277,14.952149,7.700357,22.652506,0.943854,1.573248,1.2712,305,1,306,0.996732,0,0.0,0,0,6,3,23,1,0,0,0.856704,0.529412,0,0,0.0,0,24,0,0,0-1-2-5,0-1-2-5,5.0,1-2,1,0.883327,0.883327,2,1,1,0.883327,0.83,short,short-weak-5db
meshecho-no-confidence,52,751.0,24,24,0,1.0,1.0,0.0,2.011552,1.2712,2.011552,0.740352,1.480704,24,24,0,153,72,81,72,37.757952,37.757952,0.050277,14.952149,7.700357,22.652506,0.943854,1.573248,1.2712,305,1,306,0.996732,0,0.0,0,0,6,3,23,1,0,0,0.856704,0.529412,0,0,0.0,0,24,0,0,0-1-2-5,0-1-2-5,5.0,1-2,1,0.883327,0.883327,2,1,1,0.883327,0.83,short,short-weak-5db
meshecho-confidence,53,751.0,24,24,0,1.0,1.0,0.0,2.011552,1.2712,2.011552,0.740352,1.480704,24,24,0,153,72,81,72,37.757952,37.757952,0.050277,14.952149,7.700357,22.652506,0.943854,1.573248,1.2712,306,0,306,1.0,0,0.0,0,0,6,3,23,1,0,0,0.856704,0.529412,0,0,0.0,0,24,0,0,0-1-2-5,0-1-2-5,5.0,1-2,1,0.883327,0.883327,2,1,1,0.883327,0.83,short,short-weak-5db
meshecho-no-confidence,53,751.0,24,24,0,1.0,1.0,0.0,2.011552,1.2712,2.011552,0.740352,1.480704,24,24,0,153,72,81,72,37.757952,37.757952,0.050277,14.952149,7.700357,22.652506,0.943854,1.573248,1.2712,306,0,306,1.0,0,0.0,0,0,6,3,23,1,0,0,0.856704,0.529412,0,0,0.0,0,24,0,0,0-1-2-5,0-1-2-5,5.0,1-2,1,0.883327,0.883327,2,1,1,0.883327,0.83,short,short-weak-5db
meshecho-confidence,54,751.0,24,24,0,0.916667,0.916667,0.0,1.480704,0.740352,1.480704,0.740352,1.480704,22,22,0,145,70,75,66,35.78368,35.78368,0.047648,14.170337,7.297724,21.468061,0.975821,1.626531,0.740352,288,2,290,0.993103,0,0.0,0,0,6,3,23,1,0,0,0.856704,0.517241,0,0,0.0,0,24,0,0,0-1-2-5,0-1-2-5,5.0,1-2,1,0.883327,0.883327,2,1,1,0.883327,0.83,short,short-weak-5db
meshecho-no-confidence,54,751.0,24,24,0,0.916667,0.916667,0.0,1.480704,0.740352,1.480704,0.740352,1.480704,22,22,0,145,70,75,66,35.78368,35.78368,0.047648,14.170337,7.297724,21.468061,0.975821,1.626531,0.740352,288,2,290,0.993103,0,0.0,0,0,6,3,23,1,0,0,0.856704,0.517241,0,0,0.0,0,24,0,0,0-1-2-5,0-1-2-5,5.0,1-2,1,0.883327,0.883327,2,1,1,0.883327,0.83,short,short-weak-5db
meshecho-confidence,55,751.0,24,24,0,1.0,1.0,0.0,2.011552,1.2712,2.011552,0.740352,1.480704,24,24,0,153,72,81,72,37.757952,37.757952,0.050277,14.952149,7.700357,22.652506,0.943854,1.573248,1.2712,306,0,306,1.0,0,0.0,0,0,6,3,23,1,0,0,0.856704,0.529412,0,0,0.0,0,24,0,0,0-1-2-5,0-1-2-5,5.0,1-2,1,0.883327,0.883327,2,1,1,0.883327,0.83,short,short-weak-5db
meshecho-no-confidence,55,751.0,24,24,0,1.0,1.0,0.0,2.011552,1.2712,2.011552,0.740352,1.480704,24,24,0,153,72,81,72,37.757952,37.757952,0.050277,14.952149,7.700357,22.652506,0.943854,1.573248,1.2712,306,0,306,1.0,0,0.0,0,0,6,3,23,1,0,0,0.856704,0.529412,0,0,0.0,0,24,0,0,0-1-2-5,0-1-2-5,5.0,1-2,1,0.883327,0.883327,2,1,1,0.883327,0.83,short,short-weak-5db
meshecho-confidence,56,751.0,24,24,0,1.0,1.0,0.0,2.011552,1.2712,2.011552,0.740352,1.480704,24,24,0,153,72,81,72,37.757952,37.757952,0.050277,14.952149,7.700357,22.652506,0.943854,1.573248,1.2712,306,0,306,1.0,0,0.0,0,0,6,3,23,1,0,0,0.856704,0.529412,0,0,0.0,0,24,0,0,0-1-2-5,0-1-2-5,5.0,1-2,1,0.883327,0.883327,2,1,1,0.883327,0.83,short,short-weak-5db
meshecho-no-confidence,56,751.0,24,24,0,1.0,1.0,0.0,2.011552,1.2712,2.011552,0.740352,1.480704,24,24,0,153,72,81,72,37.757952,37.757952,0.050277,14.952149,7.700357,22.652506,0.943854,1.573248,1.2712,306,0,306,1.0,0,0.0,0,0,6,3,23,1,0,0,0.856704,0.529412,0,0,0.0,0,24,0,0,0-1-2-5,0-1-2-5,5.0,1-2,1,0.883327,0.883327,2,1,1,0.883327,0.83,short,short-weak-5db
meshecho-confidence,57,751.0,24,24,0,1.0,1.0,0.0,2.011552,1.2712,2.011552,0.740352,1.480704,24,24,0,153,72,81,72,37.757952,37.757952,0.050277,14.952149,7.700357,22.652506,0.943854,1.573248,1.2712,306,0,306,1.0,0,0.0,0,0,6,3,23,1,0,0,0.856704,0.529412,0,0,0.0,0,24,0,0,0-1-2-5,0-1-2-5,5.0,1-2,1,0.883327,0.883327,2,1,1,0.883327,0.83,short,short-weak-5db
meshecho-no-confidence,57,751.0,24,24,0,1.0,1.0,0.0,2.011552,1.2712,2.011552,0.740352,1.480704,24,24,0,153,72,81,72,37.757952,37.757952,0.050277,14.952149,7.700357,22.652506,0.943854,1.573248,1.2712,306,0,306,1.0,0,0.0,0,0,6,3,23,1,0,0,0.856704,0.529412,0,0,0.0,0,24,0,0,0-1-2-5,0-1-2-5,5.0,1-2,1,0.883327,0.883327,2,1,1,0.883327,0.83,short,short-weak-5db
meshecho-confidence,58,751.0,24,24,0,1.0,1.0,0.0,2.011552,1.2712,2.011552,0.740352,1.480704,24,24,0,153,72,81,72,37.757952,37.757952,0.050277,14.952149,7.700357,22.652506,0.943854,1.573248,1.2712,304,2,306,0.993464,0,0.0,0,0,6,3,23,1,0,0,0.856704,0.529412,0,0,0.0,0,24,0,0,0-1-2-5,0-1-2-5,5.0,1-2,1,0.883327,0.883327,2,1,1,0.883327,0.83,short,short-weak-5db
meshecho-no-confidence,58,751.0,24,24,0,1.0,1.0,0.0,2.011552,1.2712,2.011552,0.740352,1.480704,24,24,0,153,72,81,72,37.757952,37.757952,0.050277,14.952149,7.700357,22.652506,0.943854,1.573248,1.2712,304,2,306,0.993464,0,0.0,0,0,6,3,23,1,0,0,0.856704,0.529412,0,0,0.0,0,24,0,0,0-1-2-5,0-1-2-5,5.0,1-2,1,0.883327,0.883327,2,1,1,0.883327,0.83,short,short-weak-5db
meshecho-confidence,59,751.0,24,24,0,1.0,1.0,0.0,2.011552,1.2712,2.011552,0.740352,1.480704,24,24,0,153,72,81,72,37.757952,37.757952,0.050277,14.952149,7.700357,22.652506,0.943854,1.573248,1.2712,305,1,306,0.996732,0,0.0,0,0,6,3,23,1,0,0,0.856704,0.529412,0,0,0.0,0,24,0,0,0-1-2-5,0-1-2-5,5.0,1-2,1,0.883327,0.883327,2,1,1,0.883327,0.83,short,short-weak-5db
meshecho-no-confidence,59,751.0,24,24,0,1.0,1.0,0.0,2.011552,1.2712,2.011552,0.740352,1.480704,24,24,0,153,72,81,72,37.757952,37.757952,0.050277,14.952149,7.700357,22.652506,0.943854,1.573248,1.2712,305,1,306,0.996732,0,0.0,0,0,6,3,23,1,0,0,0.856704,0.529412,0,0,0.0,0,24,0,0,0-1-2-5,0-1-2-5,5.0,1-2,1,0.883327,0.883327,2,1,1,0.883327,0.83,short,short-weak-5db
meshecho-confidence,60,751.0,24,24,0,1.0,1.0,0.0,2.011552,1.2712,2.011552,0.740352,1.480704,24,24,0,153,72,81,72,37.757952,37.757952,0.050277,14.952149,7.700357,22.652506,0.943854,1.573248,1.2712,306,0,306,1.0,0,0.0,0,0,6,3,23,1,0,0,0.856704,0.529412,0,0,0.0,0,24,0,0,0-1-2-5,0-1-2-5,5.0,1-2,1,0.883327,0.883327,2,1,1,0.883327,0.83,short,short-weak-5db
meshecho-no-confidence,60,751.0,24,24,0,1.0,1.0,0.0,2.011552,1.2712,2.011552,0.740352,1.480704,24,24,0,153,72,81,72,37.757952,37.757952,0.050277,14.952149,7.700357,22.652506,0.943854,1.573248,1.2712,306,0,306,1.0,0,0.0,0,0,6,3,23,1,0,0,0.856704,0.529412,0,0,0.0,0,24,0,0,0-1-2-5,0-1-2-5,5.0,1-2,1,0.883327,0.883327,2,1,1,0.883327,0.83,short,short-weak-5db
meshecho-confidence,61,751.0,24,24,0,0.958333,0.958333,0.0,2.034632,1.29428,2.034632,0.740352,1.480704,23,23,0,149,71,78,69,36.770816,36.770816,0.048962,14.561243,7.49904,22.060283,0.959143,1.598731,1.29428,297,1,298,0.996644,0,0.0,0,0,6,3,23,1,0,0,0.856704,0.52349,0,0,0.0,0,24,0,0,0-1-2-5,0-1-2-5,5.0,1-2,1,0.883327,0.883327,2,1,1,0.883327,0.83,short,short-weak-5db
meshecho-no-confidence,61,751.0,24,24,0,0.958333,0.958333,0.0,2.034632,1.29428,2.034632,0.740352,1.480704,23,23,0,149,71,78,69,36.770816,36.770816,0.048962,14.561243,7.49904,22.060283,0.959143,1.598731,1.29428,297,1,298,0.996644,0,0.0,0,0,6,3,23,1,0,0,0.856704,0.52349,0,0,0.0,0,24,0,0,0-1-2-5,0-1-2-5,5.0,1-2,1,0.883327,0.883327,2,1,1,0.883327,0.83,short,short-weak-5db
meshecho-confidence,62,751.0,24,24,0,1.0,1.0,0.0,2.011552,1.2712,2.011552,0.740352,1.480704,24,24,0,153,72,81,72,37.757952,37.757952,0.050277,14.952149,7.700357,22.652506,0.943854,1.573248,1.2712,306,0,306,1.0,0,0.0,0,0,6,3,23,1,0,0,0.856704,0.529412,0,0,0.0,0,24,0,0,0-1-2-5,0-1-2-5,5.0,1-2,1,0.883327,0.883327,2,1,1,0.883327,0.83,short,short-weak-5db
meshecho-no-confidence,62,751.0,24,24,0,1.0,1.0,0.0,2.011552,1.2712,2.011552,0.740352,1.480704,24,24,0,153,72,81,72,37.757952,37.757952,0.050277,14.952149,7.700357,22.652506,0.943854,1.573248,1.2712,306,0,306,1.0,0,0.0,0,0,6,3,23,1,0,0,0.856704,0.529412,0,0,0.0,0,24,0,0,0-1-2-5,0-1-2-5,5.0,1-2,1,0.883327,0.883327,2,1,1,0.883327,0.83,short,short-weak-5db
meshecho-confidence,63,751.0,24,24,0,1.0,1.0,0.0,2.011552,1.2712,2.011552,0.740352,1.480704,24,24,0,153,72,81,72,37.757952,37.757952,0.050277,14.952149,7.700357,22.652506,0.943854,1.573248,1.2712,306,0,306,1.0,0,0.0,0,0,6,3,23,1,0,0,0.856704,0.529412,0,0,0.0,0,24,0,0,0-1-2-5,0-1-2-5,5.0,1-2,1,0.883327,0.883327,2,1,1,0.883327,0.83,short,short-weak-5db
meshecho-no-confidence,63,751.0,24,24,0,1.0,1.0,0.0,2.011552,1.2712,2.011552,0.740352,1.480704,24,24,0,153,72,81,72,37.757952,37.757952,0.050277,14.952149,7.700357,22.652506,0.943854,1.573248,1.2712,306,0,306,1.0,0,0.0,0,0,6,3,23,1,0,0,0.856704,0.529412,0,0,0.0,0,24,0,0,0-1-2-5,0-1-2-5,5.0,1-2,1,0.883327,0.883327,2,1,1,0.883327,0.83,short,short-weak-5db
meshecho-confidence,64,751.0,24,24,0,1.0,1.0,0.0,2.011552,1.2712,2.011552,0.740352,1.480704,24,24,0,153,72,81,72,37.757952,37.757952,0.050277,14.952149,7.700357,22.652506,0.943854,1.573248,1.2712,306,0,306,1.0,0,0.0,0,0,6,3,23,1,0,0,0.856704,0.529412,0,0,0.0,0,24,0,0,0-1-2-5,0-1-2-5,5.0,1-2,1,0.883327,0.883327,2,1,1,0.883327,0.83,short,short-weak-5db
meshecho-no-confidence,64,751.0,24,24,0,1.0,1.0,0.0,2.011552,1.2712,2.011552,0.740352,1.480704,24,24,0,153,72,81,72,37.757952,37.757952,0.050277,14.952149,7.700357,22.652506,0.943854,1.573248,1.2712,306,0,306,1.0,0,0.0,0,0,6,3,23,1,0,0,0.856704,0.529412,0,0,0.0,0,24,0,0,0-1-2-5,0-1-2-5,5.0,1-2,1,0.883327,0.883327,2,1,1,0.883327,0.83,short,short-weak-5db
meshecho-confidence,65,751.0,24,24,0,1.0,1.0,0.0,2.011552,1.2712,2.011552,0.740352,1.480704,24,24,0,153,72,81,72,37.757952,37.757952,0.050277,14.952149,7.700357,22.652506,0.943854,1.573248,1.2712,305,1,306,0.996732,0,0.0,0,0,6,3,23,1,0,0,0.856704,0.529412,0,0,0.0,0,24,0,0,0-1-2-5,0-1-2-5,5.0,1-2,1,0.883327,0.883327,2,1,1,0.883327,0.83,short,short-weak-5db
meshecho-no-confidence,65,751.0,24,24,0,1.0,1.0,0.0,2.011552,1.2712,2.011552,0.740352,1.480704,24,24,0,153,72,81,72,37.757952,37.757952,0.050277,14.952149,7.700357,22.652506,0.943854,1.573248,1.2712,305,1,306,0.996732,0,0.0,0,0,6,3,23,1,0,0,0.856704,0.529412,0,0,0.0,0,24,0,0,0-1-2-5,0-1-2-5,5.0,1-2,1,0.883327,0.883327,2,1,1,0.883327,0.83,short,short-weak-5db
meshecho-confidence,66,751.0,24,24,0,1.0,1.0,0.0,2.011552,1.2712,2.011552,0.740352,1.480704,24,24,0,153,72,81,72,37.757952,37.757952,0.050277,14.952149,7.700357,22.652506,0.943854,1.573248,1.2712,306,0,306,1.0,0,0.0,0,0,6,3,23,1,0,0,0.856704,0.529412,0,0,0.0,0,24,0,0,0-1-2-5,0-1-2-5,5.0,1-2,1,0.883327,0.883327,2,1,1,0.883327,0.83,short,short-weak-5db
meshecho-no-confidence,66,751.0,24,24,0,1.0,1.0,0.0,2.011552,1.2712,2.011552,0.740352,1.480704,24,24,0,153,72,81,72,37.757952,37.757952,0.050277,14.952149,7.700357,22.652506,0.943854,1.573248,1.2712,306,0,306,1.0,0,0.0,0,0,6,3,23,1,0,0,0.856704,0.529412,0,0,0.0,0,24,0,0,0-1-2-5,0-1-2-5,5.0,1-2,1,0.883327,0.883327,2,1,1,0.883327,0.83,short,short-weak-5db
meshecho-confidence,67,751.0,24,24,0,1.0,1.0,0.0,2.011552,1.2712,2.011552,0.740352,1.480704,24,24,0,153,72,81,72,37.757952,37.757952,0.050277,14.952149,7.700357,22.652506,0.943854,1.573248,1.2712,306,0,306,1.0,0,0.0,0,0,6,3,23,1,0,0,0.856704,0.529412,0,0,0.0,0,24,0,0,0-1-2-5,0-1-2-5,5.0,1-2,1,0.883327,0.883327,2,1,1,0.883327,0.83,short,short-weak-5db
meshecho-no-confidence,67,751.0,24,24,0,1.0,1.0,0.0,2.011552,1.2712,2.011552,0.740352,1.480704,24,24,0,153,72,81,72,37.757952,37.757952,0.050277,14.952149,7.700357,22.652506,0.943854,1.573248,1.2712,306,0,306,1.0,0,0.0,0,0,6,3,23,1,0,0,0.856704,0.529412,0,0,0.0,0,24,0,0,0-1-2-5,0-1-2-5,5.0,1-2,1,0.883327,0.883327,2,1,1,0.883327,0.83,short,short-weak-5db
meshecho-confidence,68,751.0,24,24,0,1.0,1.0,0.0,2.011552,1.2712,2.011552,0.740352,1.480704,24,24,0,153,72,81,72,37.757952,37.757952,0.050277,14.952149,7.700357,22.652506,0.943854,1.573248,1.2712,306,0,306,1.0,0,0.0,0,0,6,3,23,1,0,0,0.856704,0.529412,0,0,0.0,0,24,0,0,0-1-2-5,0-1-2-5,5.0,1-2,1,0.883327,0.883327,2,1,1,0.883327,0.83,short,short-weak-5db
meshecho-no-confidence,68,751.0,24,24,0,1.0,1.0,0.0,2.011552,1.2712,2.011552,0.740352,1.480704,24,24,0,153,72,81,72,37.757952,37.757952,0.050277,14.952149,7.700357,22.652506,0.943854,1.573248,1.2712,306,0,306,1.0,0,0.0,0,0,6,3,23,1,0,0,0.856704,0.529412,0,0,0.0,0,24,0,0,0-1-2-5,0-1-2-5,5.0,1-2,1,0.883327,0.883327,2,1,1,0.883327,0.83,short,short-weak-5db
meshecho-confidence,69,751.0,24,24,0,1.0,1.0,0.0,2.011552,1.2712,2.011552,0.740352,1.480704,24,24,0,153,72,81,72,37.757952,37.757952,0.050277,14.952149,7.700357,22.652506,0.943854,1.573248,1.2712,305,1,306,0.996732,0,0.0,0,0,6,3,23,1,0,0,0.856704,0.529412,0,0,0.0,0,24,0,0,0-1-2-5,0-1-2-5,5.0,1-2,1,0.883327,0.883327,2,1,1,0.883327,0.83,short,short-weak-5db
meshecho-no-confidence,69,751.0,24,24,0,1.0,1.0,0.0,2.011552,1.2712,2.011552,0.740352,1.480704,24,24,0,153,72,81,72,37.757952,37.757952,0.050277,14.952149,7.700357,22.652506,0.943854,1.573248,1.2712,305,1,306,0.996732,0,0.0,0,0,6,3,23,1,0,0,0.856704,0.529412,0,0,0.0,0,24,0,0,0-1-2-5,0-1-2-5,5.0,1-2,1,0.883327,0.883327,2,1,1,0.883327,0.83,short,short-weak-5db
meshecho-confidence,70,751.0,24,24,0,1.0,1.0,0.0,2.011552,1.2712,2.011552,0.740352,1.480704,24,24,0,153,72,81,72,37.757952,37.757952,0.050277,14.952149,7.700357,22.652506,0.943854,1.573248,1.2712,305,1,306,0.996732,0,0.0,0,0,6,3,23,1,0,0,0.856704,0.529412,0,0,0.0,0,24,0,0,0-1-2-5,0-1-2-5,5.0,1-2,1,0.883327,0.883327,2,1,1,0.883327,0.83,short,short-weak-5db
meshecho-no-confidence,70,751.0,24,24,0,1.0,1.0,0.0,2.011552,1.2712,2.011552,0.740352,1.480704,24,24,0,153,72,81,72,37.757952,37.757952,0.050277,14.952149,7.700357,22.652506,0.943854,1.573248,1.2712,305,1,306,0.996732,0,0.0,0,0,6,3,23,1,0,0,0.856704,0.529412,0,0,0.0,0,24,0,0,0-1-2-5,0-1-2-5,5.0,1-2,1,0.883327,0.883327,2,1,1,0.883327,0.83,short,short-weak-5db
meshecho-confidence,71,751.0,24,24,0,1.0,1.0,0.0,2.011552,1.2712,2.011552,0.740352,1.480704,24,24,0,153,72,81,72,37.757952,37.757952,0.050277,14.952149,7.700357,22.652506,0.943854,1.573248,1.2712,306,0,306,1.0,0,0.0,0,0,6,3,23,1,0,0,0.856704,0.529412,0,0,0.0,0,24,0,0,0-1-2-5,0-1-2-5,5.0,1-2,1,0.883327,0.883327,2,1,1,0.883327,0.83,short,short-weak-5db
meshecho-no-confidence,71,751.0,24,24,0,1.0,1.0,0.0,2.011552,1.2712,2.011552,0.740352,1.480704,24,24,0,153,72,81,72,37.757952,37.757952,0.050277,14.952149,7.700357,22.652506,0.943854,1.573248,1.2712,306,0,306,1.0,0,0.0,0,0,6,3,23,1,0,0,0.856704,0.529412,0,0,0.0,0,24,0,0,0-1-2-5,0-1-2-5,5.0,1-2,1,0.883327,0.883327,2,1,1,0.883327,0.83,short,short-weak-5db
meshecho-confidence,72,751.0,24,24,0,1.0,1.0,0.0,2.011552,1.2712,2.011552,0.740352,1.480704,24,24,0,153,72,81,72,37.757952,37.757952,0.050277,14.952149,7.700357,22.652506,0.943854,1.573248,1.2712,306,0,306,1.0,0,0.0,0,0,6,3,23,1,0,0,0.856704,0.529412,0,0,0.0,0,24,0,0,0-1-2-5,0-1-2-5,5.0,1-2,1,0.883327,0.883327,2,1,1,0.883327,0.83,short,short-weak-5db
meshecho-no-confidence,72,751.0,24,24,0,1.0,1.0,0.0,2.011552,1.2712,2.011552,0.740352,1.480704,24,24,0,153,72,81,72,37.757952,37.757952,0.050277,14.952149,7.700357,22.652506,0.943854,1.573248,1.2712,306,0,306,1.0,0,0.0,0,0,6,3,23,1,0,0,0.856704,0.529412,0,0,0.0,0,24,0,0,0-1-2-5,0-1-2-5,5.0,1-2,1,0.883327,0.883327,2,1,1,0.883327,0.83,short,short-weak-5db
meshecho-confidence,73,751.0,24,24,0,1.0,1.0,0.0,2.011552,1.2712,2.011552,0.740352,1.480704,24,24,0,153,72,81,72,37.757952,37.757952,0.050277,14.952149,7.700357,22.652506,0.943854,1.573248,1.2712,305,1,306,0.996732,0,0.0,0,0,6,3,23,1,0,0,0.856704,0.529412,0,0,0.0,0,24,0,0,0-1-2-5,0-1-2-5,5.0,1-2,1,0.883327,0.883327,2,1,1,0.883327,0.83,short,short-weak-5db
meshecho-no-confidence,73,751.0,24,24,0,1.0,1.0,0.0,2.011552,1.2712,2.011552,0.740352,1.480704,24,24,0,153,72,81,72,37.757952,37.757952,0.050277,14.952149,7.700357,22.652506,0.943854,1.573248,1.2712,305,1,306,0.996732,0,0.0,0,0,6,3,23,1,0,0,0.856704,0.529412,0,0,0.0,0,24,0,0,0-1-2-5,0-1-2-5,5.0,1-2,1,0.883327,0.883327,2,1,1,0.883327,0.83,short,short-weak-5db
meshecho-confidence,74,751.0,24,24,0,1.0,1.0,0.0,2.011552,1.2712,2.011552,0.740352,1.480704,24,24,0,153,72,81,72,37.757952,37.757952,0.050277,14.952149,7.700357,22.652506,0.943854,1.573248,1.2712,304,2,306,0.993464,0,0.0,0,0,6,3,23,1,0,0,0.856704,0.529412,0,0,0.0,0,24,0,0,0-1-2-5,0-1-2-5,5.0,1-2,1,0.883327,0.883327,2,1,1,0.883327,0.83,short,short-weak-5db
meshecho-no-confidence,74,751.0,24,24,0,1.0,1.0,0.0,2.011552,1.2712,2.011552,0.740352,1.480704,24,24,0,153,72,81,72,37.757952,37.757952,0.050277,14.952149,7.700357,22.652506,0.943854,1.573248,1.2712,304,2,306,0.993464,0,0.0,0,0,6,3,23,1,0,0,0.856704,0.529412,0,0,0.0,0,24,0,0,0-1-2-5,0-1-2-5,5.0,1-2,1,0.883327,0.883327,2,1,1,0.883327,0.83,short,short-weak-5db
meshecho-confidence,75,751.0,24,24,0,1.0,1.0,0.0,2.011552,1.2712,2.011552,0.740352,1.480704,24,24,0,153,72,81,72,37.757952,37.757952,0.050277,14.952149,7.700357,22.652506,0.943854,1.573248,1.2712,306,0,306,1.0,0,0.0,0,0,6,3,23,1,0,0,0.856704,0.529412,0,0,0.0,0,24,0,0,0-1-2-5,0-1-2-5,5.0,1-2,1,0.883327,0.883327,2,1,1,0.883327,0.83,short,short-weak-5db
meshecho-no-confidence,75,751.0,24,24,0,1.0,1.0,0.0,2.011552,1.2712,2.011552,0.740352,1.480704,24,24,0,153,72,81,72,37.757952,37.757952,0.050277,14.952149,7.700357,22.652506,0.943854,1.573248,1.2712,306,0,306,1.0,0,0.0,0,0,6,3,23,1,0,0,0.856704,0.529412,0,0,0.0,0,24,0,0,0-1-2-5,0-1-2-5,5.0,1-2,1,0.883327,0.883327,2,1,1,0.883327,0.83,short,short-weak-5db
meshecho-confidence,76,751.0,24,24,0,1.0,1.0,0.0,2.011552,1.2712,2.011552,0.740352,1.480704,24,24,0,153,72,81,72,37.757952,37.757952,0.050277,14.952149,7.700357,22.652506,0.943854,1.573248,1.2712,306,0,306,1.0,0,0.0,0,0,6,3,23,1,0,0,0.856704,0.529412,0,0,0.0,0,24,0,0,0-1-2-5,0-1-2-5,5.0,1-2,1,0.883327,0.883327,2,1,1,0.883327,0.83,short,short-weak-5db
meshecho-no-confidence,76,751.0,24,24,0,1.0,1.0,0.0,2.011552,1.2712,2.011552,0.740352,1.480704,24,24,0,153,72,81,72,37.757952,37.757952,0.050277,14.952149,7.700357,22.652506,0.943854,1.573248,1.2712,306,0,306,1.0,0,0.0,0,0,6,3,23,1,0,0,0.856704,0.529412,0,0,0.0,0,24,0,0,0-1-2-5,0-1-2-5,5.0,1-2,1,0.883327,0.883327,2,1,1,0.883327,0.83,short,short-weak-5db
meshecho-confidence,77,751.0,24,24,0,0.958333,0.958333,0.0,2.034632,1.29428,2.034632,0.740352,1.480704,23,23,0,149,71,78,69,36.770816,36.770816,0.048962,14.561243,7.49904,22.060283,0.959143,1.598731,1.29428,297,1,298,0.996644,0,0.0,0,0,6,3,23,1,0,0,0.856704,0.52349,0,0,0.0,0,24,0,0,0-1-2-5,0-1-2-5,5.0,1-2,1,0.883327,0.883327,2,1,1,0.883327,0.83,short,short-weak-5db
meshecho-no-confidence,77,751.0,24,24,0,0.958333,0.958333,0.0,2.034632,1.29428,2.034632,0.740352,1.480704,23,23,0,149,71,78,69,36.770816,36.770816,0.048962,14.561243,7.49904,22.060283,0.959143,1.598731,1.29428,297,1,298,0.996644,0,0.0,0,0,6,3,23,1,0,0,0.856704,0.52349,0,0,0.0,0,24,0,0,0-1-2-5,0-1-2-5,5.0,1-2,1,0.883327,0.883327,2,1,1,0.883327,0.83,short,short-weak-5db
meshecho-confidence,78,751.0,24,24,0,1.0,1.0,0.0,2.011552,1.2712,2.011552,0.740352,1.480704,24,24,0,153,72,81,72,37.757952,37.757952,0.050277,14.952149,7.700357,22.652506,0.943854,1.573248,1.2712,306,0,306,1.0,0,0.0,0,0,6,3,23,1,0,0,0.856704,0.529412,0,0,0.0,0,24,0,0,0-1-2-5,0-1-2-5,5.0,1-2,1,0.883327,0.883327,2,1,1,0.883327,0.83,short,short-weak-5db
meshecho-no-confidence,78,751.0,24,24,0,1.0,1.0,0.0,2.011552,1.2712,2.011552,0.740352,1.480704,24,24,0,153,72,81,72,37.757952,37.757952,0.050277,14.952149,7.700357,22.652506,0.943854,1.573248,1.2712,306,0,306,1.0,0,0.0,0,0,6,3,23,1,0,0,0.856704,0.529412,0,0,0.0,0,24,0,0,0-1-2-5,0-1-2-5,5.0,1-2,1,0.883327,0.883327,2,1,1,0.883327,0.83,short,short-weak-5db
meshecho-confidence,79,751.0,24,24,0,0.958333,0.958333,0.0,2.034632,1.29428,2.034632,0.740352,1.480704,23,23,0,149,71,78,69,36.770816,36.770816,0.048962,14.561243,7.49904,22.060283,0.959143,1.598731,1.29428,297,1,298,0.996644,0,0.0,0,0,6,3,23,1,0,0,0.856704,0.52349,0,0,0.0,0,24,0,0,0-1-2-5,0-1-2-5,5.0,1-2,1,0.883327,0.883327,2,1,1,0.883327,0.83,short,short-weak-5db
meshecho-no-confidence,79,751.0,24,24,0,0.958333,0.958333,0.0,2.034632,1.29428,2.034632,0.740352,1.480704,23,23,0,149,71,78,69,36.770816,36.770816,0.048962,14.561243,7.49904,22.060283,0.959143,1.598731,1.29428,297,1,298,0.996644,0,0.0,0,0,6,3,23,1,0,0,0.856704,0.52349,0,0,0.0,0,24,0,0,0-1-2-5,0-1-2-5,5.0,1-2,1,0.883327,0.883327,2,1,1,0.883327,0.83,short,short-weak-5db
meshecho-confidence,80,751.0,24,24,0,0.958333,1.0,0.0,2.034632,1.2712,2.034632,0.740352,1.480704,24,23,0,152,72,80,71,37.511168,37.511168,0.049948,14.854423,7.650028,22.50445,0.978454,1.63092,1.2712,303,1,304,0.996711,0,0.0,0,0,6,3,23,1,0,0,0.856704,0.526316,0,0,0.0,0,24,0,0,0-1-2-5,0-1-2-5,5.0,1-2,1,0.883327,0.883327,2,1,1,0.883327,0.83,short,short-weak-5db
meshecho-no-confidence,80,751.0,24,24,0,0.958333,1.0,0.0,2.034632,1.2712,2.034632,0.740352,1.480704,24,23,0,152,72,80,71,37.511168,37.511168,0.049948,14.854423,7.650028,22.50445,0.978454,1.63092,1.2712,303,1,304,0.996711,0,0.0,0,0,6,3,23,1,0,0,0.856704,0.526316,0,0,0.0,0,24,0,0,0-1-2-5,0-1-2-5,5.0,1-2,1,0.883327,0.883327,2,1,1,0.883327,0.83,short,short-weak-5db
meshecho-confidence,81,751.0,24,24,0,1.0,1.0,0.0,2.011552,1.2712,2.011552,0.740352,1.480704,24,24,0,153,72,81,72,37.757952,37.757952,0.050277,14.952149,7.700357,22.652506,0.943854,1.573248,1.2712,306,0,306,1.0,0,0.0,0,0,6,3,23,1,0,0,0.856704,0.529412,0,0,0.0,0,24,0,0,0-1-2-5,0-1-2-5,5.0,1-2,1,0.883327,0.883327,2,1,1,0.883327,0.83,short,short-weak-5db
meshecho-no-confidence,81,751.0,24,24,0,1.0,1.0,0.0,2.011552,1.2712,2.011552,0.740352,1.480704,24,24,0,153,72,81,72,37.757952,37.757952,0.050277,14.952149,7.700357,22.652506,0.943854,1.573248,1.2712,306,0,306,1.0,0,0.0,0,0,6,3,23,1,0,0,0.856704,0.529412,0,0,0.0,0,24,0,0,0-1-2-5,0-1-2-5,5.0,1-2,1,0.883327,0.883327,2,1,1,0.883327,0.83,short,short-weak-5db
meshecho-confidence,82,751.0,24,24,0,1.0,1.0,0.0,2.011552,1.2712,2.011552,0.740352,1.480704,24,24,0,153,72,81,72,37.757952,37.757952,0.050277,14.952149,7.700357,22.652506,0.943854,1.573248,1.2712,305,1,306,0.996732,0,0.0,0,0,6,3,23,1,0,0,0.856704,0.529412,0,0,0.0,0,24,0,0,0-1-2-5,0-1-2-5,5.0,1-2,1,0.883327,0.883327,2,1,1,0.883327,0.83,short,short-weak-5db
meshecho-no-confidence,82,751.0,24,24,0,1.0,1.0,0.0,2.011552,1.2712,2.011552,0.740352,1.480704,24,24,0,153,72,81,72,37.757952,37.757952,0.050277,14.952149,7.700357,22.652506,0.943854,1.573248,1.2712,305,1,306,0.996732,0,0.0,0,0,6,3,23,1,0,0,0.856704,0.529412,0,0,0.0,0,24,0,0,0-1-2-5,0-1-2-5,5.0,1-2,1,0.883327,0.883327,2,1,1,0.883327,0.83,short,short-weak-5db
meshecho-confidence,83,751.0,24,24,0,0.958333,0.958333,0.0,2.034632,1.29428,2.034632,0.740352,1.480704,23,23,0,149,71,78,69,36.770816,36.770816,0.048962,14.561243,7.49904,22.060283,0.959143,1.598731,1.29428,297,1,298,0.996644,0,0.0,0,0,6,3,23,1,0,0,0.856704,0.52349,0,0,0.0,0,24,0,0,0-1-2-5,0-1-2-5,5.0,1-2,1,0.883327,0.883327,2,1,1,0.883327,0.83,short,short-weak-5db
meshecho-no-confidence,83,751.0,24,24,0,0.958333,0.958333,0.0,2.034632,1.29428,2.034632,0.740352,1.480704,23,23,0,149,71,78,69,36.770816,36.770816,0.048962,14.561243,7.49904,22.060283,0.959143,1.598731,1.29428,297,1,298,0.996644,0,0.0,0,0,6,3,23,1,0,0,0.856704,0.52349,0,0,0.0,0,24,0,0,0-1-2-5,0-1-2-5,5.0,1-2,1,0.883327,0.883327,2,1,1,0.883327,0.83,short,short-weak-5db
meshecho-confidence,84,751.0,24,24,0,1.0,1.0,0.0,2.011552,1.2712,2.011552,0.740352,1.480704,24,24,0,153,72,81,72,37.757952,37.757952,0.050277,14.952149,7.700357,22.652506,0.943854,1.573248,1.2712,306,0,306,1.0,0,0.0,0,0,6,3,23,1,0,0,0.856704,0.529412,0,0,0.0,0,24,0,0,0-1-2-5,0-1-2-5,5.0,1-2,1,0.883327,0.883327,2,1,1,0.883327,0.83,short,short-weak-5db
meshecho-no-confidence,84,751.0,24,24,0,1.0,1.0,0.0,2.011552,1.2712,2.011552,0.740352,1.480704,24,24,0,153,72,81,72,37.757952,37.757952,0.050277,14.952149,7.700357,22.652506,0.943854,1.573248,1.2712,306,0,306,1.0,0,0.0,0,0,6,3,23,1,0,0,0.856704,0.529412,0,0,0.0,0,24,0,0,0-1-2-5,0-1-2-5,5.0,1-2,1,0.883327,0.883327,2,1,1,0.883327,0.83,short,short-weak-5db
meshecho-confidence,85,751.0,24,24,0,0.958333,0.958333,0.0,2.034632,1.29428,2.034632,0.740352,1.480704,23,23,0,149,71,78,69,36.770816,36.770816,0.048962,14.561243,7.49904,22.060283,0.959143,1.598731,1.29428,295,3,298,0.989933,0,0.0,0,0,6,3,23,1,0,0,0.856704,0.52349,0,0,0.0,0,24,0,0,0-1-2-5,0-1-2-5,5.0,1-2,1,0.883327,0.883327,2,1,1,0.883327,0.83,short,short-weak-5db
meshecho-no-confidence,85,751.0,24,24,0,0.958333,0.958333,0.0,2.034632,1.29428,2.034632,0.740352,1.480704,23,23,0,149,71,78,69,36.770816,36.770816,0.048962,14.561243,7.49904,22.060283,0.959143,1.598731,1.29428,295,3,298,0.989933,0,0.0,0,0,6,3,23,1,0,0,0.856704,0.52349,0,0,0.0,0,24,0,0,0-1-2-5,0-1-2-5,5.0,1-2,1,0.883327,0.883327,2,1,1,0.883327,0.83,short,short-weak-5db
meshecho-confidence,86,751.0,24,24,0,0.958333,1.0,0.0,2.034632,1.2712,2.034632,0.740352,1.480704,24,23,0,152,72,80,71,37.511168,37.511168,0.049948,14.854423,7.650028,22.50445,0.978454,1.63092,1.2712,303,1,304,0.996711,0,0.0,0,0,6,3,23,1,0,0,0.856704,0.526316,0,0,0.0,0,24,0,0,0-1-2-5,0-1-2-5,5.0,1-2,1,0.883327,0.883327,2,1,1,0.883327,0.83,short,short-weak-5db
meshecho-no-confidence,86,751.0,24,24,0,0.958333,1.0,0.0,2.034632,1.2712,2.034632,0.740352,1.480704,24,23,0,152,72,80,71,37.511168,37.511168,0.049948,14.854423,7.650028,22.50445,0.978454,1.63092,1.2712,303,1,304,0.996711,0,0.0,0,0,6,3,23,1,0,0,0.856704,0.526316,0,0,0.0,0,24,0,0,0-1-2-5,0-1-2-5,5.0,1-2,1,0.883327,0.883327,2,1,1,0.883327,0.83,short,short-weak-5db
meshecho-confidence,87,751.0,24,24,0,1.0,1.0,0.0,2.011552,1.2712,2.011552,0.740352,1.480704,24,24,0,153,72,81,72,37.757952,37.757952,0.050277,14.952149,7.700357,22.652506,0.943854,1.573248,1.2712,306,0,306,1.0,0,0.0,0,0,6,3,23,1,0,0,0.856704,0.529412,0,0,0.0,0,24,0,0,0-1-2-5,0-1-2-5,5.0,1-2,1,0.883327,0.883327,2,1,1,0.883327,0.83,short,short-weak-5db
meshecho-no-confidence,87,751.0,24,24,0,1.0,1.0,0.0,2.011552,1.2712,2.011552,0.740352,1.480704,24,24,0,153,72,81,72,37.757952,37.757952,0.050277,14.952149,7.700357,22.652506,0.943854,1.573248,1.2712,306,0,306,1.0,0,0.0,0,0,6,3,23,1,0,0,0.856704,0.529412,0,0,0.0,0,24,0,0,0-1-2-5,0-1-2-5,5.0,1-2,1,0.883327,0.883327,2,1,1,0.883327,0.83,short,short-weak-5db
meshecho-confidence,88,751.0,24,24,0,1.0,1.0,0.0,2.011552,1.2712,2.011552,0.740352,1.480704,24,24,0,153,72,81,72,37.757952,37.757952,0.050277,14.952149,7.700357,22.652506,0.943854,1.573248,1.2712,306,0,306,1.0,0,0.0,0,0,6,3,23,1,0,0,0.856704,0.529412,0,0,0.0,0,24,0,0,0-1-2-5,0-1-2-5,5.0,1-2,1,0.883327,0.883327,2,1,1,0.883327,0.83,short,short-weak-5db
meshecho-no-confidence,88,751.0,24,24,0,1.0,1.0,0.0,2.011552,1.2712,2.011552,0.740352,1.480704,24,24,0,153,72,81,72,37.757952,37.757952,0.050277,14.952149,7.700357,22.652506,0.943854,1.573248,1.2712,306,0,306,1.0,0,0.0,0,0,6,3,23,1,0,0,0.856704,0.529412,0,0,0.0,0,24,0,0,0-1-2-5,0-1-2-5,5.0,1-2,1,0.883327,0.883327,2,1,1,0.883327,0.83,short,short-weak-5db
meshecho-confidence,89,751.0,24,24,0,1.0,1.0,0.0,2.011552,1.2712,2.011552,0.740352,1.480704,24,24,0,153,72,81,72,37.757952,37.757952,0.050277,14.952149,7.700357,22.652506,0.943854,1.573248,1.2712,306,0,306,1.0,0,0.0,0,0,6,3,23,1,0,0,0.856704,0.529412,0,0,0.0,0,24,0,0,0-1-2-5,0-1-2-5,5.0,1-2,1,0.883327,0.883327,2,1,1,0.883327,0.83,short,short-weak-5db
meshecho-no-confidence,89,751.0,24,24,0,1.0,1.0,0.0,2.011552,1.2712,2.011552,0.740352,1.480704,24,24,0,153,72,81,72,37.757952,37.757952,0.050277,14.952149,7.700357,22.652506,0.943854,1.573248,1.2712,306,0,306,1.0,0,0.0,0,0,6,3,23,1,0,0,0.856704,0.529412,0,0,0.0,0,24,0,0,0-1-2-5,0-1-2-5,5.0,1-2,1,0.883327,0.883327,2,1,1,0.883327,0.83,short,short-weak-5db
meshecho-confidence,90,751.0,24,24,0,1.0,1.0,0.0,2.011552,1.2712,2.011552,0.740352,1.480704,24,24,0,153,72,81,72,37.757952,37.757952,0.050277,14.952149,7.700357,22.652506,0.943854,1.573248,1.2712,306,0,306,1.0,0,0.0,0,0,6,3,23,1,0,0,0.856704,0.529412,0,0,0.0,0,24,0,0,0-1-2-5,0-1-2-5,5.0,1-2,1,0.883327,0.883327,2,1,1,0.883327,0.83,short,short-weak-5db
meshecho-no-confidence,90,751.0,24,24,0,1.0,1.0,0.0,2.011552,1.2712,2.011552,0.740352,1.480704,24,24,0,153,72,81,72,37.757952,37.757952,0.050277,14.952149,7.700357,22.652506,0.943854,1.573248,1.2712,306,0,306,1.0,0,0.0,0,0,6,3,23,1,0,0,0.856704,0.529412,0,0,0.0,0,24,0,0,0-1-2-5,0-1-2-5,5.0,1-2,1,0.883327,0.883327,2,1,1,0.883327,0.83,short,short-weak-5db
meshecho-confidence,91,751.0,24,24,0,1.0,1.0,0.0,2.011552,1.2712,2.011552,0.740352,1.480704,24,24,0,153,72,81,72,37.757952,37.757952,0.050277,14.952149,7.700357,22.652506,0.943854,1.573248,1.2712,306,0,306,1.0,0,0.0,0,0,6,3,23,1,0,0,0.856704,0.529412,0,0,0.0,0,24,0,0,0-1-2-5,0-1-2-5,5.0,1-2,1,0.883327,0.883327,2,1,1,0.883327,0.83,short,short-weak-5db
meshecho-no-confidence,91,751.0,24,24,0,1.0,1.0,0.0,2.011552,1.2712,2.011552,0.740352,1.480704,24,24,0,153,72,81,72,37.757952,37.757952,0.050277,14.952149,7.700357,22.652506,0.943854,1.573248,1.2712,306,0,306,1.0,0,0.0,0,0,6,3,23,1,0,0,0.856704,0.529412,0,0,0.0,0,24,0,0,0-1-2-5,0-1-2-5,5.0,1-2,1,0.883327,0.883327,2,1,1,0.883327,0.83,short,short-weak-5db
meshecho-confidence,92,751.0,24,24,0,0.958333,0.958333,0.0,2.034632,1.29428,2.034632,0.740352,1.480704,23,23,0,149,71,78,69,36.770816,36.770816,0.048962,14.561243,7.49904,22.060283,0.959143,1.598731,1.29428,297,1,298,0.996644,0,0.0,0,0,6,3,23,1,0,0,0.856704,0.52349,0,0,0.0,0,24,0,0,0-1-2-5,0-1-2-5,5.0,1-2,1,0.883327,0.883327,2,1,1,0.883327,0.83,short,short-weak-5db
meshecho-no-confidence,92,751.0,24,24,0,0.958333,0.958333,0.0,2.034632,1.29428,2.034632,0.740352,1.480704,23,23,0,149,71,78,69,36.770816,36.770816,0.048962,14.561243,7.49904,22.060283,0.959143,1.598731,1.29428,297,1,298,0.996644,0,0.0,0,0,6,3,23,1,0,0,0.856704,0.52349,0,0,0.0,0,24,0,0,0-1-2-5,0-1-2-5,5.0,1-2,1,0.883327,0.883327,2,1,1,0.883327,0.83,short,short-weak-5db
meshecho-confidence,93,751.0,24,24,0,0.958333,1.0,0.0,2.034632,1.2712,2.034632,0.740352,1.480704,24,23,0,152,72,80,71,37.511168,37.511168,0.049948,14.854423,7.650028,22.50445,0.978454,1.63092,1.2712,303,1,304,0.996711,0,0.0,0,0,6,3,23,1,0,0,0.856704,0.526316,0,0,0.0,0,24,0,0,0-1-2-5,0-1-2-5,5.0,1-2,1,0.883327,0.883327,2,1,1,0.883327,0.83,short,short-weak-5db
meshecho-no-confidence,93,751.0,24,24,0,0.958333,1.0,0.0,2.034632,1.2712,2.034632,0.740352,1.480704,24,23,0,152,72,80,71,37.511168,37.511168,0.049948,14.854423,7.650028,22.50445,0.978454,1.63092,1.2712,303,1,304,0.996711,0,0.0,0,0,6,3,23,1,0,0,0.856704,0.526316,0,0,0.0,0,24,0,0,0-1-2-5,0-1-2-5,5.0,1-2,1,0.883327,0.883327,2,1,1,0.883327,0.83,short,short-weak-5db
meshecho-confidence,94,751.0,24,24,0,1.0,1.0,0.0,2.011552,1.2712,2.011552,0.740352,1.480704,24,24,0,153,72,81,72,37.757952,37.757952,0.050277,14.952149,7.700357,22.652506,0.943854,1.573248,1.2712,306,0,306,1.0,0,0.0,0,0,6,3,23,1,0,0,0.856704,0.529412,0,0,0.0,0,24,0,0,0-1-2-5,0-1-2-5,5.0,1-2,1,0.883327,0.883327,2,1,1,0.883327,0.83,short,short-weak-5db
meshecho-no-confidence,94,751.0,24,24,0,1.0,1.0,0.0,2.011552,1.2712,2.011552,0.740352,1.480704,24,24,0,153,72,81,72,37.757952,37.757952,0.050277,14.952149,7.700357,22.652506,0.943854,1.573248,1.2712,306,0,306,1.0,0,0.0,0,0,6,3,23,1,0,0,0.856704,0.529412,0,0,0.0,0,24,0,0,0-1-2-5,0-1-2-5,5.0,1-2,1,0.883327,0.883327,2,1,1,0.883327,0.83,short,short-weak-5db
meshecho-confidence,95,751.0,24,24,0,1.0,1.0,0.0,2.011552,1.2712,2.011552,0.740352,1.480704,24,24,0,153,72,81,72,37.757952,37.757952,0.050277,14.952149,7.700357,22.652506,0.943854,1.573248,1.2712,306,0,306,1.0,0,0.0,0,0,6,3,23,1,0,0,0.856704,0.529412,0,0,0.0,0,24,0,0,0-1-2-5,0-1-2-5,5.0,1-2,1,0.883327,0.883327,2,1,1,0.883327,0.83,short,short-weak-5db
meshecho-no-confidence,95,751.0,24,24,0,1.0,1.0,0.0,2.011552,1.2712,2.011552,0.740352,1.480704,24,24,0,153,72,81,72,37.757952,37.757952,0.050277,14.952149,7.700357,22.652506,0.943854,1.573248,1.2712,306,0,306,1.0,0,0.0,0,0,6,3,23,1,0,0,0.856704,0.529412,0,0,0.0,0,24,0,0,0-1-2-5,0-1-2-5,5.0,1-2,1,0.883327,0.883327,2,1,1,0.883327,0.83,short,short-weak-5db
meshecho-confidence,96,751.0,24,24,0,1.0,1.0,0.0,2.011552,1.2712,2.011552,0.740352,1.480704,24,24,0,153,72,81,72,37.757952,37.757952,0.050277,14.952149,7.700357,22.652506,0.943854,1.573248,1.2712,306,0,306,1.0,0,0.0,0,0,6,3,23,1,0,0,0.856704,0.529412,0,0,0.0,0,24,0,0,0-1-2-5,0-1-2-5,5.0,1-2,1,0.883327,0.883327,2,1,1,0.883327,0.83,short,short-weak-5db
meshecho-no-confidence,96,751.0,24,24,0,1.0,1.0,0.0,2.011552,1.2712,2.011552,0.740352,1.480704,24,24,0,153,72,81,72,37.757952,37.757952,0.050277,14.952149,7.700357,22.652506,0.943854,1.573248,1.2712,306,0,306,1.0,0,0.0,0,0,6,3,23,1,0,0,0.856704,0.529412,0,0,0.0,0,24,0,0,0-1-2-5,0-1-2-5,5.0,1-2,1,0.883327,0.883327,2,1,1,0.883327,0.83,short,short-weak-5db
meshecho-confidence,97,751.0,24,24,0,1.0,1.0,0.0,2.011552,1.2712,2.011552,0.740352,1.480704,24,24,0,153,72,81,72,37.757952,37.757952,0.050277,14.952149,7.700357,22.652506,0.943854,1.573248,1.2712,306,0,306,1.0,0,0.0,0,0,6,3,23,1,0,0,0.856704,0.529412,0,0,0.0,0,24,0,0,0-1-2-5,0-1-2-5,5.0,1-2,1,0.883327,0.883327,2,1,1,0.883327,0.83,short,short-weak-5db
meshecho-no-confidence,97,751.0,24,24,0,1.0,1.0,0.0,2.011552,1.2712,2.011552,0.740352,1.480704,24,24,0,153,72,81,72,37.757952,37.757952,0.050277,14.952149,7.700357,22.652506,0.943854,1.573248,1.2712,306,0,306,1.0,0,0.0,0,0,6,3,23,1,0,0,0.856704,0.529412,0,0,0.0,0,24,0,0,0-1-2-5,0-1-2-5,5.0,1-2,1,0.883327,0.883327,2,1,1,0.883327,0.83,short,short-weak-5db
meshecho-confidence,98,751.0,24,24,0,1.0,1.0,0.0,2.011552,1.2712,2.011552,0.740352,1.480704,24,24,0,153,72,81,72,37.757952,37.757952,0.050277,14.952149,7.700357,22.652506,0.943854,1.573248,1.2712,306,0,306,1.0,0,0.0,0,0,6,3,23,1,0,0,0.856704,0.529412,0,0,0.0,0,24,0,0,0-1-2-5,0-1-2-5,5.0,1-2,1,0.883327,0.883327,2,1,1,0.883327,0.83,short,short-weak-5db
meshecho-no-confidence,98,751.0,24,24,0,1.0,1.0,0.0,2.011552,1.2712,2.011552,0.740352,1.480704,24,24,0,153,72,81,72,37.757952,37.757952,0.050277,14.952149,7.700357,22.652506,0.943854,1.573248,1.2712,306,0,306,1.0,0,0.0,0,0,6,3,23,1,0,0,0.856704,0.529412,0,0,0.0,0,24,0,0,0-1-2-5,0-1-2-5,5.0,1-2,1,0.883327,0.883327,2,1,1,0.883327,0.83,short,short-weak-5db
meshecho-confidence,99,751.0,24,24,0,1.0,1.0,0.0,2.011552,1.2712,2.011552,0.740352,1.480704,24,24,0,153,72,81,72,37.757952,37.757952,0.050277,14.952149,7.700357,22.652506,0.943854,1.573248,1.2712,306,0,306,1.0,0,0.0,0,0,6,3,23,1,0,0,0.856704,0.529412,0,0,0.0,0,24,0,0,0-1-2-5,0-1-2-5,5.0,1-2,1,0.883327,0.883327,2,1,1,0.883327,0.83,short,short-weak-5db
meshecho-no-confidence,99,751.0,24,24,0,1.0,1.0,0.0,2.011552,1.2712,2.011552,0.740352,1.480704,24,24,0,153,72,81,72,37.757952,37.757952,0.050277,14.952149,7.700357,22.652506,0.943854,1.573248,1.2712,306,0,306,1.0,0,0.0,0,0,6,3,23,1,0,0,0.856704,0.529412,0,0,0.0,0,24,0,0,0-1-2-5,0-1-2-5,5.0,1-2,1,0.883327,0.883327,2,1,1,0.883327,0.83,short,short-weak-5db
meshecho-confidence,100,751.0,24,24,0,1.0,1.0,0.0,2.011552,1.2712,2.011552,0.740352,1.480704,24,24,0,153,72,81,72,37.757952,37.757952,0.050277,14.952149,7.700357,22.652506,0.943854,1.573248,1.2712,306,0,306,1.0,0,0.0,0,0,6,3,23,1,0,0,0.856704,0.529412,0,0,0.0,0,24,0,0,0-1-2-5,0-1-2-5,5.0,1-2,1,0.883327,0.883327,2,1,1,0.883327,0.83,short,short-weak-5db
meshecho-no-confidence,100,751.0,24,24,0,1.0,1.0,0.0,2.011552,1.2712,2.011552,0.740352,1.480704,24,24,0,153,72,81,72,37.757952,37.757952,0.050277,14.952149,7.700357,22.652506,0.943854,1.573248,1.2712,306,0,306,1.0,0,0.0,0,0,6,3,23,1,0,0,0.856704,0.529412,0,0,0.0,0,24,0,0,0-1-2-5,0-1-2-5,5.0,1-2,1,0.883327,0.883327,2,1,1,0.883327,0.83,short,short-weak-5db
meshecho-confidence,1,751.0,24,24,0,1.0,1.0,0.0,2.515403,1.528267,2.515403,0.987136,1.974272,24,24,0,202,96,106,96,49.850368,49.850368,0.066379,19.740746,10.166484,29.90723,1.246135,2.077099,1.528267,404,0,404,1.0,0,0.0,0,0,6,4,23,1,0,0,0.803396,0.524752,0,0,0.0,0,24,0,0,0-3-4-6-5,0-3-4-6-5,7.5,1-2,1,0.83,0.83,2,1,1,0.724846,0.83,long,short-weak-7.5db
meshecho-no-confidence,1,751.0,24,24,0,0.791667,0.916667,0.0,2.151249,1.319459,2.151249,0.740352,2.754739,22,19,0,142,70,72,63,35.043328,35.043328,0.046662,13.877158,7.146736,21.023894,1.106521,1.844386,1.319459,274,10,284,0.964789,0,0.0,0,0,6,3,23,1,0,0,0.698223,0.507042,0,0,0.0,0,24,0,0,0-1-2-5,0-1-2-5,7.5,1-2,1,0.724846,0.724846,2,1,1,0.724846,0.83,short,short-weak-7.5db
meshecho-confidence,2,751.0,24,24,0,1.0,1.0,0.0,2.515403,1.528267,2.515403,0.987136,1.974272,24,24,0,202,96,106,96,49.850368,49.850368,0.066379,19.740746,10.166484,29.90723,1.246135,2.077099,1.528267,404,0,404,1.0,0,0.0,0,0,6,4,23,1,0,0,0.803396,0.524752,0,0,0.0,0,24,0,0,0-3-4-6-5,0-3-4-6-5,7.5,1-2,1,0.83,0.83,2,1,1,0.724846,0.83,long,short-weak-7.5db
meshecho-no-confidence,2,751.0,24,24,0,0.833333,0.916667,0.0,2.117722,1.319459,2.117722,0.740352,2.117722,22,20,0,143,70,73,64,35.290112,35.290112,0.046991,13.974884,7.197065,21.17195,1.058597,1.764506,1.319459,277,9,286,0.968531,0,0.0,0,0,6,3,23,1,0,0,0.698223,0.51049,0,0,0.0,0,24,0,0,0-1-2-5,0-1-2-5,7.5,1-2,1,0.724846,0.724846,2,1,1,0.724846,0.83,short,short-weak-7.5db
meshecho-confidence,3,751.0,24,24,0,1.0,1.0,0.0,2.515403,1.528267,2.515403,0.987136,1.974272,24,24,0,202,96,106,96,49.850368,49.850368,0.066379,19.740746,10.166484,29.90723,1.246135,2.077099,1.528267,404,0,404,1.0,0,0.0,0,0,6,4,23,1,0,0,0.803396,0.524752,0,0,0.0,0,24,0,0,0-3-4-6-5,0-3-4-6-5,7.5,1-2,1,0.83,0.83,2,1,1,0.724846,0.83,long,short-weak-7.5db
meshecho-no-confidence,3,751.0,24,24,0,0.875,0.916667,0.0,2.087387,1.319459,2.087387,0.740352,1.480704,22,21,0,144,70,74,65,35.536896,35.536896,0.047319,14.072611,7.247395,21.320005,1.015238,1.692233,1.319459,278,10,288,0.965278,0,0.0,0,0,6,3,23,1,0,0,0.698223,0.513889,0,0,0.0,0,24,0,0,0-1-2-5,0-1-2-5,7.5,1-2,1,0.724846,0.724846,2,1,1,0.724846,0.83,short,short-weak-7.5db
meshecho-confidence,4,751.0,24,24,0,1.0,1.0,0.0,2.515403,1.528267,2.515403,0.987136,1.974272,24,24,0,202,96,106,96,49.850368,49.850368,0.066379,19.740746,10.166484,29.90723,1.246135,2.077099,1.528267,403,1,404,0.997525,0,0.0,0,0,6,4,23,1,0,0,0.803396,0.524752,0,0,0.0,0,24,0,0,0-3-4-6-5,0-3-4-6-5,7.5,1-2,1,0.83,0.83,2,1,1,0.724846,0.83,long,short-weak-7.5db
meshecho-no-confidence,4,751.0,24,24,0,0.833333,0.958333,0.0,2.117722,1.29428,2.117722,0.740352,2.117722,23,20,0,146,71,75,66,36.030464,36.030464,0.047977,14.268064,7.348053,21.616117,1.080806,1.801523,1.29428,279,13,292,0.955479,0,0.0,0,0,6,3,23,1,0,0,0.698223,0.513699,0,0,0.0,0,24,0,0,0-1-2-5,0-1-2-5,7.5,1-2,1,0.724846,0.724846,2,1,1,0.724846,0.83,short,short-weak-7.5db
meshecho-confidence,5,751.0,24,24,0,1.0,1.0,0.0,2.515403,1.528267,2.515403,0.987136,1.974272,24,24,0,201,96,105,96,49.603584,49.603584,0.06605,19.643019,10.116155,29.759174,1.239966,2.066816,1.528267,401,1,402,0.997512,0,0.0,0,0,5,4,23,1,0,0,0.803396,0.522388,0,0,0.0,0,24,0,0,0-3-4-6-5,0-3-4-6-5,7.5,1-2,1,0.83,0.83,1,0,1,0.0,0.83,long,short-weak-7.5db
meshecho-no-confidence,5,751.0,24,24,0,1.0,1.0,0.0,2.515403,1.528267,2.515403,0.987136,1.974272,24,24,0,201,96,105,96,49.603584,49.603584,0.06605,19.643019,10.116155,29.759174,1.239966,2.066816,1.528267,401,1,402,0.997512,0,0.0,0,0,5,4,23,1,0,0,0.803396,0.522388,0,0,0.0,0,24,0,0,0-3-4-6-5,0-3-4-6-5,7.5,1-2,1,0.83,0.83,1,0,1,0.0,0.83,long,short-weak-7.5db
meshecho-confidence,6,751.0,24,24,0,1.0,1.0,0.0,2.515403,1.528267,2.515403,0.987136,1.974272,24,24,0,202,96,106,96,49.850368,49.850368,0.066379,19.740746,10.166484,29.90723,1.246135,2.077099,1.528267,404,0,404,1.0,0,0.0,0,0,6,4,23,1,0,0,0.803396,0.524752,0,0,0.0,0,24,0,0,0-3-4-6-5,0-3-4-6-5,7.5,1-2,1,0.83,0.83,2,1,1,0.724846,0.83,long,short-weak-7.5db
meshecho-no-confidence,6,751.0,24,24,0,0.625,0.791667,0.0,2.330061,1.410897,2.330061,2.014387,5.30281,19,15,0,129,67,62,53,31.835136,31.835136,0.04239,12.606714,6.492458,19.099171,1.273278,2.122342,1.410897,245,13,258,0.949612,0,0.0,0,0,6,3,23,1,0,0,0.698223,0.48062,0,0,0.0,0,24,0,0,0-1-2-5,0-1-2-5,7.5,1-2,1,0.724846,0.724846,2,1,1,0.724846,0.83,short,short-weak-7.5db
meshecho-confidence,7,751.0,24,24,0,1.0,1.0,0.0,2.515403,1.528267,2.515403,0.987136,1.974272,24,24,0,202,96,106,96,49.850368,49.850368,0.066379,19.740746,10.166484,29.90723,1.246135,2.077099,1.528267,404,0,404,1.0,0,0.0,0,0,6,4,23,1,0,0,0.803396,0.524752,0,0,0.0,0,24,0,0,0-3-4-6-5,0-3-4-6-5,7.5,1-2,1,0.83,0.83,2,1,1,0.724846,0.83,long,short-weak-7.5db
meshecho-no-confidence,7,751.0,24,24,0,0.791667,0.833333,0.0,2.151249,1.37737,2.151249,1.37737,2.754739,20,19,0,136,68,68,59,33.562624,33.562624,0.044691,13.290799,6.844762,20.135561,1.059766,1.766454,1.37737,264,8,272,0.970588,0,0.0,0,0,6,3,23,1,0,0,0.698223,0.5,0,0,0.0,0,24,0,0,0-1-2-5,0-1-2-5,7.5,1-2,1,0.724846,0.724846,2,1,1,0.724846,0.83,short,short-weak-7.5db
meshecho-confidence,8,751.0,24,24,0,1.0,1.0,0.0,2.515403,1.528267,2.515403,0.987136,1.974272,24,24,0,202,96,106,96,49.850368,49.850368,0.066379,19.740746,10.166484,29.90723,1.246135,2.077099,1.528267,403,1,404,0.997525,0,0.0,0,0,6,4,23,1,0,0,0.803396,0.524752,0,0,0.0,0,24,0,0,0-3-4-6-5,0-3-4-6-5,7.5,1-2,1,0.83,0.83,2,1,1,0.724846,0.83,long,short-weak-7.5db
meshecho-no-confidence,8,751.0,24,24,0,0.833333,0.958333,0.0,2.117722,1.29428,2.117722,0.740352,2.117722,23,20,0,146,71,75,66,36.030464,36.030464,0.047977,14.268064,7.348053,21.616117,1.080806,1.801523,1.29428,285,7,292,0.976027,0,0.0,0,0,6,3,23,1,0,0,0.698223,0.513699,0,0,0.0,0,24,0,0,0-1-2-5,0-1-2-5,7.5,1-2,1,0.724846,0.724846,2,1,1,0.724846,0.83,short,short-weak-7.5db
meshecho-confidence,9,751.0,24,24,0,1.0,1.0,0.0,2.515403,1.528267,2.515403,0.987136,1.974272,24,24,0,202,96,106,96,49.850368,49.850368,0.066379,19.740746,10.166484,29.90723,1.246135,2.077099,1.528267,404,0,404,1.0,0,0.0,0,0,6,4,23,1,0,0,0.803396,0.524752,0,0,0.0,0,24,0,0,0-3-4-6-5,0-3-4-6-5,7.5,1-2,1,0.83,0.83,2,1,1,0.724846,0.83,long,short-weak-7.5db
meshecho-no-confidence,9,751.0,24,24,0,0.791667,0.875,0.0,2.151249,1.347035,2.151249,0.740352,2.754739,21,19,0,139,69,70,61,34.302976,34.302976,0.045676,13.583978,6.995749,20.579727,1.083144,1.80542,1.347035,270,8,278,0.971223,0,0.0,0,0,6,3,23,1,0,0,0.698223,0.503597,0,0,0.0,0,24,0,0,0-1-2-5,0-1-2-5,7.5,1-2,1,0.724846,0.724846,2,1,1,0.724846,0.83,short,short-weak-7.5db
meshecho-confidence,10,751.0,24,24,0,1.0,1.0,0.0,2.515403,1.528267,2.515403,0.987136,1.974272,24,24,0,202,96,106,96,49.850368,49.850368,0.066379,19.740746,10.166484,29.90723,1.246135,2.077099,1.528267,404,0,404,1.0,0,0.0,0,0,6,4,23,1,0,0,0.803396,0.524752,0,0,0.0,0,24,0,0,0-3-4-6-5,0-3-4-6-5,7.5,1-2,1,0.83,0.83,2,1,1,0.724846,0.83,long,short-weak-7.5db
meshecho-no-confidence,10,751.0,24,24,0,0.708333,0.958333,0.0,2.230136,1.29428,2.230136,0.740352,4.028774,23,17,0,143,71,72,63,35.290112,35.290112,0.046991,13.974884,7.197065,21.17195,1.245409,2.075889,1.29428,274,12,286,0.958042,0,0.0,0,0,6,3,23,1,0,0,0.698223,0.503497,0,0,0.0,0,24,0,0,0-1-2-5,0-1-2-5,7.5,1-2,1,0.724846,0.724846,2,1,1,0.724846,0.83,short,short-weak-7.5db
meshecho-confidence,11,751.0,24,24,0,1.0,1.0,0.0,2.515403,1.528267,2.515403,0.987136,1.974272,24,24,0,202,96,106,96,49.850368,49.850368,0.066379,19.740746,10.166484,29.90723,1.246135,2.077099,1.528267,404,0,404,1.0,0,0.0,0,0,6,4,23,1,0,0,0.803396,0.524752,0,0,0.0,0,24,0,0,0-3-4-6-5,0-3-4-6-5,7.5,1-2,1,0.83,0.83,2,1,1,0.724846,0.83,long,short-weak-7.5db
meshecho-no-confidence,11,751.0,24,24,0,0.875,0.958333,0.0,2.087387,1.29428,2.087387,0.740352,1.480704,23,21,0,147,71,76,67,36.277248,36.277248,0.048305,14.36579,7.398382,21.764172,1.036389,1.727488,1.29428,289,5,294,0.982993,0,0.0,0,0,6,3,23,1,0,0,0.698223,0.517007,0,0,0.0,0,24,0,0,0-1-2-5,0-1-2-5,7.5,1-2,1,0.724846,0.724846,2,1,1,0.724846,0.83,short,short-weak-7.5db
meshecho-confidence,12,751.0,24,24,0,1.0,1.0,0.0,2.515403,1.528267,2.515403,0.987136,1.974272,24,24,0,202,96,106,96,49.850368,49.850368,0.066379,19.740746,10.166484,29.90723,1.246135,2.077099,1.528267,404,0,404,1.0,0,0.0,0,0,6,4,23,1,0,0,0.803396,0.524752,0,0,0.0,0,24,0,0,0-3-4-6-5,0-3-4-6-5,7.5,1-2,1,0.83,0.83,2,1,1,0.724846,0.83,long,short-weak-7.5db
meshecho-no-confidence,12,751.0,24,24,0,0.791667,0.833333,0.0,2.151249,1.37737,2.151249,1.37737,2.754739,20,19,0,136,68,68,59,33.562624,33.562624,0.044691,13.290799,6.844762,20.135561,1.059766,1.766454,1.37737,264,8,272,0.970588,0,0.0,0,0,6,3,23,1,0,0,0.698223,0.5,0,0,0.0,0,24,0,0,0-1-2-5,0-1-2-5,7.5,1-2,1,0.724846,0.724846,2,1,1,0.724846,0.83,short,short-weak-7.5db
meshecho-confidence,13,751.0,24,24,0,1.0,1.0,0.0,2.515403,1.528267,2.515403,0.987136,1.974272,24,24,0,202,96,106,96,49.850368,49.850368,0.066379,19.740746,10.166484,29.90723,1.246135,2.077099,1.528267,404,0,404,1.0,0,0.0,0,0,6,4,23,1,0,0,0.803396,0.524752,0,0,0.0,0,24,0,0,0-3-4-6-5,0-3-4-6-5,7.5,1-2,1,0.83,0.83,2,1,1,0.724846,0.83,long,short-weak-7.5db
meshecho-no-confidence,13,751.0,24,24,0,0.791667,0.958333,0.0,2.151249,1.29428,2.151249,0.740352,2.754739,23,19,0,145,71,74,65,35.78368,35.78368,0.047648,14.170337,7.297724,21.468061,1.129898,1.883352,1.29428,283,7,290,0.975862,0,0.0,0,0,6,3,23,1,0,0,0.698223,0.510345,0,0,0.0,0,24,0,0,0-1-2-5,0-1-2-5,7.5,1-2,1,0.724846,0.724846,2,1,1,0.724846,0.83,short,short-weak-7.5db
meshecho-confidence,14,751.0,24,24,0,1.0,1.0,0.0,2.515403,1.528267,2.515403,0.987136,1.974272,24,24,0,201,96,105,96,49.603584,49.603584,0.06605,19.643019,10.116155,29.759174,1.239966,2.066816,1.528267,401,1,402,0.997512,0,0.0,0,0,5,4,23,1,0,0,0.803396,0.522388,0,0,0.0,0,24,0,0,0-3-4-6-5,0-3-4-6-5,7.5,1-2,1,0.83,0.83,1,0,1,0.0,0.83,long,short-weak-7.5db
meshecho-no-confidence,14,751.0,24,24,0,1.0,1.0,0.0,2.515403,1.528267,2.515403,0.987136,1.974272,24,24,0,201,96,105,96,49.603584,49.603584,0.06605,19.643019,10.116155,29.759174,1.239966,2.066816,1.528267,401,1,402,0.997512,0,0.0,0,0,5,4,23,1,0,0,0.803396,0.522388,0,0,0.0,0,24,0,0,0-3-4-6-5,0-3-4-6-5,7.5,1-2,1,0.83,0.83,1,0,1,0.0,0.83,long,short-weak-7.5db
meshecho-confidence,15,751.0,24,24,0,1.0,1.0,0.0,2.515403,1.528267,2.515403,0.987136,1.974272,24,24,0,202,96,106,96,49.850368,49.850368,0.066379,19.740746,10.166484,29.90723,1.246135,2.077099,1.528267,404,0,404,1.0,0,0.0,0,0,6,4,23,1,0,0,0.803396,0.524752,0,0,0.0,0,24,0,0,0-3-4-6-5,0-3-4-6-5,7.5,1-2,1,0.83,0.83,2,1,1,0.724846,0.83,long,short-weak-7.5db
meshecho-no-confidence,15,751.0,24,24,0,0.791667,0.916667,0.0,2.151249,1.319459,2.151249,0.740352,2.754739,22,19,0,142,70,72,63,35.043328,35.043328,0.046662,13.877158,7.146736,21.023894,1.106521,1.844386,1.319459,276,8,284,0.971831,0,0.0,0,0,6,3,23,1,0,0,0.698223,0.507042,0,0,0.0,0,24,0,0,0-1-2-5,0-1-2-5,7.5,1-2,1,0.724846,0.724846,2,1,1,0.724846,0.83,short,short-weak-7.5db
meshecho-confidence,16,751.0,24,24,0,1.0,1.0,0.0,2.515403,1.528267,2.515403,0.987136,1.974272,24,24,0,202,96,106,96,49.850368,49.850368,0.066379,19.740746,10.166484,29.90723,1.246135,2.077099,1.528267,404,0,404,1.0,0,0.0,0,0,6,4,23,1,0,0,0.803396,0.524752,0,0,0.0,0,24,0,0,0-3-4-6-5,0-3-4-6-5,7.5,1-2,1,0.83,0.83,2,1,1,0.724846,0.83,long,short-weak-7.5db
meshecho-no-confidence,16,751.0,24,24,0,0.666667,0.958333,0.0,2.276976,1.29428,2.276976,0.740352,4.665792,23,16,0,142,71,71,62,35.043328,35.043328,0.046662,13.877158,7.146736,21.023894,1.313993,2.190208,1.29428,269,15,284,0.947183,0,0.0,0,0,6,3,23,1,0,0,0.698223,0.5,0,0,0.0,0,24,0,0,0-1-2-5,0-1-2-5,7.5,1-2,1,0.724846,0.724846,2,1,1,0.724846,0.83,short,short-weak-7.5db
meshecho-confidence,17,751.0,24,24,0,1.0,1.0,0.0,2.515403,1.528267,2.515403,0.987136,1.974272,24,24,0,202,96,106,96,49.850368,49.850368,0.066379,19.740746,10.166484,29.90723,1.246135,2.077099,1.528267,404,0,404,1.0,0,0.0,0,0,6,4,23,1,0,0,0.803396,0.524752,0,0,0.0,0,24,0,0,0-3-4-6-5,0-3-4-6-5,7.5,1-2,1,0.83,0.83,2,1,1,0.724846,0.83,long,short-weak-7.5db
meshecho-no-confidence,17,751.0,24,24,0,0.833333,0.916667,0.0,2.117722,1.319459,2.117722,0.740352,2.117722,22,20,0,143,70,73,64,35.290112,35.290112,0.046991,13.974884,7.197065,21.17195,1.058597,1.764506,1.319459,279,7,286,0.975524,0,0.0,0,0,6,3,23,1,0,0,0.698223,0.51049,0,0,0.0,0,24,0,0,0-1-2-5,0-1-2-5,7.5,1-2,1,0.724846,0.724846,2,1,1,0.724846,0.83,short,short-weak-7.5db
meshecho-confidence,18,751.0,24,24,0,1.0,1.0,0.0,2.515403,1.528267,2.515403,0.987136,1.974272,24,24,0,202,96,106,96,49.850368,49.850368,0.066379,19.740746,10.166484,29.90723,1.246135,2.077099,1.528267,404,0,404,1.0,0,0.0,0,0,6,4,23,1,0,0,0.803396,0.524752,0,0,0.0,0,24,0,0,0-3-4-6-5,0-3-4-6-5,7.5,1-2,1,0.83,0.83,2,1,1,0.724846,0.83,long,short-weak-7.5db
meshecho-no-confidence,18,751.0,24,24,0,0.875,0.958333,0.0,2.087387,1.29428,2.087387,0.740352,1.480704,23,21,0,147,71,76,67,36.277248,36.277248,0.048305,14.36579,7.398382,21.764172,1.036389,1.727488,1.29428,283,11,294,0.962585,0,0.0,0,0,6,3,23,1,0,0,0.698223,0.517007,0,0,0.0,0,24,0,0,0-1-2-5,0-1-2-5,7.5,1-2,1,0.724846,0.724846,2,1,1,0.724846,0.83,short,short-weak-7.5db
meshecho-confidence,19,751.0,24,24,0,1.0,1.0,0.0,2.515403,1.528267,2.515403,0.987136,1.974272,24,24,0,202,96,106,96,49.850368,49.850368,0.066379,19.740746,10.166484,29.90723,1.246135,2.077099,1.528267,404,0,404,1.0,0,0.0,0,0,6,4,23,1,0,0,0.803396,0.524752,0,0,0.0,0,24,0,0,0-3-4-6-5,0-3-4-6-5,7.5,1-2,1,0.83,0.83,2,1,1,0.724846,0.83,long,short-weak-7.5db
meshecho-no-confidence,19,751.0,24,24,0,0.875,0.875,0.0,2.087387,1.347035,2.087387,0.740352,1.480704,21,21,0,141,69,72,63,34.796544,34.796544,0.046334,13.779431,7.096407,20.875839,0.994088,1.656978,1.347035,273,9,282,0.968085,0,0.0,0,0,6,3,23,1,0,0,0.698223,0.510638,0,0,0.0,0,24,0,0,0-1-2-5,0-1-2-5,7.5,1-2,1,0.724846,0.724846,2,1,1,0.724846,0.83,short,short-weak-7.5db
meshecho-confidence,20,751.0,24,24,0,1.0,1.0,0.0,2.515403,1.528267,2.515403,0.987136,1.974272,24,24,0,202,96,106,96,49.850368,49.850368,0.066379,19.740746,10.166484,29.90723,1.246135,2.077099,1.528267,404,0,404,1.0,0,0.0,0,0,6,4,23,1,0,0,0.803396,0.524752,0,0,0.0,0,24,0,0,0-3-4-6-5,0-3-4-6-5,7.5,1-2,1,0.83,0.83,2,1,1,0.724846,0.83,long,short-weak-7.5db
meshecho-no-confidence,20,751.0,24,24,0,0.0,0.0,0.0,0.0,0.0,0.0,0.0,0.0,0,0,0,8,0,8,0,1.974272,1.974272,0.002629,0.781812,0.402633,1.184445,0.0,0.0,0.0,15,1,16,0.9375,0,0.0,0,0,6,2,0,24,0,0,0.724846,1.0,0,0,0.0,0,24,0,0,0-1-2-5,,7.5,1-2,1,0.724846,0.0,2,1,1,0.724846,0.83,short,short-weak-7.5db
meshecho-confidence,21,751.0,24,24,0,1.0,1.0,0.0,2.515403,1.528267,2.515403,0.987136,1.974272,24,24,0,202,96,106,96,49.850368,49.850368,0.066379,19.740746,10.166484,29.90723,1.246135,2.077099,1.528267,404,0,404,1.0,0,0.0,0,0,6,4,23,1,0,0,0.803396,0.524752,0,0,0.0,0,24,0,0,0-3-4-6-5,0-3-4-6-5,7.5,1-2,1,0.83,0.83,2,1,1,0.724846,0.83,long,short-weak-7.5db
meshecho-no-confidence,21,751.0,24,24,0,0.708333,0.875,0.0,1.480704,1.347035,1.480704,0.740352,1.480704,21,17,0,137,69,68,59,33.809408,33.809408,0.045019,13.388526,6.895091,20.283616,1.193154,1.988789,1.347035,262,12,274,0.956204,0,0.0,0,0,6,3,23,1,0,0,0.698223,0.49635,0,0,0.0,0,24,0,0,0-1-2-5,0-1-2-5,7.5,1-2,1,0.724846,0.724846,2,1,1,0.724846,0.83,short,short-weak-7.5db
meshecho-confidence,22,751.0,24,24,0,1.0,1.0,0.0,2.515403,1.528267,2.515403,0.987136,1.974272,24,24,0,201,96,105,96,49.603584,49.603584,0.06605,19.643019,10.116155,29.759174,1.239966,2.066816,1.528267,401,1,402,0.997512,0,0.0,0,0,5,4,23,1,0,0,0.803396,0.522388,0,0,0.0,0,24,0,0,0-3-4-6-5,0-3-4-6-5,7.5,1-2,1,0.83,0.83,1,0,1,0.0,0.83,long,short-weak-7.5db
meshecho-no-confidence,22,751.0,24,24,0,1.0,1.0,0.0,2.515403,1.528267,2.515403,0.987136,1.974272,24,24,0,201,96,105,96,49.603584,49.603584,0.06605,19.643019,10.116155,29.759174,1.239966,2.066816,1.528267,401,1,402,0.997512,0,0.0,0,0,5,4,23,1,0,0,0.803396,0.522388,0,0,0.0,0,24,0,0,0-3-4-6-5,0-3-4-6-5,7.5,1-2,1,0.83,0.83,1,0,1,0.0,0.83,long,short-weak-7.5db
meshecho-confidence,23,751.0,24,24,0,1.0,1.0,0.0,2.515403,1.528267,2.515403,0.987136,1.974272,24,24,0,202,96,106,96,49.850368,49.850368,0.066379,19.740746,10.166484,29.90723,1.246135,2.077099,1.528267,404,0,404,1.0,0,0.0,0,0,6,4,23,1,0,0,0.803396,0.524752,0,0,0.0,0,24,0,0,0-3-4-6-5,0-3-4-6-5,7.5,1-2,1,0.83,0.83,2,1,1,0.724846,0.83,long,short-weak-7.5db
meshecho-no-confidence,23,751.0,24,24,0,0.875,0.958333,0.0,2.087387,1.29428,2.087387,0.740352,1.480704,23,21,0,147,71,76,67,36.277248,36.277248,0.048305,14.36579,7.398382,21.764172,1.036389,1.727488,1.29428,288,6,294,0.979592,0,0.0,0,0,6,3,23,1,0,0,0.698223,0.517007,0,0,0.0,0,24,0,0,0-1-2-5,0-1-2-5,7.5,1-2,1,0.724846,0.724846,2,1,1,0.724846,0.83,short,short-weak-7.5db
meshecho-confidence,24,751.0,24,24,0,1.0,1.0,0.0,2.515403,1.528267,2.515403,0.987136,1.974272,24,24,0,201,96,105,96,49.603584,49.603584,0.06605,19.643019,10.116155,29.759174,1.239966,2.066816,1.528267,401,1,402,0.997512,0,0.0,0,0,5,4,23,1,0,0,0.803396,0.522388,0,0,0.0,0,24,0,0,0-3-4-6-5,0-3-4-6-5,7.5,1-2,1,0.83,0.83,1,0,1,0.0,0.83,long,short-weak-7.5db
meshecho-no-confidence,24,751.0,24,24,0,1.0,1.0,0.0,2.515403,1.528267,2.515403,0.987136,1.974272,24,24,0,201,96,105,96,49.603584,49.603584,0.06605,19.643019,10.116155,29.759174,1.239966,2.066816,1.528267,401,1,402,0.997512,0,0.0,0,0,5,4,23,1,0,0,0.803396,0.522388,0,0,0.0,0,24,0,0,0-3-4-6-5,0-3-4-6-5,7.5,1-2,1,0.83,0.83,1,0,1,0.0,0.83,long,short-weak-7.5db
meshecho-confidence,25,751.0,24,24,0,1.0,1.0,0.0,2.515403,1.528267,2.515403,0.987136,1.974272,24,24,0,202,96,106,96,49.850368,49.850368,0.066379,19.740746,10.166484,29.90723,1.246135,2.077099,1.528267,404,0,404,1.0,0,0.0,0,0,6,4,23,1,0,0,0.803396,0.524752,0,0,0.0,0,24,0,0,0-3-4-6-5,0-3-4-6-5,7.5,1-2,1,0.83,0.83,2,1,1,0.724846,0.83,long,short-weak-7.5db
meshecho-no-confidence,25,751.0,24,24,0,0.833333,0.916667,0.0,2.117722,1.319459,2.117722,0.740352,2.117722,22,20,0,143,70,73,64,35.290112,35.290112,0.046991,13.974884,7.197065,21.17195,1.058597,1.764506,1.319459,278,8,286,0.972028,0,0.0,0,0,6,3,23,1,0,0,0.698223,0.51049,0,0,0.0,0,24,0,0,0-1-2-5,0-1-2-5,7.5,1-2,1,0.724846,0.724846,2,1,1,0.724846,0.83,short,short-weak-7.5db
meshecho-confidence,26,751.0,24,24,0,1.0,1.0,0.0,2.515403,1.528267,2.515403,0.987136,1.974272,24,24,0,202,96,106,96,49.850368,49.850368,0.066379,19.740746,10.166484,29.90723,1.246135,2.077099,1.528267,404,0,404,1.0,0,0.0,0,0,6,4,23,1,0,0,0.803396,0.524752,0,0,0.0,0,24,0,0,0-3-4-6-5,0-3-4-6-5,7.5,1-2,1,0.83,0.83,2,1,1,0.724846,0.83,long,short-weak-7.5db
meshecho-no-confidence,26,751.0,24,24,0,0.708333,0.791667,0.0,2.230136,1.410897,2.230136,2.014387,4.028774,19,17,0,131,67,64,55,32.328704,32.328704,0.043048,12.802167,6.593116,19.395283,1.140899,1.901688,1.410897,253,9,262,0.965649,0,0.0,0,0,6,3,23,1,0,0,0.698223,0.48855,0,0,0.0,0,24,0,0,0-1-2-5,0-1-2-5,7.5,1-2,1,0.724846,0.724846,2,1,1,0.724846,0.83,short,short-weak-7.5db
meshecho-confidence,27,751.0,24,24,0,1.0,1.0,0.0,2.515403,1.528267,2.515403,0.987136,1.974272,24,24,0,202,96,106,96,49.850368,49.850368,0.066379,19.740746,10.166484,29.90723,1.246135,2.077099,1.528267,404,0,404,1.0,0,0.0,0,0,6,4,23,1,0,0,0.803396,0.524752,0,0,0.0,0,24,0,0,0-3-4-6-5,0-3-4-6-5,7.5,1-2,1,0.83,0.83,2,1,1,0.724846,0.83,long,short-weak-7.5db
meshecho-no-confidence,27,751.0,24,24,0,0.916667,1.0,0.0,2.059811,1.2712,2.059811,0.740352,1.480704,24,22,0,151,72,79,70,37.264384,37.264384,0.04962,14.756696,7.599698,22.356395,1.0162,1.693836,1.2712,295,7,302,0.976821,0,0.0,0,0,6,3,23,1,0,0,0.698223,0.523179,0,0,0.0,0,24,0,0,0-1-2-5,0-1-2-5,7.5,1-2,1,0.724846,0.724846,2,1,1,0.724846,0.83,short,short-weak-7.5db
meshecho-confidence,28,751.0,24,24,0,1.0,1.0,0.0,2.515403,1.528267,2.515403,0.987136,1.974272,24,24,0,202,96,106,96,49.850368,49.850368,0.066379,19.740746,10.166484,29.90723,1.246135,2.077099,1.528267,404,0,404,1.0,0,0.0,0,0,6,4,23,1,0,0,0.803396,0.524752,0,0,0.0,0,24,0,0,0-3-4-6-5,0-3-4-6-5,7.5,1-2,1,0.83,0.83,2,1,1,0.724846,0.83,long,short-weak-7.5db
meshecho-no-confidence,28,751.0,24,24,0,0.916667,0.958333,0.0,2.059811,1.29428,2.059811,0.740352,1.480704,23,22,0,148,71,77,68,36.524032,36.524032,0.048634,14.463517,7.448711,21.912228,0.99601,1.660183,1.29428,288,8,296,0.972973,0,0.0,0,0,6,3,23,1,0,0,0.698223,0.52027,0,0,0.0,0,24,0,0,0-1-2-5,0-1-2-5,7.5,1-2,1,0.724846,0.724846,2,1,1,0.724846,0.83,short,short-weak-7.5db
meshecho-confidence,29,751.0,24,24,0,1.0,1.0,0.0,2.515403,1.528267,2.515403,0.987136,1.974272,24,24,0,202,96,106,96,49.850368,49.850368,0.066379,19.740746,10.166484,29.90723,1.246135,2.077099,1.528267,404,0,404,1.0,0,0.0,0,0,6,4,23,1,0,0,0.803396,0.524752,0,0,0.0,0,24,0,0,0-3-4-6-5,0-3-4-6-5,7.5,1-2,1,0.83,0.83,2,1,1,0.724846,0.83,long,short-weak-7.5db
meshecho-no-confidence,29,751.0,24,24,0,0.791667,0.916667,0.0,2.151249,1.319459,2.151249,0.740352,2.754739,22,19,0,142,70,72,63,35.043328,35.043328,0.046662,13.877158,7.146736,21.023894,1.106521,1.844386,1.319459,276,8,284,0.971831,0,0.0,0,0,6,3,23,1,0,0,0.698223,0.507042,0,0,0.0,0,24,0,0,0-1-2-5,0-1-2-5,7.5,1-2,1,0.724846,0.724846,2,1,1,0.724846,0.83,short,short-weak-7.5db
meshecho-confidence,30,751.0,24,24,0,1.0,1.0,0.0,2.515403,1.528267,2.515403,0.987136,1.974272,24,24,0,202,96,106,96,49.850368,49.850368,0.066379,19.740746,10.166484,29.90723,1.246135,2.077099,1.528267,404,0,404,1.0,0,0.0,0,0,6,4,23,1,0,0,0.803396,0.524752,0,0,0.0,0,24,0,0,0-3-4-6-5,0-3-4-6-5,7.5,1-2,1,0.83,0.83,2,1,1,0.724846,0.83,long,short-weak-7.5db
meshecho-no-confidence,30,751.0,24,24,0,0.916667,0.958333,0.0,2.059811,1.29428,2.059811,0.740352,1.480704,23,22,0,148,71,77,68,36.524032,36.524032,0.048634,14.463517,7.448711,21.912228,0.99601,1.660183,1.29428,293,3,296,0.989865,0,0.0,0,0,6,3,23,1,0,0,0.698223,0.52027,0,0,0.0,0,24,0,0,0-1-2-5,0-1-2-5,7.5,1-2,1,0.724846,0.724846,2,1,1,0.724846,0.83,short,short-weak-7.5db
meshecho-confidence,31,751.0,24,24,0,1.0,1.0,0.0,2.515403,1.528267,2.515403,0.987136,1.974272,24,24,0,202,96,106,96,49.850368,49.850368,0.066379,19.740746,10.166484,29.90723,1.246135,2.077099,1.528267,404,0,404,1.0,0,0.0,0,0,6,4,23,1,0,0,0.803396,0.524752,0,0,0.0,0,24,0,0,0-3-4-6-5,0-3-4-6-5,7.5,1-2,1,0.83,0.83,2,1,1,0.724846,0.83,long,short-weak-7.5db
meshecho-no-confidence,31,751.0,24,24,0,0.791667,0.791667,0.0,2.151249,1.410897,2.151249,2.014387,2.754739,19,19,0,133,67,66,57,32.822272,32.822272,0.043705,12.99762,6.693774,19.691394,1.036389,1.727488,1.410897,258,8,266,0.969925,0,0.0,0,0,6,3,23,1,0,0,0.698223,0.496241,0,0,0.0,0,24,0,0,0-1-2-5,0-1-2-5,7.5,1-2,1,0.724846,0.724846,2,1,1,0.724846,0.83,short,short-weak-7.5db
meshecho-confidence,32,751.0,24,24,0,1.0,1.0,0.0,2.515403,1.528267,2.515403,0.987136,1.974272,24,24,0,202,96,106,96,49.850368,49.850368,0.066379,19.740746,10.166484,29.90723,1.246135,2.077099,1.528267,404,0,404,1.0,0,0.0,0,0,6,4,23,1,0,0,0.803396,0.524752,0,0,0.0,0,24,0,0,0-3-4-6-5,0-3-4-6-5,7.5,1-2,1,0.83,0.83,2,1,1,0.724846,0.83,long,short-weak-7.5db
meshecho-no-confidence,32,751.0,24,24,0,0.75,0.791667,0.0,2.188501,1.410897,2.188501,2.014387,3.391757,19,18,0,132,67,65,56,32.575488,32.575488,0.043376,12.899893,6.643445,19.543338,1.085741,1.809749,1.410897,253,11,264,0.958333,0,0.0,0,0,6,3,23,1,0,0,0.698223,0.492424,0,0,0.0,0,24,0,0,0-1-2-5,0-1-2-5,7.5,1-2,1,0.724846,0.724846,2,1,1,0.724846,0.83,short,short-weak-7.5db
meshecho-confidence,33,751.0,24,24,0,1.0,1.0,0.0,2.515403,1.528267,2.515403,0.987136,1.974272,24,24,0,202,96,106,96,49.850368,49.850368,0.066379,19.740746,10.166484,29.90723,1.246135,2.077099,1.528267,403,1,404,0.997525,0,0.0,0,0,6,4,23,1,0,0,0.803396,0.524752,0,0,0.0,0,24,0,0,0-3-4-6-5,0-3-4-6-5,7.5,1-2,1,0.83,0.83,2,1,1,0.724846,0.83,long,short-weak-7.5db
meshecho-no-confidence,33,751.0,24,24,0,0.0,0.0,0.0,0.0,0.0,0.0,0.0,0.0,0,0,0,8,0,8,0,1.974272,1.974272,0.002629,0.781812,0.402633,1.184445,0.0,0.0,0.0,14,2,16,0.875,0,0.0,0,0,6,2,0,24,0,0,0.724846,1.0,0,0,0.0,0,24,0,0,0-1-2-5,,7.5,1-2,1,0.724846,0.0,2,1,1,0.724846,0.83,short,short-weak-7.5db
meshecho-confidence,34,751.0,24,24,0,1.0,1.0,0.0,2.515403,1.528267,2.515403,0.987136,1.974272,24,24,0,202,96,106,96,49.850368,49.850368,0.066379,19.740746,10.166484,29.90723,1.246135,2.077099,1.528267,403,1,404,0.997525,0,0.0,0,0,6,4,23,1,0,0,0.803396,0.524752,0,0,0.0,0,24,0,0,0-3-4-6-5,0-3-4-6-5,7.5,1-2,1,0.83,0.83,2,1,1,0.724846,0.83,long,short-weak-7.5db
meshecho-no-confidence,34,751.0,24,24,0,0.791667,0.833333,0.0,2.151249,1.37737,2.151249,1.37737,2.754739,20,19,0,136,68,68,59,33.562624,33.562624,0.044691,13.290799,6.844762,20.135561,1.059766,1.766454,1.37737,261,11,272,0.959559,0,0.0,0,0,6,3,23,1,0,0,0.698223,0.5,0,0,0.0,0,24,0,0,0-1-2-5,0-1-2-5,7.5,1-2,1,0.724846,0.724846,2,1,1,0.724846,0.83,short,short-weak-7.5db
meshecho-confidence,35,751.0,24,24,0,1.0,1.0,0.0,2.515403,1.528267,2.515403,0.987136,1.974272,24,24,0,202,96,106,96,49.850368,49.850368,0.066379,19.740746,10.166484,29.90723,1.246135,2.077099,1.528267,404,0,404,1.0,0,0.0,0,0,6,4,23,1,0,0,0.803396,0.524752,0,0,0.0,0,24,0,0,0-3-4-6-5,0-3-4-6-5,7.5,1-2,1,0.83,0.83,2,1,1,0.724846,0.83,long,short-weak-7.5db
meshecho-no-confidence,35,751.0,24,24,0,0.833333,0.916667,0.0,2.117722,1.319459,2.117722,0.740352,2.117722,22,20,0,143,70,73,64,35.290112,35.290112,0.046991,13.974884,7.197065,21.17195,1.058597,1.764506,1.319459,279,7,286,0.975524,0,0.0,0,0,6,3,23,1,0,0,0.698223,0.51049,0,0,0.0,0,24,0,0,0-1-2-5,0-1-2-5,7.5,1-2,1,0.724846,0.724846,2,1,1,0.724846,0.83,short,short-weak-7.5db
meshecho-confidence,36,751.0,24,24,0,1.0,1.0,0.0,2.515403,1.528267,2.515403,0.987136,1.974272,24,24,0,201,96,105,96,49.603584,49.603584,0.06605,19.643019,10.116155,29.759174,1.239966,2.066816,1.528267,401,1,402,0.997512,0,0.0,0,0,5,4,23,1,0,0,0.803396,0.522388,0,0,0.0,0,24,0,0,0-3-4-6-5,0-3-4-6-5,7.5,1-2,1,0.83,0.83,1,0,1,0.0,0.83,long,short-weak-7.5db
meshecho-no-confidence,36,751.0,24,24,0,1.0,1.0,0.0,2.515403,1.528267,2.515403,0.987136,1.974272,24,24,0,201,96,105,96,49.603584,49.603584,0.06605,19.643019,10.116155,29.759174,1.239966,2.066816,1.528267,401,1,402,0.997512,0,0.0,0,0,5,4,23,1,0,0,0.803396,0.522388,0,0,0.0,0,24,0,0,0-3-4-6-5,0-3-4-6-5,7.5,1-2,1,0.83,0.83,1,0,1,0.0,0.83,long,short-weak-7.5db
meshecho-confidence,37,751.0,24,24,0,1.0,1.0,0.0,2.515403,1.528267,2.515403,0.987136,1.974272,24,24,0,202,96,106,96,49.850368,49.850368,0.066379,19.740746,10.166484,29.90723,1.246135,2.077099,1.528267,404,0,404,1.0,0,0.0,0,0,6,4,23,1,0,0,0.803396,0.524752,0,0,0.0,0,24,0,0,0-3-4-6-5,0-3-4-6-5,7.5,1-2,1,0.83,0.83,2,1,1,0.724846,0.83,long,short-weak-7.5db
meshecho-no-confidence,37,751.0,24,24,0,0.958333,1.0,0.0,2.034632,1.2712,2.034632,0.740352,1.480704,24,23,0,152,72,80,71,37.511168,37.511168,0.049948,14.854423,7.650028,22.50445,0.978454,1.63092,1.2712,295,9,304,0.970395,0,0.0,0,0,6,3,23,1,0,0,0.698223,0.526316,0,0,0.0,0,24,0,0,0-1-2-5,0-1-2-5,7.5,1-2,1,0.724846,0.724846,2,1,1,0.724846,0.83,short,short-weak-7.5db
meshecho-confidence,38,751.0,24,24,0,1.0,1.0,0.0,2.515403,1.528267,2.515403,0.987136,1.974272,24,24,0,202,96,106,96,49.850368,49.850368,0.066379,19.740746,10.166484,29.90723,1.246135,2.077099,1.528267,404,0,404,1.0,0,0.0,0,0,6,4,23,1,0,0,0.803396,0.524752,0,0,0.0,0,24,0,0,0-3-4-6-5,0-3-4-6-5,7.5,1-2,1,0.83,0.83,2,1,1,0.724846,0.83,long,short-weak-7.5db
meshecho-no-confidence,38,751.0,24,24,0,0.791667,0.958333,0.0,2.151249,1.29428,2.151249,0.740352,2.754739,23,19,0,145,71,74,65,35.78368,35.78368,0.047648,14.170337,7.297724,21.468061,1.129898,1.883352,1.29428,283,7,290,0.975862,0,0.0,0,0,6,3,23,1,0,0,0.698223,0.510345,0,0,0.0,0,24,0,0,0-1-2-5,0-1-2-5,7.5,1-2,1,0.724846,0.724846,2,1,1,0.724846,0.83,short,short-weak-7.5db
meshecho-confidence,39,751.0,24,24,0,1.0,1.0,0.0,2.515403,1.528267,2.515403,0.987136,1.974272,24,24,0,202,96,106,96,49.850368,49.850368,0.066379,19.740746,10.166484,29.90723,1.246135,2.077099,1.528267,404,0,404,1.0,0,0.0,0,0,6,4,23,1,0,0,0.803396,0.524752,0,0,0.0,0,24,0,0,0-3-4-6-5,0-3-4-6-5,7.5,1-2,1,0.83,0.83,2,1,1,0.724846,0.83,long,short-weak-7.5db
meshecho-no-confidence,39,751.0,24,24,0,0.708333,0.833333,0.0,2.230136,1.37737,2.230136,1.37737,4.028774,20,17,0,134,68,66,57,33.069056,33.069056,0.044033,13.095346,6.744103,19.839449,1.167026,1.945239,1.37737,257,11,268,0.958955,0,0.0,0,0,6,3,23,1,0,0,0.698223,0.492537,0,0,0.0,0,24,0,0,0-1-2-5,0-1-2-5,7.5,1-2,1,0.724846,0.724846,2,1,1,0.724846,0.83,short,short-weak-7.5db
meshecho-confidence,40,751.0,24,24,0,1.0,1.0,0.0,2.515403,1.528267,2.515403,0.987136,1.974272,24,24,0,202,96,106,96,49.850368,49.850368,0.066379,19.740746,10.166484,29.90723,1.246135,2.077099,1.528267,404,0,404,1.0,0,0.0,0,0,6,4,23,1,0,0,0.803396,0.524752,0,0,0.0,0,24,0,0,0-3-4-6-5,0-3-4-6-5,7.5,1-2,1,0.83,0.83,2,1,1,0.724846,0.83,long,short-weak-7.5db
meshecho-no-confidence,40,751.0,24,24,0,0.875,0.958333,0.0,2.087387,1.29428,2.087387,0.740352,1.480704,23,21,0,147,71,76,67,36.277248,36.277248,0.048305,14.36579,7.398382,21.764172,1.036389,1.727488,1.29428,288,6,294,0.979592,0,0.0,0,0,6,3,23,1,0,0,0.698223,0.517007,0,0,0.0,0,24,0,0,0-1-2-5,0-1-2-5,7.5,1-2,1,0.724846,0.724846,2,1,1,0.724846,0.83,short,short-weak-7.5db
meshecho-confidence,41,751.0,24,24,0,1.0,1.0,0.0,2.515403,1.528267,2.515403,0.987136,1.974272,24,24,0,201,96,105,96,49.603584,49.603584,0.06605,19.643019,10.116155,29.759174,1.239966,2.066816,1.528267,401,1,402,0.997512,0,0.0,0,0,5,4,23,1,0,0,0.803396,0.522388,0,0,0.0,0,24,0,0,0-3-4-6-5,0-3-4-6-5,7.5,1-2,1,0.83,0.83,1,0,1,0.0,0.83,long,short-weak-7.5db
meshecho-no-confidence,41,751.0,24,24,0,1.0,1.0,0.0,2.515403,1.528267,2.515403,0.987136,1.974272,24,24,0,201,96,105,96,49.603584,49.603584,0.06605,19.643019,10.116155,29.759174,1.239966,2.066816,1.528267,401,1,402,0.997512,0,0.0,0,0,5,4,23,1,0,0,0.803396,0.522388,0,0,0.0,0,24,0,0,0-3-4-6-5,0-3-4-6-5,7.5,1-2,1,0.83,0.83,1,0,1,0.0,0.83,long,short-weak-7.5db
meshecho-confidence,42,751.0,24,24,0,1.0,1.0,0.0,2.515403,1.528267,2.515403,0.987136,1.974272,24,24,0,202,96,106,96,49.850368,49.850368,0.066379,19.740746,10.166484,29.90723,1.246135,2.077099,1.528267,404,0,404,1.0,0,0.0,0,0,6,4,23,1,0,0,0.803396,0.524752,0,0,0.0,0,24,0,0,0-3-4-6-5,0-3-4-6-5,7.5,1-2,1,0.83,0.83,2,1,1,0.724846,0.83,long,short-weak-7.5db
meshecho-no-confidence,42,751.0,24,24,0,0.791667,0.833333,0.0,2.151249,1.37737,2.151249,1.37737,2.754739,20,19,0,136,68,68,59,33.562624,33.562624,0.044691,13.290799,6.844762,20.135561,1.059766,1.766454,1.37737,259,13,272,0.952206,0,0.0,0,0,6,3,23,1,0,0,0.698223,0.5,0,0,0.0,0,24,0,0,0-1-2-5,0-1-2-5,7.5,1-2,1,0.724846,0.724846,2,1,1,0.724846,0.83,short,short-weak-7.5db
meshecho-confidence,43,751.0,24,24,0,1.0,1.0,0.0,2.515403,1.528267,2.515403,0.987136,1.974272,24,24,0,202,96,106,96,49.850368,49.850368,0.066379,19.740746,10.166484,29.90723,1.246135,2.077099,1.528267,404,0,404,1.0,0,0.0,0,0,6,4,23,1,0,0,0.803396,0.524752,0,0,0.0,0,24,0,0,0-3-4-6-5,0-3-4-6-5,7.5,1-2,1,0.83,0.83,2,1,1,0.724846,0.83,long,short-weak-7.5db
meshecho-no-confidence,43,751.0,24,24,0,0.791667,0.875,0.0,2.151249,1.347035,2.151249,0.740352,2.754739,21,19,0,139,69,70,61,34.302976,34.302976,0.045676,13.583978,6.995749,20.579727,1.083144,1.80542,1.347035,270,8,278,0.971223,0,0.0,0,0,6,3,23,1,0,0,0.698223,0.503597,0,0,0.0,0,24,0,0,0-1-2-5,0-1-2-5,7.5,1-2,1,0.724846,0.724846,2,1,1,0.724846,0.83,short,short-weak-7.5db
meshecho-confidence,44,751.0,24,24,0,1.0,1.0,0.0,2.515403,1.528267,2.515403,0.987136,1.974272,24,24,0,202,96,106,96,49.850368,49.850368,0.066379,19.740746,10.166484,29.90723,1.246135,2.077099,1.528267,404,0,404,1.0,0,0.0,0,0,6,4,23,1,0,0,0.803396,0.524752,0,0,0.0,0,24,0,0,0-3-4-6-5,0-3-4-6-5,7.5,1-2,1,0.83,0.83,2,1,1,0.724846,0.83,long,short-weak-7.5db
meshecho-no-confidence,44,751.0,24,24,0,0.833333,0.833333,0.0,2.117722,1.37737,2.117722,1.37737,2.117722,20,20,0,137,68,69,60,33.809408,33.809408,0.045019,13.388526,6.895091,20.283616,1.014181,1.69047,1.37737,268,6,274,0.978102,0,0.0,0,0,6,3,23,1,0,0,0.698223,0.50365,0,0,0.0,0,24,0,0,0-1-2-5,0-1-2-5,7.5,1-2,1,0.724846,0.724846,2,1,1,0.724846,0.83,short,short-weak-7.5db
meshecho-confidence,45,751.0,24,24,0,1.0,1.0,0.0,2.515403,1.528267,2.515403,0.987136,1.974272,24,24,0,202,96,106,96,49.850368,49.850368,0.066379,19.740746,10.166484,29.90723,1.246135,2.077099,1.528267,404,0,404,1.0,0,0.0,0,0,6,4,23,1,0,0,0.803396,0.524752,0,0,0.0,0,24,0,0,0-3-4-6-5,0-3-4-6-5,7.5,1-2,1,0.83,0.83,2,1,1,0.724846,0.83,long,short-weak-7.5db
meshecho-no-confidence,45,751.0,24,24,0,0.666667,0.833333,0.0,1.480704,0.740352,1.480704,0.740352,1.480704,20,16,0,133,68,65,56,32.822272,32.822272,0.043705,12.99762,6.693774,19.691394,1.230712,2.051392,0.740352,255,11,266,0.958647,0,0.0,0,0,6,3,23,1,0,0,0.698223,0.488722,0,0,0.0,0,24,0,0,0-1-2-5,0-1-2-5,7.5,1-2,1,0.724846,0.724846,2,1,1,0.724846,0.83,short,short-weak-7.5db
meshecho-confidence,46,751.0,24,24,0,1.0,1.0,0.0,2.515403,1.528267,2.515403,0.987136,1.974272,24,24,0,202,96,106,96,49.850368,49.850368,0.066379,19.740746,10.166484,29.90723,1.246135,2.077099,1.528267,404,0,404,1.0,0,0.0,0,0,6,4,23,1,0,0,0.803396,0.524752,0,0,0.0,0,24,0,0,0-3-4-6-5,0-3-4-6-5,7.5,1-2,1,0.83,0.83,2,1,1,0.724846,0.83,long,short-weak-7.5db
meshecho-no-confidence,46,751.0,24,24,0,0.0,0.0,0.0,0.0,0.0,0.0,0.0,0.0,0,0,0,8,0,8,0,1.974272,1.974272,0.002629,0.781812,0.402633,1.184445,0.0,0.0,0.0,15,1,16,0.9375,0,0.0,0,0,6,2,0,24,0,0,0.724846,1.0,0,0,0.0,0,24,0,0,0-1-2-5,,7.5,1-2,1,0.724846,0.0,2,1,1,0.724846,0.83,short,short-weak-7.5db
meshecho-confidence,47,751.0,24,24,0,1.0,1.0,0.0,2.515403,1.528267,2.515403,0.987136,1.974272,24,24,0,202,96,106,96,49.850368,49.850368,0.066379,19.740746,10.166484,29.90723,1.246135,2.077099,1.528267,404,0,404,1.0,0,0.0,0,0,6,4,23,1,0,0,0.803396,0.524752,0,0,0.0,0,24,0,0,0-3-4-6-5,0-3-4-6-5,7.5,1-2,1,0.83,0.83,2,1,1,0.724846,0.83,long,short-weak-7.5db
meshecho-no-confidence,47,751.0,24,24,0,0.0,0.0,0.0,0.0,0.0,0.0,0.0,0.0,0,0,0,8,0,8,0,1.974272,1.974272,0.002629,0.781812,0.402633,1.184445,0.0,0.0,0.0,15,1,16,0.9375,0,0.0,0,0,6,2,0,24,0,0,0.724846,1.0,0,0,0.0,0,24,0,0,0-1-2-5,,7.5,1-2,1,0.724846,0.0,2,1,1,0.724846,0.83,short,short-weak-7.5db
meshecho-confidence,48,751.0,24,24,0,1.0,1.0,0.0,2.515403,1.528267,2.515403,0.987136,1.974272,24,24,0,202,96,106,96,49.850368,49.850368,0.066379,19.740746,10.166484,29.90723,1.246135,2.077099,1.528267,404,0,404,1.0,0,0.0,0,0,6,4,23,1,0,0,0.803396,0.524752,0,0,0.0,0,24,0,0,0-3-4-6-5,0-3-4-6-5,7.5,1-2,1,0.83,0.83,2,1,1,0.724846,0.83,long,short-weak-7.5db
meshecho-no-confidence,48,751.0,24,24,0,0.875,1.0,0.0,2.087387,1.2712,2.087387,0.740352,1.480704,24,21,0,150,72,78,69,37.0176,37.0176,0.049291,14.65897,7.549369,22.208339,1.05754,1.762743,1.2712,291,9,300,0.97,0,0.0,0,0,6,3,23,1,0,0,0.698223,0.52,0,0,0.0,0,24,0,0,0-1-2-5,0-1-2-5,7.5,1-2,1,0.724846,0.724846,2,1,1,0.724846,0.83,short,short-weak-7.5db
meshecho-confidence,49,751.0,24,24,0,1.0,1.0,0.0,2.515403,1.528267,2.515403,0.987136,1.974272,24,24,0,202,96,106,96,49.850368,49.850368,0.066379,19.740746,10.166484,29.90723,1.246135,2.077099,1.528267,404,0,404,1.0,0,0.0,0,0,6,4,23,1,0,0,0.803396,0.524752,0,0,0.0,0,24,0,0,0-3-4-6-5,0-3-4-6-5,7.5,1-2,1,0.83,0.83,2,1,1,0.724846,0.83,long,short-weak-7.5db
meshecho-no-confidence,49,751.0,24,24,0,0.791667,0.916667,0.0,2.151249,1.319459,2.151249,0.740352,2.754739,22,19,0,142,70,72,63,35.043328,35.043328,0.046662,13.877158,7.146736,21.023894,1.106521,1.844386,1.319459,277,7,284,0.975352,0,0.0,0,0,6,3,23,1,0,0,0.698223,0.507042,0,0,0.0,0,24,0,0,0-1-2-5,0-1-2-5,7.5,1-2,1,0.724846,0.724846,2,1,1,0.724846,0.83,short,short-weak-7.5db
meshecho-confidence,50,751.0,24,24,0,1.0,1.0,0.0,2.515403,1.528267,2.515403,0.987136,1.974272,24,24,0,202,96,106,96,49.850368,49.850368,0.066379,19.740746,10.166484,29.90723,1.246135,2.077099,1.528267,404,0,404,1.0,0,0.0,0,0,6,4,23,1,0,0,0.803396,0.524752,0,0,0.0,0,24,0,0,0-3-4-6-5,0-3-4-6-5,7.5,1-2,1,0.83,0.83,2,1,1,0.724846,0.83,long,short-weak-7.5db
meshecho-no-confidence,50,751.0,24,24,0,0.791667,0.833333,0.0,1.480704,0.740352,1.480704,0.740352,1.480704,20,19,0,136,68,68,59,33.562624,33.562624,0.044691,13.290799,6.844762,20.135561,1.059766,1.766454,0.740352,265,7,272,0.974265,0,0.0,0,0,6,3,23,1,0,0,0.698223,0.5,0,0,0.0,0,24,0,0,0-1-2-5,0-1-2-5,7.5,1-2,1,0.724846,0.724846,2,1,1,0.724846,0.83,short,short-weak-7.5db
meshecho-confidence,51,751.0,24,24,0,1.0,1.0,0.0,2.515403,1.528267,2.515403,0.987136,1.974272,24,24,0,202,96,106,96,49.850368,49.850368,0.066379,19.740746,10.166484,29.90723,1.246135,2.077099,1.528267,403,1,404,0.997525,0,0.0,0,0,6,4,23,1,0,0,0.803396,0.524752,0,0,0.0,0,24,0,0,0-3-4-6-5,0-3-4-6-5,7.5,1-2,1,0.83,0.83,2,1,1,0.724846,0.83,long,short-weak-7.5db
meshecho-no-confidence,51,751.0,24,24,0,0.0,0.0,0.0,0.0,0.0,0.0,0.0,0.0,0,0,0,8,0,8,0,1.974272,1.974272,0.002629,0.781812,0.402633,1.184445,0.0,0.0,0.0,14,2,16,0.875,0,0.0,0,0,6,2,0,24,0,0,0.724846,1.0,0,0,0.0,0,24,0,0,0-1-2-5,,7.5,1-2,1,0.724846,0.0,2,1,1,0.724846,0.83,short,short-weak-7.5db
meshecho-confidence,52,751.0,24,24,0,1.0,1.0,0.0,2.515403,1.528267,2.515403,0.987136,1.974272,24,24,0,202,96,106,96,49.850368,49.850368,0.066379,19.740746,10.166484,29.90723,1.246135,2.077099,1.528267,403,1,404,0.997525,0,0.0,0,0,6,4,23,1,0,0,0.803396,0.524752,0,0,0.0,0,24,0,0,0-3-4-6-5,0-3-4-6-5,7.5,1-2,1,0.83,0.83,2,1,1,0.724846,0.83,long,short-weak-7.5db
meshecho-no-confidence,52,751.0,24,24,0,0.833333,0.875,0.0,2.117722,1.347035,2.117722,0.740352,2.117722,21,20,0,140,69,71,62,34.54976,34.54976,0.046005,13.681705,7.046078,20.727783,1.036389,1.727488,1.347035,272,8,280,0.971429,0,0.0,0,0,6,3,23,1,0,0,0.698223,0.507143,0,0,0.0,0,24,0,0,0-1-2-5,0-1-2-5,7.5,1-2,1,0.724846,0.724846,2,1,1,0.724846,0.83,short,short-weak-7.5db
meshecho-confidence,53,751.0,24,24,0,1.0,1.0,0.0,2.515403,1.528267,2.515403,0.987136,1.974272,24,24,0,202,96,106,96,49.850368,49.850368,0.066379,19.740746,10.166484,29.90723,1.246135,2.077099,1.528267,404,0,404,1.0,0,0.0,0,0,6,4,23,1,0,0,0.803396,0.524752,0,0,0.0,0,24,0,0,0-3-4-6-5,0-3-4-6-5,7.5,1-2,1,0.83,0.83,2,1,1,0.724846,0.83,long,short-weak-7.5db
meshecho-no-confidence,53,751.0,24,24,0,0.708333,0.916667,0.0,2.230136,1.319459,2.230136,0.740352,4.028774,22,17,0,140,70,70,61,34.54976,34.54976,0.046005,13.681705,7.046078,20.727783,1.219281,2.032339,1.319459,268,12,280,0.957143,0,0.0,0,0,6,3,23,1,0,0,0.698223,0.5,0,0,0.0,0,24,0,0,0-1-2-5,0-1-2-5,7.5,1-2,1,0.724846,0.724846,2,1,1,0.724846,0.83,short,short-weak-7.5db
meshecho-confidence,54,751.0,24,24,0,1.0,1.0,0.0,2.515403,1.528267,2.515403,0.987136,1.974272,24,24,0,202,96,106,96,49.850368,49.850368,0.066379,19.740746,10.166484,29.90723,1.246135,2.077099,1.528267,404,0,404,1.0,0,0.0,0,0,6,4,23,1,0,0,0.803396,0.524752,0,0,0.0,0,24,0,0,0-3-4-6-5,0-3-4-6-5,7.5,1-2,1,0.83,0.83,2,1,1,0.724846,0.83,long,short-weak-7.5db
meshecho-no-confidence,54,751.0,24,24,0,0.75,0.791667,0.0,1.480704,0.740352,1.480704,0.740352,1.480704,19,18,0,132,67,65,56,32.575488,32.575488,0.043376,12.899893,6.643445,19.543338,1.085741,1.809749,0.740352,256,8,264,0.969697,0,0.0,0,0,6,3,23,1,0,0,0.698223,0.492424,0,0,0.0,0,24,0,0,0-1-2-5,0-1-2-5,7.5,1-2,1,0.724846,0.724846,2,1,1,0.724846,0.83,short,short-weak-7.5db
meshecho-confidence,55,751.0,24,24,0,1.0,1.0,0.0,2.515403,1.528267,2.515403,0.987136,1.974272,24,24,0,202,96,106,96,49.850368,49.850368,0.066379,19.740746,10.166484,29.90723,1.246135,2.077099,1.528267,404,0,404,1.0,0,0.0,0,0,6,4,23,1,0,0,0.803396,0.524752,0,0,0.0,0,24,0,0,0-3-4-6-5,0-3-4-6-5,7.5,1-2,1,0.83,0.83,2,1,1,0.724846,0.83,long,short-weak-7.5db
meshecho-no-confidence,55,751.0,24,24,0,0.75,0.875,0.0,2.188501,1.347035,2.188501,0.740352,3.391757,21,18,0,138,69,69,60,34.056192,34.056192,0.045348,13.486252,6.94542,20.431672,1.135093,1.892011,1.347035,266,10,276,0.963768,0,0.0,0,0,6,3,23,1,0,0,0.698223,0.5,0,0,0.0,0,24,0,0,0-1-2-5,0-1-2-5,7.5,1-2,1,0.724846,0.724846,2,1,1,0.724846,0.83,short,short-weak-7.5db
meshecho-confidence,56,751.0,24,24,0,1.0,1.0,0.0,2.515403,1.528267,2.515403,0.987136,1.974272,24,24,0,202,96,106,96,49.850368,49.850368,0.066379,19.740746,10.166484,29.90723,1.246135,2.077099,1.528267,404,0,404,1.0,0,0.0,0,0,6,4,23,1,0,0,0.803396,0.524752,0,0,0.0,0,24,0,0,0-3-4-6-5,0-3-4-6-5,7.5,1-2,1,0.83,0.83,2,1,1,0.724846,0.83,long,short-weak-7.5db
meshecho-no-confidence,56,751.0,24,24,0,0.875,0.916667,0.0,2.087387,1.319459,2.087387,0.740352,1.480704,22,21,0,144,70,74,65,35.536896,35.536896,0.047319,14.072611,7.247395,21.320005,1.015238,1.692233,1.319459,279,9,288,0.96875,0,0.0,0,0,6,3,23,1,0,0,0.698223,0.513889,0,0,0.0,0,24,0,0,0-1-2-5,0-1-2-5,7.5,1-2,1,0.724846,0.724846,2,1,1,0.724846,0.83,short,short-weak-7.5db
meshecho-confidence,57,751.0,24,24,0,1.0,1.0,0.0,2.515403,1.528267,2.515403,0.987136,1.974272,24,24,0,202,96,106,96,49.850368,49.850368,0.066379,19.740746,10.166484,29.90723,1.246135,2.077099,1.528267,403,1,404,0.997525,0,0.0,0,0,6,4,23,1,0,0,0.803396,0.524752,0,0,0.0,0,24,0,0,0-3-4-6-5,0-3-4-6-5,7.5,1-2,1,0.83,0.83,2,1,1,0.724846,0.83,long,short-weak-7.5db
meshecho-no-confidence,57,751.0,24,24,0,0.0,0.0,0.0,0.0,0.0,0.0,0.0,0.0,0,0,0,8,0,8,0,1.974272,1.974272,0.002629,0.781812,0.402633,1.184445,0.0,0.0,0.0,14,2,16,0.875,0,0.0,0,0,6,2,0,24,0,0,0.724846,1.0,0,0,0.0,0,24,0,0,0-1-2-5,,7.5,1-2,1,0.724846,0.0,2,1,1,0.724846,0.83,short,short-weak-7.5db
meshecho-confidence,58,751.0,24,24,0,1.0,1.0,0.0,2.515403,1.528267,2.515403,0.987136,1.974272,24,24,0,201,96,105,96,49.603584,49.603584,0.06605,19.643019,10.116155,29.759174,1.239966,2.066816,1.528267,401,1,402,0.997512,0,0.0,0,0,5,4,23,1,0,0,0.803396,0.522388,0,0,0.0,0,24,0,0,0-3-4-6-5,0-3-4-6-5,7.5,1-2,1,0.83,0.83,1,0,1,0.0,0.83,long,short-weak-7.5db
meshecho-no-confidence,58,751.0,24,24,0,1.0,1.0,0.0,2.515403,1.528267,2.515403,0.987136,1.974272,24,24,0,201,96,105,96,49.603584,49.603584,0.06605,19.643019,10.116155,29.759174,1.239966,2.066816,1.528267,401,1,402,0.997512,0,0.0,0,0,5,4,23,1,0,0,0.803396,0.522388,0,0,0.0,0,24,0,0,0-3-4-6-5,0-3-4-6-5,7.5,1-2,1,0.83,0.83,1,0,1,0.0,0.83,long,short-weak-7.5db
meshecho-confidence,59,751.0,24,24,0,1.0,1.0,0.0,2.515403,1.528267,2.515403,0.987136,1.974272,24,24,0,202,96,106,96,49.850368,49.850368,0.066379,19.740746,10.166484,29.90723,1.246135,2.077099,1.528267,404,0,404,1.0,0,0.0,0,0,6,4,23,1,0,0,0.803396,0.524752,0,0,0.0,0,24,0,0,0-3-4-6-5,0-3-4-6-5,7.5,1-2,1,0.83,0.83,2,1,1,0.724846,0.83,long,short-weak-7.5db
meshecho-no-confidence,59,751.0,24,24,0,0.708333,0.833333,0.0,1.480704,1.37737,1.480704,1.37737,1.480704,20,17,0,134,68,66,57,33.069056,33.069056,0.044033,13.095346,6.744103,19.839449,1.167026,1.945239,1.37737,257,11,268,0.958955,0,0.0,0,0,6,3,23,1,0,0,0.698223,0.492537,0,0,0.0,0,24,0,0,0-1-2-5,0-1-2-5,7.5,1-2,1,0.724846,0.724846,2,1,1,0.724846,0.83,short,short-weak-7.5db
meshecho-confidence,60,751.0,24,24,0,1.0,1.0,0.0,2.515403,1.528267,2.515403,0.987136,1.974272,24,24,0,202,96,106,96,49.850368,49.850368,0.066379,19.740746,10.166484,29.90723,1.246135,2.077099,1.528267,404,0,404,1.0,0,0.0,0,0,6,4,23,1,0,0,0.803396,0.524752,0,0,0.0,0,24,0,0,0-3-4-6-5,0-3-4-6-5,7.5,1-2,1,0.83,0.83,2,1,1,0.724846,0.83,long,short-weak-7.5db
meshecho-no-confidence,60,751.0,24,24,0,0.875,0.958333,0.0,2.087387,1.29428,2.087387,0.740352,1.480704,23,21,0,147,71,76,67,36.277248,36.277248,0.048305,14.36579,7.398382,21.764172,1.036389,1.727488,1.29428,289,5,294,0.982993,0,0.0,0,0,6,3,23,1,0,0,0.698223,0.517007,0,0,0.0,0,24,0,0,0-1-2-5,0-1-2-5,7.5,1-2,1,0.724846,0.724846,2,1,1,0.724846,0.83,short,short-weak-7.5db
meshecho-confidence,61,751.0,24,24,0,1.0,1.0,0.0,2.515403,1.528267,2.515403,0.987136,1.974272,24,24,0,202,96,106,96,49.850368,49.850368,0.066379,19.740746,10.166484,29.90723,1.246135,2.077099,1.528267,404,0,404,1.0,0,0.0,0,0,6,4,23,1,0,0,0.803396,0.524752,0,0,0.0,0,24,0,0,0-3-4-6-5,0-3-4-6-5,7.5,1-2,1,0.83,0.83,2,1,1,0.724846,0.83,long,short-weak-7.5db
meshecho-no-confidence,61,751.0,24,24,0,0.708333,0.875,0.0,1.480704,0.740352,1.480704,0.740352,1.480704,21,17,0,137,69,68,59,33.809408,33.809408,0.045019,13.388526,6.895091,20.283616,1.193154,1.988789,0.740352,264,10,274,0.963504,0,0.0,0,0,6,3,23,1,0,0,0.698223,0.49635,0,0,0.0,0,24,0,0,0-1-2-5,0-1-2-5,7.5,1-2,1,0.724846,0.724846,2,1,1,0.724846,0.83,short,short-weak-7.5db
meshecho-confidence,62,751.0,24,24,0,1.0,1.0,0.0,2.515403,1.528267,2.515403,0.987136,1.974272,24,24,0,202,96,106,96,49.850368,49.850368,0.066379,19.740746,10.166484,29.90723,1.246135,2.077099,1.528267,404,0,404,1.0,0,0.0,0,0,6,4,23,1,0,0,0.803396,0.524752,0,0,0.0,0,24,0,0,0-3-4-6-5,0-3-4-6-5,7.5,1-2,1,0.83,0.83,2,1,1,0.724846,0.83,long,short-weak-7.5db
meshecho-no-confidence,62,751.0,24,24,0,0.75,0.833333,0.0,2.188501,1.37737,2.188501,1.37737,3.391757,20,18,0,135,68,67,58,33.31584,33.31584,0.044362,13.193073,6.794432,19.987505,1.110417,1.85088,1.37737,262,8,270,0.97037,0,0.0,0,0,6,3,23,1,0,0,0.698223,0.496296,0,0,0.0,0,24,0,0,0-1-2-5,0-1-2-5,7.5,1-2,1,0.724846,0.724846,2,1,1,0.724846,0.83,short,short-weak-7.5db
meshecho-confidence,63,751.0,24,24,0,1.0,1.0,0.0,2.515403,1.528267,2.515403,0.987136,1.974272,24,24,0,202,96,106,96,49.850368,49.850368,0.066379,19.740746,10.166484,29.90723,1.246135,2.077099,1.528267,404,0,404,1.0,0,0.0,0,0,6,4,23,1,0,0,0.803396,0.524752,0,0,0.0,0,24,0,0,0-3-4-6-5,0-3-4-6-5,7.5,1-2,1,0.83,0.83,2,1,1,0.724846,0.83,long,short-weak-7.5db
meshecho-no-confidence,63,751.0,24,24,0,0.916667,1.0,0.0,2.059811,1.2712,2.059811,0.740352,1.480704,24,22,0,151,72,79,70,37.264384,37.264384,0.04962,14.756696,7.599698,22.356395,1.0162,1.693836,1.2712,294,8,302,0.97351,0,0.0,0,0,6,3,23,1,0,0,0.698223,0.523179,0,0,0.0,0,24,0,0,0-1-2-5,0-1-2-5,7.5,1-2,1,0.724846,0.724846,2,1,1,0.724846,0.83,short,short-weak-7.5db
meshecho-confidence,64,751.0,24,24,0,1.0,1.0,0.0,2.515403,1.528267,2.515403,0.987136,1.974272,24,24,0,201,96,105,96,49.603584,49.603584,0.06605,19.643019,10.116155,29.759174,1.239966,2.066816,1.528267,401,1,402,0.997512,0,0.0,0,0,5,4,23,1,0,0,0.803396,0.522388,0,0,0.0,0,24,0,0,0-3-4-6-5,0-3-4-6-5,7.5,1-2,1,0.83,0.83,1,0,1,0.0,0.83,long,short-weak-7.5db
meshecho-no-confidence,64,751.0,24,24,0,1.0,1.0,0.0,2.515403,1.528267,2.515403,0.987136,1.974272,24,24,0,201,96,105,96,49.603584,49.603584,0.06605,19.643019,10.116155,29.759174,1.239966,2.066816,1.528267,401,1,402,0.997512,0,0.0,0,0,5,4,23,1,0,0,0.803396,0.522388,0,0,0.0,0,24,0,0,0-3-4-6-5,0-3-4-6-5,7.5,1-2,1,0.83,0.83,1,0,1,0.0,0.83,long,short-weak-7.5db
meshecho-confidence,65,751.0,24,24,0,1.0,1.0,0.0,2.515403,1.528267,2.515403,0.987136,1.974272,24,24,0,202,96,106,96,49.850368,49.850368,0.066379,19.740746,10.166484,29.90723,1.246135,2.077099,1.528267,404,0,404,1.0,0,0.0,0,0,6,4,23,1,0,0,0.803396,0.524752,0,0,0.0,0,24,0,0,0-3-4-6-5,0-3-4-6-5,7.5,1-2,1,0.83,0.83,2,1,1,0.724846,0.83,long,short-weak-7.5db
meshecho-no-confidence,65,751.0,24,24,0,0.833333,0.875,0.0,2.117722,1.347035,2.117722,0.740352,2.117722,21,20,0,140,69,71,62,34.54976,34.54976,0.046005,13.681705,7.046078,20.727783,1.036389,1.727488,1.347035,271,9,280,0.967857,0,0.0,0,0,6,3,23,1,0,0,0.698223,0.507143,0,0,0.0,0,24,0,0,0-1-2-5,0-1-2-5,7.5,1-2,1,0.724846,0.724846,2,1,1,0.724846,0.83,short,short-weak-7.5db
meshecho-confidence,66,751.0,24,24,0,1.0,1.0,0.0,2.515403,1.528267,2.515403,0.987136,1.974272,24,24,0,202,96,106,96,49.850368,49.850368,0.066379,19.740746,10.166484,29.90723,1.246135,2.077099,1.528267,404,0,404,1.0,0,0.0,0,0,6,4,23,1,0,0,0.803396,0.524752,0,0,0.0,0,24,0,0,0-3-4-6-5,0-3-4-6-5,7.5,1-2,1,0.83,0.83,2,1,1,0.724846,0.83,long,short-weak-7.5db
meshecho-no-confidence,66,751.0,24,24,0,0.708333,0.875,0.0,1.480704,0.740352,1.480704,0.740352,1.480704,21,17,0,137,69,68,59,33.809408,33.809408,0.045019,13.388526,6.895091,20.283616,1.193154,1.988789,0.740352,260,14,274,0.948905,0,0.0,0,0,6,3,23,1,0,0,0.698223,0.49635,0,0,0.0,0,24,0,0,0-1-2-5,0-1-2-5,7.5,1-2,1,0.724846,0.724846,2,1,1,0.724846,0.83,short,short-weak-7.5db
meshecho-confidence,67,751.0,24,24,0,1.0,1.0,0.0,2.515403,1.528267,2.515403,0.987136,1.974272,24,24,0,202,96,106,96,49.850368,49.850368,0.066379,19.740746,10.166484,29.90723,1.246135,2.077099,1.528267,404,0,404,1.0,0,0.0,0,0,6,4,23,1,0,0,0.803396,0.524752,0,0,0.0,0,24,0,0,0-3-4-6-5,0-3-4-6-5,7.5,1-2,1,0.83,0.83,2,1,1,0.724846,0.83,long,short-weak-7.5db
meshecho-no-confidence,67,751.0,24,24,0,0.75,0.875,0.0,1.480704,1.347035,1.480704,0.740352,1.480704,21,18,0,138,69,69,60,34.056192,34.056192,0.045348,13.486252,6.94542,20.431672,1.135093,1.892011,1.347035,268,8,276,0.971014,0,0.0,0,0,6,3,23,1,0,0,0.698223,0.5,0,0,0.0,0,24,0,0,0-1-2-5,0-1-2-5,7.5,1-2,1,0.724846,0.724846,2,1,1,0.724846,0.83,short,short-weak-7.5db
meshecho-confidence,68,751.0,24,24,0,1.0,1.0,0.0,2.515403,1.528267,2.515403,0.987136,1.974272,24,24,0,201,96,105,96,49.603584,49.603584,0.06605,19.643019,10.116155,29.759174,1.239966,2.066816,1.528267,401,1,402,0.997512,0,0.0,0,0,5,4,23,1,0,0,0.803396,0.522388,0,0,0.0,0,24,0,0,0-3-4-6-5,0-3-4-6-5,7.5,1-2,1,0.83,0.83,1,0,1,0.0,0.83,long,short-weak-7.5db
meshecho-no-confidence,68,751.0,24,24,0,1.0,1.0,0.0,2.515403,1.528267,2.515403,0.987136,1.974272,24,24,0,201,96,105,96,49.603584,49.603584,0.06605,19.643019,10.116155,29.759174,1.239966,2.066816,1.528267,401,1,402,0.997512,0,0.0,0,0,5,4,23,1,0,0,0.803396,0.522388,0,0,0.0,0,24,0,0,0-3-4-6-5,0-3-4-6-5,7.5,1-2,1,0.83,0.83,1,0,1,0.0,0.83,long,short-weak-7.5db
meshecho-confidence,69,751.0,24,24,0,1.0,1.0,0.0,2.515403,1.528267,2.515403,0.987136,1.974272,24,24,0,202,96,106,96,49.850368,49.850368,0.066379,19.740746,10.166484,29.90723,1.246135,2.077099,1.528267,404,0,404,1.0,0,0.0,0,0,6,4,23,1,0,0,0.803396,0.524752,0,0,0.0,0,24,0,0,0-3-4-6-5,0-3-4-6-5,7.5,1-2,1,0.83,0.83,2,1,1,0.724846,0.83,long,short-weak-7.5db
meshecho-no-confidence,69,751.0,24,24,0,0.833333,0.916667,0.0,2.117722,1.319459,2.117722,0.740352,2.117722,22,20,0,143,70,73,64,35.290112,35.290112,0.046991,13.974884,7.197065,21.17195,1.058597,1.764506,1.319459,281,5,286,0.982517,0,0.0,0,0,6,3,23,1,0,0,0.698223,0.51049,0,0,0.0,0,24,0,0,0-1-2-5,0-1-2-5,7.5,1-2,1,0.724846,0.724846,2,1,1,0.724846,0.83,short,short-weak-7.5db
meshecho-confidence,70,751.0,24,24,0,1.0,1.0,0.0,2.515403,1.528267,2.515403,0.987136,1.974272,24,24,0,202,96,106,96,49.850368,49.850368,0.066379,19.740746,10.166484,29.90723,1.246135,2.077099,1.528267,404,0,404,1.0,0,0.0,0,0,6,4,23,1,0,0,0.803396,0.524752,0,0,0.0,0,24,0,0,0-3-4-6-5,0-3-4-6-5,7.5,1-2,1,0.83,0.83,2,1,1,0.724846,0.83,long,short-weak-7.5db
meshecho-no-confidence,70,751.0,24,24,0,0.833333,0.916667,0.0,2.117722,1.319459,2.117722,0.740352,2.117722,22,20,0,143,70,73,64,35.290112,35.290112,0.046991,13.974884,7.197065,21.17195,1.058597,1.764506,1.319459,275,11,286,0.961538,0,0.0,0,0,6,3,23,1,0,0,0.698223,0.51049,0,0,0.0,0,24,0,0,0-1-2-5,0-1-2-5,7.5,1-2,1,0.724846,0.724846,2,1,1,0.724846,0.83,short,short-weak-7.5db
meshecho-confidence,71,751.0,24,24,0,1.0,1.0,0.0,2.515403,1.528267,2.515403,0.987136,1.974272,24,24,0,201,96,105,96,49.603584,49.603584,0.06605,19.643019,10.116155,29.759174,1.239966,2.066816,1.528267,401,1,402,0.997512,0,0.0,0,0,5,4,23,1,0,0,0.803396,0.522388,0,0,0.0,0,24,0,0,0-3-4-6-5,0-3-4-6-5,7.5,1-2,1,0.83,0.83,1,0,1,0.0,0.83,long,short-weak-7.5db
meshecho-no-confidence,71,751.0,24,24,0,1.0,1.0,0.0,2.515403,1.528267,2.515403,0.987136,1.974272,24,24,0,201,96,105,96,49.603584,49.603584,0.06605,19.643019,10.116155,29.759174,1.239966,2.066816,1.528267,401,1,402,0.997512,0,0.0,0,0,5,4,23,1,0,0,0.803396,0.522388,0,0,0.0,0,24,0,0,0-3-4-6-5,0-3-4-6-5,7.5,1-2,1,0.83,0.83,1,0,1,0.0,0.83,long,short-weak-7.5db
meshecho-confidence,72,751.0,24,24,0,1.0,1.0,0.0,2.515403,1.528267,2.515403,0.987136,1.974272,24,24,0,202,96,106,96,49.850368,49.850368,0.066379,19.740746,10.166484,29.90723,1.246135,2.077099,1.528267,404,0,404,1.0,0,0.0,0,0,6,4,23,1,0,0,0.803396,0.524752,0,0,0.0,0,24,0,0,0-3-4-6-5,0-3-4-6-5,7.5,1-2,1,0.83,0.83,2,1,1,0.724846,0.83,long,short-weak-7.5db
meshecho-no-confidence,72,751.0,24,24,0,0.75,0.958333,0.0,2.188501,1.29428,2.188501,0.740352,3.391757,23,18,0,144,71,73,64,35.536896,35.536896,0.047319,14.072611,7.247395,21.320005,1.184445,1.974272,1.29428,280,8,288,0.972222,0,0.0,0,0,6,3,23,1,0,0,0.698223,0.506944,0,0,0.0,0,24,0,0,0-1-2-5,0-1-2-5,7.5,1-2,1,0.724846,0.724846,2,1,1,0.724846,0.83,short,short-weak-7.5db
meshecho-confidence,73,751.0,24,24,0,1.0,1.0,0.0,2.515403,1.528267,2.515403,0.987136,1.974272,24,24,0,202,96,106,96,49.850368,49.850368,0.066379,19.740746,10.166484,29.90723,1.246135,2.077099,1.528267,404,0,404,1.0,0,0.0,0,0,6,4,23,1,0,0,0.803396,0.524752,0,0,0.0,0,24,0,0,0-3-4-6-5,0-3-4-6-5,7.5,1-2,1,0.83,0.83,2,1,1,0.724846,0.83,long,short-weak-7.5db
meshecho-no-confidence,73,751.0,24,24,0,0.791667,0.833333,0.0,2.151249,1.37737,2.151249,1.37737,2.754739,20,19,0,136,68,68,59,33.562624,33.562624,0.044691,13.290799,6.844762,20.135561,1.059766,1.766454,1.37737,261,11,272,0.959559,0,0.0,0,0,6,3,23,1,0,0,0.698223,0.5,0,0,0.0,0,24,0,0,0-1-2-5,0-1-2-5,7.5,1-2,1,0.724846,0.724846,2,1,1,0.724846,0.83,short,short-weak-7.5db
meshecho-confidence,74,751.0,24,24,0,1.0,1.0,0.0,2.515403,1.528267,2.515403,0.987136,1.974272,24,24,0,202,96,106,96,49.850368,49.850368,0.066379,19.740746,10.166484,29.90723,1.246135,2.077099,1.528267,403,1,404,0.997525,0,0.0,0,0,6,4,23,1,0,0,0.803396,0.524752,0,0,0.0,0,24,0,0,0-3-4-6-5,0-3-4-6-5,7.5,1-2,1,0.83,0.83,2,1,1,0.724846,0.83,long,short-weak-7.5db
meshecho-no-confidence,74,751.0,24,24,0,0.875,0.958333,0.0,2.087387,1.29428,2.087387,0.740352,1.480704,23,21,0,147,71,76,67,36.277248,36.277248,0.048305,14.36579,7.398382,21.764172,1.036389,1.727488,1.29428,282,12,294,0.959184,0,0.0,0,0,6,3,23,1,0,0,0.698223,0.517007,0,0,0.0,0,24,0,0,0-1-2-5,0-1-2-5,7.5,1-2,1,0.724846,0.724846,2,1,1,0.724846,0.83,short,short-weak-7.5db
meshecho-confidence,75,751.0,24,24,0,1.0,1.0,0.0,2.515403,1.528267,2.515403,0.987136,1.974272,24,24,0,202,96,106,96,49.850368,49.850368,0.066379,19.740746,10.166484,29.90723,1.246135,2.077099,1.528267,404,0,404,1.0,0,0.0,0,0,6,4,23,1,0,0,0.803396,0.524752,0,0,0.0,0,24,0,0,0-3-4-6-5,0-3-4-6-5,7.5,1-2,1,0.83,0.83,2,1,1,0.724846,0.83,long,short-weak-7.5db
meshecho-no-confidence,75,751.0,24,24,0,0.791667,0.875,0.0,1.480704,0.740352,1.480704,0.740352,1.480704,21,19,0,139,69,70,61,34.302976,34.302976,0.045676,13.583978,6.995749,20.579727,1.083144,1.80542,0.740352,269,9,278,0.967626,0,0.0,0,0,6,3,23,1,0,0,0.698223,0.503597,0,0,0.0,0,24,0,0,0-1-2-5,0-1-2-5,7.5,1-2,1,0.724846,0.724846,2,1,1,0.724846,0.83,short,short-weak-7.5db
meshecho-confidence,76,751.0,24,24,0,1.0,1.0,0.0,2.515403,1.528267,2.515403,0.987136,1.974272,24,24,0,202,96,106,96,49.850368,49.850368,0.066379,19.740746,10.166484,29.90723,1.246135,2.077099,1.528267,404,0,404,1.0,0,0.0,0,0,6,4,23,1,0,0,0.803396,0.524752,0,0,0.0,0,24,0,0,0-3-4-6-5,0-3-4-6-5,7.5,1-2,1,0.83,0.83,2,1,1,0.724846,0.83,long,short-weak-7.5db
meshecho-no-confidence,76,751.0,24,24,0,0.875,0.875,0.0,2.087387,1.347035,2.087387,0.740352,1.480704,21,21,0,141,69,72,63,34.796544,34.796544,0.046334,13.779431,7.096407,20.875839,0.994088,1.656978,1.347035,276,6,282,0.978723,0,0.0,0,0,6,3,23,1,0,0,0.698223,0.510638,0,0,0.0,0,24,0,0,0-1-2-5,0-1-2-5,7.5,1-2,1,0.724846,0.724846,2,1,1,0.724846,0.83,short,short-weak-7.5db
meshecho-confidence,77,751.0,24,24,0,0.958333,1.0,0.0,2.53893,1.528267,2.53893,0.987136,1.974272,24,23,0,199,96,103,93,49.110016,49.110016,0.065393,19.447566,10.015497,29.463063,1.281003,2.135218,1.528267,397,1,398,0.997487,0,0.0,0,0,6,4,23,1,0,0,0.803396,0.517588,0,0,0.0,0,24,0,0,0-3-4-6-5,0-3-4-6-5,7.5,1-2,1,0.83,0.83,2,1,1,0.724846,0.83,long,short-weak-7.5db
meshecho-no-confidence,77,751.0,24,24,0,0.833333,0.958333,0.0,2.117722,1.29428,2.117722,0.740352,2.117722,23,20,0,146,71,75,66,36.030464,36.030464,0.047977,14.268064,7.348053,21.616117,1.080806,1.801523,1.29428,283,9,292,0.969178,0,0.0,0,0,6,3,23,1,0,0,0.698223,0.513699,0,0,0.0,0,24,0,0,0-1-2-5,0-1-2-5,7.5,1-2,1,0.724846,0.724846,2,1,1,0.724846,0.83,short,short-weak-7.5db
meshecho-confidence,78,751.0,24,24,0,1.0,1.0,0.0,2.515403,1.528267,2.515403,0.987136,1.974272,24,24,0,202,96,106,96,49.850368,49.850368,0.066379,19.740746,10.166484,29.90723,1.246135,2.077099,1.528267,404,0,404,1.0,0,0.0,0,0,6,4,23,1,0,0,0.803396,0.524752,0,0,0.0,0,24,0,0,0-3-4-6-5,0-3-4-6-5,7.5,1-2,1,0.83,0.83,2,1,1,0.724846,0.83,long,short-weak-7.5db
meshecho-no-confidence,78,751.0,24,24,0,0.958333,1.0,0.0,2.034632,1.2712,2.034632,0.740352,1.480704,24,23,0,152,72,80,71,37.511168,37.511168,0.049948,14.854423,7.650028,22.50445,0.978454,1.63092,1.2712,295,9,304,0.970395,0,0.0,0,0,6,3,23,1,0,0,0.698223,0.526316,0,0,0.0,0,24,0,0,0-1-2-5,0-1-2-5,7.5,1-2,1,0.724846,0.724846,2,1,1,0.724846,0.83,short,short-weak-7.5db
meshecho-confidence,79,751.0,24,24,0,1.0,1.0,0.0,2.515403,1.528267,2.515403,0.987136,1.974272,24,24,0,202,96,106,96,49.850368,49.850368,0.066379,19.740746,10.166484,29.90723,1.246135,2.077099,1.528267,404,0,404,1.0,0,0.0,0,0,6,4,23,1,0,0,0.803396,0.524752,0,0,0.0,0,24,0,0,0-3-4-6-5,0-3-4-6-5,7.5,1-2,1,0.83,0.83,2,1,1,0.724846,0.83,long,short-weak-7.5db
meshecho-no-confidence,79,751.0,24,24,0,0.916667,0.916667,0.0,2.059811,1.319459,2.059811,0.740352,1.480704,22,22,0,145,70,75,66,35.78368,35.78368,0.047648,14.170337,7.297724,21.468061,0.975821,1.626531,1.319459,278,12,290,0.958621,0,0.0,0,0,6,3,23,1,0,0,0.698223,0.517241,0,0,0.0,0,24,0,0,0-1-2-5,0-1-2-5,7.5,1-2,1,0.724846,0.724846,2,1,1,0.724846,0.83,short,short-weak-7.5db
meshecho-confidence,80,751.0,24,24,0,1.0,1.0,0.0,2.515403,1.528267,2.515403,0.987136,1.974272,24,24,0,201,96,105,96,49.603584,49.603584,0.06605,19.643019,10.116155,29.759174,1.239966,2.066816,1.528267,401,1,402,0.997512,0,0.0,0,0,5,4,23,1,0,0,0.803396,0.522388,0,0,0.0,0,24,0,0,0-3-4-6-5,0-3-4-6-5,7.5,1-2,1,0.83,0.83,1,0,1,0.0,0.83,long,short-weak-7.5db
meshecho-no-confidence,80,751.0,24,24,0,1.0,1.0,0.0,2.515403,1.528267,2.515403,0.987136,1.974272,24,24,0,201,96,105,96,49.603584,49.603584,0.06605,19.643019,10.116155,29.759174,1.239966,2.066816,1.528267,401,1,402,0.997512,0,0.0,0,0,5,4,23,1,0,0,0.803396,0.522388,0,0,0.0,0,24,0,0,0-3-4-6-5,0-3-4-6-5,7.5,1-2,1,0.83,0.83,1,0,1,0.0,0.83,long,short-weak-7.5db
meshecho-confidence,81,751.0,24,24,0,1.0,1.0,0.0,2.515403,1.528267,2.515403,0.987136,1.974272,24,24,0,202,96,106,96,49.850368,49.850368,0.066379,19.740746,10.166484,29.90723,1.246135,2.077099,1.528267,404,0,404,1.0,0,0.0,0,0,6,4,23,1,0,0,0.803396,0.524752,0,0,0.0,0,24,0,0,0-3-4-6-5,0-3-4-6-5,7.5,1-2,1,0.83,0.83,2,1,1,0.724846,0.83,long,short-weak-7.5db
meshecho-no-confidence,81,751.0,24,24,0,0.875,0.958333,0.0,2.087387,1.29428,2.087387,0.740352,1.480704,23,21,0,147,71,76,67,36.277248,36.277248,0.048305,14.36579,7.398382,21.764172,1.036389,1.727488,1.29428,288,6,294,0.979592,0,0.0,0,0,6,3,23,1,0,0,0.698223,0.517007,0,0,0.0,0,24,0,0,0-1-2-5,0-1-2-5,7.5,1-2,1,0.724846,0.724846,2,1,1,0.724846,0.83,short,short-weak-7.5db
meshecho-confidence,82,751.0,24,24,0,1.0,1.0,0.0,2.515403,1.528267,2.515403,0.987136,1.974272,24,24,0,201,96,105,96,49.603584,49.603584,0.06605,19.643019,10.116155,29.759174,1.239966,2.066816,1.528267,401,1,402,0.997512,0,0.0,0,0,5,4,23,1,0,0,0.803396,0.522388,0,0,0.0,0,24,0,0,0-3-4-6-5,0-3-4-6-5,7.5,1-2,1,0.83,0.83,1,0,1,0.0,0.83,long,short-weak-7.5db
meshecho-no-confidence,82,751.0,24,24,0,1.0,1.0,0.0,2.515403,1.528267,2.515403,0.987136,1.974272,24,24,0,201,96,105,96,49.603584,49.603584,0.06605,19.643019,10.116155,29.759174,1.239966,2.066816,1.528267,401,1,402,0.997512,0,0.0,0,0,5,4,23,1,0,0,0.803396,0.522388,0,0,0.0,0,24,0,0,0-3-4-6-5,0-3-4-6-5,7.5,1-2,1,0.83,0.83,1,0,1,0.0,0.83,long,short-weak-7.5db
meshecho-confidence,83,751.0,24,24,0,1.0,1.0,0.0,2.515403,1.528267,2.515403,0.987136,1.974272,24,24,0,202,96,106,96,49.850368,49.850368,0.066379,19.740746,10.166484,29.90723,1.246135,2.077099,1.528267,404,0,404,1.0,0,0.0,0,0,6,4,23,1,0,0,0.803396,0.524752,0,0,0.0,0,24,0,0,0-3-4-6-5,0-3-4-6-5,7.5,1-2,1,0.83,0.83,2,1,1,0.724846,0.83,long,short-weak-7.5db
meshecho-no-confidence,83,751.0,24,24,0,0.958333,0.958333,0.0,2.034632,1.29428,2.034632,0.740352,1.480704,23,23,0,149,71,78,69,36.770816,36.770816,0.048962,14.561243,7.49904,22.060283,0.959143,1.598731,1.29428,294,4,298,0.986577,0,0.0,0,0,6,3,23,1,0,0,0.698223,0.52349,0,0,0.0,0,24,0,0,0-1-2-5,0-1-2-5,7.5,1-2,1,0.724846,0.724846,2,1,1,0.724846,0.83,short,short-weak-7.5db
meshecho-confidence,84,751.0,24,24,0,1.0,1.0,0.0,2.515403,1.528267,2.515403,0.987136,1.974272,24,24,0,202,96,106,96,49.850368,49.850368,0.066379,19.740746,10.166484,29.90723,1.246135,2.077099,1.528267,404,0,404,1.0,0,0.0,0,0,6,4,23,1,0,0,0.803396,0.524752,0,0,0.0,0,24,0,0,0-3-4-6-5,0-3-4-6-5,7.5,1-2,1,0.83,0.83,2,1,1,0.724846,0.83,long,short-weak-7.5db
meshecho-no-confidence,84,751.0,24,24,0,0.708333,0.833333,0.0,2.230136,1.37737,2.230136,1.37737,4.028774,20,17,0,134,68,66,57,33.069056,33.069056,0.044033,13.095346,6.744103,19.839449,1.167026,1.945239,1.37737,255,13,268,0.951493,0,0.0,0,0,6,3,23,1,0,0,0.698223,0.492537,0,0,0.0,0,24,0,0,0-1-2-5,0-1-2-5,7.5,1-2,1,0.724846,0.724846,2,1,1,0.724846,0.83,short,short-weak-7.5db
meshecho-confidence,85,751.0,24,24,0,1.0,1.0,0.0,2.515403,1.528267,2.515403,0.987136,1.974272,24,24,0,202,96,106,96,49.850368,49.850368,0.066379,19.740746,10.166484,29.90723,1.246135,2.077099,1.528267,404,0,404,1.0,0,0.0,0,0,6,4,23,1,0,0,0.803396,0.524752,0,0,0.0,0,24,0,0,0-3-4-6-5,0-3-4-6-5,7.5,1-2,1,0.83,0.83,2,1,1,0.724846,0.83,long,short-weak-7.5db
meshecho-no-confidence,85,751.0,24,24,0,0.958333,1.0,0.0,2.034632,1.2712,2.034632,0.740352,1.480704,24,23,0,152,72,80,71,37.511168,37.511168,0.049948,14.854423,7.650028,22.50445,0.978454,1.63092,1.2712,296,8,304,0.973684,0,0.0,0,0,6,3,23,1,0,0,0.698223,0.526316,0,0,0.0,0,24,0,0,0-1-2-5,0-1-2-5,7.5,1-2,1,0.724846,0.724846,2,1,1,0.724846,0.83,short,short-weak-7.5db
meshecho-confidence,86,751.0,24,24,0,1.0,1.0,0.0,2.515403,1.528267,2.515403,0.987136,1.974272,24,24,0,202,96,106,96,49.850368,49.850368,0.066379,19.740746,10.166484,29.90723,1.246135,2.077099,1.528267,404,0,404,1.0,0,0.0,0,0,6,4,23,1,0,0,0.803396,0.524752,0,0,0.0,0,24,0,0,0-3-4-6-5,0-3-4-6-5,7.5,1-2,1,0.83,0.83,2,1,1,0.724846,0.83,long,short-weak-7.5db
meshecho-no-confidence,86,751.0,24,24,0,0.75,0.833333,0.0,1.480704,1.37737,1.480704,1.37737,1.480704,20,18,0,135,68,67,58,33.31584,33.31584,0.044362,13.193073,6.794432,19.987505,1.110417,1.85088,1.37737,262,8,270,0.97037,0,0.0,0,0,6,3,23,1,0,0,0.698223,0.496296,0,0,0.0,0,24,0,0,0-1-2-5,0-1-2-5,7.5,1-2,1,0.724846,0.724846,2,1,1,0.724846,0.83,short,short-weak-7.5db
meshecho-confidence,87,751.0,24,24,0,1.0,1.0,0.0,2.515403,1.528267,2.515403,0.987136,1.974272,24,24,0,202,96,106,96,49.850368,49.850368,0.066379,19.740746,10.166484,29.90723,1.246135,2.077099,1.528267,404,0,404,1.0,0,0.0,0,0,6,4,23,1,0,0,0.803396,0.524752,0,0,0.0,0,24,0,0,0-3-4-6-5,0-3-4-6-5,7.5,1-2,1,0.83,0.83,2,1,1,0.724846,0.83,long,short-weak-7.5db
meshecho-no-confidence,87,751.0,24,24,0,0.875,0.916667,0.0,2.087387,1.319459,2.087387,0.740352,1.480704,22,21,0,144,70,74,65,35.536896,35.536896,0.047319,14.072611,7.247395,21.320005,1.015238,1.692233,1.319459,281,7,288,0.975694,0,0.0,0,0,6,3,23,1,0,0,0.698223,0.513889,0,0,0.0,0,24,0,0,0-1-2-5,0-1-2-5,7.5,1-2,1,0.724846,0.724846,2,1,1,0.724846,0.83,short,short-weak-7.5db
meshecho-confidence,88,751.0,24,24,0,1.0,1.0,0.0,2.515403,1.528267,2.515403,0.987136,1.974272,24,24,0,202,96,106,96,49.850368,49.850368,0.066379,19.740746,10.166484,29.90723,1.246135,2.077099,1.528267,404,0,404,1.0,0,0.0,0,0,6,4,23,1,0,0,0.803396,0.524752,0,0,0.0,0,24,0,0,0-3-4-6-5,0-3-4-6-5,7.5,1-2,1,0.83,0.83,2,1,1,0.724846,0.83,long,short-weak-7.5db
meshecho-no-confidence,88,751.0,24,24,0,0.791667,0.916667,0.0,1.480704,1.319459,1.480704,0.740352,1.480704,22,19,0,142,70,72,63,35.043328,35.043328,0.046662,13.877158,7.146736,21.023894,1.106521,1.844386,1.319459,278,6,284,0.978873,0,0.0,0,0,6,3,23,1,0,0,0.698223,0.507042,0,0,0.0,0,24,0,0,0-1-2-5,0-1-2-5,7.5,1-2,1,0.724846,0.724846,2,1,1,0.724846,0.83,short,short-weak-7.5db
meshecho-confidence,89,751.0,24,24,0,1.0,1.0,0.0,2.515403,1.528267,2.515403,0.987136,1.974272,24,24,0,202,96,106,96,49.850368,49.850368,0.066379,19.740746,10.166484,29.90723,1.246135,2.077099,1.528267,404,0,404,1.0,0,0.0,0,0,6,4,23,1,0,0,0.803396,0.524752,0,0,0.0,0,24,0,0,0-3-4-6-5,0-3-4-6-5,7.5,1-2,1,0.83,0.83,2,1,1,0.724846,0.83,long,short-weak-7.5db
meshecho-no-confidence,89,751.0,24,24,0,0.916667,0.958333,0.0,2.059811,1.29428,2.059811,0.740352,1.480704,23,22,0,148,71,77,68,36.524032,36.524032,0.048634,14.463517,7.448711,21.912228,0.99601,1.660183,1.29428,291,5,296,0.983108,0,0.0,0,0,6,3,23,1,0,0,0.698223,0.52027,0,0,0.0,0,24,0,0,0-1-2-5,0-1-2-5,7.5,1-2,1,0.724846,0.724846,2,1,1,0.724846,0.83,short,short-weak-7.5db
meshecho-confidence,90,751.0,24,24,0,1.0,1.0,0.0,2.515403,1.528267,2.515403,0.987136,1.974272,24,24,0,202,96,106,96,49.850368,49.850368,0.066379,19.740746,10.166484,29.90723,1.246135,2.077099,1.528267,404,0,404,1.0,0,0.0,0,0,6,4,23,1,0,0,0.803396,0.524752,0,0,0.0,0,24,0,0,0-3-4-6-5,0-3-4-6-5,7.5,1-2,1,0.83,0.83,2,1,1,0.724846,0.83,long,short-weak-7.5db
meshecho-no-confidence,90,751.0,24,24,0,0.791667,0.833333,0.0,2.151249,1.37737,2.151249,1.37737,2.754739,20,19,0,136,68,68,59,33.562624,33.562624,0.044691,13.290799,6.844762,20.135561,1.059766,1.766454,1.37737,259,13,272,0.952206,0,0.0,0,0,6,3,23,1,0,0,0.698223,0.5,0,0,0.0,0,24,0,0,0-1-2-5,0-1-2-5,7.5,1-2,1,0.724846,0.724846,2,1,1,0.724846,0.83,short,short-weak-7.5db
meshecho-confidence,91,751.0,24,24,0,1.0,1.0,0.0,2.515403,1.528267,2.515403,0.987136,1.974272,24,24,0,202,96,106,96,49.850368,49.850368,0.066379,19.740746,10.166484,29.90723,1.246135,2.077099,1.528267,404,0,404,1.0,0,0.0,0,0,6,4,23,1,0,0,0.803396,0.524752,0,0,0.0,0,24,0,0,0-3-4-6-5,0-3-4-6-5,7.5,1-2,1,0.83,0.83,2,1,1,0.724846,0.83,long,short-weak-7.5db
meshecho-no-confidence,91,751.0,24,24,0,0.833333,0.916667,0.0,2.117722,1.319459,2.117722,0.740352,2.117722,22,20,0,143,70,73,64,35.290112,35.290112,0.046991,13.974884,7.197065,21.17195,1.058597,1.764506,1.319459,279,7,286,0.975524,0,0.0,0,0,6,3,23,1,0,0,0.698223,0.51049,0,0,0.0,0,24,0,0,0-1-2-5,0-1-2-5,7.5,1-2,1,0.724846,0.724846,2,1,1,0.724846,0.83,short,short-weak-7.5db
meshecho-confidence,92,751.0,24,24,0,1.0,1.0,0.0,2.515403,1.528267,2.515403,0.987136,1.974272,24,24,0,202,96,106,96,49.850368,49.850368,0.066379,19.740746,10.166484,29.90723,1.246135,2.077099,1.528267,404,0,404,1.0,0,0.0,0,0,6,4,23,1,0,0,0.803396,0.524752,0,0,0.0,0,24,0,0,0-3-4-6-5,0-3-4-6-5,7.5,1-2,1,0.83,0.83,2,1,1,0.724846,0.83,long,short-weak-7.5db
meshecho-no-confidence,92,751.0,24,24,0,0.875,0.916667,0.0,2.087387,1.319459,2.087387,0.740352,1.480704,22,21,0,144,70,74,65,35.536896,35.536896,0.047319,14.072611,7.247395,21.320005,1.015238,1.692233,1.319459,285,3,288,0.989583,0,0.0,0,0,6,3,23,1,0,0,0.698223,0.513889,0,0,0.0,0,24,0,0,0-1-2-5,0-1-2-5,7.5,1-2,1,0.724846,0.724846,2,1,1,0.724846,0.83,short,short-weak-7.5db
meshecho-confidence,93,751.0,24,24,0,1.0,1.0,0.0,2.515403,1.528267,2.515403,0.987136,1.974272,24,24,0,202,96,106,96,49.850368,49.850368,0.066379,19.740746,10.166484,29.90723,1.246135,2.077099,1.528267,404,0,404,1.0,0,0.0,0,0,6,4,23,1,0,0,0.803396,0.524752,0,0,0.0,0,24,0,0,0-3-4-6-5,0-3-4-6-5,7.5,1-2,1,0.83,0.83,2,1,1,0.724846,0.83,long,short-weak-7.5db
meshecho-no-confidence,93,751.0,24,24,0,0.708333,0.875,0.0,1.480704,1.347035,1.480704,0.740352,1.480704,21,17,0,137,69,68,59,33.809408,33.809408,0.045019,13.388526,6.895091,20.283616,1.193154,1.988789,1.347035,261,13,274,0.952555,0,0.0,0,0,6,3,23,1,0,0,0.698223,0.49635,0,0,0.0,0,24,0,0,0-1-2-5,0-1-2-5,7.5,1-2,1,0.724846,0.724846,2,1,1,0.724846,0.83,short,short-weak-7.5db
meshecho-confidence,94,751.0,24,24,0,0.958333,0.958333,0.0,2.53893,1.551794,2.53893,0.987136,1.974272,23,23,0,198,96,102,92,48.863232,48.863232,0.065064,19.34984,9.965168,29.315007,1.274566,2.124488,1.551794,394,2,396,0.994949,0,0.0,0,0,6,4,23,1,0,0,0.803396,0.515152,0,0,0.0,0,24,0,0,0-3-4-6-5,0-3-4-6-5,7.5,1-2,1,0.83,0.83,2,1,1,0.724846,0.83,long,short-weak-7.5db
meshecho-no-confidence,94,751.0,24,24,0,0.708333,0.875,0.0,2.230136,1.347035,2.230136,0.740352,4.028774,21,17,0,137,69,68,59,33.809408,33.809408,0.045019,13.388526,6.895091,20.283616,1.193154,1.988789,1.347035,261,13,274,0.952555,0,0.0,0,0,6,3,23,1,0,0,0.698223,0.49635,0,0,0.0,0,24,0,0,0-1-2-5,0-1-2-5,7.5,1-2,1,0.724846,0.724846,2,1,1,0.724846,0.83,short,short-weak-7.5db
meshecho-confidence,95,751.0,24,24,0,1.0,1.0,0.0,2.515403,1.528267,2.515403,0.987136,1.974272,24,24,0,202,96,106,96,49.850368,49.850368,0.066379,19.740746,10.166484,29.90723,1.246135,2.077099,1.528267,404,0,404,1.0,0,0.0,0,0,6,4,23,1,0,0,0.803396,0.524752,0,0,0.0,0,24,0,0,0-3-4-6-5,0-3-4-6-5,7.5,1-2,1,0.83,0.83,2,1,1,0.724846,0.83,long,short-weak-7.5db
meshecho-no-confidence,95,751.0,24,24,0,0.75,0.833333,0.0,1.480704,0.740352,1.480704,0.740352,1.480704,20,18,0,135,68,67,58,33.31584,33.31584,0.044362,13.193073,6.794432,19.987505,1.110417,1.85088,0.740352,262,8,270,0.97037,0,0.0,0,0,6,3,23,1,0,0,0.698223,0.496296,0,0,0.0,0,24,0,0,0-1-2-5,0-1-2-5,7.5,1-2,1,0.724846,0.724846,2,1,1,0.724846,0.83,short,short-weak-7.5db
meshecho-confidence,96,751.0,24,24,0,1.0,1.0,0.0,2.515403,1.528267,2.515403,0.987136,1.974272,24,24,0,202,96,106,96,49.850368,49.850368,0.066379,19.740746,10.166484,29.90723,1.246135,2.077099,1.528267,404,0,404,1.0,0,0.0,0,0,6,4,23,1,0,0,0.803396,0.524752,0,0,0.0,0,24,0,0,0-3-4-6-5,0-3-4-6-5,7.5,1-2,1,0.83,0.83,2,1,1,0.724846,0.83,long,short-weak-7.5db
meshecho-no-confidence,96,751.0,24,24,0,0.708333,0.875,0.0,1.480704,0.740352,1.480704,0.740352,1.480704,21,17,0,137,69,68,59,33.809408,33.809408,0.045019,13.388526,6.895091,20.283616,1.193154,1.988789,0.740352,265,9,274,0.967153,0,0.0,0,0,6,3,23,1,0,0,0.698223,0.49635,0,0,0.0,0,24,0,0,0-1-2-5,0-1-2-5,7.5,1-2,1,0.724846,0.724846,2,1,1,0.724846,0.83,short,short-weak-7.5db
meshecho-confidence,97,751.0,24,24,0,1.0,1.0,0.0,2.515403,1.528267,2.515403,0.987136,1.974272,24,24,0,202,96,106,96,49.850368,49.850368,0.066379,19.740746,10.166484,29.90723,1.246135,2.077099,1.528267,404,0,404,1.0,0,0.0,0,0,6,4,23,1,0,0,0.803396,0.524752,0,0,0.0,0,24,0,0,0-3-4-6-5,0-3-4-6-5,7.5,1-2,1,0.83,0.83,2,1,1,0.724846,0.83,long,short-weak-7.5db
meshecho-no-confidence,97,751.0,24,24,0,0.708333,0.875,0.0,2.230136,1.347035,2.230136,0.740352,4.028774,21,17,0,137,69,68,59,33.809408,33.809408,0.045019,13.388526,6.895091,20.283616,1.193154,1.988789,1.347035,263,11,274,0.959854,0,0.0,0,0,6,3,23,1,0,0,0.698223,0.49635,0,0,0.0,0,24,0,0,0-1-2-5,0-1-2-5,7.5,1-2,1,0.724846,0.724846,2,1,1,0.724846,0.83,short,short-weak-7.5db
meshecho-confidence,98,751.0,24,24,0,1.0,1.0,0.0,2.515403,1.528267,2.515403,0.987136,1.974272,24,24,0,202,96,106,96,49.850368,49.850368,0.066379,19.740746,10.166484,29.90723,1.246135,2.077099,1.528267,404,0,404,1.0,0,0.0,0,0,6,4,23,1,0,0,0.803396,0.524752,0,0,0.0,0,24,0,0,0-3-4-6-5,0-3-4-6-5,7.5,1-2,1,0.83,0.83,2,1,1,0.724846,0.83,long,short-weak-7.5db
meshecho-no-confidence,98,751.0,24,24,0,0.875,0.958333,0.0,2.087387,1.29428,2.087387,0.740352,1.480704,23,21,0,147,71,76,67,36.277248,36.277248,0.048305,14.36579,7.398382,21.764172,1.036389,1.727488,1.29428,290,4,294,0.986395,0,0.0,0,0,6,3,23,1,0,0,0.698223,0.517007,0,0,0.0,0,24,0,0,0-1-2-5,0-1-2-5,7.5,1-2,1,0.724846,0.724846,2,1,1,0.724846,0.83,short,short-weak-7.5db
meshecho-confidence,99,751.0,24,24,0,1.0,1.0,0.0,2.515403,1.528267,2.515403,0.987136,1.974272,24,24,0,202,96,106,96,49.850368,49.850368,0.066379,19.740746,10.166484,29.90723,1.246135,2.077099,1.528267,404,0,404,1.0,0,0.0,0,0,6,4,23,1,0,0,0.803396,0.524752,0,0,0.0,0,24,0,0,0-3-4-6-5,0-3-4-6-5,7.5,1-2,1,0.83,0.83,2,1,1,0.724846,0.83,long,short-weak-7.5db
meshecho-no-confidence,99,751.0,24,24,0,0.875,0.916667,0.0,2.087387,1.319459,2.087387,0.740352,1.480704,22,21,0,144,70,74,65,35.536896,35.536896,0.047319,14.072611,7.247395,21.320005,1.015238,1.692233,1.319459,283,5,288,0.982639,0,0.0,0,0,6,3,23,1,0,0,0.698223,0.513889,0,0,0.0,0,24,0,0,0-1-2-5,0-1-2-5,7.5,1-2,1,0.724846,0.724846,2,1,1,0.724846,0.83,short,short-weak-7.5db
meshecho-confidence,100,751.0,24,24,0,1.0,1.0,0.0,2.515403,1.528267,2.515403,0.987136,1.974272,24,24,0,202,96,106,96,49.850368,49.850368,0.066379,19.740746,10.166484,29.90723,1.246135,2.077099,1.528267,404,0,404,1.0,0,0.0,0,0,6,4,23,1,0,0,0.803396,0.524752,0,0,0.0,0,24,0,0,0-3-4-6-5,0-3-4-6-5,7.5,1-2,1,0.83,0.83,2,1,1,0.724846,0.83,long,short-weak-7.5db
meshecho-no-confidence,100,751.0,24,24,0,0.791667,0.791667,0.0,1.480704,0.740352,1.480704,0.740352,1.480704,19,19,0,133,67,66,57,32.822272,32.822272,0.043705,12.99762,6.693774,19.691394,1.036389,1.727488,0.740352,256,10,266,0.962406,0,0.0,0,0,6,3,23,1,0,0,0.698223,0.496241,0,0,0.0,0,24,0,0,0-1-2-5,0-1-2-5,7.5,1-2,1,0.724846,0.724846,2,1,1,0.724846,0.83,short,short-weak-7.5db
meshecho-confidence,1,751.0,24,24,0,1.0,1.0,0.0,2.011552,1.2712,2.011552,0.740352,1.480704,24,24,0,153,72,81,72,37.757952,37.757952,0.050277,14.952149,7.700357,22.652506,0.943854,1.573248,1.2712,305,1,306,0.996732,0,0.0,0,0,6,3,23,1,0,0,0.878377,0.529412,0,0,0.0,0,24,0,0,0-1-2-5,0-1-2-5,7.5,4-6,1,0.905,0.905,2,1,1,0.905,0.574587,short,long-weak-7.5db
meshecho-no-confidence,1,751.0,24,24,0,1.0,1.0,0.0,2.011552,1.2712,2.011552,0.740352,1.480704,24,24,0,153,72,81,72,37.757952,37.757952,0.050277,14.952149,7.700357,22.652506,0.943854,1.573248,1.2712,305,1,306,0.996732,0,0.0,0,0,6,3,23,1,0,0,0.878377,0.529412,0,0,0.0,0,24,0,0,0-1-2-5,0-1-2-5,7.5,4-6,1,0.905,0.905,2,1,1,0.905,0.574587,short,long-weak-7.5db
meshecho-confidence,2,751.0,24,24,0,1.0,1.0,0.0,2.011552,1.2712,2.011552,0.740352,1.480704,24,24,0,153,72,81,72,37.757952,37.757952,0.050277,14.952149,7.700357,22.652506,0.943854,1.573248,1.2712,306,0,306,1.0,0,0.0,0,0,6,3,23,1,0,0,0.878377,0.529412,0,0,0.0,0,24,0,0,0-1-2-5,0-1-2-5,7.5,4-6,1,0.905,0.905,2,1,1,0.905,0.574587,short,long-weak-7.5db
meshecho-no-confidence,2,751.0,24,24,0,1.0,1.0,0.0,2.011552,1.2712,2.011552,0.740352,1.480704,24,24,0,153,72,81,72,37.757952,37.757952,0.050277,14.952149,7.700357,22.652506,0.943854,1.573248,1.2712,306,0,306,1.0,0,0.0,0,0,6,3,23,1,0,0,0.878377,0.529412,0,0,0.0,0,24,0,0,0-1-2-5,0-1-2-5,7.5,4-6,1,0.905,0.905,2,1,1,0.905,0.574587,short,long-weak-7.5db
meshecho-confidence,3,751.0,24,24,0,1.0,1.0,0.0,2.011552,1.2712,2.011552,0.740352,1.480704,24,24,0,153,72,81,72,37.757952,37.757952,0.050277,14.952149,7.700357,22.652506,0.943854,1.573248,1.2712,305,1,306,0.996732,0,0.0,0,0,6,3,23,1,0,0,0.878377,0.529412,0,0,0.0,0,24,0,0,0-1-2-5,0-1-2-5,7.5,4-6,1,0.905,0.905,2,1,1,0.905,0.574587,short,long-weak-7.5db
meshecho-no-confidence,3,751.0,24,24,0,1.0,1.0,0.0,2.011552,1.2712,2.011552,0.740352,1.480704,24,24,0,153,72,81,72,37.757952,37.757952,0.050277,14.952149,7.700357,22.652506,0.943854,1.573248,1.2712,305,1,306,0.996732,0,0.0,0,0,6,3,23,1,0,0,0.878377,0.529412,0,0,0.0,0,24,0,0,0-1-2-5,0-1-2-5,7.5,4-6,1,0.905,0.905,2,1,1,0.905,0.574587,short,long-weak-7.5db
meshecho-confidence,4,751.0,24,24,0,1.0,1.0,0.0,2.011552,1.2712,2.011552,0.740352,1.480704,24,24,0,153,72,81,72,37.757952,37.757952,0.050277,14.952149,7.700357,22.652506,0.943854,1.573248,1.2712,306,0,306,1.0,0,0.0,0,0,6,3,23,1,0,0,0.878377,0.529412,0,0,0.0,0,24,0,0,0-1-2-5,0-1-2-5,7.5,4-6,1,0.905,0.905,2,1,1,0.905,0.574587,short,long-weak-7.5db
meshecho-no-confidence,4,751.0,24,24,0,1.0,1.0,0.0,2.011552,1.2712,2.011552,0.740352,1.480704,24,24,0,153,72,81,72,37.757952,37.757952,0.050277,14.952149,7.700357,22.652506,0.943854,1.573248,1.2712,306,0,306,1.0,0,0.0,0,0,6,3,23,1,0,0,0.878377,0.529412,0,0,0.0,0,24,0,0,0-1-2-5,0-1-2-5,7.5,4-6,1,0.905,0.905,2,1,1,0.905,0.574587,short,long-weak-7.5db
meshecho-confidence,5,751.0,24,24,0,1.0,1.0,0.0,2.011552,1.2712,2.011552,0.740352,1.480704,24,24,0,153,72,81,72,37.757952,37.757952,0.050277,14.952149,7.700357,22.652506,0.943854,1.573248,1.2712,305,1,306,0.996732,0,0.0,0,0,6,3,23,1,0,0,0.878377,0.529412,0,0,0.0,0,24,0,0,0-1-2-5,0-1-2-5,7.5,4-6,1,0.905,0.905,2,1,1,0.905,0.574587,short,long-weak-7.5db
meshecho-no-confidence,5,751.0,24,24,0,1.0,1.0,0.0,2.011552,1.2712,2.011552,0.740352,1.480704,24,24,0,153,72,81,72,37.757952,37.757952,0.050277,14.952149,7.700357,22.652506,0.943854,1.573248,1.2712,305,1,306,0.996732,0,0.0,0,0,6,3,23,1,0,0,0.878377,0.529412,0,0,0.0,0,24,0,0,0-1-2-5,0-1-2-5,7.5,4-6,1,0.905,0.905,2,1,1,0.905,0.574587,short,long-weak-7.5db
meshecho-confidence,6,751.0,24,24,0,1.0,1.0,0.0,2.011552,1.2712,2.011552,0.740352,1.480704,24,24,0,153,72,81,72,37.757952,37.757952,0.050277,14.952149,7.700357,22.652506,0.943854,1.573248,1.2712,306,0,306,1.0,0,0.0,0,0,6,3,23,1,0,0,0.878377,0.529412,0,0,0.0,0,24,0,0,0-1-2-5,0-1-2-5,7.5,4-6,1,0.905,0.905,2,1,1,0.905,0.574587,short,long-weak-7.5db
meshecho-no-confidence,6,751.0,24,24,0,1.0,1.0,0.0,2.011552,1.2712,2.011552,0.740352,1.480704,24,24,0,153,72,81,72,37.757952,37.757952,0.050277,14.952149,7.700357,22.652506,0.943854,1.573248,1.2712,306,0,306,1.0,0,0.0,0,0,6,3,23,1,0,0,0.878377,0.529412,0,0,0.0,0,24,0,0,0-1-2-5,0-1-2-5,7.5,4-6,1,0.905,0.905,2,1,1,0.905,0.574587,short,long-weak-7.5db
meshecho-confidence,7,751.0,24,24,0,1.0,1.0,0.0,2.011552,1.2712,2.011552,0.740352,1.480704,24,24,0,153,72,81,72,37.757952,37.757952,0.050277,14.952149,7.700357,22.652506,0.943854,1.573248,1.2712,306,0,306,1.0,0,0.0,0,0,6,3,23,1,0,0,0.878377,0.529412,0,0,0.0,0,24,0,0,0-1-2-5,0-1-2-5,7.5,4-6,1,0.905,0.905,2,1,1,0.905,0.574587,short,long-weak-7.5db
meshecho-no-confidence,7,751.0,24,24,0,1.0,1.0,0.0,2.011552,1.2712,2.011552,0.740352,1.480704,24,24,0,153,72,81,72,37.757952,37.757952,0.050277,14.952149,7.700357,22.652506,0.943854,1.573248,1.2712,306,0,306,1.0,0,0.0,0,0,6,3,23,1,0,0,0.878377,0.529412,0,0,0.0,0,24,0,0,0-1-2-5,0-1-2-5,7.5,4-6,1,0.905,0.905,2,1,1,0.905,0.574587,short,long-weak-7.5db
meshecho-confidence,8,751.0,24,24,0,1.0,1.0,0.0,2.011552,1.2712,2.011552,0.740352,1.480704,24,24,0,153,72,81,72,37.757952,37.757952,0.050277,14.952149,7.700357,22.652506,0.943854,1.573248,1.2712,306,0,306,1.0,0,0.0,0,0,6,3,23,1,0,0,0.878377,0.529412,0,0,0.0,0,24,0,0,0-1-2-5,0-1-2-5,7.5,4-6,1,0.905,0.905,2,1,1,0.905,0.574587,short,long-weak-7.5db
meshecho-no-confidence,8,751.0,24,24,0,1.0,1.0,0.0,2.011552,1.2712,2.011552,0.740352,1.480704,24,24,0,153,72,81,72,37.757952,37.757952,0.050277,14.952149,7.700357,22.652506,0.943854,1.573248,1.2712,306,0,306,1.0,0,0.0,0,0,6,3,23,1,0,0,0.878377,0.529412,0,0,0.0,0,24,0,0,0-1-2-5,0-1-2-5,7.5,4-6,1,0.905,0.905,2,1,1,0.905,0.574587,short,long-weak-7.5db
meshecho-confidence,9,751.0,24,24,0,1.0,1.0,0.0,2.011552,1.2712,2.011552,0.740352,1.480704,24,24,0,153,72,81,72,37.757952,37.757952,0.050277,14.952149,7.700357,22.652506,0.943854,1.573248,1.2712,306,0,306,1.0,0,0.0,0,0,6,3,23,1,0,0,0.878377,0.529412,0,0,0.0,0,24,0,0,0-1-2-5,0-1-2-5,7.5,4-6,1,0.905,0.905,2,1,1,0.905,0.574587,short,long-weak-7.5db
meshecho-no-confidence,9,751.0,24,24,0,1.0,1.0,0.0,2.011552,1.2712,2.011552,0.740352,1.480704,24,24,0,153,72,81,72,37.757952,37.757952,0.050277,14.952149,7.700357,22.652506,0.943854,1.573248,1.2712,306,0,306,1.0,0,0.0,0,0,6,3,23,1,0,0,0.878377,0.529412,0,0,0.0,0,24,0,0,0-1-2-5,0-1-2-5,7.5,4-6,1,0.905,0.905,2,1,1,0.905,0.574587,short,long-weak-7.5db
meshecho-confidence,10,751.0,24,24,0,1.0,1.0,0.0,2.011552,1.2712,2.011552,0.740352,1.480704,24,24,0,153,72,81,72,37.757952,37.757952,0.050277,14.952149,7.700357,22.652506,0.943854,1.573248,1.2712,306,0,306,1.0,0,0.0,0,0,6,3,23,1,0,0,0.878377,0.529412,0,0,0.0,0,24,0,0,0-1-2-5,0-1-2-5,7.5,4-6,1,0.905,0.905,2,1,1,0.905,0.574587,short,long-weak-7.5db
meshecho-no-confidence,10,751.0,24,24,0,1.0,1.0,0.0,2.011552,1.2712,2.011552,0.740352,1.480704,24,24,0,153,72,81,72,37.757952,37.757952,0.050277,14.952149,7.700357,22.652506,0.943854,1.573248,1.2712,306,0,306,1.0,0,0.0,0,0,6,3,23,1,0,0,0.878377,0.529412,0,0,0.0,0,24,0,0,0-1-2-5,0-1-2-5,7.5,4-6,1,0.905,0.905,2,1,1,0.905,0.574587,short,long-weak-7.5db
meshecho-confidence,11,751.0,24,24,0,1.0,1.0,0.0,2.011552,1.2712,2.011552,0.740352,1.480704,24,24,0,153,72,81,72,37.757952,37.757952,0.050277,14.952149,7.700357,22.652506,0.943854,1.573248,1.2712,306,0,306,1.0,0,0.0,0,0,6,3,23,1,0,0,0.878377,0.529412,0,0,0.0,0,24,0,0,0-1-2-5,0-1-2-5,7.5,4-6,1,0.905,0.905,2,1,1,0.905,0.574587,short,long-weak-7.5db
meshecho-no-confidence,11,751.0,24,24,0,1.0,1.0,0.0,2.011552,1.2712,2.011552,0.740352,1.480704,24,24,0,153,72,81,72,37.757952,37.757952,0.050277,14.952149,7.700357,22.652506,0.943854,1.573248,1.2712,306,0,306,1.0,0,0.0,0,0,6,3,23,1,0,0,0.878377,0.529412,0,0,0.0,0,24,0,0,0-1-2-5,0-1-2-5,7.5,4-6,1,0.905,0.905,2,1,1,0.905,0.574587,short,long-weak-7.5db
meshecho-confidence,12,751.0,24,24,0,1.0,1.0,0.0,2.011552,1.2712,2.011552,0.740352,1.480704,24,24,0,153,72,81,72,37.757952,37.757952,0.050277,14.952149,7.700357,22.652506,0.943854,1.573248,1.2712,306,0,306,1.0,0,0.0,0,0,6,3,23,1,0,0,0.878377,0.529412,0,0,0.0,0,24,0,0,0-1-2-5,0-1-2-5,7.5,4-6,1,0.905,0.905,2,1,1,0.905,0.574587,short,long-weak-7.5db
meshecho-no-confidence,12,751.0,24,24,0,1.0,1.0,0.0,2.011552,1.2712,2.011552,0.740352,1.480704,24,24,0,153,72,81,72,37.757952,37.757952,0.050277,14.952149,7.700357,22.652506,0.943854,1.573248,1.2712,306,0,306,1.0,0,0.0,0,0,6,3,23,1,0,0,0.878377,0.529412,0,0,0.0,0,24,0,0,0-1-2-5,0-1-2-5,7.5,4-6,1,0.905,0.905,2,1,1,0.905,0.574587,short,long-weak-7.5db
meshecho-confidence,13,751.0,24,24,0,1.0,1.0,0.0,2.011552,1.2712,2.011552,0.740352,1.480704,24,24,0,153,72,81,72,37.757952,37.757952,0.050277,14.952149,7.700357,22.652506,0.943854,1.573248,1.2712,306,0,306,1.0,0,0.0,0,0,6,3,23,1,0,0,0.878377,0.529412,0,0,0.0,0,24,0,0,0-1-2-5,0-1-2-5,7.5,4-6,1,0.905,0.905,2,1,1,0.905,0.574587,short,long-weak-7.5db
meshecho-no-confidence,13,751.0,24,24,0,1.0,1.0,0.0,2.011552,1.2712,2.011552,0.740352,1.480704,24,24,0,153,72,81,72,37.757952,37.757952,0.050277,14.952149,7.700357,22.652506,0.943854,1.573248,1.2712,306,0,306,1.0,0,0.0,0,0,6,3,23,1,0,0,0.878377,0.529412,0,0,0.0,0,24,0,0,0-1-2-5,0-1-2-5,7.5,4-6,1,0.905,0.905,2,1,1,0.905,0.574587,short,long-weak-7.5db
meshecho-confidence,14,751.0,24,24,0,1.0,1.0,0.0,2.011552,1.2712,2.011552,0.740352,1.480704,24,24,0,153,72,81,72,37.757952,37.757952,0.050277,14.952149,7.700357,22.652506,0.943854,1.573248,1.2712,306,0,306,1.0,0,0.0,0,0,6,3,23,1,0,0,0.878377,0.529412,0,0,0.0,0,24,0,0,0-1-2-5,0-1-2-5,7.5,4-6,1,0.905,0.905,2,1,1,0.905,0.574587,short,long-weak-7.5db
meshecho-no-confidence,14,751.0,24,24,0,1.0,1.0,0.0,2.011552,1.2712,2.011552,0.740352,1.480704,24,24,0,153,72,81,72,37.757952,37.757952,0.050277,14.952149,7.700357,22.652506,0.943854,1.573248,1.2712,306,0,306,1.0,0,0.0,0,0,6,3,23,1,0,0,0.878377,0.529412,0,0,0.0,0,24,0,0,0-1-2-5,0-1-2-5,7.5,4-6,1,0.905,0.905,2,1,1,0.905,0.574587,short,long-weak-7.5db
meshecho-confidence,15,751.0,24,24,0,1.0,1.0,0.0,2.011552,1.2712,2.011552,0.740352,1.480704,24,24,0,152,72,80,72,37.511168,37.511168,0.049948,14.854423,7.650028,22.50445,0.937685,1.562965,1.2712,303,1,304,0.996711,0,0.0,0,0,5,3,23,1,0,0,0.878377,0.526316,0,0,0.0,0,24,0,0,0-1-2-5,0-1-2-5,7.5,4-6,1,0.905,0.905,1,1,0,0.905,0.0,short,long-weak-7.5db
meshecho-no-confidence,15,751.0,24,24,0,1.0,1.0,0.0,2.011552,1.2712,2.011552,0.740352,1.480704,24,24,0,152,72,80,72,37.511168,37.511168,0.049948,14.854423,7.650028,22.50445,0.937685,1.562965,1.2712,303,1,304,0.996711,0,0.0,0,0,5,3,23,1,0,0,0.878377,0.526316,0,0,0.0,0,24,0,0,0-1-2-5,0-1-2-5,7.5,4-6,1,0.905,0.905,1,1,0,0.905,0.0,short,long-weak-7.5db
meshecho-confidence,16,751.0,24,24,0,1.0,1.0,0.0,2.011552,1.2712,2.011552,0.740352,1.480704,24,24,0,153,72,81,72,37.757952,37.757952,0.050277,14.952149,7.700357,22.652506,0.943854,1.573248,1.2712,306,0,306,1.0,0,0.0,0,0,6,3,23,1,0,0,0.878377,0.529412,0,0,0.0,0,24,0,0,0-1-2-5,0-1-2-5,7.5,4-6,1,0.905,0.905,2,1,1,0.905,0.574587,short,long-weak-7.5db
meshecho-no-confidence,16,751.0,24,24,0,1.0,1.0,0.0,2.011552,1.2712,2.011552,0.740352,1.480704,24,24,0,153,72,81,72,37.757952,37.757952,0.050277,14.952149,7.700357,22.652506,0.943854,1.573248,1.2712,306,0,306,1.0,0,0.0,0,0,6,3,23,1,0,0,0.878377,0.529412,0,0,0.0,0,24,0,0,0-1-2-5,0-1-2-5,7.5,4-6,1,0.905,0.905,2,1,1,0.905,0.574587,short,long-weak-7.5db
meshecho-confidence,17,751.0,24,24,0,1.0,1.0,0.0,2.011552,1.2712,2.011552,0.740352,1.480704,24,24,0,153,72,81,72,37.757952,37.757952,0.050277,14.952149,7.700357,22.652506,0.943854,1.573248,1.2712,306,0,306,1.0,0,0.0,0,0,6,3,23,1,0,0,0.878377,0.529412,0,0,0.0,0,24,0,0,0-1-2-5,0-1-2-5,7.5,4-6,1,0.905,0.905,2,1,1,0.905,0.574587,short,long-weak-7.5db
meshecho-no-confidence,17,751.0,24,24,0,1.0,1.0,0.0,2.011552,1.2712,2.011552,0.740352,1.480704,24,24,0,153,72,81,72,37.757952,37.757952,0.050277,14.952149,7.700357,22.652506,0.943854,1.573248,1.2712,306,0,306,1.0,0,0.0,0,0,6,3,23,1,0,0,0.878377,0.529412,0,0,0.0,0,24,0,0,0-1-2-5,0-1-2-5,7.5,4-6,1,0.905,0.905,2,1,1,0.905,0.574587,short,long-weak-7.5db
meshecho-confidence,18,751.0,24,24,0,1.0,1.0,0.0,2.011552,1.2712,2.011552,0.740352,1.480704,24,24,0,153,72,81,72,37.757952,37.757952,0.050277,14.952149,7.700357,22.652506,0.943854,1.573248,1.2712,306,0,306,1.0,0,0.0,0,0,6,3,23,1,0,0,0.878377,0.529412,0,0,0.0,0,24,0,0,0-1-2-5,0-1-2-5,7.5,4-6,1,0.905,0.905,2,1,1,0.905,0.574587,short,long-weak-7.5db
meshecho-no-confidence,18,751.0,24,24,0,1.0,1.0,0.0,2.011552,1.2712,2.011552,0.740352,1.480704,24,24,0,153,72,81,72,37.757952,37.757952,0.050277,14.952149,7.700357,22.652506,0.943854,1.573248,1.2712,306,0,306,1.0,0,0.0,0,0,6,3,23,1,0,0,0.878377,0.529412,0,0,0.0,0,24,0,0,0-1-2-5,0-1-2-5,7.5,4-6,1,0.905,0.905,2,1,1,0.905,0.574587,short,long-weak-7.5db
meshecho-confidence,19,751.0,24,24,0,1.0,1.0,0.0,2.011552,1.2712,2.011552,0.740352,1.480704,24,24,0,153,72,81,72,37.757952,37.757952,0.050277,14.952149,7.700357,22.652506,0.943854,1.573248,1.2712,306,0,306,1.0,0,0.0,0,0,6,3,23,1,0,0,0.878377,0.529412,0,0,0.0,0,24,0,0,0-1-2-5,0-1-2-5,7.5,4-6,1,0.905,0.905,2,1,1,0.905,0.574587,short,long-weak-7.5db
meshecho-no-confidence,19,751.0,24,24,0,1.0,1.0,0.0,2.011552,1.2712,2.011552,0.740352,1.480704,24,24,0,153,72,81,72,37.757952,37.757952,0.050277,14.952149,7.700357,22.652506,0.943854,1.573248,1.2712,306,0,306,1.0,0,0.0,0,0,6,3,23,1,0,0,0.878377,0.529412,0,0,0.0,0,24,0,0,0-1-2-5,0-1-2-5,7.5,4-6,1,0.905,0.905,2,1,1,0.905,0.574587,short,long-weak-7.5db
meshecho-confidence,20,751.0,24,24,0,1.0,1.0,0.0,2.011552,1.2712,2.011552,0.740352,1.480704,24,24,0,153,72,81,72,37.757952,37.757952,0.050277,14.952149,7.700357,22.652506,0.943854,1.573248,1.2712,306,0,306,1.0,0,0.0,0,0,6,3,23,1,0,0,0.878377,0.529412,0,0,0.0,0,24,0,0,0-1-2-5,0-1-2-5,7.5,4-6,1,0.905,0.905,2,1,1,0.905,0.574587,short,long-weak-7.5db
meshecho-no-confidence,20,751.0,24,24,0,1.0,1.0,0.0,2.011552,1.2712,2.011552,0.740352,1.480704,24,24,0,153,72,81,72,37.757952,37.757952,0.050277,14.952149,7.700357,22.652506,0.943854,1.573248,1.2712,306,0,306,1.0,0,0.0,0,0,6,3,23,1,0,0,0.878377,0.529412,0,0,0.0,0,24,0,0,0-1-2-5,0-1-2-5,7.5,4-6,1,0.905,0.905,2,1,1,0.905,0.574587,short,long-weak-7.5db
meshecho-confidence,21,751.0,24,24,0,1.0,1.0,0.0,2.011552,1.2712,2.011552,0.740352,1.480704,24,24,0,153,72,81,72,37.757952,37.757952,0.050277,14.952149,7.700357,22.652506,0.943854,1.573248,1.2712,306,0,306,1.0,0,0.0,0,0,6,3,23,1,0,0,0.878377,0.529412,0,0,0.0,0,24,0,0,0-1-2-5,0-1-2-5,7.5,4-6,1,0.905,0.905,2,1,1,0.905,0.574587,short,long-weak-7.5db
meshecho-no-confidence,21,751.0,24,24,0,1.0,1.0,0.0,2.011552,1.2712,2.011552,0.740352,1.480704,24,24,0,153,72,81,72,37.757952,37.757952,0.050277,14.952149,7.700357,22.652506,0.943854,1.573248,1.2712,306,0,306,1.0,0,0.0,0,0,6,3,23,1,0,0,0.878377,0.529412,0,0,0.0,0,24,0,0,0-1-2-5,0-1-2-5,7.5,4-6,1,0.905,0.905,2,1,1,0.905,0.574587,short,long-weak-7.5db
meshecho-confidence,22,751.0,24,24,0,1.0,1.0,0.0,2.011552,1.2712,2.011552,0.740352,1.480704,24,24,0,153,72,81,72,37.757952,37.757952,0.050277,14.952149,7.700357,22.652506,0.943854,1.573248,1.2712,305,1,306,0.996732,0,0.0,0,0,6,3,23,1,0,0,0.878377,0.529412,0,0,0.0,0,24,0,0,0-1-2-5,0-1-2-5,7.5,4-6,1,0.905,0.905,2,1,1,0.905,0.574587,short,long-weak-7.5db
meshecho-no-confidence,22,751.0,24,24,0,1.0,1.0,0.0,2.011552,1.2712,2.011552,0.740352,1.480704,24,24,0,153,72,81,72,37.757952,37.757952,0.050277,14.952149,7.700357,22.652506,0.943854,1.573248,1.2712,305,1,306,0.996732,0,0.0,0,0,6,3,23,1,0,0,0.878377,0.529412,0,0,0.0,0,24,0,0,0-1-2-5,0-1-2-5,7.5,4-6,1,0.905,0.905,2,1,1,0.905,0.574587,short,long-weak-7.5db
meshecho-confidence,23,751.0,24,24,0,1.0,1.0,0.0,2.011552,1.2712,2.011552,0.740352,1.480704,24,24,0,153,72,81,72,37.757952,37.757952,0.050277,14.952149,7.700357,22.652506,0.943854,1.573248,1.2712,306,0,306,1.0,0,0.0,0,0,6,3,23,1,0,0,0.878377,0.529412,0,0,0.0,0,24,0,0,0-1-2-5,0-1-2-5,7.5,4-6,1,0.905,0.905,2,1,1,0.905,0.574587,short,long-weak-7.5db
meshecho-no-confidence,23,751.0,24,24,0,1.0,1.0,0.0,2.011552,1.2712,2.011552,0.740352,1.480704,24,24,0,153,72,81,72,37.757952,37.757952,0.050277,14.952149,7.700357,22.652506,0.943854,1.573248,1.2712,306,0,306,1.0,0,0.0,0,0,6,3,23,1,0,0,0.878377,0.529412,0,0,0.0,0,24,0,0,0-1-2-5,0-1-2-5,7.5,4-6,1,0.905,0.905,2,1,1,0.905,0.574587,short,long-weak-7.5db
meshecho-confidence,24,751.0,24,24,0,1.0,1.0,0.0,2.011552,1.2712,2.011552,0.740352,1.480704,24,24,0,153,72,81,72,37.757952,37.757952,0.050277,14.952149,7.700357,22.652506,0.943854,1.573248,1.2712,306,0,306,1.0,0,0.0,0,0,6,3,23,1,0,0,0.878377,0.529412,0,0,0.0,0,24,0,0,0-1-2-5,0-1-2-5,7.5,4-6,1,0.905,0.905,2,1,1,0.905,0.574587,short,long-weak-7.5db
meshecho-no-confidence,24,751.0,24,24,0,1.0,1.0,0.0,2.011552,1.2712,2.011552,0.740352,1.480704,24,24,0,153,72,81,72,37.757952,37.757952,0.050277,14.952149,7.700357,22.652506,0.943854,1.573248,1.2712,306,0,306,1.0,0,0.0,0,0,6,3,23,1,0,0,0.878377,0.529412,0,0,0.0,0,24,0,0,0-1-2-5,0-1-2-5,7.5,4-6,1,0.905,0.905,2,1,1,0.905,0.574587,short,long-weak-7.5db
meshecho-confidence,25,751.0,24,24,0,1.0,1.0,0.0,2.011552,1.2712,2.011552,0.740352,1.480704,24,24,0,153,72,81,72,37.757952,37.757952,0.050277,14.952149,7.700357,22.652506,0.943854,1.573248,1.2712,306,0,306,1.0,0,0.0,0,0,6,3,23,1,0,0,0.878377,0.529412,0,0,0.0,0,24,0,0,0-1-2-5,0-1-2-5,7.5,4-6,1,0.905,0.905,2,1,1,0.905,0.574587,short,long-weak-7.5db
meshecho-no-confidence,25,751.0,24,24,0,1.0,1.0,0.0,2.011552,1.2712,2.011552,0.740352,1.480704,24,24,0,153,72,81,72,37.757952,37.757952,0.050277,14.952149,7.700357,22.652506,0.943854,1.573248,1.2712,306,0,306,1.0,0,0.0,0,0,6,3,23,1,0,0,0.878377,0.529412,0,0,0.0,0,24,0,0,0-1-2-5,0-1-2-5,7.5,4-6,1,0.905,0.905,2,1,1,0.905,0.574587,short,long-weak-7.5db
meshecho-confidence,26,751.0,24,24,0,1.0,1.0,0.0,2.011552,1.2712,2.011552,0.740352,1.480704,24,24,0,153,72,81,72,37.757952,37.757952,0.050277,14.952149,7.700357,22.652506,0.943854,1.573248,1.2712,306,0,306,1.0,0,0.0,0,0,6,3,23,1,0,0,0.878377,0.529412,0,0,0.0,0,24,0,0,0-1-2-5,0-1-2-5,7.5,4-6,1,0.905,0.905,2,1,1,0.905,0.574587,short,long-weak-7.5db
meshecho-no-confidence,26,751.0,24,24,0,1.0,1.0,0.0,2.011552,1.2712,2.011552,0.740352,1.480704,24,24,0,153,72,81,72,37.757952,37.757952,0.050277,14.952149,7.700357,22.652506,0.943854,1.573248,1.2712,306,0,306,1.0,0,0.0,0,0,6,3,23,1,0,0,0.878377,0.529412,0,0,0.0,0,24,0,0,0-1-2-5,0-1-2-5,7.5,4-6,1,0.905,0.905,2,1,1,0.905,0.574587,short,long-weak-7.5db
meshecho-confidence,27,751.0,24,24,0,1.0,1.0,0.0,2.011552,1.2712,2.011552,0.740352,1.480704,24,24,0,153,72,81,72,37.757952,37.757952,0.050277,14.952149,7.700357,22.652506,0.943854,1.573248,1.2712,305,1,306,0.996732,0,0.0,0,0,6,3,23,1,0,0,0.878377,0.529412,0,0,0.0,0,24,0,0,0-1-2-5,0-1-2-5,7.5,4-6,1,0.905,0.905,2,1,1,0.905,0.574587,short,long-weak-7.5db
meshecho-no-confidence,27,751.0,24,24,0,1.0,1.0,0.0,2.011552,1.2712,2.011552,0.740352,1.480704,24,24,0,153,72,81,72,37.757952,37.757952,0.050277,14.952149,7.700357,22.652506,0.943854,1.573248,1.2712,305,1,306,0.996732,0,0.0,0,0,6,3,23,1,0,0,0.878377,0.529412,0,0,0.0,0,24,0,0,0-1-2-5,0-1-2-5,7.5,4-6,1,0.905,0.905,2,1,1,0.905,0.574587,short,long-weak-7.5db
meshecho-confidence,28,751.0,24,24,0,1.0,1.0,0.0,2.011552,1.2712,2.011552,0.740352,1.480704,24,24,0,152,72,80,72,37.511168,37.511168,0.049948,14.854423,7.650028,22.50445,0.937685,1.562965,1.2712,303,1,304,0.996711,0,0.0,0,0,5,3,23,1,0,0,0.878377,0.526316,0,0,0.0,0,24,0,0,0-1-2-5,0-1-2-5,7.5,4-6,1,0.905,0.905,1,1,0,0.905,0.0,short,long-weak-7.5db
meshecho-no-confidence,28,751.0,24,24,0,1.0,1.0,0.0,2.011552,1.2712,2.011552,0.740352,1.480704,24,24,0,152,72,80,72,37.511168,37.511168,0.049948,14.854423,7.650028,22.50445,0.937685,1.562965,1.2712,303,1,304,0.996711,0,0.0,0,0,5,3,23,1,0,0,0.878377,0.526316,0,0,0.0,0,24,0,0,0-1-2-5,0-1-2-5,7.5,4-6,1,0.905,0.905,1,1,0,0.905,0.0,short,long-weak-7.5db
meshecho-confidence,29,751.0,24,24,0,1.0,1.0,0.0,2.011552,1.2712,2.011552,0.740352,1.480704,24,24,0,153,72,81,72,37.757952,37.757952,0.050277,14.952149,7.700357,22.652506,0.943854,1.573248,1.2712,306,0,306,1.0,0,0.0,0,0,6,3,23,1,0,0,0.878377,0.529412,0,0,0.0,0,24,0,0,0-1-2-5,0-1-2-5,7.5,4-6,1,0.905,0.905,2,1,1,0.905,0.574587,short,long-weak-7.5db
meshecho-no-confidence,29,751.0,24,24,0,1.0,1.0,0.0,2.011552,1.2712,2.011552,0.740352,1.480704,24,24,0,153,72,81,72,37.757952,37.757952,0.050277,14.952149,7.700357,22.652506,0.943854,1.573248,1.2712,306,0,306,1.0,0,0.0,0,0,6,3,23,1,0,0,0.878377,0.529412,0,0,0.0,0,24,0,0,0-1-2-5,0-1-2-5,7.5,4-6,1,0.905,0.905,2,1,1,0.905,0.574587,short,long-weak-7.5db
meshecho-confidence,30,751.0,24,24,0,1.0,1.0,0.0,2.011552,1.2712,2.011552,0.740352,1.480704,24,24,0,153,72,81,72,37.757952,37.757952,0.050277,14.952149,7.700357,22.652506,0.943854,1.573248,1.2712,305,1,306,0.996732,0,0.0,0,0,6,3,23,1,0,0,0.878377,0.529412,0,0,0.0,0,24,0,0,0-1-2-5,0-1-2-5,7.5,4-6,1,0.905,0.905,2,1,1,0.905,0.574587,short,long-weak-7.5db
meshecho-no-confidence,30,751.0,24,24,0,1.0,1.0,0.0,2.011552,1.2712,2.011552,0.740352,1.480704,24,24,0,153,72,81,72,37.757952,37.757952,0.050277,14.952149,7.700357,22.652506,0.943854,1.573248,1.2712,305,1,306,0.996732,0,0.0,0,0,6,3,23,1,0,0,0.878377,0.529412,0,0,0.0,0,24,0,0,0-1-2-5,0-1-2-5,7.5,4-6,1,0.905,0.905,2,1,1,0.905,0.574587,short,long-weak-7.5db
meshecho-confidence,31,751.0,24,24,0,1.0,1.0,0.0,2.011552,1.2712,2.011552,0.740352,1.480704,24,24,0,153,72,81,72,37.757952,37.757952,0.050277,14.952149,7.700357,22.652506,0.943854,1.573248,1.2712,306,0,306,1.0,0,0.0,0,0,6,3,23,1,0,0,0.878377,0.529412,0,0,0.0,0,24,0,0,0-1-2-5,0-1-2-5,7.5,4-6,1,0.905,0.905,2,1,1,0.905,0.574587,short,long-weak-7.5db
meshecho-no-confidence,31,751.0,24,24,0,1.0,1.0,0.0,2.011552,1.2712,2.011552,0.740352,1.480704,24,24,0,153,72,81,72,37.757952,37.757952,0.050277,14.952149,7.700357,22.652506,0.943854,1.573248,1.2712,306,0,306,1.0,0,0.0,0,0,6,3,23,1,0,0,0.878377,0.529412,0,0,0.0,0,24,0,0,0-1-2-5,0-1-2-5,7.5,4-6,1,0.905,0.905,2,1,1,0.905,0.574587,short,long-weak-7.5db
meshecho-confidence,32,751.0,24,24,0,1.0,1.0,0.0,2.011552,1.2712,2.011552,0.740352,1.480704,24,24,0,153,72,81,72,37.757952,37.757952,0.050277,14.952149,7.700357,22.652506,0.943854,1.573248,1.2712,305,1,306,0.996732,0,0.0,0,0,6,3,23,1,0,0,0.878377,0.529412,0,0,0.0,0,24,0,0,0-1-2-5,0-1-2-5,7.5,4-6,1,0.905,0.905,2,1,1,0.905,0.574587,short,long-weak-7.5db
meshecho-no-confidence,32,751.0,24,24,0,1.0,1.0,0.0,2.011552,1.2712,2.011552,0.740352,1.480704,24,24,0,153,72,81,72,37.757952,37.757952,0.050277,14.952149,7.700357,22.652506,0.943854,1.573248,1.2712,305,1,306,0.996732,0,0.0,0,0,6,3,23,1,0,0,0.878377,0.529412,0,0,0.0,0,24,0,0,0-1-2-5,0-1-2-5,7.5,4-6,1,0.905,0.905,2,1,1,0.905,0.574587,short,long-weak-7.5db
meshecho-confidence,33,751.0,24,24,0,1.0,1.0,0.0,2.011552,1.2712,2.011552,0.740352,1.480704,24,24,0,153,72,81,72,37.757952,37.757952,0.050277,14.952149,7.700357,22.652506,0.943854,1.573248,1.2712,306,0,306,1.0,0,0.0,0,0,6,3,23,1,0,0,0.878377,0.529412,0,0,0.0,0,24,0,0,0-1-2-5,0-1-2-5,7.5,4-6,1,0.905,0.905,2,1,1,0.905,0.574587,short,long-weak-7.5db
meshecho-no-confidence,33,751.0,24,24,0,1.0,1.0,0.0,2.011552,1.2712,2.011552,0.740352,1.480704,24,24,0,153,72,81,72,37.757952,37.757952,0.050277,14.952149,7.700357,22.652506,0.943854,1.573248,1.2712,306,0,306,1.0,0,0.0,0,0,6,3,23,1,0,0,0.878377,0.529412,0,0,0.0,0,24,0,0,0-1-2-5,0-1-2-5,7.5,4-6,1,0.905,0.905,2,1,1,0.905,0.574587,short,long-weak-7.5db
meshecho-confidence,34,751.0,24,24,0,1.0,1.0,0.0,2.011552,1.2712,2.011552,0.740352,1.480704,24,24,0,153,72,81,72,37.757952,37.757952,0.050277,14.952149,7.700357,22.652506,0.943854,1.573248,1.2712,306,0,306,1.0,0,0.0,0,0,6,3,23,1,0,0,0.878377,0.529412,0,0,0.0,0,24,0,0,0-1-2-5,0-1-2-5,7.5,4-6,1,0.905,0.905,2,1,1,0.905,0.574587,short,long-weak-7.5db
meshecho-no-confidence,34,751.0,24,24,0,1.0,1.0,0.0,2.011552,1.2712,2.011552,0.740352,1.480704,24,24,0,153,72,81,72,37.757952,37.757952,0.050277,14.952149,7.700357,22.652506,0.943854,1.573248,1.2712,306,0,306,1.0,0,0.0,0,0,6,3,23,1,0,0,0.878377,0.529412,0,0,0.0,0,24,0,0,0-1-2-5,0-1-2-5,7.5,4-6,1,0.905,0.905,2,1,1,0.905,0.574587,short,long-weak-7.5db
meshecho-confidence,35,751.0,24,24,0,1.0,1.0,0.0,2.011552,1.2712,2.011552,0.740352,1.480704,24,24,0,152,72,80,72,37.511168,37.511168,0.049948,14.854423,7.650028,22.50445,0.937685,1.562965,1.2712,303,1,304,0.996711,0,0.0,0,0,5,3,23,1,0,0,0.878377,0.526316,0,0,0.0,0,24,0,0,0-1-2-5,0-1-2-5,7.5,4-6,1,0.905,0.905,1,1,0,0.905,0.0,short,long-weak-7.5db
meshecho-no-confidence,35,751.0,24,24,0,1.0,1.0,0.0,2.011552,1.2712,2.011552,0.740352,1.480704,24,24,0,152,72,80,72,37.511168,37.511168,0.049948,14.854423,7.650028,22.50445,0.937685,1.562965,1.2712,303,1,304,0.996711,0,0.0,0,0,5,3,23,1,0,0,0.878377,0.526316,0,0,0.0,0,24,0,0,0-1-2-5,0-1-2-5,7.5,4-6,1,0.905,0.905,1,1,0,0.905,0.0,short,long-weak-7.5db
meshecho-confidence,36,751.0,24,24,0,1.0,1.0,0.0,2.011552,1.2712,2.011552,0.740352,1.480704,24,24,0,153,72,81,72,37.757952,37.757952,0.050277,14.952149,7.700357,22.652506,0.943854,1.573248,1.2712,306,0,306,1.0,0,0.0,0,0,6,3,23,1,0,0,0.878377,0.529412,0,0,0.0,0,24,0,0,0-1-2-5,0-1-2-5,7.5,4-6,1,0.905,0.905,2,1,1,0.905,0.574587,short,long-weak-7.5db
meshecho-no-confidence,36,751.0,24,24,0,1.0,1.0,0.0,2.011552,1.2712,2.011552,0.740352,1.480704,24,24,0,153,72,81,72,37.757952,37.757952,0.050277,14.952149,7.700357,22.652506,0.943854,1.573248,1.2712,306,0,306,1.0,0,0.0,0,0,6,3,23,1,0,0,0.878377,0.529412,0,0,0.0,0,24,0,0,0-1-2-5,0-1-2-5,7.5,4-6,1,0.905,0.905,2,1,1,0.905,0.574587,short,long-weak-7.5db
meshecho-confidence,37,751.0,24,24,0,1.0,1.0,0.0,2.011552,1.2712,2.011552,0.740352,1.480704,24,24,0,153,72,81,72,37.757952,37.757952,0.050277,14.952149,7.700357,22.652506,0.943854,1.573248,1.2712,306,0,306,1.0,0,0.0,0,0,6,3,23,1,0,0,0.878377,0.529412,0,0,0.0,0,24,0,0,0-1-2-5,0-1-2-5,7.5,4-6,1,0.905,0.905,2,1,1,0.905,0.574587,short,long-weak-7.5db
meshecho-no-confidence,37,751.0,24,24,0,1.0,1.0,0.0,2.011552,1.2712,2.011552,0.740352,1.480704,24,24,0,153,72,81,72,37.757952,37.757952,0.050277,14.952149,7.700357,22.652506,0.943854,1.573248,1.2712,306,0,306,1.0,0,0.0,0,0,6,3,23,1,0,0,0.878377,0.529412,0,0,0.0,0,24,0,0,0-1-2-5,0-1-2-5,7.5,4-6,1,0.905,0.905,2,1,1,0.905,0.574587,short,long-weak-7.5db
meshecho-confidence,38,751.0,24,24,0,1.0,1.0,0.0,2.011552,1.2712,2.011552,0.740352,1.480704,24,24,0,153,72,81,72,37.757952,37.757952,0.050277,14.952149,7.700357,22.652506,0.943854,1.573248,1.2712,306,0,306,1.0,0,0.0,0,0,6,3,23,1,0,0,0.878377,0.529412,0,0,0.0,0,24,0,0,0-1-2-5,0-1-2-5,7.5,4-6,1,0.905,0.905,2,1,1,0.905,0.574587,short,long-weak-7.5db
meshecho-no-confidence,38,751.0,24,24,0,1.0,1.0,0.0,2.011552,1.2712,2.011552,0.740352,1.480704,24,24,0,153,72,81,72,37.757952,37.757952,0.050277,14.952149,7.700357,22.652506,0.943854,1.573248,1.2712,306,0,306,1.0,0,0.0,0,0,6,3,23,1,0,0,0.878377,0.529412,0,0,0.0,0,24,0,0,0-1-2-5,0-1-2-5,7.5,4-6,1,0.905,0.905,2,1,1,0.905,0.574587,short,long-weak-7.5db
meshecho-confidence,39,751.0,24,24,0,1.0,1.0,0.0,2.011552,1.2712,2.011552,0.740352,1.480704,24,24,0,152,72,80,72,37.511168,37.511168,0.049948,14.854423,7.650028,22.50445,0.937685,1.562965,1.2712,303,1,304,0.996711,0,0.0,0,0,5,3,23,1,0,0,0.878377,0.526316,0,0,0.0,0,24,0,0,0-1-2-5,0-1-2-5,7.5,4-6,1,0.905,0.905,1,1,0,0.905,0.0,short,long-weak-7.5db
meshecho-no-confidence,39,751.0,24,24,0,1.0,1.0,0.0,2.011552,1.2712,2.011552,0.740352,1.480704,24,24,0,152,72,80,72,37.511168,37.511168,0.049948,14.854423,7.650028,22.50445,0.937685,1.562965,1.2712,303,1,304,0.996711,0,0.0,0,0,5,3,23,1,0,0,0.878377,0.526316,0,0,0.0,0,24,0,0,0-1-2-5,0-1-2-5,7.5,4-6,1,0.905,0.905,1,1,0,0.905,0.0,short,long-weak-7.5db
meshecho-confidence,40,751.0,24,24,0,1.0,1.0,0.0,2.011552,1.2712,2.011552,0.740352,1.480704,24,24,0,153,72,81,72,37.757952,37.757952,0.050277,14.952149,7.700357,22.652506,0.943854,1.573248,1.2712,306,0,306,1.0,0,0.0,0,0,6,3,23,1,0,0,0.878377,0.529412,0,0,0.0,0,24,0,0,0-1-2-5,0-1-2-5,7.5,4-6,1,0.905,0.905,2,1,1,0.905,0.574587,short,long-weak-7.5db
meshecho-no-confidence,40,751.0,24,24,0,1.0,1.0,0.0,2.011552,1.2712,2.011552,0.740352,1.480704,24,24,0,153,72,81,72,37.757952,37.757952,0.050277,14.952149,7.700357,22.652506,0.943854,1.573248,1.2712,306,0,306,1.0,0,0.0,0,0,6,3,23,1,0,0,0.878377,0.529412,0,0,0.0,0,24,0,0,0-1-2-5,0-1-2-5,7.5,4-6,1,0.905,0.905,2,1,1,0.905,0.574587,short,long-weak-7.5db
meshecho-confidence,41,751.0,24,24,0,1.0,1.0,0.0,2.011552,1.2712,2.011552,0.740352,1.480704,24,24,0,153,72,81,72,37.757952,37.757952,0.050277,14.952149,7.700357,22.652506,0.943854,1.573248,1.2712,306,0,306,1.0,0,0.0,0,0,6,3,23,1,0,0,0.878377,0.529412,0,0,0.0,0,24,0,0,0-1-2-5,0-1-2-5,7.5,4-6,1,0.905,0.905,2,1,1,0.905,0.574587,short,long-weak-7.5db
meshecho-no-confidence,41,751.0,24,24,0,1.0,1.0,0.0,2.011552,1.2712,2.011552,0.740352,1.480704,24,24,0,153,72,81,72,37.757952,37.757952,0.050277,14.952149,7.700357,22.652506,0.943854,1.573248,1.2712,306,0,306,1.0,0,0.0,0,0,6,3,23,1,0,0,0.878377,0.529412,0,0,0.0,0,24,0,0,0-1-2-5,0-1-2-5,7.5,4-6,1,0.905,0.905,2,1,1,0.905,0.574587,short,long-weak-7.5db
meshecho-confidence,42,751.0,24,24,0,1.0,1.0,0.0,2.011552,1.2712,2.011552,0.740352,1.480704,24,24,0,153,72,81,72,37.757952,37.757952,0.050277,14.952149,7.700357,22.652506,0.943854,1.573248,1.2712,306,0,306,1.0,0,0.0,0,0,6,3,23,1,0,0,0.878377,0.529412,0,0,0.0,0,24,0,0,0-1-2-5,0-1-2-5,7.5,4-6,1,0.905,0.905,2,1,1,0.905,0.574587,short,long-weak-7.5db
meshecho-no-confidence,42,751.0,24,24,0,1.0,1.0,0.0,2.011552,1.2712,2.011552,0.740352,1.480704,24,24,0,153,72,81,72,37.757952,37.757952,0.050277,14.952149,7.700357,22.652506,0.943854,1.573248,1.2712,306,0,306,1.0,0,0.0,0,0,6,3,23,1,0,0,0.878377,0.529412,0,0,0.0,0,24,0,0,0-1-2-5,0-1-2-5,7.5,4-6,1,0.905,0.905,2,1,1,0.905,0.574587,short,long-weak-7.5db
meshecho-confidence,43,751.0,24,24,0,1.0,1.0,0.0,2.011552,1.2712,2.011552,0.740352,1.480704,24,24,0,153,72,81,72,37.757952,37.757952,0.050277,14.952149,7.700357,22.652506,0.943854,1.573248,1.2712,306,0,306,1.0,0,0.0,0,0,6,3,23,1,0,0,0.878377,0.529412,0,0,0.0,0,24,0,0,0-1-2-5,0-1-2-5,7.5,4-6,1,0.905,0.905,2,1,1,0.905,0.574587,short,long-weak-7.5db
meshecho-no-confidence,43,751.0,24,24,0,1.0,1.0,0.0,2.011552,1.2712,2.011552,0.740352,1.480704,24,24,0,153,72,81,72,37.757952,37.757952,0.050277,14.952149,7.700357,22.652506,0.943854,1.573248,1.2712,306,0,306,1.0,0,0.0,0,0,6,3,23,1,0,0,0.878377,0.529412,0,0,0.0,0,24,0,0,0-1-2-5,0-1-2-5,7.5,4-6,1,0.905,0.905,2,1,1,0.905,0.574587,short,long-weak-7.5db
meshecho-confidence,44,751.0,24,24,0,1.0,1.0,0.0,2.011552,1.2712,2.011552,0.740352,1.480704,24,24,0,153,72,81,72,37.757952,37.757952,0.050277,14.952149,7.700357,22.652506,0.943854,1.573248,1.2712,305,1,306,0.996732,0,0.0,0,0,6,3,23,1,0,0,0.878377,0.529412,0,0,0.0,0,24,0,0,0-1-2-5,0-1-2-5,7.5,4-6,1,0.905,0.905,2,1,1,0.905,0.574587,short,long-weak-7.5db
meshecho-no-confidence,44,751.0,24,24,0,1.0,1.0,0.0,2.011552,1.2712,2.011552,0.740352,1.480704,24,24,0,153,72,81,72,37.757952,37.757952,0.050277,14.952149,7.700357,22.652506,0.943854,1.573248,1.2712,305,1,306,0.996732,0,0.0,0,0,6,3,23,1,0,0,0.878377,0.529412,0,0,0.0,0,24,0,0,0-1-2-5,0-1-2-5,7.5,4-6,1,0.905,0.905,2,1,1,0.905,0.574587,short,long-weak-7.5db
meshecho-confidence,45,751.0,24,24,0,1.0,1.0,0.0,2.011552,1.2712,2.011552,0.740352,1.480704,24,24,0,153,72,81,72,37.757952,37.757952,0.050277,14.952149,7.700357,22.652506,0.943854,1.573248,1.2712,306,0,306,1.0,0,0.0,0,0,6,3,23,1,0,0,0.878377,0.529412,0,0,0.0,0,24,0,0,0-1-2-5,0-1-2-5,7.5,4-6,1,0.905,0.905,2,1,1,0.905,0.574587,short,long-weak-7.5db
meshecho-no-confidence,45,751.0,24,24,0,1.0,1.0,0.0,2.011552,1.2712,2.011552,0.740352,1.480704,24,24,0,153,72,81,72,37.757952,37.757952,0.050277,14.952149,7.700357,22.652506,0.943854,1.573248,1.2712,306,0,306,1.0,0,0.0,0,0,6,3,23,1,0,0,0.878377,0.529412,0,0,0.0,0,24,0,0,0-1-2-5,0-1-2-5,7.5,4-6,1,0.905,0.905,2,1,1,0.905,0.574587,short,long-weak-7.5db
meshecho-confidence,46,751.0,24,24,0,1.0,1.0,0.0,2.011552,1.2712,2.011552,0.740352,1.480704,24,24,0,153,72,81,72,37.757952,37.757952,0.050277,14.952149,7.700357,22.652506,0.943854,1.573248,1.2712,306,0,306,1.0,0,0.0,0,0,6,3,23,1,0,0,0.878377,0.529412,0,0,0.0,0,24,0,0,0-1-2-5,0-1-2-5,7.5,4-6,1,0.905,0.905,2,1,1,0.905,0.574587,short,long-weak-7.5db
meshecho-no-confidence,46,751.0,24,24,0,1.0,1.0,0.0,2.011552,1.2712,2.011552,0.740352,1.480704,24,24,0,153,72,81,72,37.757952,37.757952,0.050277,14.952149,7.700357,22.652506,0.943854,1.573248,1.2712,306,0,306,1.0,0,0.0,0,0,6,3,23,1,0,0,0.878377,0.529412,0,0,0.0,0,24,0,0,0-1-2-5,0-1-2-5,7.5,4-6,1,0.905,0.905,2,1,1,0.905,0.574587,short,long-weak-7.5db
meshecho-confidence,47,751.0,24,24,0,1.0,1.0,0.0,2.011552,1.2712,2.011552,0.740352,1.480704,24,24,0,153,72,81,72,37.757952,37.757952,0.050277,14.952149,7.700357,22.652506,0.943854,1.573248,1.2712,306,0,306,1.0,0,0.0,0,0,6,3,23,1,0,0,0.878377,0.529412,0,0,0.0,0,24,0,0,0-1-2-5,0-1-2-5,7.5,4-6,1,0.905,0.905,2,1,1,0.905,0.574587,short,long-weak-7.5db
meshecho-no-confidence,47,751.0,24,24,0,1.0,1.0,0.0,2.011552,1.2712,2.011552,0.740352,1.480704,24,24,0,153,72,81,72,37.757952,37.757952,0.050277,14.952149,7.700357,22.652506,0.943854,1.573248,1.2712,306,0,306,1.0,0,0.0,0,0,6,3,23,1,0,0,0.878377,0.529412,0,0,0.0,0,24,0,0,0-1-2-5,0-1-2-5,7.5,4-6,1,0.905,0.905,2,1,1,0.905,0.574587,short,long-weak-7.5db
meshecho-confidence,48,751.0,24,24,0,1.0,1.0,0.0,2.011552,1.2712,2.011552,0.740352,1.480704,24,24,0,152,72,80,72,37.511168,37.511168,0.049948,14.854423,7.650028,22.50445,0.937685,1.562965,1.2712,303,1,304,0.996711,0,0.0,0,0,5,3,23,1,0,0,0.878377,0.526316,0,0,0.0,0,24,0,0,0-1-2-5,0-1-2-5,7.5,4-6,1,0.905,0.905,1,1,0,0.905,0.0,short,long-weak-7.5db
meshecho-no-confidence,48,751.0,24,24,0,1.0,1.0,0.0,2.011552,1.2712,2.011552,0.740352,1.480704,24,24,0,152,72,80,72,37.511168,37.511168,0.049948,14.854423,7.650028,22.50445,0.937685,1.562965,1.2712,303,1,304,0.996711,0,0.0,0,0,5,3,23,1,0,0,0.878377,0.526316,0,0,0.0,0,24,0,0,0-1-2-5,0-1-2-5,7.5,4-6,1,0.905,0.905,1,1,0,0.905,0.0,short,long-weak-7.5db
meshecho-confidence,49,751.0,24,24,0,1.0,1.0,0.0,2.011552,1.2712,2.011552,0.740352,1.480704,24,24,0,153,72,81,72,37.757952,37.757952,0.050277,14.952149,7.700357,22.652506,0.943854,1.573248,1.2712,306,0,306,1.0,0,0.0,0,0,6,3,23,1,0,0,0.878377,0.529412,0,0,0.0,0,24,0,0,0-1-2-5,0-1-2-5,7.5,4-6,1,0.905,0.905,2,1,1,0.905,0.574587,short,long-weak-7.5db
meshecho-no-confidence,49,751.0,24,24,0,1.0,1.0,0.0,2.011552,1.2712,2.011552,0.740352,1.480704,24,24,0,153,72,81,72,37.757952,37.757952,0.050277,14.952149,7.700357,22.652506,0.943854,1.573248,1.2712,306,0,306,1.0,0,0.0,0,0,6,3,23,1,0,0,0.878377,0.529412,0,0,0.0,0,24,0,0,0-1-2-5,0-1-2-5,7.5,4-6,1,0.905,0.905,2,1,1,0.905,0.574587,short,long-weak-7.5db
meshecho-confidence,50,751.0,24,24,0,1.0,1.0,0.0,2.011552,1.2712,2.011552,0.740352,1.480704,24,24,0,153,72,81,72,37.757952,37.757952,0.050277,14.952149,7.700357,22.652506,0.943854,1.573248,1.2712,306,0,306,1.0,0,0.0,0,0,6,3,23,1,0,0,0.878377,0.529412,0,0,0.0,0,24,0,0,0-1-2-5,0-1-2-5,7.5,4-6,1,0.905,0.905,2,1,1,0.905,0.574587,short,long-weak-7.5db
meshecho-no-confidence,50,751.0,24,24,0,1.0,1.0,0.0,2.011552,1.2712,2.011552,0.740352,1.480704,24,24,0,153,72,81,72,37.757952,37.757952,0.050277,14.952149,7.700357,22.652506,0.943854,1.573248,1.2712,306,0,306,1.0,0,0.0,0,0,6,3,23,1,0,0,0.878377,0.529412,0,0,0.0,0,24,0,0,0-1-2-5,0-1-2-5,7.5,4-6,1,0.905,0.905,2,1,1,0.905,0.574587,short,long-weak-7.5db
meshecho-confidence,51,751.0,24,24,0,1.0,1.0,0.0,2.011552,1.2712,2.011552,0.740352,1.480704,24,24,0,153,72,81,72,37.757952,37.757952,0.050277,14.952149,7.700357,22.652506,0.943854,1.573248,1.2712,306,0,306,1.0,0,0.0,0,0,6,3,23,1,0,0,0.878377,0.529412,0,0,0.0,0,24,0,0,0-1-2-5,0-1-2-5,7.5,4-6,1,0.905,0.905,2,1,1,0.905,0.574587,short,long-weak-7.5db
meshecho-no-confidence,51,751.0,24,24,0,1.0,1.0,0.0,2.011552,1.2712,2.011552,0.740352,1.480704,24,24,0,153,72,81,72,37.757952,37.757952,0.050277,14.952149,7.700357,22.652506,0.943854,1.573248,1.2712,306,0,306,1.0,0,0.0,0,0,6,3,23,1,0,0,0.878377,0.529412,0,0,0.0,0,24,0,0,0-1-2-5,0-1-2-5,7.5,4-6,1,0.905,0.905,2,1,1,0.905,0.574587,short,long-weak-7.5db
meshecho-confidence,52,751.0,24,24,0,1.0,1.0,0.0,2.011552,1.2712,2.011552,0.740352,1.480704,24,24,0,153,72,81,72,37.757952,37.757952,0.050277,14.952149,7.700357,22.652506,0.943854,1.573248,1.2712,306,0,306,1.0,0,0.0,0,0,6,3,23,1,0,0,0.878377,0.529412,0,0,0.0,0,24,0,0,0-1-2-5,0-1-2-5,7.5,4-6,1,0.905,0.905,2,1,1,0.905,0.574587,short,long-weak-7.5db
meshecho-no-confidence,52,751.0,24,24,0,1.0,1.0,0.0,2.011552,1.2712,2.011552,0.740352,1.480704,24,24,0,153,72,81,72,37.757952,37.757952,0.050277,14.952149,7.700357,22.652506,0.943854,1.573248,1.2712,306,0,306,1.0,0,0.0,0,0,6,3,23,1,0,0,0.878377,0.529412,0,0,0.0,0,24,0,0,0-1-2-5,0-1-2-5,7.5,4-6,1,0.905,0.905,2,1,1,0.905,0.574587,short,long-weak-7.5db
meshecho-confidence,53,751.0,24,24,0,1.0,1.0,0.0,2.011552,1.2712,2.011552,0.740352,1.480704,24,24,0,153,72,81,72,37.757952,37.757952,0.050277,14.952149,7.700357,22.652506,0.943854,1.573248,1.2712,306,0,306,1.0,0,0.0,0,0,6,3,23,1,0,0,0.878377,0.529412,0,0,0.0,0,24,0,0,0-1-2-5,0-1-2-5,7.5,4-6,1,0.905,0.905,2,1,1,0.905,0.574587,short,long-weak-7.5db
meshecho-no-confidence,53,751.0,24,24,0,1.0,1.0,0.0,2.011552,1.2712,2.011552,0.740352,1.480704,24,24,0,153,72,81,72,37.757952,37.757952,0.050277,14.952149,7.700357,22.652506,0.943854,1.573248,1.2712,306,0,306,1.0,0,0.0,0,0,6,3,23,1,0,0,0.878377,0.529412,0,0,0.0,0,24,0,0,0-1-2-5,0-1-2-5,7.5,4-6,1,0.905,0.905,2,1,1,0.905,0.574587,short,long-weak-7.5db
meshecho-confidence,54,751.0,24,24,0,1.0,1.0,0.0,2.011552,1.2712,2.011552,0.740352,1.480704,24,24,0,152,72,80,72,37.511168,37.511168,0.049948,14.854423,7.650028,22.50445,0.937685,1.562965,1.2712,303,1,304,0.996711,0,0.0,0,0,5,3,23,1,0,0,0.878377,0.526316,0,0,0.0,0,24,0,0,0-1-2-5,0-1-2-5,7.5,4-6,1,0.905,0.905,1,1,0,0.905,0.0,short,long-weak-7.5db
meshecho-no-confidence,54,751.0,24,24,0,1.0,1.0,0.0,2.011552,1.2712,2.011552,0.740352,1.480704,24,24,0,152,72,80,72,37.511168,37.511168,0.049948,14.854423,7.650028,22.50445,0.937685,1.562965,1.2712,303,1,304,0.996711,0,0.0,0,0,5,3,23,1,0,0,0.878377,0.526316,0,0,0.0,0,24,0,0,0-1-2-5,0-1-2-5,7.5,4-6,1,0.905,0.905,1,1,0,0.905,0.0,short,long-weak-7.5db
meshecho-confidence,55,751.0,24,24,0,1.0,1.0,0.0,2.011552,1.2712,2.011552,0.740352,1.480704,24,24,0,152,72,80,72,37.511168,37.511168,0.049948,14.854423,7.650028,22.50445,0.937685,1.562965,1.2712,303,1,304,0.996711,0,0.0,0,0,5,3,23,1,0,0,0.878377,0.526316,0,0,0.0,0,24,0,0,0-1-2-5,0-1-2-5,7.5,4-6,1,0.905,0.905,1,1,0,0.905,0.0,short,long-weak-7.5db
meshecho-no-confidence,55,751.0,24,24,0,1.0,1.0,0.0,2.011552,1.2712,2.011552,0.740352,1.480704,24,24,0,152,72,80,72,37.511168,37.511168,0.049948,14.854423,7.650028,22.50445,0.937685,1.562965,1.2712,303,1,304,0.996711,0,0.0,0,0,5,3,23,1,0,0,0.878377,0.526316,0,0,0.0,0,24,0,0,0-1-2-5,0-1-2-5,7.5,4-6,1,0.905,0.905,1,1,0,0.905,0.0,short,long-weak-7.5db
meshecho-confidence,56,751.0,24,24,0,1.0,1.0,0.0,2.011552,1.2712,2.011552,0.740352,1.480704,24,24,0,153,72,81,72,37.757952,37.757952,0.050277,14.952149,7.700357,22.652506,0.943854,1.573248,1.2712,306,0,306,1.0,0,0.0,0,0,6,3,23,1,0,0,0.878377,0.529412,0,0,0.0,0,24,0,0,0-1-2-5,0-1-2-5,7.5,4-6,1,0.905,0.905,2,1,1,0.905,0.574587,short,long-weak-7.5db
meshecho-no-confidence,56,751.0,24,24,0,1.0,1.0,0.0,2.011552,1.2712,2.011552,0.740352,1.480704,24,24,0,153,72,81,72,37.757952,37.757952,0.050277,14.952149,7.700357,22.652506,0.943854,1.573248,1.2712,306,0,306,1.0,0,0.0,0,0,6,3,23,1,0,0,0.878377,0.529412,0,0,0.0,0,24,0,0,0-1-2-5,0-1-2-5,7.5,4-6,1,0.905,0.905,2,1,1,0.905,0.574587,short,long-weak-7.5db
meshecho-confidence,57,751.0,24,24,0,1.0,1.0,0.0,2.011552,1.2712,2.011552,0.740352,1.480704,24,24,0,153,72,81,72,37.757952,37.757952,0.050277,14.952149,7.700357,22.652506,0.943854,1.573248,1.2712,306,0,306,1.0,0,0.0,0,0,6,3,23,1,0,0,0.878377,0.529412,0,0,0.0,0,24,0,0,0-1-2-5,0-1-2-5,7.5,4-6,1,0.905,0.905,2,1,1,0.905,0.574587,short,long-weak-7.5db
meshecho-no-confidence,57,751.0,24,24,0,1.0,1.0,0.0,2.011552,1.2712,2.011552,0.740352,1.480704,24,24,0,153,72,81,72,37.757952,37.757952,0.050277,14.952149,7.700357,22.652506,0.943854,1.573248,1.2712,306,0,306,1.0,0,0.0,0,0,6,3,23,1,0,0,0.878377,0.529412,0,0,0.0,0,24,0,0,0-1-2-5,0-1-2-5,7.5,4-6,1,0.905,0.905,2,1,1,0.905,0.574587,short,long-weak-7.5db
meshecho-confidence,58,751.0,24,24,0,1.0,1.0,0.0,2.011552,1.2712,2.011552,0.740352,1.480704,24,24,0,152,72,80,72,37.511168,37.511168,0.049948,14.854423,7.650028,22.50445,0.937685,1.562965,1.2712,303,1,304,0.996711,0,0.0,0,0,5,3,23,1,0,0,0.878377,0.526316,0,0,0.0,0,24,0,0,0-1-2-5,0-1-2-5,7.5,4-6,1,0.905,0.905,1,1,0,0.905,0.0,short,long-weak-7.5db
meshecho-no-confidence,58,751.0,24,24,0,1.0,1.0,0.0,2.011552,1.2712,2.011552,0.740352,1.480704,24,24,0,152,72,80,72,37.511168,37.511168,0.049948,14.854423,7.650028,22.50445,0.937685,1.562965,1.2712,303,1,304,0.996711,0,0.0,0,0,5,3,23,1,0,0,0.878377,0.526316,0,0,0.0,0,24,0,0,0-1-2-5,0-1-2-5,7.5,4-6,1,0.905,0.905,1,1,0,0.905,0.0,short,long-weak-7.5db
meshecho-confidence,59,751.0,24,24,0,1.0,1.0,0.0,2.011552,1.2712,2.011552,0.740352,1.480704,24,24,0,153,72,81,72,37.757952,37.757952,0.050277,14.952149,7.700357,22.652506,0.943854,1.573248,1.2712,305,1,306,0.996732,0,0.0,0,0,6,3,23,1,0,0,0.878377,0.529412,0,0,0.0,0,24,0,0,0-1-2-5,0-1-2-5,7.5,4-6,1,0.905,0.905,2,1,1,0.905,0.574587,short,long-weak-7.5db
meshecho-no-confidence,59,751.0,24,24,0,1.0,1.0,0.0,2.011552,1.2712,2.011552,0.740352,1.480704,24,24,0,153,72,81,72,37.757952,37.757952,0.050277,14.952149,7.700357,22.652506,0.943854,1.573248,1.2712,305,1,306,0.996732,0,0.0,0,0,6,3,23,1,0,0,0.878377,0.529412,0,0,0.0,0,24,0,0,0-1-2-5,0-1-2-5,7.5,4-6,1,0.905,0.905,2,1,1,0.905,0.574587,short,long-weak-7.5db
meshecho-confidence,60,751.0,24,24,0,1.0,1.0,0.0,2.011552,1.2712,2.011552,0.740352,1.480704,24,24,0,153,72,81,72,37.757952,37.757952,0.050277,14.952149,7.700357,22.652506,0.943854,1.573248,1.2712,306,0,306,1.0,0,0.0,0,0,6,3,23,1,0,0,0.878377,0.529412,0,0,0.0,0,24,0,0,0-1-2-5,0-1-2-5,7.5,4-6,1,0.905,0.905,2,1,1,0.905,0.574587,short,long-weak-7.5db
meshecho-no-confidence,60,751.0,24,24,0,1.0,1.0,0.0,2.011552,1.2712,2.011552,0.740352,1.480704,24,24,0,153,72,81,72,37.757952,37.757952,0.050277,14.952149,7.700357,22.652506,0.943854,1.573248,1.2712,306,0,306,1.0,0,0.0,0,0,6,3,23,1,0,0,0.878377,0.529412,0,0,0.0,0,24,0,0,0-1-2-5,0-1-2-5,7.5,4-6,1,0.905,0.905,2,1,1,0.905,0.574587,short,long-weak-7.5db
meshecho-confidence,61,751.0,24,24,0,1.0,1.0,0.0,2.011552,1.2712,2.011552,0.740352,1.480704,24,24,0,153,72,81,72,37.757952,37.757952,0.050277,14.952149,7.700357,22.652506,0.943854,1.573248,1.2712,306,0,306,1.0,0,0.0,0,0,6,3,23,1,0,0,0.878377,0.529412,0,0,0.0,0,24,0,0,0-1-2-5,0-1-2-5,7.5,4-6,1,0.905,0.905,2,1,1,0.905,0.574587,short,long-weak-7.5db
meshecho-no-confidence,61,751.0,24,24,0,1.0,1.0,0.0,2.011552,1.2712,2.011552,0.740352,1.480704,24,24,0,153,72,81,72,37.757952,37.757952,0.050277,14.952149,7.700357,22.652506,0.943854,1.573248,1.2712,306,0,306,1.0,0,0.0,0,0,6,3,23,1,0,0,0.878377,0.529412,0,0,0.0,0,24,0,0,0-1-2-5,0-1-2-5,7.5,4-6,1,0.905,0.905,2,1,1,0.905,0.574587,short,long-weak-7.5db
meshecho-confidence,62,751.0,24,24,0,1.0,1.0,0.0,2.011552,1.2712,2.011552,0.740352,1.480704,24,24,0,152,72,80,72,37.511168,37.511168,0.049948,14.854423,7.650028,22.50445,0.937685,1.562965,1.2712,303,1,304,0.996711,0,0.0,0,0,5,3,23,1,0,0,0.878377,0.526316,0,0,0.0,0,24,0,0,0-1-2-5,0-1-2-5,7.5,4-6,1,0.905,0.905,1,1,0,0.905,0.0,short,long-weak-7.5db
meshecho-no-confidence,62,751.0,24,24,0,1.0,1.0,0.0,2.011552,1.2712,2.011552,0.740352,1.480704,24,24,0,152,72,80,72,37.511168,37.511168,0.049948,14.854423,7.650028,22.50445,0.937685,1.562965,1.2712,303,1,304,0.996711,0,0.0,0,0,5,3,23,1,0,0,0.878377,0.526316,0,0,0.0,0,24,0,0,0-1-2-5,0-1-2-5,7.5,4-6,1,0.905,0.905,1,1,0,0.905,0.0,short,long-weak-7.5db
meshecho-confidence,63,751.0,24,24,0,1.0,1.0,0.0,2.011552,1.2712,2.011552,0.740352,1.480704,24,24,0,153,72,81,72,37.757952,37.757952,0.050277,14.952149,7.700357,22.652506,0.943854,1.573248,1.2712,305,1,306,0.996732,0,0.0,0,0,6,3,23,1,0,0,0.878377,0.529412,0,0,0.0,0,24,0,0,0-1-2-5,0-1-2-5,7.5,4-6,1,0.905,0.905,2,1,1,0.905,0.574587,short,long-weak-7.5db
meshecho-no-confidence,63,751.0,24,24,0,1.0,1.0,0.0,2.011552,1.2712,2.011552,0.740352,1.480704,24,24,0,153,72,81,72,37.757952,37.757952,0.050277,14.952149,7.700357,22.652506,0.943854,1.573248,1.2712,305,1,306,0.996732,0,0.0,0,0,6,3,23,1,0,0,0.878377,0.529412,0,0,0.0,0,24,0,0,0-1-2-5,0-1-2-5,7.5,4-6,1,0.905,0.905,2,1,1,0.905,0.574587,short,long-weak-7.5db
meshecho-confidence,64,751.0,24,24,0,1.0,1.0,0.0,2.011552,1.2712,2.011552,0.740352,1.480704,24,24,0,153,72,81,72,37.757952,37.757952,0.050277,14.952149,7.700357,22.652506,0.943854,1.573248,1.2712,305,1,306,0.996732,0,0.0,0,0,6,3,23,1,0,0,0.878377,0.529412,0,0,0.0,0,24,0,0,0-1-2-5,0-1-2-5,7.5,4-6,1,0.905,0.905,2,1,1,0.905,0.574587,short,long-weak-7.5db
meshecho-no-confidence,64,751.0,24,24,0,1.0,1.0,0.0,2.011552,1.2712,2.011552,0.740352,1.480704,24,24,0,153,72,81,72,37.757952,37.757952,0.050277,14.952149,7.700357,22.652506,0.943854,1.573248,1.2712,305,1,306,0.996732,0,0.0,0,0,6,3,23,1,0,0,0.878377,0.529412,0,0,0.0,0,24,0,0,0-1-2-5,0-1-2-5,7.5,4-6,1,0.905,0.905,2,1,1,0.905,0.574587,short,long-weak-7.5db
meshecho-confidence,65,751.0,24,24,0,1.0,1.0,0.0,2.011552,1.2712,2.011552,0.740352,1.480704,24,24,0,153,72,81,72,37.757952,37.757952,0.050277,14.952149,7.700357,22.652506,0.943854,1.573248,1.2712,306,0,306,1.0,0,0.0,0,0,6,3,23,1,0,0,0.878377,0.529412,0,0,0.0,0,24,0,0,0-1-2-5,0-1-2-5,7.5,4-6,1,0.905,0.905,2,1,1,0.905,0.574587,short,long-weak-7.5db
meshecho-no-confidence,65,751.0,24,24,0,1.0,1.0,0.0,2.011552,1.2712,2.011552,0.740352,1.480704,24,24,0,153,72,81,72,37.757952,37.757952,0.050277,14.952149,7.700357,22.652506,0.943854,1.573248,1.2712,306,0,306,1.0,0,0.0,0,0,6,3,23,1,0,0,0.878377,0.529412,0,0,0.0,0,24,0,0,0-1-2-5,0-1-2-5,7.5,4-6,1,0.905,0.905,2,1,1,0.905,0.574587,short,long-weak-7.5db
meshecho-confidence,66,751.0,24,24,0,1.0,1.0,0.0,2.011552,1.2712,2.011552,0.740352,1.480704,24,24,0,153,72,81,72,37.757952,37.757952,0.050277,14.952149,7.700357,22.652506,0.943854,1.573248,1.2712,306,0,306,1.0,0,0.0,0,0,6,3,23,1,0,0,0.878377,0.529412,0,0,0.0,0,24,0,0,0-1-2-5,0-1-2-5,7.5,4-6,1,0.905,0.905,2,1,1,0.905,0.574587,short,long-weak-7.5db
meshecho-no-confidence,66,751.0,24,24,0,1.0,1.0,0.0,2.011552,1.2712,2.011552,0.740352,1.480704,24,24,0,153,72,81,72,37.757952,37.757952,0.050277,14.952149,7.700357,22.652506,0.943854,1.573248,1.2712,306,0,306,1.0,0,0.0,0,0,6,3,23,1,0,0,0.878377,0.529412,0,0,0.0,0,24,0,0,0-1-2-5,0-1-2-5,7.5,4-6,1,0.905,0.905,2,1,1,0.905,0.574587,short,long-weak-7.5db
meshecho-confidence,67,751.0,24,24,0,1.0,1.0,0.0,2.011552,1.2712,2.011552,0.740352,1.480704,24,24,0,153,72,81,72,37.757952,37.757952,0.050277,14.952149,7.700357,22.652506,0.943854,1.573248,1.2712,306,0,306,1.0,0,0.0,0,0,6,3,23,1,0,0,0.878377,0.529412,0,0,0.0,0,24,0,0,0-1-2-5,0-1-2-5,7.5,4-6,1,0.905,0.905,2,1,1,0.905,0.574587,short,long-weak-7.5db
meshecho-no-confidence,67,751.0,24,24,0,1.0,1.0,0.0,2.011552,1.2712,2.011552,0.740352,1.480704,24,24,0,153,72,81,72,37.757952,37.757952,0.050277,14.952149,7.700357,22.652506,0.943854,1.573248,1.2712,306,0,306,1.0,0,0.0,0,0,6,3,23,1,0,0,0.878377,0.529412,0,0,0.0,0,24,0,0,0-1-2-5,0-1-2-5,7.5,4-6,1,0.905,0.905,2,1,1,0.905,0.574587,short,long-weak-7.5db
meshecho-confidence,68,751.0,24,24,0,1.0,1.0,0.0,2.011552,1.2712,2.011552,0.740352,1.480704,24,24,0,153,72,81,72,37.757952,37.757952,0.050277,14.952149,7.700357,22.652506,0.943854,1.573248,1.2712,305,1,306,0.996732,0,0.0,0,0,6,3,23,1,0,0,0.878377,0.529412,0,0,0.0,0,24,0,0,0-1-2-5,0-1-2-5,7.5,4-6,1,0.905,0.905,2,1,1,0.905,0.574587,short,long-weak-7.5db
meshecho-no-confidence,68,751.0,24,24,0,1.0,1.0,0.0,2.011552,1.2712,2.011552,0.740352,1.480704,24,24,0,153,72,81,72,37.757952,37.757952,0.050277,14.952149,7.700357,22.652506,0.943854,1.573248,1.2712,305,1,306,0.996732,0,0.0,0,0,6,3,23,1,0,0,0.878377,0.529412,0,0,0.0,0,24,0,0,0-1-2-5,0-1-2-5,7.5,4-6,1,0.905,0.905,2,1,1,0.905,0.574587,short,long-weak-7.5db
meshecho-confidence,69,751.0,24,24,0,1.0,1.0,0.0,2.011552,1.2712,2.011552,0.740352,1.480704,24,24,0,152,72,80,72,37.511168,37.511168,0.049948,14.854423,7.650028,22.50445,0.937685,1.562965,1.2712,303,1,304,0.996711,0,0.0,0,0,5,3,23,1,0,0,0.878377,0.526316,0,0,0.0,0,24,0,0,0-1-2-5,0-1-2-5,7.5,4-6,1,0.905,0.905,1,1,0,0.905,0.0,short,long-weak-7.5db
meshecho-no-confidence,69,751.0,24,24,0,1.0,1.0,0.0,2.011552,1.2712,2.011552,0.740352,1.480704,24,24,0,152,72,80,72,37.511168,37.511168,0.049948,14.854423,7.650028,22.50445,0.937685,1.562965,1.2712,303,1,304,0.996711,0,0.0,0,0,5,3,23,1,0,0,0.878377,0.526316,0,0,0.0,0,24,0,0,0-1-2-5,0-1-2-5,7.5,4-6,1,0.905,0.905,1,1,0,0.905,0.0,short,long-weak-7.5db
meshecho-confidence,70,751.0,24,24,0,1.0,1.0,0.0,2.011552,1.2712,2.011552,0.740352,1.480704,24,24,0,153,72,81,72,37.757952,37.757952,0.050277,14.952149,7.700357,22.652506,0.943854,1.573248,1.2712,306,0,306,1.0,0,0.0,0,0,6,3,23,1,0,0,0.878377,0.529412,0,0,0.0,0,24,0,0,0-1-2-5,0-1-2-5,7.5,4-6,1,0.905,0.905,2,1,1,0.905,0.574587,short,long-weak-7.5db
meshecho-no-confidence,70,751.0,24,24,0,1.0,1.0,0.0,2.011552,1.2712,2.011552,0.740352,1.480704,24,24,0,153,72,81,72,37.757952,37.757952,0.050277,14.952149,7.700357,22.652506,0.943854,1.573248,1.2712,306,0,306,1.0,0,0.0,0,0,6,3,23,1,0,0,0.878377,0.529412,0,0,0.0,0,24,0,0,0-1-2-5,0-1-2-5,7.5,4-6,1,0.905,0.905,2,1,1,0.905,0.574587,short,long-weak-7.5db
meshecho-confidence,71,751.0,24,24,0,1.0,1.0,0.0,2.011552,1.2712,2.011552,0.740352,1.480704,24,24,0,153,72,81,72,37.757952,37.757952,0.050277,14.952149,7.700357,22.652506,0.943854,1.573248,1.2712,306,0,306,1.0,0,0.0,0,0,6,3,23,1,0,0,0.878377,0.529412,0,0,0.0,0,24,0,0,0-1-2-5,0-1-2-5,7.5,4-6,1,0.905,0.905,2,1,1,0.905,0.574587,short,long-weak-7.5db
meshecho-no-confidence,71,751.0,24,24,0,1.0,1.0,0.0,2.011552,1.2712,2.011552,0.740352,1.480704,24,24,0,153,72,81,72,37.757952,37.757952,0.050277,14.952149,7.700357,22.652506,0.943854,1.573248,1.2712,306,0,306,1.0,0,0.0,0,0,6,3,23,1,0,0,0.878377,0.529412,0,0,0.0,0,24,0,0,0-1-2-5,0-1-2-5,7.5,4-6,1,0.905,0.905,2,1,1,0.905,0.574587,short,long-weak-7.5db
meshecho-confidence,72,751.0,24,24,0,1.0,1.0,0.0,2.011552,1.2712,2.011552,0.740352,1.480704,24,24,0,152,72,80,72,37.511168,37.511168,0.049948,14.854423,7.650028,22.50445,0.937685,1.562965,1.2712,303,1,304,0.996711,0,0.0,0,0,5,3,23,1,0,0,0.878377,0.526316,0,0,0.0,0,24,0,0,0-1-2-5,0-1-2-5,7.5,4-6,1,0.905,0.905,1,1,0,0.905,0.0,short,long-weak-7.5db
meshecho-no-confidence,72,751.0,24,24,0,1.0,1.0,0.0,2.011552,1.2712,2.011552,0.740352,1.480704,24,24,0,152,72,80,72,37.511168,37.511168,0.049948,14.854423,7.650028,22.50445,0.937685,1.562965,1.2712,303,1,304,0.996711,0,0.0,0,0,5,3,23,1,0,0,0.878377,0.526316,0,0,0.0,0,24,0,0,0-1-2-5,0-1-2-5,7.5,4-6,1,0.905,0.905,1,1,0,0.905,0.0,short,long-weak-7.5db
meshecho-confidence,73,751.0,24,24,0,1.0,1.0,0.0,2.011552,1.2712,2.011552,0.740352,1.480704,24,24,0,153,72,81,72,37.757952,37.757952,0.050277,14.952149,7.700357,22.652506,0.943854,1.573248,1.2712,306,0,306,1.0,0,0.0,0,0,6,3,23,1,0,0,0.878377,0.529412,0,0,0.0,0,24,0,0,0-1-2-5,0-1-2-5,7.5,4-6,1,0.905,0.905,2,1,1,0.905,0.574587,short,long-weak-7.5db
meshecho-no-confidence,73,751.0,24,24,0,1.0,1.0,0.0,2.011552,1.2712,2.011552,0.740352,1.480704,24,24,0,153,72,81,72,37.757952,37.757952,0.050277,14.952149,7.700357,22.652506,0.943854,1.573248,1.2712,306,0,306,1.0,0,0.0,0,0,6,3,23,1,0,0,0.878377,0.529412,0,0,0.0,0,24,0,0,0-1-2-5,0-1-2-5,7.5,4-6,1,0.905,0.905,2,1,1,0.905,0.574587,short,long-weak-7.5db
meshecho-confidence,74,751.0,24,24,0,1.0,1.0,0.0,2.011552,1.2712,2.011552,0.740352,1.480704,24,24,0,153,72,81,72,37.757952,37.757952,0.050277,14.952149,7.700357,22.652506,0.943854,1.573248,1.2712,305,1,306,0.996732,0,0.0,0,0,6,3,23,1,0,0,0.878377,0.529412,0,0,0.0,0,24,0,0,0-1-2-5,0-1-2-5,7.5,4-6,1,0.905,0.905,2,1,1,0.905,0.574587,short,long-weak-7.5db
meshecho-no-confidence,74,751.0,24,24,0,1.0,1.0,0.0,2.011552,1.2712,2.011552,0.740352,1.480704,24,24,0,153,72,81,72,37.757952,37.757952,0.050277,14.952149,7.700357,22.652506,0.943854,1.573248,1.2712,305,1,306,0.996732,0,0.0,0,0,6,3,23,1,0,0,0.878377,0.529412,0,0,0.0,0,24,0,0,0-1-2-5,0-1-2-5,7.5,4-6,1,0.905,0.905,2,1,1,0.905,0.574587,short,long-weak-7.5db
meshecho-confidence,75,751.0,24,24,0,1.0,1.0,0.0,2.011552,1.2712,2.011552,0.740352,1.480704,24,24,0,153,72,81,72,37.757952,37.757952,0.050277,14.952149,7.700357,22.652506,0.943854,1.573248,1.2712,306,0,306,1.0,0,0.0,0,0,6,3,23,1,0,0,0.878377,0.529412,0,0,0.0,0,24,0,0,0-1-2-5,0-1-2-5,7.5,4-6,1,0.905,0.905,2,1,1,0.905,0.574587,short,long-weak-7.5db
meshecho-no-confidence,75,751.0,24,24,0,1.0,1.0,0.0,2.011552,1.2712,2.011552,0.740352,1.480704,24,24,0,153,72,81,72,37.757952,37.757952,0.050277,14.952149,7.700357,22.652506,0.943854,1.573248,1.2712,306,0,306,1.0,0,0.0,0,0,6,3,23,1,0,0,0.878377,0.529412,0,0,0.0,0,24,0,0,0-1-2-5,0-1-2-5,7.5,4-6,1,0.905,0.905,2,1,1,0.905,0.574587,short,long-weak-7.5db
meshecho-confidence,76,751.0,24,24,0,1.0,1.0,0.0,2.011552,1.2712,2.011552,0.740352,1.480704,24,24,0,153,72,81,72,37.757952,37.757952,0.050277,14.952149,7.700357,22.652506,0.943854,1.573248,1.2712,305,1,306,0.996732,0,0.0,0,0,6,3,23,1,0,0,0.878377,0.529412,0,0,0.0,0,24,0,0,0-1-2-5,0-1-2-5,7.5,4-6,1,0.905,0.905,2,1,1,0.905,0.574587,short,long-weak-7.5db
meshecho-no-confidence,76,751.0,24,24,0,1.0,1.0,0.0,2.011552,1.2712,2.011552,0.740352,1.480704,24,24,0,153,72,81,72,37.757952,37.757952,0.050277,14.952149,7.700357,22.652506,0.943854,1.573248,1.2712,305,1,306,0.996732,0,0.0,0,0,6,3,23,1,0,0,0.878377,0.529412,0,0,0.0,0,24,0,0,0-1-2-5,0-1-2-5,7.5,4-6,1,0.905,0.905,2,1,1,0.905,0.574587,short,long-weak-7.5db
meshecho-confidence,77,751.0,24,24,0,1.0,1.0,0.0,2.011552,1.2712,2.011552,0.740352,1.480704,24,24,0,153,72,81,72,37.757952,37.757952,0.050277,14.952149,7.700357,22.652506,0.943854,1.573248,1.2712,306,0,306,1.0,0,0.0,0,0,6,3,23,1,0,0,0.878377,0.529412,0,0,0.0,0,24,0,0,0-1-2-5,0-1-2-5,7.5,4-6,1,0.905,0.905,2,1,1,0.905,0.574587,short,long-weak-7.5db
meshecho-no-confidence,77,751.0,24,24,0,1.0,1.0,0.0,2.011552,1.2712,2.011552,0.740352,1.480704,24,24,0,153,72,81,72,37.757952,37.757952,0.050277,14.952149,7.700357,22.652506,0.943854,1.573248,1.2712,306,0,306,1.0,0,0.0,0,0,6,3,23,1,0,0,0.878377,0.529412,0,0,0.0,0,24,0,0,0-1-2-5,0-1-2-5,7.5,4-6,1,0.905,0.905,2,1,1,0.905,0.574587,short,long-weak-7.5db
meshecho-confidence,78,751.0,24,24,0,1.0,1.0,0.0,2.011552,1.2712,2.011552,0.740352,1.480704,24,24,0,153,72,81,72,37.757952,37.757952,0.050277,14.952149,7.700357,22.652506,0.943854,1.573248,1.2712,306,0,306,1.0,0,0.0,0,0,6,3,23,1,0,0,0.878377,0.529412,0,0,0.0,0,24,0,0,0-1-2-5,0-1-2-5,7.5,4-6,1,0.905,0.905,2,1,1,0.905,0.574587,short,long-weak-7.5db
meshecho-no-confidence,78,751.0,24,24,0,1.0,1.0,0.0,2.011552,1.2712,2.011552,0.740352,1.480704,24,24,0,153,72,81,72,37.757952,37.757952,0.050277,14.952149,7.700357,22.652506,0.943854,1.573248,1.2712,306,0,306,1.0,0,0.0,0,0,6,3,23,1,0,0,0.878377,0.529412,0,0,0.0,0,24,0,0,0-1-2-5,0-1-2-5,7.5,4-6,1,0.905,0.905,2,1,1,0.905,0.574587,short,long-weak-7.5db
meshecho-confidence,79,751.0,24,24,0,1.0,1.0,0.0,2.011552,1.2712,2.011552,0.740352,1.480704,24,24,0,153,72,81,72,37.757952,37.757952,0.050277,14.952149,7.700357,22.652506,0.943854,1.573248,1.2712,306,0,306,1.0,0,0.0,0,0,6,3,23,1,0,0,0.878377,0.529412,0,0,0.0,0,24,0,0,0-1-2-5,0-1-2-5,7.5,4-6,1,0.905,0.905,2,1,1,0.905,0.574587,short,long-weak-7.5db
meshecho-no-confidence,79,751.0,24,24,0,1.0,1.0,0.0,2.011552,1.2712,2.011552,0.740352,1.480704,24,24,0,153,72,81,72,37.757952,37.757952,0.050277,14.952149,7.700357,22.652506,0.943854,1.573248,1.2712,306,0,306,1.0,0,0.0,0,0,6,3,23,1,0,0,0.878377,0.529412,0,0,0.0,0,24,0,0,0-1-2-5,0-1-2-5,7.5,4-6,1,0.905,0.905,2,1,1,0.905,0.574587,short,long-weak-7.5db
meshecho-confidence,80,751.0,24,24,0,1.0,1.0,0.0,2.011552,1.2712,2.011552,0.740352,1.480704,24,24,0,152,72,80,72,37.511168,37.511168,0.049948,14.854423,7.650028,22.50445,0.937685,1.562965,1.2712,303,1,304,0.996711,0,0.0,0,0,5,3,23,1,0,0,0.878377,0.526316,0,0,0.0,0,24,0,0,0-1-2-5,0-1-2-5,7.5,4-6,1,0.905,0.905,1,1,0,0.905,0.0,short,long-weak-7.5db
meshecho-no-confidence,80,751.0,24,24,0,1.0,1.0,0.0,2.011552,1.2712,2.011552,0.740352,1.480704,24,24,0,152,72,80,72,37.511168,37.511168,0.049948,14.854423,7.650028,22.50445,0.937685,1.562965,1.2712,303,1,304,0.996711,0,0.0,0,0,5,3,23,1,0,0,0.878377,0.526316,0,0,0.0,0,24,0,0,0-1-2-5,0-1-2-5,7.5,4-6,1,0.905,0.905,1,1,0,0.905,0.0,short,long-weak-7.5db
meshecho-confidence,81,751.0,24,24,0,1.0,1.0,0.0,2.011552,1.2712,2.011552,0.740352,1.480704,24,24,0,152,72,80,72,37.511168,37.511168,0.049948,14.854423,7.650028,22.50445,0.937685,1.562965,1.2712,303,1,304,0.996711,0,0.0,0,0,5,3,23,1,0,0,0.878377,0.526316,0,0,0.0,0,24,0,0,0-1-2-5,0-1-2-5,7.5,4-6,1,0.905,0.905,1,1,0,0.905,0.0,short,long-weak-7.5db
meshecho-no-confidence,81,751.0,24,24,0,1.0,1.0,0.0,2.011552,1.2712,2.011552,0.740352,1.480704,24,24,0,152,72,80,72,37.511168,37.511168,0.049948,14.854423,7.650028,22.50445,0.937685,1.562965,1.2712,303,1,304,0.996711,0,0.0,0,0,5,3,23,1,0,0,0.878377,0.526316,0,0,0.0,0,24,0,0,0-1-2-5,0-1-2-5,7.5,4-6,1,0.905,0.905,1,1,0,0.905,0.0,short,long-weak-7.5db
meshecho-confidence,82,751.0,24,24,0,1.0,1.0,0.0,2.011552,1.2712,2.011552,0.740352,1.480704,24,24,0,153,72,81,72,37.757952,37.757952,0.050277,14.952149,7.700357,22.652506,0.943854,1.573248,1.2712,306,0,306,1.0,0,0.0,0,0,6,3,23,1,0,0,0.878377,0.529412,0,0,0.0,0,24,0,0,0-1-2-5,0-1-2-5,7.5,4-6,1,0.905,0.905,2,1,1,0.905,0.574587,short,long-weak-7.5db
meshecho-no-confidence,82,751.0,24,24,0,1.0,1.0,0.0,2.011552,1.2712,2.011552,0.740352,1.480704,24,24,0,153,72,81,72,37.757952,37.757952,0.050277,14.952149,7.700357,22.652506,0.943854,1.573248,1.2712,306,0,306,1.0,0,0.0,0,0,6,3,23,1,0,0,0.878377,0.529412,0,0,0.0,0,24,0,0,0-1-2-5,0-1-2-5,7.5,4-6,1,0.905,0.905,2,1,1,0.905,0.574587,short,long-weak-7.5db
meshecho-confidence,83,751.0,24,24,0,1.0,1.0,0.0,2.011552,1.2712,2.011552,0.740352,1.480704,24,24,0,153,72,81,72,37.757952,37.757952,0.050277,14.952149,7.700357,22.652506,0.943854,1.573248,1.2712,306,0,306,1.0,0,0.0,0,0,6,3,23,1,0,0,0.878377,0.529412,0,0,0.0,0,24,0,0,0-1-2-5,0-1-2-5,7.5,4-6,1,0.905,0.905,2,1,1,0.905,0.574587,short,long-weak-7.5db
meshecho-no-confidence,83,751.0,24,24,0,1.0,1.0,0.0,2.011552,1.2712,2.011552,0.740352,1.480704,24,24,0,153,72,81,72,37.757952,37.757952,0.050277,14.952149,7.700357,22.652506,0.943854,1.573248,1.2712,306,0,306,1.0,0,0.0,0,0,6,3,23,1,0,0,0.878377,0.529412,0,0,0.0,0,24,0,0,0-1-2-5,0-1-2-5,7.5,4-6,1,0.905,0.905,2,1,1,0.905,0.574587,short,long-weak-7.5db
meshecho-confidence,84,751.0,24,24,0,1.0,1.0,0.0,2.011552,1.2712,2.011552,0.740352,1.480704,24,24,0,153,72,81,72,37.757952,37.757952,0.050277,14.952149,7.700357,22.652506,0.943854,1.573248,1.2712,306,0,306,1.0,0,0.0,0,0,6,3,23,1,0,0,0.878377,0.529412,0,0,0.0,0,24,0,0,0-1-2-5,0-1-2-5,7.5,4-6,1,0.905,0.905,2,1,1,0.905,0.574587,short,long-weak-7.5db
meshecho-no-confidence,84,751.0,24,24,0,1.0,1.0,0.0,2.011552,1.2712,2.011552,0.740352,1.480704,24,24,0,153,72,81,72,37.757952,37.757952,0.050277,14.952149,7.700357,22.652506,0.943854,1.573248,1.2712,306,0,306,1.0,0,0.0,0,0,6,3,23,1,0,0,0.878377,0.529412,0,0,0.0,0,24,0,0,0-1-2-5,0-1-2-5,7.5,4-6,1,0.905,0.905,2,1,1,0.905,0.574587,short,long-weak-7.5db
meshecho-confidence,85,751.0,24,24,0,1.0,1.0,0.0,2.011552,1.2712,2.011552,0.740352,1.480704,24,24,0,153,72,81,72,37.757952,37.757952,0.050277,14.952149,7.700357,22.652506,0.943854,1.573248,1.2712,305,1,306,0.996732,0,0.0,0,0,6,3,23,1,0,0,0.878377,0.529412,0,0,0.0,0,24,0,0,0-1-2-5,0-1-2-5,7.5,4-6,1,0.905,0.905,2,1,1,0.905,0.574587,short,long-weak-7.5db
meshecho-no-confidence,85,751.0,24,24,0,1.0,1.0,0.0,2.011552,1.2712,2.011552,0.740352,1.480704,24,24,0,153,72,81,72,37.757952,37.757952,0.050277,14.952149,7.700357,22.652506,0.943854,1.573248,1.2712,305,1,306,0.996732,0,0.0,0,0,6,3,23,1,0,0,0.878377,0.529412,0,0,0.0,0,24,0,0,0-1-2-5,0-1-2-5,7.5,4-6,1,0.905,0.905,2,1,1,0.905,0.574587,short,long-weak-7.5db
meshecho-confidence,86,751.0,24,24,0,1.0,1.0,0.0,2.011552,1.2712,2.011552,0.740352,1.480704,24,24,0,152,72,80,72,37.511168,37.511168,0.049948,14.854423,7.650028,22.50445,0.937685,1.562965,1.2712,303,1,304,0.996711,0,0.0,0,0,5,3,23,1,0,0,0.878377,0.526316,0,0,0.0,0,24,0,0,0-1-2-5,0-1-2-5,7.5,4-6,1,0.905,0.905,1,1,0,0.905,0.0,short,long-weak-7.5db
meshecho-no-confidence,86,751.0,24,24,0,1.0,1.0,0.0,2.011552,1.2712,2.011552,0.740352,1.480704,24,24,0,152,72,80,72,37.511168,37.511168,0.049948,14.854423,7.650028,22.50445,0.937685,1.562965,1.2712,303,1,304,0.996711,0,0.0,0,0,5,3,23,1,0,0,0.878377,0.526316,0,0,0.0,0,24,0,0,0-1-2-5,0-1-2-5,7.5,4-6,1,0.905,0.905,1,1,0,0.905,0.0,short,long-weak-7.5db
meshecho-confidence,87,751.0,24,24,0,1.0,1.0,0.0,2.011552,1.2712,2.011552,0.740352,1.480704,24,24,0,153,72,81,72,37.757952,37.757952,0.050277,14.952149,7.700357,22.652506,0.943854,1.573248,1.2712,306,0,306,1.0,0,0.0,0,0,6,3,23,1,0,0,0.878377,0.529412,0,0,0.0,0,24,0,0,0-1-2-5,0-1-2-5,7.5,4-6,1,0.905,0.905,2,1,1,0.905,0.574587,short,long-weak-7.5db
meshecho-no-confidence,87,751.0,24,24,0,1.0,1.0,0.0,2.011552,1.2712,2.011552,0.740352,1.480704,24,24,0,153,72,81,72,37.757952,37.757952,0.050277,14.952149,7.700357,22.652506,0.943854,1.573248,1.2712,306,0,306,1.0,0,0.0,0,0,6,3,23,1,0,0,0.878377,0.529412,0,0,0.0,0,24,0,0,0-1-2-5,0-1-2-5,7.5,4-6,1,0.905,0.905,2,1,1,0.905,0.574587,short,long-weak-7.5db
meshecho-confidence,88,751.0,24,24,0,1.0,1.0,0.0,2.011552,1.2712,2.011552,0.740352,1.480704,24,24,0,152,72,80,72,37.511168,37.511168,0.049948,14.854423,7.650028,22.50445,0.937685,1.562965,1.2712,303,1,304,0.996711,0,0.0,0,0,5,3,23,1,0,0,0.878377,0.526316,0,0,0.0,0,24,0,0,0-1-2-5,0-1-2-5,7.5,4-6,1,0.905,0.905,1,1,0,0.905,0.0,short,long-weak-7.5db
meshecho-no-confidence,88,751.0,24,24,0,1.0,1.0,0.0,2.011552,1.2712,2.011552,0.740352,1.480704,24,24,0,152,72,80,72,37.511168,37.511168,0.049948,14.854423,7.650028,22.50445,0.937685,1.562965,1.2712,303,1,304,0.996711,0,0.0,0,0,5,3,23,1,0,0,0.878377,0.526316,0,0,0.0,0,24,0,0,0-1-2-5,0-1-2-5,7.5,4-6,1,0.905,0.905,1,1,0,0.905,0.0,short,long-weak-7.5db
meshecho-confidence,89,751.0,24,24,0,1.0,1.0,0.0,2.011552,1.2712,2.011552,0.740352,1.480704,24,24,0,153,72,81,72,37.757952,37.757952,0.050277,14.952149,7.700357,22.652506,0.943854,1.573248,1.2712,306,0,306,1.0,0,0.0,0,0,6,3,23,1,0,0,0.878377,0.529412,0,0,0.0,0,24,0,0,0-1-2-5,0-1-2-5,7.5,4-6,1,0.905,0.905,2,1,1,0.905,0.574587,short,long-weak-7.5db
meshecho-no-confidence,89,751.0,24,24,0,1.0,1.0,0.0,2.011552,1.2712,2.011552,0.740352,1.480704,24,24,0,153,72,81,72,37.757952,37.757952,0.050277,14.952149,7.700357,22.652506,0.943854,1.573248,1.2712,306,0,306,1.0,0,0.0,0,0,6,3,23,1,0,0,0.878377,0.529412,0,0,0.0,0,24,0,0,0-1-2-5,0-1-2-5,7.5,4-6,1,0.905,0.905,2,1,1,0.905,0.574587,short,long-weak-7.5db
meshecho-confidence,90,751.0,24,24,0,1.0,1.0,0.0,2.011552,1.2712,2.011552,0.740352,1.480704,24,24,0,153,72,81,72,37.757952,37.757952,0.050277,14.952149,7.700357,22.652506,0.943854,1.573248,1.2712,306,0,306,1.0,0,0.0,0,0,6,3,23,1,0,0,0.878377,0.529412,0,0,0.0,0,24,0,0,0-1-2-5,0-1-2-5,7.5,4-6,1,0.905,0.905,2,1,1,0.905,0.574587,short,long-weak-7.5db
meshecho-no-confidence,90,751.0,24,24,0,1.0,1.0,0.0,2.011552,1.2712,2.011552,0.740352,1.480704,24,24,0,153,72,81,72,37.757952,37.757952,0.050277,14.952149,7.700357,22.652506,0.943854,1.573248,1.2712,306,0,306,1.0,0,0.0,0,0,6,3,23,1,0,0,0.878377,0.529412,0,0,0.0,0,24,0,0,0-1-2-5,0-1-2-5,7.5,4-6,1,0.905,0.905,2,1,1,0.905,0.574587,short,long-weak-7.5db
meshecho-confidence,91,751.0,24,24,0,1.0,1.0,0.0,2.011552,1.2712,2.011552,0.740352,1.480704,24,24,0,153,72,81,72,37.757952,37.757952,0.050277,14.952149,7.700357,22.652506,0.943854,1.573248,1.2712,306,0,306,1.0,0,0.0,0,0,6,3,23,1,0,0,0.878377,0.529412,0,0,0.0,0,24,0,0,0-1-2-5,0-1-2-5,7.5,4-6,1,0.905,0.905,2,1,1,0.905,0.574587,short,long-weak-7.5db
meshecho-no-confidence,91,751.0,24,24,0,1.0,1.0,0.0,2.011552,1.2712,2.011552,0.740352,1.480704,24,24,0,153,72,81,72,37.757952,37.757952,0.050277,14.952149,7.700357,22.652506,0.943854,1.573248,1.2712,306,0,306,1.0,0,0.0,0,0,6,3,23,1,0,0,0.878377,0.529412,0,0,0.0,0,24,0,0,0-1-2-5,0-1-2-5,7.5,4-6,1,0.905,0.905,2,1,1,0.905,0.574587,short,long-weak-7.5db
meshecho-confidence,92,751.0,24,24,0,1.0,1.0,0.0,2.011552,1.2712,2.011552,0.740352,1.480704,24,24,0,153,72,81,72,37.757952,37.757952,0.050277,14.952149,7.700357,22.652506,0.943854,1.573248,1.2712,305,1,306,0.996732,0,0.0,0,0,6,3,23,1,0,0,0.878377,0.529412,0,0,0.0,0,24,0,0,0-1-2-5,0-1-2-5,7.5,4-6,1,0.905,0.905,2,1,1,0.905,0.574587,short,long-weak-7.5db
meshecho-no-confidence,92,751.0,24,24,0,1.0,1.0,0.0,2.011552,1.2712,2.011552,0.740352,1.480704,24,24,0,153,72,81,72,37.757952,37.757952,0.050277,14.952149,7.700357,22.652506,0.943854,1.573248,1.2712,305,1,306,0.996732,0,0.0,0,0,6,3,23,1,0,0,0.878377,0.529412,0,0,0.0,0,24,0,0,0-1-2-5,0-1-2-5,7.5,4-6,1,0.905,0.905,2,1,1,0.905,0.574587,short,long-weak-7.5db
meshecho-confidence,93,751.0,24,24,0,1.0,1.0,0.0,2.011552,1.2712,2.011552,0.740352,1.480704,24,24,0,153,72,81,72,37.757952,37.757952,0.050277,14.952149,7.700357,22.652506,0.943854,1.573248,1.2712,306,0,306,1.0,0,0.0,0,0,6,3,23,1,0,0,0.878377,0.529412,0,0,0.0,0,24,0,0,0-1-2-5,0-1-2-5,7.5,4-6,1,0.905,0.905,2,1,1,0.905,0.574587,short,long-weak-7.5db
meshecho-no-confidence,93,751.0,24,24,0,1.0,1.0,0.0,2.011552,1.2712,2.011552,0.740352,1.480704,24,24,0,153,72,81,72,37.757952,37.757952,0.050277,14.952149,7.700357,22.652506,0.943854,1.573248,1.2712,306,0,306,1.0,0,0.0,0,0,6,3,23,1,0,0,0.878377,0.529412,0,0,0.0,0,24,0,0,0-1-2-5,0-1-2-5,7.5,4-6,1,0.905,0.905,2,1,1,0.905,0.574587,short,long-weak-7.5db
meshecho-confidence,94,751.0,24,24,0,1.0,1.0,0.0,2.011552,1.2712,2.011552,0.740352,1.480704,24,24,0,152,72,80,72,37.511168,37.511168,0.049948,14.854423,7.650028,22.50445,0.937685,1.562965,1.2712,302,2,304,0.993421,0,0.0,0,0,5,3,23,1,0,0,0.878377,0.526316,0,0,0.0,0,24,0,0,0-1-2-5,0-1-2-5,7.5,4-6,1,0.905,0.905,1,1,0,0.905,0.0,short,long-weak-7.5db
meshecho-no-confidence,94,751.0,24,24,0,1.0,1.0,0.0,2.011552,1.2712,2.011552,0.740352,1.480704,24,24,0,152,72,80,72,37.511168,37.511168,0.049948,14.854423,7.650028,22.50445,0.937685,1.562965,1.2712,302,2,304,0.993421,0,0.0,0,0,5,3,23,1,0,0,0.878377,0.526316,0,0,0.0,0,24,0,0,0-1-2-5,0-1-2-5,7.5,4-6,1,0.905,0.905,1,1,0,0.905,0.0,short,long-weak-7.5db
meshecho-confidence,95,751.0,24,24,0,1.0,1.0,0.0,2.011552,1.2712,2.011552,0.740352,1.480704,24,24,0,153,72,81,72,37.757952,37.757952,0.050277,14.952149,7.700357,22.652506,0.943854,1.573248,1.2712,306,0,306,1.0,0,0.0,0,0,6,3,23,1,0,0,0.878377,0.529412,0,0,0.0,0,24,0,0,0-1-2-5,0-1-2-5,7.5,4-6,1,0.905,0.905,2,1,1,0.905,0.574587,short,long-weak-7.5db
meshecho-no-confidence,95,751.0,24,24,0,1.0,1.0,0.0,2.011552,1.2712,2.011552,0.740352,1.480704,24,24,0,153,72,81,72,37.757952,37.757952,0.050277,14.952149,7.700357,22.652506,0.943854,1.573248,1.2712,306,0,306,1.0,0,0.0,0,0,6,3,23,1,0,0,0.878377,0.529412,0,0,0.0,0,24,0,0,0-1-2-5,0-1-2-5,7.5,4-6,1,0.905,0.905,2,1,1,0.905,0.574587,short,long-weak-7.5db
meshecho-confidence,96,751.0,24,24,0,1.0,1.0,0.0,2.011552,1.2712,2.011552,0.740352,1.480704,24,24,0,153,72,81,72,37.757952,37.757952,0.050277,14.952149,7.700357,22.652506,0.943854,1.573248,1.2712,306,0,306,1.0,0,0.0,0,0,6,3,23,1,0,0,0.878377,0.529412,0,0,0.0,0,24,0,0,0-1-2-5,0-1-2-5,7.5,4-6,1,0.905,0.905,2,1,1,0.905,0.574587,short,long-weak-7.5db
meshecho-no-confidence,96,751.0,24,24,0,1.0,1.0,0.0,2.011552,1.2712,2.011552,0.740352,1.480704,24,24,0,153,72,81,72,37.757952,37.757952,0.050277,14.952149,7.700357,22.652506,0.943854,1.573248,1.2712,306,0,306,1.0,0,0.0,0,0,6,3,23,1,0,0,0.878377,0.529412,0,0,0.0,0,24,0,0,0-1-2-5,0-1-2-5,7.5,4-6,1,0.905,0.905,2,1,1,0.905,0.574587,short,long-weak-7.5db
meshecho-confidence,97,751.0,24,24,0,1.0,1.0,0.0,2.011552,1.2712,2.011552,0.740352,1.480704,24,24,0,152,72,80,72,37.511168,37.511168,0.049948,14.854423,7.650028,22.50445,0.937685,1.562965,1.2712,303,1,304,0.996711,0,0.0,0,0,5,3,23,1,0,0,0.878377,0.526316,0,0,0.0,0,24,0,0,0-1-2-5,0-1-2-5,7.5,4-6,1,0.905,0.905,1,1,0,0.905,0.0,short,long-weak-7.5db
meshecho-no-confidence,97,751.0,24,24,0,1.0,1.0,0.0,2.011552,1.2712,2.011552,0.740352,1.480704,24,24,0,152,72,80,72,37.511168,37.511168,0.049948,14.854423,7.650028,22.50445,0.937685,1.562965,1.2712,303,1,304,0.996711,0,0.0,0,0,5,3,23,1,0,0,0.878377,0.526316,0,0,0.0,0,24,0,0,0-1-2-5,0-1-2-5,7.5,4-6,1,0.905,0.905,1,1,0,0.905,0.0,short,long-weak-7.5db
meshecho-confidence,98,751.0,24,24,0,1.0,1.0,0.0,2.011552,1.2712,2.011552,0.740352,1.480704,24,24,0,153,72,81,72,37.757952,37.757952,0.050277,14.952149,7.700357,22.652506,0.943854,1.573248,1.2712,306,0,306,1.0,0,0.0,0,0,6,3,23,1,0,0,0.878377,0.529412,0,0,0.0,0,24,0,0,0-1-2-5,0-1-2-5,7.5,4-6,1,0.905,0.905,2,1,1,0.905,0.574587,short,long-weak-7.5db
meshecho-no-confidence,98,751.0,24,24,0,1.0,1.0,0.0,2.011552,1.2712,2.011552,0.740352,1.480704,24,24,0,153,72,81,72,37.757952,37.757952,0.050277,14.952149,7.700357,22.652506,0.943854,1.573248,1.2712,306,0,306,1.0,0,0.0,0,0,6,3,23,1,0,0,0.878377,0.529412,0,0,0.0,0,24,0,0,0-1-2-5,0-1-2-5,7.5,4-6,1,0.905,0.905,2,1,1,0.905,0.574587,short,long-weak-7.5db
meshecho-confidence,99,751.0,24,24,0,1.0,1.0,0.0,2.011552,1.2712,2.011552,0.740352,1.480704,24,24,0,152,72,80,72,37.511168,37.511168,0.049948,14.854423,7.650028,22.50445,0.937685,1.562965,1.2712,303,1,304,0.996711,0,0.0,0,0,5,3,23,1,0,0,0.878377,0.526316,0,0,0.0,0,24,0,0,0-1-2-5,0-1-2-5,7.5,4-6,1,0.905,0.905,1,1,0,0.905,0.0,short,long-weak-7.5db
meshecho-no-confidence,99,751.0,24,24,0,1.0,1.0,0.0,2.011552,1.2712,2.011552,0.740352,1.480704,24,24,0,152,72,80,72,37.511168,37.511168,0.049948,14.854423,7.650028,22.50445,0.937685,1.562965,1.2712,303,1,304,0.996711,0,0.0,0,0,5,3,23,1,0,0,0.878377,0.526316,0,0,0.0,0,24,0,0,0-1-2-5,0-1-2-5,7.5,4-6,1,0.905,0.905,1,1,0,0.905,0.0,short,long-weak-7.5db
meshecho-confidence,100,751.0,24,24,0,1.0,1.0,0.0,2.011552,1.2712,2.011552,0.740352,1.480704,24,24,0,153,72,81,72,37.757952,37.757952,0.050277,14.952149,7.700357,22.652506,0.943854,1.573248,1.2712,306,0,306,1.0,0,0.0,0,0,6,3,23,1,0,0,0.878377,0.529412,0,0,0.0,0,24,0,0,0-1-2-5,0-1-2-5,7.5,4-6,1,0.905,0.905,2,1,1,0.905,0.574587,short,long-weak-7.5db
meshecho-no-confidence,100,751.0,24,24,0,1.0,1.0,0.0,2.011552,1.2712,2.011552,0.740352,1.480704,24,24,0,153,72,81,72,37.757952,37.757952,0.050277,14.952149,7.700357,22.652506,0.943854,1.573248,1.2712,306,0,306,1.0,0,0.0,0,0,6,3,23,1,0,0,0.878377,0.529412,0,0,0.0,0,24,0,0,0-1-2-5,0-1-2-5,7.5,4-6,1,0.905,0.905,2,1,1,0.905,0.574587,short,long-weak-7.5db
