seed,pair_index,source,destination,selected_graph_hops,protocol,matched_rreq_timing,unicast_flows,discovery_count,candidate_count,candidate_paths_json,selected_path_json,destination_delivered,ack_confirmed,total_airtime_s,route_cache_hits,route_repair_count,fallback_forward_count,candidate_sets_identical,shared_multi_candidate_set
21,1,12,44,2,meshecho,1,1,1,3,"[[12, 22, 44], [12, 47, 13, 44], [12, 47, 44]]","[12, 47, 44]",0,0,3.668736,0,0,0,1,1
21,1,12,44,2,etx-mesh,1,1,1,3,"[[12, 22, 44], [12, 47, 13, 44], [12, 47, 44]]","[12, 22, 44]",0,0,3.740672,0,0,0,1,1
21,1,12,44,2,minhop-mesh,1,1,1,3,"[[12, 22, 44], [12, 47, 13, 44], [12, 47, 44]]","[12, 47, 44]",0,0,3.668736,0,0,0,1,1
21,1,12,44,2,meshcore-like,1,1,1,3,"[[12, 22, 44], [12, 47, 13, 44], [12, 47, 44]]","[12, 22, 44]",0,0,3.740672,0,0,0,1,1
21,2,47,36,2,meshecho,1,1,1,4,"[[47, 1, 36], [47, 45, 36], [47, 49, 9, 36], [47, 49, 20, 36]]","[47, 45, 36]",1,1,3.95648,0,0,0,1,1
21,2,47,36,2,etx-mesh,1,1,1,4,"[[47, 1, 36], [47, 45, 36], [47, 49, 9, 36], [47, 49, 20, 36]]","[47, 45, 36]",1,1,3.95648,0,0,0,1,1
21,2,47,36,2,minhop-mesh,1,1,1,4,"[[47, 1, 36], [47, 45, 36], [47, 49, 9, 36], [47, 49, 20, 36]]","[47, 45, 36]",1,1,3.95648,0,0,0,1,1
21,2,47,36,2,meshcore-like,1,1,1,4,"[[47, 1, 36], [47, 45, 36], [47, 49, 9, 36], [47, 49, 20, 36]]","[47, 1, 36]",1,1,3.95648,0,0,0,1,1
21,3,42,14,2,meshecho,1,1,1,4,"[[42, 6, 14], [42, 14], [42, 22, 13, 14], [42, 28, 14]]","[42, 28, 14]",1,1,3.95648,0,0,0,1,1
21,3,42,14,2,etx-mesh,1,1,1,4,"[[42, 6, 14], [42, 14], [42, 22, 13, 14], [42, 28, 14]]","[42, 6, 14]",1,1,3.95648,0,0,0,1,1
21,3,42,14,2,minhop-mesh,1,1,1,4,"[[42, 6, 14], [42, 14], [42, 22, 13, 14], [42, 28, 14]]","[42, 14]",0,0,3.5968,0,0,0,1,1
21,3,42,14,2,meshcore-like,1,1,1,4,"[[42, 6, 14], [42, 14], [42, 22, 13, 14], [42, 28, 14]]","[42, 14]",0,0,3.5968,0,0,0,1,1
21,4,6,7,2,meshecho,1,1,1,4,"[[6, 34, 7], [6, 39, 3, 7], [6, 39, 7], [6, 44, 13, 7]]","[6, 34, 7]",1,1,3.95648,0,0,0,1,1
21,4,6,7,2,etx-mesh,1,1,1,4,"[[6, 34, 7], [6, 39, 3, 7], [6, 39, 7], [6, 44, 13, 7]]","[6, 39, 7]",1,1,3.95648,0,0,0,1,1
21,4,6,7,2,minhop-mesh,1,1,1,4,"[[6, 34, 7], [6, 39, 3, 7], [6, 39, 7], [6, 44, 13, 7]]","[6, 34, 7]",1,1,3.95648,0,0,0,1,1
21,4,6,7,2,meshcore-like,1,1,1,4,"[[6, 34, 7], [6, 39, 3, 7], [6, 39, 7], [6, 44, 13, 7]]","[6, 34, 7]",1,1,3.95648,0,0,0,1,1
21,5,19,4,2,meshecho,1,1,1,5,"[[19, 4], [19, 9, 4], [19, 9, 12, 4], [19, 20, 4], [19, 34, 3, 4]]","[19, 20, 4]",1,1,3.95648,0,0,0,1,1
21,5,19,4,2,etx-mesh,1,1,1,5,"[[19, 4], [19, 9, 4], [19, 9, 12, 4], [19, 20, 4], [19, 34, 3, 4]]","[19, 20, 4]",1,1,3.95648,0,0,0,1,1
21,5,19,4,2,minhop-mesh,1,1,1,5,"[[19, 4], [19, 9, 4], [19, 9, 12, 4], [19, 20, 4], [19, 34, 3, 4]]","[19, 4]",0,0,3.5968,0,0,0,1,1
21,5,19,4,2,meshcore-like,1,1,1,5,"[[19, 4], [19, 9, 4], [19, 9, 12, 4], [19, 20, 4], [19, 34, 3, 4]]","[19, 4]",0,0,3.5968,0,0,0,1,1
21,6,43,12,2,meshecho,1,1,1,5,"[[43, 4, 12], [43, 16, 36, 12], [43, 20, 8, 12], [43, 20, 12], [43, 29, 12]]","[43, 4, 12]",0,0,3.5968,0,0,0,1,1
21,6,43,12,2,etx-mesh,1,1,1,5,"[[43, 4, 12], [43, 16, 36, 12], [43, 20, 8, 12], [43, 20, 12], [43, 29, 12]]","[43, 20, 12]",0,0,3.5968,0,0,0,1,1
21,6,43,12,2,minhop-mesh,1,1,1,5,"[[43, 4, 12], [43, 16, 36, 12], [43, 20, 8, 12], [43, 20, 12], [43, 29, 12]]","[43, 4, 12]",0,0,3.5968,0,0,0,1,1
21,6,43,12,2,meshcore-like,1,1,1,5,"[[43, 4, 12], [43, 16, 36, 12], [43, 20, 8, 12], [43, 20, 12], [43, 29, 12]]","[43, 4, 12]",0,0,3.5968,0,0,0,1,1
21,7,47,49,2,meshecho,1,1,1,6,"[[47, 1, 49], [47, 4, 9, 49], [47, 4, 49], [47, 12, 49], [47, 40, 17, 49], [47, 49]]","[47, 1, 49]",0,0,3.740672,0,0,0,1,1
21,7,47,49,2,etx-mesh,1,1,1,6,"[[47, 1, 49], [47, 4, 9, 49], [47, 4, 49], [47, 12, 49], [47, 40, 17, 49], [47, 49]]","[47, 49]",1,0,3.740672,0,0,0,1,1
21,7,47,49,2,minhop-mesh,1,1,1,6,"[[47, 1, 49], [47, 4, 9, 49], [47, 4, 49], [47, 12, 49], [47, 40, 17, 49], [47, 49]]","[47, 49]",1,0,3.740672,0,0,0,1,1
21,7,47,49,2,meshcore-like,1,1,1,6,"[[47, 1, 49], [47, 4, 9, 49], [47, 4, 49], [47, 12, 49], [47, 40, 17, 49], [47, 49]]","[47, 49]",1,0,3.740672,0,0,0,1,1
21,8,16,34,2,meshecho,1,1,1,5,"[[16, 3, 34], [16, 7, 34], [16, 19, 44, 34], [16, 34], [16, 39, 34]]","[16, 39, 34]",1,1,3.95648,0,0,0,1,1
21,8,16,34,2,etx-mesh,1,1,1,5,"[[16, 3, 34], [16, 7, 34], [16, 19, 44, 34], [16, 34], [16, 39, 34]]","[16, 34]",0,0,3.5968,0,0,0,1,1
21,8,16,34,2,minhop-mesh,1,1,1,5,"[[16, 3, 34], [16, 7, 34], [16, 19, 44, 34], [16, 34], [16, 39, 34]]","[16, 34]",0,0,3.5968,0,0,0,1,1
21,8,16,34,2,meshcore-like,1,1,1,5,"[[16, 3, 34], [16, 7, 34], [16, 19, 44, 34], [16, 34], [16, 39, 34]]","[16, 34]",0,0,3.5968,0,0,0,1,1
21,9,26,1,2,meshecho,1,1,1,5,"[[26, 0, 17, 1], [26, 1], [26, 9, 1], [26, 16, 36, 1], [26, 28, 45, 1]]","[26, 9, 1]",1,1,3.95648,0,0,0,1,1
21,9,26,1,2,etx-mesh,1,1,1,5,"[[26, 0, 17, 1], [26, 1], [26, 9, 1], [26, 16, 36, 1], [26, 28, 45, 1]]","[26, 1]",0,0,3.668736,0,0,0,1,1
21,9,26,1,2,minhop-mesh,1,1,1,5,"[[26, 0, 17, 1], [26, 1], [26, 9, 1], [26, 16, 36, 1], [26, 28, 45, 1]]","[26, 1]",0,0,3.668736,0,0,0,1,1
21,9,26,1,2,meshcore-like,1,1,1,5,"[[26, 0, 17, 1], [26, 1], [26, 9, 1], [26, 16, 36, 1], [26, 28, 45, 1]]","[26, 1]",0,0,3.668736,0,0,0,1,1
21,10,6,31,2,meshecho,1,1,1,4,"[[6, 22, 13, 31], [6, 31], [6, 34, 3, 31], [6, 39, 7, 31]]","[6, 22, 13, 31]",1,1,4.172288,0,0,0,1,1
21,10,6,31,2,etx-mesh,1,1,1,4,"[[6, 22, 13, 31], [6, 31], [6, 34, 3, 31], [6, 39, 7, 31]]","[6, 31]",1,0,3.740672,0,0,0,1,1
21,10,6,31,2,minhop-mesh,1,1,1,4,"[[6, 22, 13, 31], [6, 31], [6, 34, 3, 31], [6, 39, 7, 31]]","[6, 31]",1,0,3.740672,0,0,0,1,1
21,10,6,31,2,meshcore-like,1,1,1,4,"[[6, 22, 13, 31], [6, 31], [6, 34, 3, 31], [6, 39, 7, 31]]","[6, 31]",1,0,3.740672,0,0,0,1,1
21,11,1,48,2,meshecho,1,1,1,3,"[[1, 5, 48], [1, 22, 13, 48], [1, 26, 48]]","[1, 5, 48]",1,1,3.95648,0,0,0,1,1
21,11,1,48,2,etx-mesh,1,1,1,3,"[[1, 5, 48], [1, 22, 13, 48], [1, 26, 48]]","[1, 5, 48]",1,1,3.95648,0,0,0,1,1
21,11,1,48,2,minhop-mesh,1,1,1,3,"[[1, 5, 48], [1, 22, 13, 48], [1, 26, 48]]","[1, 5, 48]",1,1,3.95648,0,0,0,1,1
21,11,1,48,2,meshcore-like,1,1,1,3,"[[1, 5, 48], [1, 22, 13, 48], [1, 26, 48]]","[1, 5, 48]",1,1,3.95648,0,0,0,1,1
21,12,48,14,2,meshecho,1,1,1,6,"[[48, 6, 17, 14], [48, 6, 28, 14], [48, 10, 14], [48, 15, 14], [48, 33, 14], [48, 40, 14]]","[48, 10, 14]",1,1,3.95648,0,0,0,1,1
21,12,48,14,2,etx-mesh,1,1,1,6,"[[48, 6, 17, 14], [48, 6, 28, 14], [48, 10, 14], [48, 15, 14], [48, 33, 14], [48, 40, 14]]","[48, 33, 14]",0,0,3.5968,0,0,0,1,1
21,12,48,14,2,minhop-mesh,1,1,1,6,"[[48, 6, 17, 14], [48, 6, 28, 14], [48, 10, 14], [48, 15, 14], [48, 33, 14], [48, 40, 14]]","[48, 10, 14]",1,1,3.95648,0,0,0,1,1
21,12,48,14,2,meshcore-like,1,1,1,6,"[[48, 6, 17, 14], [48, 6, 28, 14], [48, 10, 14], [48, 15, 14], [48, 33, 14], [48, 40, 14]]","[48, 10, 14]",1,1,3.95648,0,0,0,1,1
21,13,14,24,2,meshecho,1,1,1,6,"[[14, 3, 34, 24], [14, 24], [14, 42, 24], [14, 42, 31, 24], [14, 46, 24], [14, 48, 32, 24]]","[14, 24]",1,1,3.740672,0,0,0,1,1
21,13,14,24,2,etx-mesh,1,1,1,6,"[[14, 3, 34, 24], [14, 24], [14, 42, 24], [14, 42, 31, 24], [14, 46, 24], [14, 48, 32, 24]]","[14, 24]",1,1,3.740672,0,0,0,1,1
21,13,14,24,2,minhop-mesh,1,1,1,6,"[[14, 3, 34, 24], [14, 24], [14, 42, 24], [14, 42, 31, 24], [14, 46, 24], [14, 48, 32, 24]]","[14, 24]",1,1,3.740672,0,0,0,1,1
21,13,14,24,2,meshcore-like,1,1,1,6,"[[14, 3, 34, 24], [14, 24], [14, 42, 24], [14, 42, 31, 24], [14, 46, 24], [14, 48, 32, 24]]","[14, 24]",1,1,3.740672,0,0,0,1,1
21,14,38,39,2,meshecho,1,1,1,4,"[[38, 32, 39], [38, 34, 39], [38, 46, 7, 39], [38, 48, 39]]","[38, 34, 39]",1,1,3.95648,0,0,0,1,1
21,14,38,39,2,etx-mesh,1,1,1,4,"[[38, 32, 39], [38, 34, 39], [38, 46, 7, 39], [38, 48, 39]]","[38, 34, 39]",1,1,3.95648,0,0,0,1,1
21,14,38,39,2,minhop-mesh,1,1,1,4,"[[38, 32, 39], [38, 34, 39], [38, 46, 7, 39], [38, 48, 39]]","[38, 34, 39]",1,1,3.95648,0,0,0,1,1
21,14,38,39,2,meshcore-like,1,1,1,4,"[[38, 32, 39], [38, 34, 39], [38, 46, 7, 39], [38, 48, 39]]","[38, 32, 39]",1,1,3.95648,0,0,0,1,1
21,15,43,45,2,meshecho,1,1,1,5,"[[43, 16, 36, 45], [43, 16, 45], [43, 20, 8, 45], [43, 40, 45], [43, 45]]","[43, 16, 45]",1,1,3.95648,0,0,0,1,1
21,15,43,45,2,etx-mesh,1,1,1,5,"[[43, 16, 36, 45], [43, 16, 45], [43, 20, 8, 45], [43, 40, 45], [43, 45]]","[43, 45]",1,1,3.740672,0,0,0,1,1
21,15,43,45,2,minhop-mesh,1,1,1,5,"[[43, 16, 36, 45], [43, 16, 45], [43, 20, 8, 45], [43, 40, 45], [43, 45]]","[43, 45]",1,1,3.740672,0,0,0,1,1
21,15,43,45,2,meshcore-like,1,1,1,5,"[[43, 16, 36, 45], [43, 16, 45], [43, 20, 8, 45], [43, 40, 45], [43, 45]]","[43, 45]",1,1,3.740672,0,0,0,1,1
21,16,3,47,2,meshecho,1,1,1,5,"[[3, 10, 19, 47], [3, 13, 47], [3, 33, 27, 47], [3, 43, 47], [3, 44, 47]]","[3, 44, 47]",1,1,3.95648,0,0,0,1,1
21,16,3,47,2,etx-mesh,1,1,1,5,"[[3, 10, 19, 47], [3, 13, 47], [3, 33, 27, 47], [3, 43, 47], [3, 44, 47]]","[3, 13, 47]",1,1,3.95648,0,0,0,1,1
21,16,3,47,2,minhop-mesh,1,1,1,5,"[[3, 10, 19, 47], [3, 13, 47], [3, 33, 27, 47], [3, 43, 47], [3, 44, 47]]","[3, 44, 47]",1,1,3.95648,0,0,0,1,1
21,16,3,47,2,meshcore-like,1,1,1,5,"[[3, 10, 19, 47], [3, 13, 47], [3, 33, 27, 47], [3, 43, 47], [3, 44, 47]]","[3, 13, 47]",1,1,3.95648,0,0,0,1,1
21,17,31,6,2,meshecho,1,1,1,6,"[[31, 6], [31, 10, 14, 6], [31, 15, 6], [31, 28, 6], [31, 30, 6], [31, 40, 6]]","[31, 28, 6]",0,0,3.740672,0,0,0,1,1
21,17,31,6,2,etx-mesh,1,1,1,6,"[[31, 6], [31, 10, 14, 6], [31, 15, 6], [31, 28, 6], [31, 30, 6], [31, 40, 6]]","[31, 6]",0,0,3.5968,0,0,0,1,1
21,17,31,6,2,minhop-mesh,1,1,1,6,"[[31, 6], [31, 10, 14, 6], [31, 15, 6], [31, 28, 6], [31, 30, 6], [31, 40, 6]]","[31, 6]",0,0,3.5968,0,0,0,1,1
21,17,31,6,2,meshcore-like,1,1,1,6,"[[31, 6], [31, 10, 14, 6], [31, 15, 6], [31, 28, 6], [31, 30, 6], [31, 40, 6]]","[31, 6]",0,0,3.5968,0,0,0,1,1
21,18,49,47,2,meshecho,1,1,1,4,"[[49, 13, 44, 47], [49, 19, 47], [49, 43, 47], [49, 47]]","[49, 19, 47]",1,1,3.95648,0,0,0,1,1
21,18,49,47,2,etx-mesh,1,1,1,4,"[[49, 13, 44, 47], [49, 19, 47], [49, 43, 47], [49, 47]]","[49, 47]",1,1,3.740672,0,0,0,1,1
21,18,49,47,2,minhop-mesh,1,1,1,4,"[[49, 13, 44, 47], [49, 19, 47], [49, 43, 47], [49, 47]]","[49, 47]",1,1,3.740672,0,0,0,1,1
21,18,49,47,2,meshcore-like,1,1,1,4,"[[49, 13, 44, 47], [49, 19, 47], [49, 43, 47], [49, 47]]","[49, 47]",1,1,3.740672,0,0,0,1,1
21,19,12,43,2,meshecho,1,1,1,5,"[[12, 6, 17, 43], [12, 27, 43], [12, 37, 44, 43], [12, 41, 13, 43], [12, 47, 43]]","[12, 47, 43]",1,1,3.95648,0,0,0,1,1
21,19,12,43,2,etx-mesh,1,1,1,5,"[[12, 6, 17, 43], [12, 27, 43], [12, 37, 44, 43], [12, 41, 13, 43], [12, 47, 43]]","[12, 47, 43]",1,1,3.95648,0,0,0,1,1
21,19,12,43,2,minhop-mesh,1,1,1,5,"[[12, 6, 17, 43], [12, 27, 43], [12, 37, 44, 43], [12, 41, 13, 43], [12, 47, 43]]","[12, 47, 43]",1,1,3.95648,0,0,0,1,1
21,19,12,43,2,meshcore-like,1,1,1,5,"[[12, 6, 17, 43], [12, 27, 43], [12, 37, 44, 43], [12, 41, 13, 43], [12, 47, 43]]","[12, 27, 43]",1,1,3.95648,0,0,0,1,1
21,20,39,40,2,meshecho,1,1,1,3,"[[39, 10, 19, 40], [39, 30, 17, 40], [39, 40]]","[39, 10, 19, 40]",0,0,3.5968,0,0,0,1,1
21,20,39,40,2,etx-mesh,1,1,1,3,"[[39, 10, 19, 40], [39, 30, 17, 40], [39, 40]]","[39, 40]",0,0,3.5968,0,0,0,1,1
21,20,39,40,2,minhop-mesh,1,1,1,3,"[[39, 10, 19, 40], [39, 30, 17, 40], [39, 40]]","[39, 40]",0,0,3.5968,0,0,0,1,1
21,20,39,40,2,meshcore-like,1,1,1,3,"[[39, 10, 19, 40], [39, 30, 17, 40], [39, 40]]","[39, 40]",0,0,3.5968,0,0,0,1,1
21,21,31,14,2,meshecho,1,1,1,1,"[[31, 23, 14]]","[31, 23, 14]",1,1,3.95648,0,0,0,1,0
21,21,31,14,2,etx-mesh,1,1,1,1,"[[31, 23, 14]]","[31, 23, 14]",1,1,3.95648,0,0,0,1,0
21,21,31,14,2,minhop-mesh,1,1,1,1,"[[31, 23, 14]]","[31, 23, 14]",1,1,3.95648,0,0,0,1,0
21,21,31,14,2,meshcore-like,1,1,1,1,"[[31, 23, 14]]","[31, 23, 14]",1,1,3.95648,0,0,0,1,0
21,22,44,24,2,meshecho,1,1,1,5,"[[44, 4, 20, 24], [44, 9, 49, 24], [44, 18, 24], [44, 24], [44, 46, 24]]","[44, 46, 24]",1,1,3.95648,0,0,0,1,1
21,22,44,24,2,etx-mesh,1,1,1,5,"[[44, 4, 20, 24], [44, 9, 49, 24], [44, 18, 24], [44, 24], [44, 46, 24]]","[44, 24]",1,1,3.740672,0,0,0,1,1
21,22,44,24,2,minhop-mesh,1,1,1,5,"[[44, 4, 20, 24], [44, 9, 49, 24], [44, 18, 24], [44, 24], [44, 46, 24]]","[44, 24]",1,1,3.740672,0,0,0,1,1
21,22,44,24,2,meshcore-like,1,1,1,5,"[[44, 4, 20, 24], [44, 9, 49, 24], [44, 18, 24], [44, 24], [44, 46, 24]]","[44, 24]",1,1,3.740672,0,0,0,1,1
21,23,4,14,2,meshecho,1,1,1,3,"[[4, 5, 26, 14], [4, 14], [4, 23, 14]]","[4, 23, 14]",1,1,3.95648,0,0,0,1,1
21,23,4,14,2,etx-mesh,1,1,1,3,"[[4, 5, 26, 14], [4, 14], [4, 23, 14]]","[4, 14]",1,1,3.740672,0,0,0,1,1
21,23,4,14,2,minhop-mesh,1,1,1,3,"[[4, 5, 26, 14], [4, 14], [4, 23, 14]]","[4, 14]",1,1,3.740672,0,0,0,1,1
21,23,4,14,2,meshcore-like,1,1,1,3,"[[4, 5, 26, 14], [4, 14], [4, 23, 14]]","[4, 14]",1,1,3.740672,0,0,0,1,1
21,24,20,40,2,meshecho,1,1,1,3,"[[20, 6, 40], [20, 40], [20, 43, 13, 40]]","[20, 6, 40]",1,1,3.95648,0,0,0,1,1
21,24,20,40,2,etx-mesh,1,1,1,3,"[[20, 6, 40], [20, 40], [20, 43, 13, 40]]","[20, 40]",1,1,3.740672,0,0,0,1,1
21,24,20,40,2,minhop-mesh,1,1,1,3,"[[20, 6, 40], [20, 40], [20, 43, 13, 40]]","[20, 40]",1,1,3.740672,0,0,0,1,1
21,24,20,40,2,meshcore-like,1,1,1,3,"[[20, 6, 40], [20, 40], [20, 43, 13, 40]]","[20, 40]",1,1,3.740672,0,0,0,1,1
22,1,2,38,2,meshecho,1,1,1,2,"[[2, 37, 38], [2, 49, 5, 38]]","[2, 37, 38]",1,1,3.95648,0,0,0,1,1
22,1,2,38,2,etx-mesh,1,1,1,2,"[[2, 37, 38], [2, 49, 5, 38]]","[2, 37, 38]",1,1,3.95648,0,0,0,1,1
22,1,2,38,2,minhop-mesh,1,1,1,2,"[[2, 37, 38], [2, 49, 5, 38]]","[2, 37, 38]",1,1,3.95648,0,0,0,1,1
22,1,2,38,2,meshcore-like,1,1,1,2,"[[2, 37, 38], [2, 49, 5, 38]]","[2, 37, 38]",1,1,3.95648,0,0,0,1,1
22,2,17,10,2,meshecho,1,1,1,2,"[[17, 3, 10], [17, 36, 10]]","[17, 3, 10]",1,1,3.95648,0,0,0,1,1
22,2,17,10,2,etx-mesh,1,1,1,2,"[[17, 3, 10], [17, 36, 10]]","[17, 3, 10]",1,1,3.95648,0,0,0,1,1
22,2,17,10,2,minhop-mesh,1,1,1,2,"[[17, 3, 10], [17, 36, 10]]","[17, 3, 10]",1,1,3.95648,0,0,0,1,1
22,2,17,10,2,meshcore-like,1,1,1,2,"[[17, 3, 10], [17, 36, 10]]","[17, 3, 10]",1,1,3.95648,0,0,0,1,1
22,3,8,45,2,meshecho,1,1,1,3,"[[8, 13, 41, 45], [8, 24, 34, 45], [8, 37, 1, 45]]","[8, 24, 34, 45]",0,0,3.95648,0,0,0,1,1
22,3,8,45,2,etx-mesh,1,1,1,3,"[[8, 13, 41, 45], [8, 24, 34, 45], [8, 37, 1, 45]]","[8, 13, 41, 45]",0,0,3.95648,0,0,0,1,1
22,3,8,45,2,minhop-mesh,1,1,1,3,"[[8, 13, 41, 45], [8, 24, 34, 45], [8, 37, 1, 45]]","[8, 24, 34, 45]",0,0,3.95648,0,0,0,1,1
22,3,8,45,2,meshcore-like,1,1,1,3,"[[8, 13, 41, 45], [8, 24, 34, 45], [8, 37, 1, 45]]","[8, 13, 41, 45]",0,0,3.95648,0,0,0,1,1
22,4,22,11,2,meshecho,1,1,1,2,"[[22, 11], [22, 12, 11]]","[22, 12, 11]",1,1,3.95648,0,0,0,1,1
22,4,22,11,2,etx-mesh,1,1,1,2,"[[22, 11], [22, 12, 11]]","[22, 11]",0,0,3.5968,0,0,0,1,1
22,4,22,11,2,minhop-mesh,1,1,1,2,"[[22, 11], [22, 12, 11]]","[22, 11]",0,0,3.5968,0,0,0,1,1
22,4,22,11,2,meshcore-like,1,1,1,2,"[[22, 11], [22, 12, 11]]","[22, 11]",0,0,3.5968,0,0,0,1,1
22,5,39,22,2,meshecho,1,1,1,3,"[[39, 13, 22], [39, 19, 22], [39, 22]]","[39, 19, 22]",1,1,3.95648,0,0,0,1,1
22,5,39,22,2,etx-mesh,1,1,1,3,"[[39, 13, 22], [39, 19, 22], [39, 22]]","[39, 13, 22]",1,1,3.95648,0,0,0,1,1
22,5,39,22,2,minhop-mesh,1,1,1,3,"[[39, 13, 22], [39, 19, 22], [39, 22]]","[39, 22]",0,0,3.5968,0,0,0,1,1
22,5,39,22,2,meshcore-like,1,1,1,3,"[[39, 13, 22], [39, 19, 22], [39, 22]]","[39, 22]",0,0,3.5968,0,0,0,1,1
22,6,11,47,2,meshecho,1,1,1,4,"[[11, 13, 47], [11, 31, 6, 47], [11, 34, 42, 47], [11, 47]]","[11, 31, 6, 47]",1,1,4.172288,0,0,0,1,1
22,6,11,47,2,etx-mesh,1,1,1,4,"[[11, 13, 47], [11, 31, 6, 47], [11, 34, 42, 47], [11, 47]]","[11, 47]",1,1,3.740672,0,0,0,1,1
22,6,11,47,2,minhop-mesh,1,1,1,4,"[[11, 13, 47], [11, 31, 6, 47], [11, 34, 42, 47], [11, 47]]","[11, 47]",1,1,3.740672,0,0,0,1,1
22,6,11,47,2,meshcore-like,1,1,1,4,"[[11, 13, 47], [11, 31, 6, 47], [11, 34, 42, 47], [11, 47]]","[11, 47]",1,1,3.740672,0,0,0,1,1
22,7,49,43,2,meshecho,1,1,1,8,"[[49, 1, 38, 43], [49, 2, 43], [49, 17, 26, 43], [49, 18, 43], [49, 27, 43], [49, 28, 25, 43], [49, 28, 43], [49, 43]]","[49, 18, 43]",0,0,3.740672,0,0,0,1,1
22,7,49,43,2,etx-mesh,1,1,1,8,"[[49, 1, 38, 43], [49, 2, 43], [49, 17, 26, 43], [49, 18, 43], [49, 27, 43], [49, 28, 25, 43], [49, 28, 43], [49, 43]]","[49, 43]",0,0,3.5968,0,0,0,1,1
22,7,49,43,2,minhop-mesh,1,1,1,8,"[[49, 1, 38, 43], [49, 2, 43], [49, 17, 26, 43], [49, 18, 43], [49, 27, 43], [49, 28, 25, 43], [49, 28, 43], [49, 43]]","[49, 43]",0,0,3.5968,0,0,0,1,1
22,7,49,43,2,meshcore-like,1,1,1,8,"[[49, 1, 38, 43], [49, 2, 43], [49, 17, 26, 43], [49, 18, 43], [49, 27, 43], [49, 28, 25, 43], [49, 28, 43], [49, 43]]","[49, 43]",0,0,3.5968,0,0,0,1,1
22,8,45,3,2,meshecho,1,1,1,2,"[[45, 10, 3], [45, 36, 3]]","[45, 10, 3]",1,1,3.95648,0,0,0,1,1
22,8,45,3,2,etx-mesh,1,1,1,2,"[[45, 10, 3], [45, 36, 3]]","[45, 10, 3]",1,1,3.95648,0,0,0,1,1
22,8,45,3,2,minhop-mesh,1,1,1,2,"[[45, 10, 3], [45, 36, 3]]","[45, 10, 3]",1,1,3.95648,0,0,0,1,1
22,8,45,3,2,meshcore-like,1,1,1,2,"[[45, 10, 3], [45, 36, 3]]","[45, 10, 3]",1,1,3.95648,0,0,0,1,1
22,9,28,5,2,meshecho,1,1,1,6,"[[28, 0, 42, 5], [28, 5], [28, 10, 36, 5], [28, 37, 38, 5], [28, 45, 5], [28, 49, 5]]","[28, 45, 5]",0,0,3.740672,0,0,0,1,1
22,9,28,5,2,etx-mesh,1,1,1,6,"[[28, 0, 42, 5], [28, 5], [28, 10, 36, 5], [28, 37, 38, 5], [28, 45, 5], [28, 49, 5]]","[28, 5]",1,0,3.740672,0,0,0,1,1
22,9,28,5,2,minhop-mesh,1,1,1,6,"[[28, 0, 42, 5], [28, 5], [28, 10, 36, 5], [28, 37, 38, 5], [28, 45, 5], [28, 49, 5]]","[28, 5]",1,0,3.740672,0,0,0,1,1
22,9,28,5,2,meshcore-like,1,1,1,6,"[[28, 0, 42, 5], [28, 5], [28, 10, 36, 5], [28, 37, 38, 5], [28, 45, 5], [28, 49, 5]]","[28, 5]",1,0,3.740672,0,0,0,1,1
22,10,3,45,2,meshecho,1,1,1,5,"[[3, 1, 45], [3, 17, 26, 45], [3, 20, 42, 45], [3, 20, 45], [3, 24, 45]]","[3, 1, 45]",0,0,3.740672,0,0,0,1,1
22,10,3,45,2,etx-mesh,1,1,1,5,"[[3, 1, 45], [3, 17, 26, 45], [3, 20, 42, 45], [3, 20, 45], [3, 24, 45]]","[3, 24, 45]",0,0,3.740672,0,0,0,1,1
22,10,3,45,2,minhop-mesh,1,1,1,5,"[[3, 1, 45], [3, 17, 26, 45], [3, 20, 42, 45], [3, 20, 45], [3, 24, 45]]","[3, 1, 45]",0,0,3.740672,0,0,0,1,1
22,10,3,45,2,meshcore-like,1,1,1,5,"[[3, 1, 45], [3, 17, 26, 45], [3, 20, 42, 45], [3, 20, 45], [3, 24, 45]]","[3, 1, 45]",0,0,3.740672,0,0,0,1,1
22,11,49,2,2,meshecho,1,1,1,3,"[[49, 2], [49, 18, 26, 2], [49, 27, 2]]","[49, 27, 2]",0,0,3.668736,0,0,0,1,1
22,11,49,2,2,etx-mesh,1,1,1,3,"[[49, 2], [49, 18, 26, 2], [49, 27, 2]]","[49, 27, 2]",0,0,3.668736,0,0,0,1,1
22,11,49,2,2,minhop-mesh,1,1,1,3,"[[49, 2], [49, 18, 26, 2], [49, 27, 2]]","[49, 2]",0,0,3.5968,0,0,0,1,1
22,11,49,2,2,meshcore-like,1,1,1,3,"[[49, 2], [49, 18, 26, 2], [49, 27, 2]]","[49, 2]",0,0,3.5968,0,0,0,1,1
22,12,21,26,2,meshecho,1,1,1,2,"[[21, 33, 26], [21, 45, 0, 26]]","[21, 45, 0, 26]",0,0,3.812608,0,0,0,1,1
22,12,21,26,2,etx-mesh,1,1,1,2,"[[21, 33, 26], [21, 45, 0, 26]]","[21, 33, 26]",1,1,3.95648,0,0,0,1,1
22,12,21,26,2,minhop-mesh,1,1,1,2,"[[21, 33, 26], [21, 45, 0, 26]]","[21, 33, 26]",1,1,3.95648,0,0,0,1,1
22,12,21,26,2,meshcore-like,1,1,1,2,"[[21, 33, 26], [21, 45, 0, 26]]","[21, 33, 26]",1,1,3.95648,0,0,0,1,1
22,13,12,42,2,meshecho,1,1,1,3,"[[12, 1, 42], [12, 37, 41, 42], [12, 38, 42]]","[12, 38, 42]",1,1,3.95648,0,0,0,1,1
22,13,12,42,2,etx-mesh,1,1,1,3,"[[12, 1, 42], [12, 37, 41, 42], [12, 38, 42]]","[12, 38, 42]",1,1,3.95648,0,0,0,1,1
22,13,12,42,2,minhop-mesh,1,1,1,3,"[[12, 1, 42], [12, 37, 41, 42], [12, 38, 42]]","[12, 38, 42]",1,1,3.95648,0,0,0,1,1
22,13,12,42,2,meshcore-like,1,1,1,3,"[[12, 1, 42], [12, 37, 41, 42], [12, 38, 42]]","[12, 1, 42]",1,1,3.95648,0,0,0,1,1
22,14,49,22,2,meshecho,1,1,1,5,"[[49, 18, 26, 22], [49, 19, 22], [49, 22], [49, 46, 22], [49, 48, 41, 22]]","[49, 19, 22]",1,1,3.95648,0,0,0,1,1
22,14,49,22,2,etx-mesh,1,1,1,5,"[[49, 18, 26, 22], [49, 19, 22], [49, 22], [49, 46, 22], [49, 48, 41, 22]]","[49, 19, 22]",1,1,3.95648,0,0,0,1,1
22,14,49,22,2,minhop-mesh,1,1,1,5,"[[49, 18, 26, 22], [49, 19, 22], [49, 22], [49, 46, 22], [49, 48, 41, 22]]","[49, 22]",0,0,3.5968,0,0,0,1,1
22,14,49,22,2,meshcore-like,1,1,1,5,"[[49, 18, 26, 22], [49, 19, 22], [49, 22], [49, 46, 22], [49, 48, 41, 22]]","[49, 22]",0,0,3.5968,0,0,0,1,1
22,15,4,37,2,meshecho,1,1,1,5,"[[4, 0, 24, 37], [4, 0, 37], [4, 0, 42, 37], [4, 1, 37], [4, 37]]","[4, 1, 37]",0,0,3.5968,0,0,0,1,1
22,15,4,37,2,etx-mesh,1,1,1,5,"[[4, 0, 24, 37], [4, 0, 37], [4, 0, 42, 37], [4, 1, 37], [4, 37]]","[4, 37]",0,0,3.668736,0,0,0,1,1
22,15,4,37,2,minhop-mesh,1,1,1,5,"[[4, 0, 24, 37], [4, 0, 37], [4, 0, 42, 37], [4, 1, 37], [4, 37]]","[4, 37]",0,0,3.668736,0,0,0,1,1
22,15,4,37,2,meshcore-like,1,1,1,5,"[[4, 0, 24, 37], [4, 0, 37], [4, 0, 42, 37], [4, 1, 37], [4, 37]]","[4, 37]",0,0,3.668736,0,0,0,1,1
22,16,14,46,2,meshecho,1,1,1,0,[],null,0,0,3.524864,0,1,0,1,0
22,16,14,46,2,etx-mesh,1,1,1,0,[],null,0,0,3.524864,0,1,0,1,0
22,16,14,46,2,minhop-mesh,1,1,1,0,[],null,0,0,3.524864,0,1,0,1,0
22,16,14,46,2,meshcore-like,1,1,1,0,[],null,0,0,3.524864,0,0,0,1,0
22,17,22,30,2,meshecho,1,1,1,3,"[[22, 9, 30], [22, 30], [22, 40, 8, 30]]","[22, 9, 30]",0,0,3.740672,0,0,0,1,1
22,17,22,30,2,etx-mesh,1,1,1,3,"[[22, 9, 30], [22, 30], [22, 40, 8, 30]]","[22, 30]",0,0,3.5968,0,0,0,1,1
22,17,22,30,2,minhop-mesh,1,1,1,3,"[[22, 9, 30], [22, 30], [22, 40, 8, 30]]","[22, 30]",0,0,3.5968,0,0,0,1,1
22,17,22,30,2,meshcore-like,1,1,1,3,"[[22, 9, 30], [22, 30], [22, 40, 8, 30]]","[22, 30]",0,0,3.5968,0,0,0,1,1
22,18,33,27,2,meshecho,1,1,1,4,"[[33, 2, 27], [33, 25, 27], [33, 27], [33, 28, 27]]","[33, 28, 27]",1,1,3.95648,0,0,0,1,1
22,18,33,27,2,etx-mesh,1,1,1,4,"[[33, 2, 27], [33, 25, 27], [33, 27], [33, 28, 27]]","[33, 27]",1,0,3.740672,0,0,0,1,1
22,18,33,27,2,minhop-mesh,1,1,1,4,"[[33, 2, 27], [33, 25, 27], [33, 27], [33, 28, 27]]","[33, 27]",1,0,3.740672,0,0,0,1,1
22,18,33,27,2,meshcore-like,1,1,1,4,"[[33, 2, 27], [33, 25, 27], [33, 27], [33, 28, 27]]","[33, 27]",1,0,3.740672,0,0,0,1,1
22,19,10,48,2,meshecho,1,1,1,9,"[[10, 13, 48], [10, 25, 29, 48], [10, 26, 17, 48], [10, 33, 48], [10, 41, 22, 48], [10, 41, 48], [10, 45, 1, 48], [10, 47, 48], [10, 48]]","[10, 47, 48]",1,1,3.95648,0,0,0,1,1
22,19,10,48,2,etx-mesh,1,1,1,9,"[[10, 13, 48], [10, 25, 29, 48], [10, 26, 17, 48], [10, 33, 48], [10, 41, 22, 48], [10, 41, 48], [10, 45, 1, 48], [10, 47, 48], [10, 48]]","[10, 48]",1,1,3.740672,0,0,0,1,1
22,19,10,48,2,minhop-mesh,1,1,1,9,"[[10, 13, 48], [10, 25, 29, 48], [10, 26, 17, 48], [10, 33, 48], [10, 41, 22, 48], [10, 41, 48], [10, 45, 1, 48], [10, 47, 48], [10, 48]]","[10, 48]",1,1,3.740672,0,0,0,1,1
22,19,10,48,2,meshcore-like,1,1,1,9,"[[10, 13, 48], [10, 25, 29, 48], [10, 26, 17, 48], [10, 33, 48], [10, 41, 22, 48], [10, 41, 48], [10, 45, 1, 48], [10, 47, 48], [10, 48]]","[10, 48]",1,1,3.740672,0,0,0,1,1
22,20,2,44,2,meshecho,1,1,1,5,"[[2, 24, 44], [2, 35, 44], [2, 37, 38, 44], [2, 44], [2, 49, 5, 44]]","[2, 24, 44]",1,1,3.95648,0,0,0,1,1
22,20,2,44,2,etx-mesh,1,1,1,5,"[[2, 24, 44], [2, 35, 44], [2, 37, 38, 44], [2, 44], [2, 49, 5, 44]]","[2, 44]",1,1,3.740672,0,0,0,1,1
22,20,2,44,2,minhop-mesh,1,1,1,5,"[[2, 24, 44], [2, 35, 44], [2, 37, 38, 44], [2, 44], [2, 49, 5, 44]]","[2, 44]",1,1,3.740672,0,0,0,1,1
22,20,2,44,2,meshcore-like,1,1,1,5,"[[2, 24, 44], [2, 35, 44], [2, 37, 38, 44], [2, 44], [2, 49, 5, 44]]","[2, 44]",1,1,3.740672,0,0,0,1,1
22,21,16,21,2,meshecho,1,1,1,4,"[[16, 3, 21], [16, 7, 21], [16, 14, 21], [16, 24, 21]]","[16, 14, 21]",1,1,3.95648,0,0,0,1,1
22,21,16,21,2,etx-mesh,1,1,1,4,"[[16, 3, 21], [16, 7, 21], [16, 14, 21], [16, 24, 21]]","[16, 24, 21]",1,1,3.95648,0,0,0,1,1
22,21,16,21,2,minhop-mesh,1,1,1,4,"[[16, 3, 21], [16, 7, 21], [16, 14, 21], [16, 24, 21]]","[16, 14, 21]",1,1,3.95648,0,0,0,1,1
22,21,16,21,2,meshcore-like,1,1,1,4,"[[16, 3, 21], [16, 7, 21], [16, 14, 21], [16, 24, 21]]","[16, 3, 21]",1,1,3.95648,0,0,0,1,1
22,22,33,21,2,meshecho,1,1,1,6,"[[33, 5, 49, 21], [33, 7, 14, 21], [33, 7, 21], [33, 11, 21], [33, 21], [33, 25, 21]]","[33, 7, 21]",1,1,3.95648,0,0,0,1,1
22,22,33,21,2,etx-mesh,1,1,1,6,"[[33, 5, 49, 21], [33, 7, 14, 21], [33, 7, 21], [33, 11, 21], [33, 21], [33, 25, 21]]","[33, 21]",1,1,3.740672,0,0,0,1,1
22,22,33,21,2,minhop-mesh,1,1,1,6,"[[33, 5, 49, 21], [33, 7, 14, 21], [33, 7, 21], [33, 11, 21], [33, 21], [33, 25, 21]]","[33, 21]",1,1,3.740672,0,0,0,1,1
22,22,33,21,2,meshcore-like,1,1,1,6,"[[33, 5, 49, 21], [33, 7, 14, 21], [33, 7, 21], [33, 11, 21], [33, 21], [33, 25, 21]]","[33, 21]",1,1,3.740672,0,0,0,1,1
22,23,46,14,2,meshecho,1,1,1,5,"[[46, 7, 14], [46, 21, 14], [46, 32, 14], [46, 35, 20, 14], [46, 39, 49, 14]]","[46, 21, 14]",1,1,3.95648,0,0,0,1,1
22,23,46,14,2,etx-mesh,1,1,1,5,"[[46, 7, 14], [46, 21, 14], [46, 32, 14], [46, 35, 20, 14], [46, 39, 49, 14]]","[46, 32, 14]",1,1,3.95648,0,0,0,1,1
22,23,46,14,2,minhop-mesh,1,1,1,5,"[[46, 7, 14], [46, 21, 14], [46, 32, 14], [46, 35, 20, 14], [46, 39, 49, 14]]","[46, 21, 14]",1,1,3.95648,0,0,0,1,1
22,23,46,14,2,meshcore-like,1,1,1,5,"[[46, 7, 14], [46, 21, 14], [46, 32, 14], [46, 35, 20, 14], [46, 39, 49, 14]]","[46, 7, 14]",0,0,3.740672,0,0,0,1,1
22,24,3,41,2,meshecho,1,1,1,6,"[[3, 1, 45, 41], [3, 13, 41], [3, 18, 26, 41], [3, 33, 41], [3, 47, 41], [3, 48, 41]]","[3, 13, 41]",0,0,3.740672,0,0,0,1,1
22,24,3,41,2,etx-mesh,1,1,1,6,"[[3, 1, 45, 41], [3, 13, 41], [3, 18, 26, 41], [3, 33, 41], [3, 47, 41], [3, 48, 41]]","[3, 33, 41]",0,0,3.740672,0,0,0,1,1
22,24,3,41,2,minhop-mesh,1,1,1,6,"[[3, 1, 45, 41], [3, 13, 41], [3, 18, 26, 41], [3, 33, 41], [3, 47, 41], [3, 48, 41]]","[3, 13, 41]",0,0,3.740672,0,0,0,1,1
22,24,3,41,2,meshcore-like,1,1,1,6,"[[3, 1, 45, 41], [3, 13, 41], [3, 18, 26, 41], [3, 33, 41], [3, 47, 41], [3, 48, 41]]","[3, 13, 41]",0,0,3.740672,0,0,0,1,1
23,1,47,39,2,meshecho,1,1,1,2,"[[47, 39], [47, 48, 39]]","[47, 48, 39]",1,1,3.95648,0,0,0,1,1
23,1,47,39,2,etx-mesh,1,1,1,2,"[[47, 39], [47, 48, 39]]","[47, 39]",1,1,3.740672,0,0,0,1,1
23,1,47,39,2,minhop-mesh,1,1,1,2,"[[47, 39], [47, 48, 39]]","[47, 39]",1,1,3.740672,0,0,0,1,1
23,1,47,39,2,meshcore-like,1,1,1,2,"[[47, 39], [47, 48, 39]]","[47, 39]",1,1,3.740672,0,0,0,1,1
23,2,21,33,2,meshecho,1,1,1,6,"[[21, 1, 33], [21, 17, 33], [21, 19, 30, 33], [21, 25, 27, 33], [21, 25, 33], [21, 41, 16, 33]]","[21, 25, 33]",1,1,3.95648,0,0,0,1,1
23,2,21,33,2,etx-mesh,1,1,1,6,"[[21, 1, 33], [21, 17, 33], [21, 19, 30, 33], [21, 25, 27, 33], [21, 25, 33], [21, 41, 16, 33]]","[21, 1, 33]",1,1,3.95648,0,0,0,1,1
23,2,21,33,2,minhop-mesh,1,1,1,6,"[[21, 1, 33], [21, 17, 33], [21, 19, 30, 33], [21, 25, 27, 33], [21, 25, 33], [21, 41, 16, 33]]","[21, 25, 33]",1,1,3.95648,0,0,0,1,1
23,2,21,33,2,meshcore-like,1,1,1,6,"[[21, 1, 33], [21, 17, 33], [21, 19, 30, 33], [21, 25, 27, 33], [21, 25, 33], [21, 41, 16, 33]]","[21, 1, 33]",1,1,3.95648,0,0,0,1,1
23,3,42,48,2,meshecho,1,1,1,4,"[[42, 1, 48], [42, 13, 48], [42, 30, 48], [42, 39, 48]]","[42, 39, 48]",1,1,3.95648,0,0,0,1,1
23,3,42,48,2,etx-mesh,1,1,1,4,"[[42, 1, 48], [42, 13, 48], [42, 30, 48], [42, 39, 48]]","[42, 1, 48]",0,0,3.5968,0,0,0,1,1
23,3,42,48,2,minhop-mesh,1,1,1,4,"[[42, 1, 48], [42, 13, 48], [42, 30, 48], [42, 39, 48]]","[42, 39, 48]",1,1,3.95648,0,0,0,1,1
23,3,42,48,2,meshcore-like,1,1,1,4,"[[42, 1, 48], [42, 13, 48], [42, 30, 48], [42, 39, 48]]","[42, 1, 48]",0,0,3.5968,0,0,0,1,1
23,4,46,48,2,meshecho,1,1,1,4,"[[46, 13, 48], [46, 30, 48], [46, 39, 48], [46, 48]]","[46, 13, 48]",1,1,3.884544,0,0,0,1,1
23,4,46,48,2,etx-mesh,1,1,1,4,"[[46, 13, 48], [46, 30, 48], [46, 39, 48], [46, 48]]","[46, 48]",1,1,3.668736,0,0,0,1,1
23,4,46,48,2,minhop-mesh,1,1,1,4,"[[46, 13, 48], [46, 30, 48], [46, 39, 48], [46, 48]]","[46, 48]",1,1,3.668736,0,0,0,1,1
23,4,46,48,2,meshcore-like,1,1,1,4,"[[46, 13, 48], [46, 30, 48], [46, 39, 48], [46, 48]]","[46, 48]",1,1,3.668736,0,0,0,1,1
23,5,6,24,2,meshecho,1,1,1,7,"[[6, 13, 25, 24], [6, 24], [6, 26, 45, 24], [6, 32, 24], [6, 34, 24], [6, 47, 17, 24], [6, 49, 24]]","[6, 49, 24]",0,0,3.668736,0,0,0,1,1
23,5,6,24,2,etx-mesh,1,1,1,7,"[[6, 13, 25, 24], [6, 24], [6, 26, 45, 24], [6, 32, 24], [6, 34, 24], [6, 47, 17, 24], [6, 49, 24]]","[6, 24]",0,0,3.5968,0,0,0,1,1
23,5,6,24,2,minhop-mesh,1,1,1,7,"[[6, 13, 25, 24], [6, 24], [6, 26, 45, 24], [6, 32, 24], [6, 34, 24], [6, 47, 17, 24], [6, 49, 24]]","[6, 24]",0,0,3.5968,0,0,0,1,1
23,5,6,24,2,meshcore-like,1,1,1,7,"[[6, 13, 25, 24], [6, 24], [6, 26, 45, 24], [6, 32, 24], [6, 34, 24], [6, 47, 17, 24], [6, 49, 24]]","[6, 24]",0,0,3.5968,0,0,0,1,1
23,6,45,0,2,meshecho,1,1,1,1,"[[45, 15, 32, 0]]","[45, 15, 32, 0]",1,1,4.172288,0,0,0,1,0
23,6,45,0,2,etx-mesh,1,1,1,1,"[[45, 15, 32, 0]]","[45, 15, 32, 0]",1,1,4.172288,0,0,0,1,0
23,6,45,0,2,minhop-mesh,1,1,1,1,"[[45, 15, 32, 0]]","[45, 15, 32, 0]",1,1,4.172288,0,0,0,1,0
23,6,45,0,2,meshcore-like,1,1,1,1,"[[45, 15, 32, 0]]","[45, 15, 32, 0]",1,1,4.172288,0,0,0,1,0
23,7,43,39,2,meshecho,1,1,1,4,"[[43, 13, 48, 39], [43, 19, 39], [43, 29, 39], [43, 39]]","[43, 29, 39]",1,1,3.95648,0,0,0,1,1
23,7,43,39,2,etx-mesh,1,1,1,4,"[[43, 13, 48, 39], [43, 19, 39], [43, 29, 39], [43, 39]]","[43, 39]",0,0,3.668736,0,0,0,1,1
23,7,43,39,2,minhop-mesh,1,1,1,4,"[[43, 13, 48, 39], [43, 19, 39], [43, 29, 39], [43, 39]]","[43, 39]",0,0,3.668736,0,0,0,1,1
23,7,43,39,2,meshcore-like,1,1,1,4,"[[43, 13, 48, 39], [43, 19, 39], [43, 29, 39], [43, 39]]","[43, 39]",0,0,3.668736,0,0,0,1,1
23,8,8,48,2,meshecho,1,1,1,4,"[[8, 26, 45, 48], [8, 30, 39, 48], [8, 30, 48], [8, 33, 48]]","[8, 30, 48]",1,1,3.95648,0,0,0,1,1
23,8,8,48,2,etx-mesh,1,1,1,4,"[[8, 26, 45, 48], [8, 30, 39, 48], [8, 30, 48], [8, 33, 48]]","[8, 33, 48]",1,1,3.95648,0,0,0,1,1
23,8,8,48,2,minhop-mesh,1,1,1,4,"[[8, 26, 45, 48], [8, 30, 39, 48], [8, 30, 48], [8, 33, 48]]","[8, 30, 48]",1,1,3.95648,0,0,0,1,1
23,8,8,48,2,meshcore-like,1,1,1,4,"[[8, 26, 45, 48], [8, 30, 39, 48], [8, 30, 48], [8, 33, 48]]","[8, 30, 48]",1,1,3.95648,0,0,0,1,1
23,9,39,37,2,meshecho,1,1,1,3,"[[39, 10, 18, 37], [39, 10, 37], [39, 36, 15, 37]]","[39, 10, 37]",0,0,3.740672,0,0,0,1,1
23,9,39,37,2,etx-mesh,1,1,1,3,"[[39, 10, 18, 37], [39, 10, 37], [39, 36, 15, 37]]","[39, 10, 37]",0,0,3.740672,0,0,0,1,1
23,9,39,37,2,minhop-mesh,1,1,1,3,"[[39, 10, 18, 37], [39, 10, 37], [39, 36, 15, 37]]","[39, 10, 37]",0,0,3.740672,0,0,0,1,1
23,9,39,37,2,meshcore-like,1,1,1,3,"[[39, 10, 18, 37], [39, 10, 37], [39, 36, 15, 37]]","[39, 10, 37]",0,0,3.740672,0,0,0,1,1
23,10,27,32,2,meshecho,1,1,1,3,"[[27, 15, 32], [27, 31, 32], [27, 34, 32]]","[27, 34, 32]",1,1,3.95648,0,0,0,1,1
23,10,27,32,2,etx-mesh,1,1,1,3,"[[27, 15, 32], [27, 31, 32], [27, 34, 32]]","[27, 31, 32]",1,1,3.95648,0,0,0,1,1
23,10,27,32,2,minhop-mesh,1,1,1,3,"[[27, 15, 32], [27, 31, 32], [27, 34, 32]]","[27, 34, 32]",1,1,3.95648,0,0,0,1,1
23,10,27,32,2,meshcore-like,1,1,1,3,"[[27, 15, 32], [27, 31, 32], [27, 34, 32]]","[27, 15, 32]",1,1,3.95648,0,0,0,1,1
23,11,10,48,2,meshecho,1,1,1,3,"[[10, 22, 45, 48], [10, 39, 48], [10, 44, 48]]","[10, 44, 48]",1,1,3.95648,0,0,0,1,1
23,11,10,48,2,etx-mesh,1,1,1,3,"[[10, 22, 45, 48], [10, 39, 48], [10, 44, 48]]","[10, 44, 48]",1,1,3.95648,0,0,0,1,1
23,11,10,48,2,minhop-mesh,1,1,1,3,"[[10, 22, 45, 48], [10, 39, 48], [10, 44, 48]]","[10, 44, 48]",1,1,3.95648,0,0,0,1,1
23,11,10,48,2,meshcore-like,1,1,1,3,"[[10, 22, 45, 48], [10, 39, 48], [10, 44, 48]]","[10, 39, 48]",1,1,3.95648,0,0,0,1,1
23,12,13,38,2,meshecho,1,1,1,6,"[[13, 5, 38], [13, 8, 38], [13, 15, 38], [13, 35, 45, 38], [13, 38], [13, 46, 38]]","[13, 15, 38]",1,1,3.95648,0,0,0,1,1
23,12,13,38,2,etx-mesh,1,1,1,6,"[[13, 5, 38], [13, 8, 38], [13, 15, 38], [13, 35, 45, 38], [13, 38], [13, 46, 38]]","[13, 38]",0,0,3.668736,0,0,0,1,1
23,12,13,38,2,minhop-mesh,1,1,1,6,"[[13, 5, 38], [13, 8, 38], [13, 15, 38], [13, 35, 45, 38], [13, 38], [13, 46, 38]]","[13, 38]",0,0,3.668736,0,0,0,1,1
23,12,13,38,2,meshcore-like,1,1,1,6,"[[13, 5, 38], [13, 8, 38], [13, 15, 38], [13, 35, 45, 38], [13, 38], [13, 46, 38]]","[13, 38]",0,0,3.668736,0,0,0,1,1
23,13,21,30,2,meshecho,1,1,1,3,"[[21, 13, 30], [21, 19, 30], [21, 28, 30]]","[21, 19, 30]",0,0,3.668736,0,0,0,1,1
23,13,21,30,2,etx-mesh,1,1,1,3,"[[21, 13, 30], [21, 19, 30], [21, 28, 30]]","[21, 19, 30]",0,0,3.668736,0,0,0,1,1
23,13,21,30,2,minhop-mesh,1,1,1,3,"[[21, 13, 30], [21, 19, 30], [21, 28, 30]]","[21, 19, 30]",0,0,3.668736,0,0,0,1,1
23,13,21,30,2,meshcore-like,1,1,1,3,"[[21, 13, 30], [21, 19, 30], [21, 28, 30]]","[21, 13, 30]",0,0,3.668736,0,0,0,1,1
23,14,2,43,2,meshecho,1,1,1,6,"[[2, 4, 43], [2, 6, 43], [2, 18, 43], [2, 21, 43], [2, 43], [2, 47, 17, 43]]","[2, 21, 43]",1,1,3.95648,0,0,0,1,1
23,14,2,43,2,etx-mesh,1,1,1,6,"[[2, 4, 43], [2, 6, 43], [2, 18, 43], [2, 21, 43], [2, 43], [2, 47, 17, 43]]","[2, 43]",1,1,3.740672,0,0,0,1,1
23,14,2,43,2,minhop-mesh,1,1,1,6,"[[2, 4, 43], [2, 6, 43], [2, 18, 43], [2, 21, 43], [2, 43], [2, 47, 17, 43]]","[2, 43]",1,1,3.740672,0,0,0,1,1
23,14,2,43,2,meshcore-like,1,1,1,6,"[[2, 4, 43], [2, 6, 43], [2, 18, 43], [2, 21, 43], [2, 43], [2, 47, 17, 43]]","[2, 43]",1,1,3.740672,0,0,0,1,1
23,15,19,43,2,meshecho,1,1,1,4,"[[19, 1, 46, 43], [19, 10, 18, 43], [19, 10, 42, 43], [19, 43]]","[19, 10, 42, 43]",1,1,4.172288,0,0,0,1,1
23,15,19,43,2,etx-mesh,1,1,1,4,"[[19, 1, 46, 43], [19, 10, 18, 43], [19, 10, 42, 43], [19, 43]]","[19, 43]",1,1,3.740672,0,0,0,1,1
23,15,19,43,2,minhop-mesh,1,1,1,4,"[[19, 1, 46, 43], [19, 10, 18, 43], [19, 10, 42, 43], [19, 43]]","[19, 43]",1,1,3.740672,0,0,0,1,1
23,15,19,43,2,meshcore-like,1,1,1,4,"[[19, 1, 46, 43], [19, 10, 18, 43], [19, 10, 42, 43], [19, 43]]","[19, 43]",1,1,3.740672,0,0,0,1,1
23,16,13,2,2,meshecho,1,1,1,6,"[[13, 2], [13, 12, 2], [13, 14, 2], [13, 19, 2], [13, 21, 18, 2], [13, 26, 45, 2]]","[13, 19, 2]",1,1,3.95648,0,0,0,1,1
23,16,13,2,2,etx-mesh,1,1,1,6,"[[13, 2], [13, 12, 2], [13, 14, 2], [13, 19, 2], [13, 21, 18, 2], [13, 26, 45, 2]]","[13, 2]",1,0,3.740672,0,0,0,1,1
23,16,13,2,2,minhop-mesh,1,1,1,6,"[[13, 2], [13, 12, 2], [13, 14, 2], [13, 19, 2], [13, 21, 18, 2], [13, 26, 45, 2]]","[13, 2]",1,0,3.740672,0,0,0,1,1
23,16,13,2,2,meshcore-like,1,1,1,6,"[[13, 2], [13, 12, 2], [13, 14, 2], [13, 19, 2], [13, 21, 18, 2], [13, 26, 45, 2]]","[13, 2]",1,0,3.740672,0,0,0,1,1
23,17,23,22,2,meshecho,1,1,1,2,"[[23, 2, 14, 22], [23, 19, 30, 22]]","[23, 19, 30, 22]",0,0,3.5968,0,0,0,1,1
23,17,23,22,2,etx-mesh,1,1,1,2,"[[23, 2, 14, 22], [23, 19, 30, 22]]","[23, 2, 14, 22]",0,0,3.5968,0,0,0,1,1
23,17,23,22,2,minhop-mesh,1,1,1,2,"[[23, 2, 14, 22], [23, 19, 30, 22]]","[23, 19, 30, 22]",0,0,3.5968,0,0,0,1,1
23,17,23,22,2,meshcore-like,1,1,1,2,"[[23, 2, 14, 22], [23, 19, 30, 22]]","[23, 2, 14, 22]",0,0,3.5968,0,0,0,1,1
23,18,46,19,2,meshecho,1,1,1,4,"[[46, 13, 19], [46, 19], [46, 30, 19], [46, 48, 19]]","[46, 13, 19]",1,1,3.884544,0,0,0,1,1
23,18,46,19,2,etx-mesh,1,1,1,4,"[[46, 13, 19], [46, 19], [46, 30, 19], [46, 48, 19]]","[46, 13, 19]",1,1,3.884544,0,0,0,1,1
23,18,46,19,2,minhop-mesh,1,1,1,4,"[[46, 13, 19], [46, 19], [46, 30, 19], [46, 48, 19]]","[46, 19]",1,0,3.668736,0,0,0,1,1
23,18,46,19,2,meshcore-like,1,1,1,4,"[[46, 13, 19], [46, 19], [46, 30, 19], [46, 48, 19]]","[46, 19]",1,0,3.668736,0,0,0,1,1
23,19,8,2,2,meshecho,1,1,1,1,"[[8, 12, 2]]","[8, 12, 2]",1,1,3.95648,0,0,0,1,0
23,19,8,2,2,etx-mesh,1,1,1,1,"[[8, 12, 2]]","[8, 12, 2]",1,1,3.95648,0,0,0,1,0
23,19,8,2,2,minhop-mesh,1,1,1,1,"[[8, 12, 2]]","[8, 12, 2]",1,1,3.95648,0,0,0,1,0
23,19,8,2,2,meshcore-like,1,1,1,1,"[[8, 12, 2]]","[8, 12, 2]",1,1,3.95648,0,0,0,1,0
23,20,13,18,2,meshecho,1,1,1,4,"[[13, 4, 18], [13, 6, 18], [13, 27, 45, 18], [13, 37, 18]]","[13, 6, 18]",1,1,3.95648,0,0,0,1,1
23,20,13,18,2,etx-mesh,1,1,1,4,"[[13, 4, 18], [13, 6, 18], [13, 27, 45, 18], [13, 37, 18]]","[13, 4, 18]",1,1,3.95648,0,0,0,1,1
23,20,13,18,2,minhop-mesh,1,1,1,4,"[[13, 4, 18], [13, 6, 18], [13, 27, 45, 18], [13, 37, 18]]","[13, 6, 18]",1,1,3.95648,0,0,0,1,1
23,20,13,18,2,meshcore-like,1,1,1,4,"[[13, 4, 18], [13, 6, 18], [13, 27, 45, 18], [13, 37, 18]]","[13, 4, 18]",1,1,3.95648,0,0,0,1,1
23,21,48,18,2,meshecho,1,1,1,4,"[[48, 4, 18], [48, 6, 18], [48, 14, 2, 18], [48, 37, 18]]","[48, 4, 18]",0,0,3.5968,0,0,0,1,1
23,21,48,18,2,etx-mesh,1,1,1,4,"[[48, 4, 18], [48, 6, 18], [48, 14, 2, 18], [48, 37, 18]]","[48, 37, 18]",1,1,3.95648,0,0,0,1,1
23,21,48,18,2,minhop-mesh,1,1,1,4,"[[48, 4, 18], [48, 6, 18], [48, 14, 2, 18], [48, 37, 18]]","[48, 4, 18]",0,0,3.5968,0,0,0,1,1
23,21,48,18,2,meshcore-like,1,1,1,4,"[[48, 4, 18], [48, 6, 18], [48, 14, 2, 18], [48, 37, 18]]","[48, 4, 18]",0,0,3.5968,0,0,0,1,1
23,22,45,21,2,meshecho,1,1,1,6,"[[45, 4, 6, 21], [45, 4, 21], [45, 18, 21], [45, 38, 21], [45, 38, 32, 21], [45, 43, 21]]","[45, 18, 21]",1,1,3.95648,0,0,0,1,1
23,22,45,21,2,etx-mesh,1,1,1,6,"[[45, 4, 6, 21], [45, 4, 21], [45, 18, 21], [45, 38, 21], [45, 38, 32, 21], [45, 43, 21]]","[45, 18, 21]",1,1,3.95648,0,0,0,1,1
23,22,45,21,2,minhop-mesh,1,1,1,6,"[[45, 4, 6, 21], [45, 4, 21], [45, 18, 21], [45, 38, 21], [45, 38, 32, 21], [45, 43, 21]]","[45, 18, 21]",1,1,3.95648,0,0,0,1,1
23,22,45,21,2,meshcore-like,1,1,1,6,"[[45, 4, 6, 21], [45, 4, 21], [45, 18, 21], [45, 38, 21], [45, 38, 32, 21], [45, 43, 21]]","[45, 4, 21]",1,1,3.95648,0,0,0,1,1
23,23,24,42,2,meshecho,1,1,1,4,"[[24, 3, 42], [24, 10, 42], [24, 35, 37, 42], [24, 40, 45, 42]]","[24, 3, 42]",1,1,3.95648,0,0,0,1,1
23,23,24,42,2,etx-mesh,1,1,1,4,"[[24, 3, 42], [24, 10, 42], [24, 35, 37, 42], [24, 40, 45, 42]]","[24, 3, 42]",1,1,3.95648,0,0,0,1,1
23,23,24,42,2,minhop-mesh,1,1,1,4,"[[24, 3, 42], [24, 10, 42], [24, 35, 37, 42], [24, 40, 45, 42]]","[24, 3, 42]",1,1,3.95648,0,0,0,1,1
23,23,24,42,2,meshcore-like,1,1,1,4,"[[24, 3, 42], [24, 10, 42], [24, 35, 37, 42], [24, 40, 45, 42]]","[24, 3, 42]",1,1,3.95648,0,0,0,1,1
23,24,39,46,2,meshecho,1,1,1,5,"[[39, 9, 15, 46], [39, 9, 46], [39, 36, 46], [39, 42, 5, 46], [39, 42, 8, 46]]","[39, 36, 46]",1,1,3.95648,0,0,0,1,1
23,24,39,46,2,etx-mesh,1,1,1,5,"[[39, 9, 15, 46], [39, 9, 46], [39, 36, 46], [39, 42, 5, 46], [39, 42, 8, 46]]","[39, 36, 46]",1,1,3.95648,0,0,0,1,1
23,24,39,46,2,minhop-mesh,1,1,1,5,"[[39, 9, 15, 46], [39, 9, 46], [39, 36, 46], [39, 42, 5, 46], [39, 42, 8, 46]]","[39, 36, 46]",1,1,3.95648,0,0,0,1,1
23,24,39,46,2,meshcore-like,1,1,1,5,"[[39, 9, 15, 46], [39, 9, 46], [39, 36, 46], [39, 42, 5, 46], [39, 42, 8, 46]]","[39, 9, 46]",1,1,3.95648,0,0,0,1,1
24,1,48,11,2,meshecho,1,1,1,5,"[[48, 6, 11], [48, 11], [48, 15, 11], [48, 47, 11], [48, 47, 38, 11]]","[48, 15, 11]",1,1,3.95648,0,0,0,1,1
24,1,48,11,2,etx-mesh,1,1,1,5,"[[48, 6, 11], [48, 11], [48, 15, 11], [48, 47, 11], [48, 47, 38, 11]]","[48, 11]",0,0,3.668736,0,0,0,1,1
24,1,48,11,2,minhop-mesh,1,1,1,5,"[[48, 6, 11], [48, 11], [48, 15, 11], [48, 47, 11], [48, 47, 38, 11]]","[48, 11]",0,0,3.668736,0,0,0,1,1
24,1,48,11,2,meshcore-like,1,1,1,5,"[[48, 6, 11], [48, 11], [48, 15, 11], [48, 47, 11], [48, 47, 38, 11]]","[48, 11]",0,0,3.668736,0,0,0,1,1
24,2,0,31,2,meshecho,1,1,1,2,"[[0, 22, 31], [0, 27, 32, 31]]","[0, 22, 31]",0,0,3.668736,0,0,0,1,1
24,2,0,31,2,etx-mesh,1,1,1,2,"[[0, 22, 31], [0, 27, 32, 31]]","[0, 22, 31]",0,0,3.668736,0,0,0,1,1
24,2,0,31,2,minhop-mesh,1,1,1,2,"[[0, 22, 31], [0, 27, 32, 31]]","[0, 22, 31]",0,0,3.668736,0,0,0,1,1
24,2,0,31,2,meshcore-like,1,1,1,2,"[[0, 22, 31], [0, 27, 32, 31]]","[0, 22, 31]",0,0,3.668736,0,0,0,1,1
24,3,13,39,2,meshecho,1,1,1,1,"[[13, 42, 31, 39]]","[13, 42, 31, 39]",0,0,3.740672,0,0,0,1,0
24,3,13,39,2,etx-mesh,1,1,1,1,"[[13, 42, 31, 39]]","[13, 42, 31, 39]",0,0,3.740672,0,0,0,1,0
24,3,13,39,2,minhop-mesh,1,1,1,1,"[[13, 42, 31, 39]]","[13, 42, 31, 39]",0,0,3.740672,0,0,0,1,0
24,3,13,39,2,meshcore-like,1,1,1,1,"[[13, 42, 31, 39]]","[13, 42, 31, 39]",0,0,3.740672,0,0,0,1,0
24,4,37,8,2,meshecho,1,1,1,6,"[[37, 1, 7, 8], [37, 1, 39, 8], [37, 1, 44, 8], [37, 8], [37, 11, 15, 8], [37, 22, 8]]","[37, 22, 8]",1,0,3.884544,0,0,0,1,1
24,4,37,8,2,etx-mesh,1,1,1,6,"[[37, 1, 7, 8], [37, 1, 39, 8], [37, 1, 44, 8], [37, 8], [37, 11, 15, 8], [37, 22, 8]]","[37, 8]",1,1,3.740672,0,0,0,1,1
24,4,37,8,2,minhop-mesh,1,1,1,6,"[[37, 1, 7, 8], [37, 1, 39, 8], [37, 1, 44, 8], [37, 8], [37, 11, 15, 8], [37, 22, 8]]","[37, 8]",1,1,3.740672,0,0,0,1,1
24,4,37,8,2,meshcore-like,1,1,1,6,"[[37, 1, 7, 8], [37, 1, 39, 8], [37, 1, 44, 8], [37, 8], [37, 11, 15, 8], [37, 22, 8]]","[37, 8]",1,1,3.740672,0,0,0,1,1
24,5,19,46,2,meshecho,1,1,1,5,"[[19, 0, 14, 46], [19, 3, 46], [19, 12, 46], [19, 36, 46], [19, 46]]","[19, 36, 46]",1,1,3.95648,0,0,0,1,1
24,5,19,46,2,etx-mesh,1,1,1,5,"[[19, 0, 14, 46], [19, 3, 46], [19, 12, 46], [19, 36, 46], [19, 46]]","[19, 46]",1,0,3.740672,0,0,0,1,1
24,5,19,46,2,minhop-mesh,1,1,1,5,"[[19, 0, 14, 46], [19, 3, 46], [19, 12, 46], [19, 36, 46], [19, 46]]","[19, 46]",1,0,3.740672,0,0,0,1,1
24,5,19,46,2,meshcore-like,1,1,1,5,"[[19, 0, 14, 46], [19, 3, 46], [19, 12, 46], [19, 36, 46], [19, 46]]","[19, 46]",1,0,3.740672,0,0,0,1,1
24,6,0,1,2,meshecho,1,1,1,4,"[[0, 1], [0, 13, 32, 1], [0, 22, 1], [0, 49, 1]]","[0, 22, 1]",1,0,3.884544,0,0,0,1,1
24,6,0,1,2,etx-mesh,1,1,1,4,"[[0, 1], [0, 13, 32, 1], [0, 22, 1], [0, 49, 1]]","[0, 1]",1,1,3.740672,0,0,0,1,1
24,6,0,1,2,minhop-mesh,1,1,1,4,"[[0, 1], [0, 13, 32, 1], [0, 22, 1], [0, 49, 1]]","[0, 1]",1,1,3.740672,0,0,0,1,1
24,6,0,1,2,meshcore-like,1,1,1,4,"[[0, 1], [0, 13, 32, 1], [0, 22, 1], [0, 49, 1]]","[0, 1]",1,1,3.740672,0,0,0,1,1
24,7,3,35,2,meshecho,1,1,1,6,"[[3, 8, 35], [3, 22, 35], [3, 35], [3, 42, 24, 35], [3, 42, 35], [3, 49, 35]]","[3, 42, 35]",1,1,3.95648,0,0,0,1,1
24,7,3,35,2,etx-mesh,1,1,1,6,"[[3, 8, 35], [3, 22, 35], [3, 35], [3, 42, 24, 35], [3, 42, 35], [3, 49, 35]]","[3, 42, 35]",1,1,3.95648,0,0,0,1,1
24,7,3,35,2,minhop-mesh,1,1,1,6,"[[3, 8, 35], [3, 22, 35], [3, 35], [3, 42, 24, 35], [3, 42, 35], [3, 49, 35]]","[3, 35]",0,0,3.5968,0,0,0,1,1
24,7,3,35,2,meshcore-like,1,1,1,6,"[[3, 8, 35], [3, 22, 35], [3, 35], [3, 42, 24, 35], [3, 42, 35], [3, 49, 35]]","[3, 35]",0,0,3.5968,0,0,0,1,1
24,8,23,49,2,meshecho,1,1,1,5,"[[23, 1, 44, 49], [23, 19, 49], [23, 35, 7, 49], [23, 35, 49], [23, 49]]","[23, 19, 49]",1,1,3.95648,0,0,0,1,1
24,8,23,49,2,etx-mesh,1,1,1,5,"[[23, 1, 44, 49], [23, 19, 49], [23, 35, 7, 49], [23, 35, 49], [23, 49]]","[23, 35, 49]",1,1,3.95648,0,0,0,1,1
24,8,23,49,2,minhop-mesh,1,1,1,5,"[[23, 1, 44, 49], [23, 19, 49], [23, 35, 7, 49], [23, 35, 49], [23, 49]]","[23, 49]",0,0,3.668736,0,0,0,1,1
24,8,23,49,2,meshcore-like,1,1,1,5,"[[23, 1, 44, 49], [23, 19, 49], [23, 35, 7, 49], [23, 35, 49], [23, 49]]","[23, 49]",0,0,3.668736,0,0,0,1,1
24,9,35,26,2,meshecho,1,1,1,8,"[[35, 9, 26], [35, 9, 48, 26], [35, 13, 2, 26], [35, 13, 10, 26], [35, 26], [35, 30, 26], [35, 36, 26], [35, 36, 46, 26]]","[35, 30, 26]",0,0,3.812608,0,0,0,1,1
24,9,35,26,2,etx-mesh,1,1,1,8,"[[35, 9, 26], [35, 9, 48, 26], [35, 13, 2, 26], [35, 13, 10, 26], [35, 26], [35, 30, 26], [35, 36, 26], [35, 36, 46, 26]]","[35, 9, 26]",0,0,3.812608,0,0,0,1,1
24,9,35,26,2,minhop-mesh,1,1,1,8,"[[35, 9, 26], [35, 9, 48, 26], [35, 13, 2, 26], [35, 13, 10, 26], [35, 26], [35, 30, 26], [35, 36, 26], [35, 36, 46, 26]]","[35, 26]",0,0,3.5968,0,0,0,1,1
24,9,35,26,2,meshcore-like,1,1,1,8,"[[35, 9, 26], [35, 9, 48, 26], [35, 13, 2, 26], [35, 13, 10, 26], [35, 26], [35, 30, 26], [35, 36, 26], [35, 36, 46, 26]]","[35, 26]",0,0,3.5968,0,0,0,1,1
24,10,11,39,2,meshecho,1,1,1,3,"[[11, 12, 4, 39], [11, 21, 5, 39], [11, 34, 39]]","[11, 34, 39]",1,1,3.95648,0,0,0,1,1
24,10,11,39,2,etx-mesh,1,1,1,3,"[[11, 12, 4, 39], [11, 21, 5, 39], [11, 34, 39]]","[11, 34, 39]",1,1,3.95648,0,0,0,1,1
24,10,11,39,2,minhop-mesh,1,1,1,3,"[[11, 12, 4, 39], [11, 21, 5, 39], [11, 34, 39]]","[11, 34, 39]",1,1,3.95648,0,0,0,1,1
24,10,11,39,2,meshcore-like,1,1,1,3,"[[11, 12, 4, 39], [11, 21, 5, 39], [11, 34, 39]]","[11, 34, 39]",1,1,3.95648,0,0,0,1,1
24,11,37,20,2,meshecho,1,1,1,5,"[[37, 16, 20], [37, 20], [37, 21, 20], [37, 24, 7, 20], [37, 25, 20]]","[37, 25, 20]",1,1,3.95648,0,0,0,1,1
24,11,37,20,2,etx-mesh,1,1,1,5,"[[37, 16, 20], [37, 20], [37, 21, 20], [37, 24, 7, 20], [37, 25, 20]]","[37, 20]",1,0,3.740672,0,0,0,1,1
24,11,37,20,2,minhop-mesh,1,1,1,5,"[[37, 16, 20], [37, 20], [37, 21, 20], [37, 24, 7, 20], [37, 25, 20]]","[37, 20]",1,0,3.740672,0,0,0,1,1
24,11,37,20,2,meshcore-like,1,1,1,5,"[[37, 16, 20], [37, 20], [37, 21, 20], [37, 24, 7, 20], [37, 25, 20]]","[37, 20]",1,0,3.740672,0,0,0,1,1
24,12,4,44,2,meshecho,1,1,1,4,"[[4, 1, 44], [4, 19, 44], [4, 22, 44], [4, 49, 44]]","[4, 19, 44]",1,1,3.884544,0,0,0,1,1
24,12,4,44,2,etx-mesh,1,1,1,4,"[[4, 1, 44], [4, 19, 44], [4, 22, 44], [4, 49, 44]]","[4, 19, 44]",1,1,3.884544,0,0,0,1,1
24,12,4,44,2,minhop-mesh,1,1,1,4,"[[4, 1, 44], [4, 19, 44], [4, 22, 44], [4, 49, 44]]","[4, 19, 44]",1,1,3.884544,0,0,0,1,1
24,12,4,44,2,meshcore-like,1,1,1,4,"[[4, 1, 44], [4, 19, 44], [4, 22, 44], [4, 49, 44]]","[4, 1, 44]",1,1,3.884544,0,0,0,1,1
24,13,16,47,2,meshecho,1,1,1,4,"[[16, 8, 47], [16, 11, 47], [16, 15, 47], [16, 37, 23, 47]]","[16, 15, 47]",1,1,3.95648,0,0,0,1,1
24,13,16,47,2,etx-mesh,1,1,1,4,"[[16, 8, 47], [16, 11, 47], [16, 15, 47], [16, 37, 23, 47]]","[16, 8, 47]",1,1,3.95648,0,0,0,1,1
24,13,16,47,2,minhop-mesh,1,1,1,4,"[[16, 8, 47], [16, 11, 47], [16, 15, 47], [16, 37, 23, 47]]","[16, 15, 47]",1,1,3.95648,0,0,0,1,1
24,13,16,47,2,meshcore-like,1,1,1,4,"[[16, 8, 47], [16, 11, 47], [16, 15, 47], [16, 37, 23, 47]]","[16, 8, 47]",1,1,3.95648,0,0,0,1,1
24,14,36,38,2,meshecho,1,1,1,7,"[[36, 11, 15, 38], [36, 11, 38], [36, 23, 40, 38], [36, 28, 38], [36, 31, 22, 38], [36, 38], [36, 47, 38]]","[36, 11, 38]",1,1,3.95648,0,0,0,1,1
24,14,36,38,2,etx-mesh,1,1,1,7,"[[36, 11, 15, 38], [36, 11, 38], [36, 23, 40, 38], [36, 28, 38], [36, 31, 22, 38], [36, 38], [36, 47, 38]]","[36, 38]",0,0,3.5968,0,0,0,1,1
24,14,36,38,2,minhop-mesh,1,1,1,7,"[[36, 11, 15, 38], [36, 11, 38], [36, 23, 40, 38], [36, 28, 38], [36, 31, 22, 38], [36, 38], [36, 47, 38]]","[36, 38]",0,0,3.5968,0,0,0,1,1
24,14,36,38,2,meshcore-like,1,1,1,7,"[[36, 11, 15, 38], [36, 11, 38], [36, 23, 40, 38], [36, 28, 38], [36, 31, 22, 38], [36, 38], [36, 47, 38]]","[36, 38]",0,0,3.5968,0,0,0,1,1
24,15,0,15,2,meshecho,1,1,1,5,"[[0, 7, 39, 15], [0, 15], [0, 20, 32, 15], [0, 35, 15], [0, 47, 15]]","[0, 47, 15]",1,1,3.95648,0,0,0,1,1
24,15,0,15,2,etx-mesh,1,1,1,5,"[[0, 7, 39, 15], [0, 15], [0, 20, 32, 15], [0, 35, 15], [0, 47, 15]]","[0, 15]",0,0,3.5968,0,0,0,1,1
24,15,0,15,2,minhop-mesh,1,1,1,5,"[[0, 7, 39, 15], [0, 15], [0, 20, 32, 15], [0, 35, 15], [0, 47, 15]]","[0, 15]",0,0,3.5968,0,0,0,1,1
24,15,0,15,2,meshcore-like,1,1,1,5,"[[0, 7, 39, 15], [0, 15], [0, 20, 32, 15], [0, 35, 15], [0, 47, 15]]","[0, 15]",0,0,3.5968,0,0,0,1,1
24,16,38,46,2,meshecho,1,1,1,6,"[[38, 4, 46], [38, 12, 46], [38, 13, 14, 46], [38, 16, 5, 46], [38, 16, 36, 46], [38, 21, 17, 46]]","[38, 21, 17, 46]",0,0,3.5968,0,0,0,1,1
24,16,38,46,2,etx-mesh,1,1,1,6,"[[38, 4, 46], [38, 12, 46], [38, 13, 14, 46], [38, 16, 5, 46], [38, 16, 36, 46], [38, 21, 17, 46]]","[38, 12, 46]",0,0,3.668736,0,0,0,1,1
24,16,38,46,2,minhop-mesh,1,1,1,6,"[[38, 4, 46], [38, 12, 46], [38, 13, 14, 46], [38, 16, 5, 46], [38, 16, 36, 46], [38, 21, 17, 46]]","[38, 12, 46]",0,0,3.668736,0,0,0,1,1
24,16,38,46,2,meshcore-like,1,1,1,6,"[[38, 4, 46], [38, 12, 46], [38, 13, 14, 46], [38, 16, 5, 46], [38, 16, 36, 46], [38, 21, 17, 46]]","[38, 4, 46]",0,0,3.668736,0,0,0,1,1
24,17,17,37,2,meshecho,1,1,1,5,"[[17, 13, 23, 37], [17, 35, 24, 37], [17, 40, 37], [17, 40, 41, 37], [17, 45, 37]]","[17, 45, 37]",1,1,3.95648,0,0,0,1,1
24,17,17,37,2,etx-mesh,1,1,1,5,"[[17, 13, 23, 37], [17, 35, 24, 37], [17, 40, 37], [17, 40, 41, 37], [17, 45, 37]]","[17, 45, 37]",1,1,3.95648,0,0,0,1,1
24,17,17,37,2,minhop-mesh,1,1,1,5,"[[17, 13, 23, 37], [17, 35, 24, 37], [17, 40, 37], [17, 40, 41, 37], [17, 45, 37]]","[17, 45, 37]",1,1,3.95648,0,0,0,1,1
24,17,17,37,2,meshcore-like,1,1,1,5,"[[17, 13, 23, 37], [17, 35, 24, 37], [17, 40, 37], [17, 40, 41, 37], [17, 45, 37]]","[17, 40, 37]",0,0,3.668736,0,0,0,1,1
24,18,37,21,2,meshecho,1,1,1,5,"[[37, 5, 21], [37, 20, 21], [37, 21], [37, 25, 21], [37, 35, 7, 21]]","[37, 25, 21]",1,1,3.95648,0,0,0,1,1
24,18,37,21,2,etx-mesh,1,1,1,5,"[[37, 5, 21], [37, 20, 21], [37, 21], [37, 25, 21], [37, 35, 7, 21]]","[37, 5, 21]",0,0,3.5968,0,0,0,1,1
24,18,37,21,2,minhop-mesh,1,1,1,5,"[[37, 5, 21], [37, 20, 21], [37, 21], [37, 25, 21], [37, 35, 7, 21]]","[37, 21]",0,0,3.5968,0,0,0,1,1
24,18,37,21,2,meshcore-like,1,1,1,5,"[[37, 5, 21], [37, 20, 21], [37, 21], [37, 25, 21], [37, 35, 7, 21]]","[37, 21]",0,0,3.5968,0,0,0,1,1
24,19,35,46,2,meshecho,1,1,1,6,"[[35, 0, 48, 46], [35, 12, 46], [35, 30, 46], [35, 36, 3, 46], [35, 36, 46], [35, 49, 46]]","[35, 36, 46]",1,1,3.95648,0,0,0,1,1
24,19,35,46,2,etx-mesh,1,1,1,6,"[[35, 0, 48, 46], [35, 12, 46], [35, 30, 46], [35, 36, 3, 46], [35, 36, 46], [35, 49, 46]]","[35, 49, 46]",1,1,3.95648,0,0,0,1,1
24,19,35,46,2,minhop-mesh,1,1,1,6,"[[35, 0, 48, 46], [35, 12, 46], [35, 30, 46], [35, 36, 3, 46], [35, 36, 46], [35, 49, 46]]","[35, 36, 46]",1,1,3.95648,0,0,0,1,1
24,19,35,46,2,meshcore-like,1,1,1,6,"[[35, 0, 48, 46], [35, 12, 46], [35, 30, 46], [35, 36, 3, 46], [35, 36, 46], [35, 49, 46]]","[35, 12, 46]",0,0,3.740672,0,0,0,1,1
24,20,14,19,2,meshecho,1,1,1,7,"[[14, 1, 7, 19], [14, 1, 19], [14, 22, 19], [14, 25, 19], [14, 25, 20, 19], [14, 32, 19], [14, 44, 19]]","[14, 44, 19]",1,1,3.95648,0,0,0,1,1
24,20,14,19,2,etx-mesh,1,1,1,7,"[[14, 1, 7, 19], [14, 1, 19], [14, 22, 19], [14, 25, 19], [14, 25, 20, 19], [14, 32, 19], [14, 44, 19]]","[14, 25, 19]",0,0,3.5968,0,0,0,1,1
24,20,14,19,2,minhop-mesh,1,1,1,7,"[[14, 1, 7, 19], [14, 1, 19], [14, 22, 19], [14, 25, 19], [14, 25, 20, 19], [14, 32, 19], [14, 44, 19]]","[14, 44, 19]",1,1,3.95648,0,0,0,1,1
24,20,14,19,2,meshcore-like,1,1,1,7,"[[14, 1, 7, 19], [14, 1, 19], [14, 22, 19], [14, 25, 19], [14, 25, 20, 19], [14, 32, 19], [14, 44, 19]]","[14, 1, 19]",1,1,3.95648,0,0,0,1,1
24,21,17,48,2,meshecho,1,1,1,8,"[[17, 0, 23, 48], [17, 0, 37, 48], [17, 0, 48], [17, 2, 41, 48], [17, 10, 48], [17, 13, 48], [17, 40, 14, 48], [17, 48]]","[17, 0, 48]",1,1,3.95648,0,0,0,1,1
24,21,17,48,2,etx-mesh,1,1,1,8,"[[17, 0, 23, 48], [17, 0, 37, 48], [17, 0, 48], [17, 2, 41, 48], [17, 10, 48], [17, 13, 48], [17, 40, 14, 48], [17, 48]]","[17, 48]",0,0,3.668736,0,0,0,1,1
24,21,17,48,2,minhop-mesh,1,1,1,8,"[[17, 0, 23, 48], [17, 0, 37, 48], [17, 0, 48], [17, 2, 41, 48], [17, 10, 48], [17, 13, 48], [17, 40, 14, 48], [17, 48]]","[17, 48]",0,0,3.668736,0,0,0,1,1
24,21,17,48,2,meshcore-like,1,1,1,8,"[[17, 0, 23, 48], [17, 0, 37, 48], [17, 0, 48], [17, 2, 41, 48], [17, 10, 48], [17, 13, 48], [17, 40, 14, 48], [17, 48]]","[17, 48]",0,0,3.668736,0,0,0,1,1
24,22,14,7,2,meshecho,1,1,1,4,"[[14, 4, 17, 7], [14, 22, 7], [14, 29, 7], [14, 49, 7]]","[14, 22, 7]",1,1,3.95648,0,0,0,1,1
24,22,14,7,2,etx-mesh,1,1,1,4,"[[14, 4, 17, 7], [14, 22, 7], [14, 29, 7], [14, 49, 7]]","[14, 29, 7]",0,0,3.5968,0,0,0,1,1
24,22,14,7,2,minhop-mesh,1,1,1,4,"[[14, 4, 17, 7], [14, 22, 7], [14, 29, 7], [14, 49, 7]]","[14, 22, 7]",1,1,3.95648,0,0,0,1,1
24,22,14,7,2,meshcore-like,1,1,1,4,"[[14, 4, 17, 7], [14, 22, 7], [14, 29, 7], [14, 49, 7]]","[14, 22, 7]",1,1,3.95648,0,0,0,1,1
24,23,32,41,2,meshecho,1,1,1,2,"[[32, 23, 41], [32, 41]]","[32, 23, 41]",1,1,3.95648,0,0,0,1,1
24,23,32,41,2,etx-mesh,1,1,1,2,"[[32, 23, 41], [32, 41]]","[32, 41]",1,1,3.740672,0,0,0,1,1
24,23,32,41,2,minhop-mesh,1,1,1,2,"[[32, 23, 41], [32, 41]]","[32, 41]",1,1,3.740672,0,0,0,1,1
24,23,32,41,2,meshcore-like,1,1,1,2,"[[32, 23, 41], [32, 41]]","[32, 41]",1,1,3.740672,0,0,0,1,1
24,24,17,23,2,meshecho,1,1,1,4,"[[17, 2, 23], [17, 11, 15, 23], [17, 13, 23], [17, 48, 14, 23]]","[17, 2, 23]",0,0,3.740672,0,0,0,1,1
24,24,17,23,2,etx-mesh,1,1,1,4,"[[17, 2, 23], [17, 11, 15, 23], [17, 13, 23], [17, 48, 14, 23]]","[17, 2, 23]",0,0,3.740672,0,0,0,1,1
24,24,17,23,2,minhop-mesh,1,1,1,4,"[[17, 2, 23], [17, 11, 15, 23], [17, 13, 23], [17, 48, 14, 23]]","[17, 2, 23]",0,0,3.740672,0,0,0,1,1
24,24,17,23,2,meshcore-like,1,1,1,4,"[[17, 2, 23], [17, 11, 15, 23], [17, 13, 23], [17, 48, 14, 23]]","[17, 2, 23]",0,0,3.740672,0,0,0,1,1
25,1,11,34,2,meshecho,1,1,1,3,"[[11, 1, 34], [11, 23, 4, 34], [11, 46, 33, 34]]","[11, 1, 34]",0,0,3.5968,0,0,0,1,1
25,1,11,34,2,etx-mesh,1,1,1,3,"[[11, 1, 34], [11, 23, 4, 34], [11, 46, 33, 34]]","[11, 1, 34]",0,0,3.5968,0,0,0,1,1
25,1,11,34,2,minhop-mesh,1,1,1,3,"[[11, 1, 34], [11, 23, 4, 34], [11, 46, 33, 34]]","[11, 1, 34]",0,0,3.5968,0,0,0,1,1
25,1,11,34,2,meshcore-like,1,1,1,3,"[[11, 1, 34], [11, 23, 4, 34], [11, 46, 33, 34]]","[11, 1, 34]",0,0,3.5968,0,0,0,1,1
25,2,30,26,2,meshecho,1,1,1,3,"[[30, 32, 43, 26], [30, 33, 26], [30, 46, 26]]","[30, 33, 26]",1,1,3.95648,0,0,0,1,1
25,2,30,26,2,etx-mesh,1,1,1,3,"[[30, 32, 43, 26], [30, 33, 26], [30, 46, 26]]","[30, 33, 26]",1,1,3.95648,0,0,0,1,1
25,2,30,26,2,minhop-mesh,1,1,1,3,"[[30, 32, 43, 26], [30, 33, 26], [30, 46, 26]]","[30, 33, 26]",1,1,3.95648,0,0,0,1,1
25,2,30,26,2,meshcore-like,1,1,1,3,"[[30, 32, 43, 26], [30, 33, 26], [30, 46, 26]]","[30, 33, 26]",1,1,3.95648,0,0,0,1,1
25,3,31,1,2,meshecho,1,1,1,5,"[[31, 1], [31, 5, 1], [31, 37, 0, 1], [31, 37, 1], [31, 37, 20, 1]]","[31, 5, 1]",1,1,3.95648,0,0,0,1,1
25,3,31,1,2,etx-mesh,1,1,1,5,"[[31, 1], [31, 5, 1], [31, 37, 0, 1], [31, 37, 1], [31, 37, 20, 1]]","[31, 1]",0,0,3.5968,0,0,0,1,1
25,3,31,1,2,minhop-mesh,1,1,1,5,"[[31, 1], [31, 5, 1], [31, 37, 0, 1], [31, 37, 1], [31, 37, 20, 1]]","[31, 1]",0,0,3.5968,0,0,0,1,1
25,3,31,1,2,meshcore-like,1,1,1,5,"[[31, 1], [31, 5, 1], [31, 37, 0, 1], [31, 37, 1], [31, 37, 20, 1]]","[31, 1]",0,0,3.5968,0,0,0,1,1
25,4,39,7,2,meshecho,1,1,1,2,"[[39, 5, 4, 7], [39, 11, 7]]","[39, 11, 7]",1,1,3.95648,0,0,0,1,1
25,4,39,7,2,etx-mesh,1,1,1,2,"[[39, 5, 4, 7], [39, 11, 7]]","[39, 11, 7]",1,1,3.95648,0,0,0,1,1
25,4,39,7,2,minhop-mesh,1,1,1,2,"[[39, 5, 4, 7], [39, 11, 7]]","[39, 11, 7]",1,1,3.95648,0,0,0,1,1
25,4,39,7,2,meshcore-like,1,1,1,2,"[[39, 5, 4, 7], [39, 11, 7]]","[39, 11, 7]",1,1,3.95648,0,0,0,1,1
25,5,38,37,2,meshecho,1,1,1,4,"[[38, 27, 37], [38, 28, 37], [38, 28, 45, 37], [38, 36, 37]]","[38, 27, 37]",1,1,3.95648,0,0,0,1,1
25,5,38,37,2,etx-mesh,1,1,1,4,"[[38, 27, 37], [38, 28, 37], [38, 28, 45, 37], [38, 36, 37]]","[38, 36, 37]",1,1,3.95648,0,0,0,1,1
25,5,38,37,2,minhop-mesh,1,1,1,4,"[[38, 27, 37], [38, 28, 37], [38, 28, 45, 37], [38, 36, 37]]","[38, 27, 37]",1,1,3.95648,0,0,0,1,1
25,5,38,37,2,meshcore-like,1,1,1,4,"[[38, 27, 37], [38, 28, 37], [38, 28, 45, 37], [38, 36, 37]]","[38, 27, 37]",1,1,3.95648,0,0,0,1,1
25,6,48,22,2,meshecho,1,1,1,2,"[[48, 9, 22], [48, 39, 22]]","[48, 39, 22]",1,1,3.95648,0,0,0,1,1
25,6,48,22,2,etx-mesh,1,1,1,2,"[[48, 9, 22], [48, 39, 22]]","[48, 39, 22]",1,1,3.95648,0,0,0,1,1
25,6,48,22,2,minhop-mesh,1,1,1,2,"[[48, 9, 22], [48, 39, 22]]","[48, 39, 22]",1,1,3.95648,0,0,0,1,1
25,6,48,22,2,meshcore-like,1,1,1,2,"[[48, 9, 22], [48, 39, 22]]","[48, 9, 22]",1,1,3.95648,0,0,0,1,1
25,7,7,44,2,meshecho,1,1,1,6,"[[7, 2, 32, 44], [7, 35, 44], [7, 44], [7, 46, 33, 44], [7, 46, 44], [7, 49, 44]]","[7, 46, 44]",1,1,3.95648,0,0,0,1,1
25,7,7,44,2,etx-mesh,1,1,1,6,"[[7, 2, 32, 44], [7, 35, 44], [7, 44], [7, 46, 33, 44], [7, 46, 44], [7, 49, 44]]","[7, 49, 44]",1,1,3.95648,0,0,0,1,1
25,7,7,44,2,minhop-mesh,1,1,1,6,"[[7, 2, 32, 44], [7, 35, 44], [7, 44], [7, 46, 33, 44], [7, 46, 44], [7, 49, 44]]","[7, 44]",0,0,3.5968,0,0,0,1,1
25,7,7,44,2,meshcore-like,1,1,1,6,"[[7, 2, 32, 44], [7, 35, 44], [7, 44], [7, 46, 33, 44], [7, 46, 44], [7, 49, 44]]","[7, 44]",0,0,3.5968,0,0,0,1,1
25,8,16,2,2,meshecho,1,1,1,6,"[[16, 23, 2], [16, 25, 5, 2], [16, 32, 2], [16, 42, 2], [16, 42, 34, 2], [16, 43, 2]]","[16, 43, 2]",1,1,3.95648,0,0,0,1,1
25,8,16,2,2,etx-mesh,1,1,1,6,"[[16, 23, 2], [16, 25, 5, 2], [16, 32, 2], [16, 42, 2], [16, 42, 34, 2], [16, 43, 2]]","[16, 32, 2]",1,1,3.95648,0,0,0,1,1
25,8,16,2,2,minhop-mesh,1,1,1,6,"[[16, 23, 2], [16, 25, 5, 2], [16, 32, 2], [16, 42, 2], [16, 42, 34, 2], [16, 43, 2]]","[16, 43, 2]",1,1,3.95648,0,0,0,1,1
25,8,16,2,2,meshcore-like,1,1,1,6,"[[16, 23, 2], [16, 25, 5, 2], [16, 32, 2], [16, 42, 2], [16, 42, 34, 2], [16, 43, 2]]","[16, 23, 2]",1,1,3.95648,0,0,0,1,1
25,9,8,0,2,meshecho,1,1,1,2,"[[8, 34, 0], [8, 36, 0]]","[8, 36, 0]",0,0,3.668736,0,0,0,1,1
25,9,8,0,2,etx-mesh,1,1,1,2,"[[8, 34, 0], [8, 36, 0]]","[8, 36, 0]",0,0,3.668736,0,0,0,1,1
25,9,8,0,2,minhop-mesh,1,1,1,2,"[[8, 34, 0], [8, 36, 0]]","[8, 36, 0]",0,0,3.668736,0,0,0,1,1
25,9,8,0,2,meshcore-like,1,1,1,2,"[[8, 34, 0], [8, 36, 0]]","[8, 34, 0]",0,0,3.668736,0,0,0,1,1
25,10,44,45,2,meshecho,1,1,1,5,"[[44, 1, 5, 45], [44, 1, 34, 45], [44, 4, 45], [44, 20, 0, 45], [44, 20, 45]]","[44, 4, 45]",1,1,3.95648,0,0,0,1,1
25,10,44,45,2,etx-mesh,1,1,1,5,"[[44, 1, 5, 45], [44, 1, 34, 45], [44, 4, 45], [44, 20, 0, 45], [44, 20, 45]]","[44, 4, 45]",1,1,3.95648,0,0,0,1,1
25,10,44,45,2,minhop-mesh,1,1,1,5,"[[44, 1, 5, 45], [44, 1, 34, 45], [44, 4, 45], [44, 20, 0, 45], [44, 20, 45]]","[44, 4, 45]",1,1,3.95648,0,0,0,1,1
25,10,44,45,2,meshcore-like,1,1,1,5,"[[44, 1, 5, 45], [44, 1, 34, 45], [44, 4, 45], [44, 20, 0, 45], [44, 20, 45]]","[44, 4, 45]",1,1,3.95648,0,0,0,1,1
25,11,33,37,2,meshecho,1,1,1,3,"[[33, 7, 11, 37], [33, 27, 37], [33, 34, 45, 37]]","[33, 27, 37]",0,0,3.668736,0,0,0,1,1
25,11,33,37,2,etx-mesh,1,1,1,3,"[[33, 7, 11, 37], [33, 27, 37], [33, 34, 45, 37]]","[33, 27, 37]",0,0,3.668736,0,0,0,1,1
25,11,33,37,2,minhop-mesh,1,1,1,3,"[[33, 7, 11, 37], [33, 27, 37], [33, 34, 45, 37]]","[33, 27, 37]",0,0,3.668736,0,0,0,1,1
25,11,33,37,2,meshcore-like,1,1,1,3,"[[33, 7, 11, 37], [33, 27, 37], [33, 34, 45, 37]]","[33, 27, 37]",0,0,3.668736,0,0,0,1,1
25,12,45,19,2,meshecho,1,1,1,3,"[[45, 9, 19], [45, 21, 38, 19], [45, 49, 19]]","[45, 49, 19]",1,1,3.95648,0,0,0,1,1
25,12,45,19,2,etx-mesh,1,1,1,3,"[[45, 9, 19], [45, 21, 38, 19], [45, 49, 19]]","[45, 49, 19]",1,1,3.95648,0,0,0,1,1
25,12,45,19,2,minhop-mesh,1,1,1,3,"[[45, 9, 19], [45, 21, 38, 19], [45, 49, 19]]","[45, 49, 19]",1,1,3.95648,0,0,0,1,1
25,12,45,19,2,meshcore-like,1,1,1,3,"[[45, 9, 19], [45, 21, 38, 19], [45, 49, 19]]","[45, 9, 19]",0,0,3.668736,0,0,0,1,1
25,13,42,29,2,meshecho,1,1,1,7,"[[42, 8, 29], [42, 10, 16, 29], [42, 11, 15, 29], [42, 11, 30, 29], [42, 12, 29], [42, 29], [42, 39, 19, 29]]","[42, 8, 29]",0,0,3.668736,0,0,0,1,1
25,13,42,29,2,etx-mesh,1,1,1,7,"[[42, 8, 29], [42, 10, 16, 29], [42, 11, 15, 29], [42, 11, 30, 29], [42, 12, 29], [42, 29], [42, 39, 19, 29]]","[42, 29]",0,0,3.5968,0,0,0,1,1
25,13,42,29,2,minhop-mesh,1,1,1,7,"[[42, 8, 29], [42, 10, 16, 29], [42, 11, 15, 29], [42, 11, 30, 29], [42, 12, 29], [42, 29], [42, 39, 19, 29]]","[42, 29]",0,0,3.5968,0,0,0,1,1
25,13,42,29,2,meshcore-like,1,1,1,7,"[[42, 8, 29], [42, 10, 16, 29], [42, 11, 15, 29], [42, 11, 30, 29], [42, 12, 29], [42, 29], [42, 39, 19, 29]]","[42, 29]",0,0,3.5968,0,0,0,1,1
25,14,32,29,2,meshecho,1,1,1,3,"[[32, 9, 19, 29], [32, 18, 29], [32, 29]]","[32, 18, 29]",0,0,3.740672,0,0,0,1,1
25,14,32,29,2,etx-mesh,1,1,1,3,"[[32, 9, 19, 29], [32, 18, 29], [32, 29]]","[32, 29]",1,0,3.740672,0,0,0,1,1
25,14,32,29,2,minhop-mesh,1,1,1,3,"[[32, 9, 19, 29], [32, 18, 29], [32, 29]]","[32, 29]",1,0,3.740672,0,0,0,1,1
25,14,32,29,2,meshcore-like,1,1,1,3,"[[32, 9, 19, 29], [32, 18, 29], [32, 29]]","[32, 29]",1,0,3.740672,0,0,0,1,1
25,15,4,9,2,meshecho,1,1,1,5,"[[4, 21, 9], [4, 22, 9], [4, 38, 9], [4, 39, 9], [4, 39, 19, 9]]","[4, 21, 9]",1,1,3.95648,0,0,0,1,1
25,15,4,9,2,etx-mesh,1,1,1,5,"[[4, 21, 9], [4, 22, 9], [4, 38, 9], [4, 39, 9], [4, 39, 19, 9]]","[4, 22, 9]",1,1,3.95648,0,0,0,1,1
25,15,4,9,2,minhop-mesh,1,1,1,5,"[[4, 21, 9], [4, 22, 9], [4, 38, 9], [4, 39, 9], [4, 39, 19, 9]]","[4, 21, 9]",1,1,3.95648,0,0,0,1,1
25,15,4,9,2,meshcore-like,1,1,1,5,"[[4, 21, 9], [4, 22, 9], [4, 38, 9], [4, 39, 9], [4, 39, 19, 9]]","[4, 21, 9]",1,1,3.95648,0,0,0,1,1
25,16,2,19,2,meshecho,1,1,1,6,"[[2, 8, 29, 19], [2, 8, 40, 19], [2, 9, 19], [2, 31, 16, 19], [2, 39, 19], [2, 46, 19]]","[2, 9, 19]",0,0,3.5968,0,0,0,1,1
25,16,2,19,2,etx-mesh,1,1,1,6,"[[2, 8, 29, 19], [2, 8, 40, 19], [2, 9, 19], [2, 31, 16, 19], [2, 39, 19], [2, 46, 19]]","[2, 9, 19]",0,0,3.5968,0,0,0,1,1
25,16,2,19,2,minhop-mesh,1,1,1,6,"[[2, 8, 29, 19], [2, 8, 40, 19], [2, 9, 19], [2, 31, 16, 19], [2, 39, 19], [2, 46, 19]]","[2, 9, 19]",0,0,3.5968,0,0,0,1,1
25,16,2,19,2,meshcore-like,1,1,1,6,"[[2, 8, 29, 19], [2, 8, 40, 19], [2, 9, 19], [2, 31, 16, 19], [2, 39, 19], [2, 46, 19]]","[2, 9, 19]",0,0,3.5968,0,0,0,1,1
25,17,12,43,2,meshecho,1,1,1,5,"[[12, 2, 43], [12, 28, 5, 43], [12, 32, 43], [12, 42, 43], [12, 47, 43]]","[12, 32, 43]",0,0,3.668736,0,0,0,1,1
25,17,12,43,2,etx-mesh,1,1,1,5,"[[12, 2, 43], [12, 28, 5, 43], [12, 32, 43], [12, 42, 43], [12, 47, 43]]","[12, 42, 43]",1,1,3.95648,0,0,0,1,1
25,17,12,43,2,minhop-mesh,1,1,1,5,"[[12, 2, 43], [12, 28, 5, 43], [12, 32, 43], [12, 42, 43], [12, 47, 43]]","[12, 32, 43]",0,0,3.668736,0,0,0,1,1
25,17,12,43,2,meshcore-like,1,1,1,5,"[[12, 2, 43], [12, 28, 5, 43], [12, 32, 43], [12, 42, 43], [12, 47, 43]]","[12, 2, 43]",0,0,3.668736,0,0,0,1,1
25,18,19,32,2,meshecho,1,1,1,3,"[[19, 2, 32], [19, 20, 34, 32], [19, 43, 32]]","[19, 43, 32]",0,0,3.668736,0,0,0,1,1
25,18,19,32,2,etx-mesh,1,1,1,3,"[[19, 2, 32], [19, 20, 34, 32], [19, 43, 32]]","[19, 43, 32]",0,0,3.668736,0,0,0,1,1
25,18,19,32,2,minhop-mesh,1,1,1,3,"[[19, 2, 32], [19, 20, 34, 32], [19, 43, 32]]","[19, 43, 32]",0,0,3.668736,0,0,0,1,1
25,18,19,32,2,meshcore-like,1,1,1,3,"[[19, 2, 32], [19, 20, 34, 32], [19, 43, 32]]","[19, 2, 32]",0,0,3.668736,0,0,0,1,1
25,19,48,33,2,meshecho,1,1,1,2,"[[48, 33], [48, 46, 33]]","[48, 46, 33]",0,0,3.740672,0,0,0,1,1
25,19,48,33,2,etx-mesh,1,1,1,2,"[[48, 33], [48, 46, 33]]","[48, 33]",0,0,3.668736,0,0,0,1,1
25,19,48,33,2,minhop-mesh,1,1,1,2,"[[48, 33], [48, 46, 33]]","[48, 33]",0,0,3.668736,0,0,0,1,1
25,19,48,33,2,meshcore-like,1,1,1,2,"[[48, 33], [48, 46, 33]]","[48, 33]",0,0,3.668736,0,0,0,1,1
25,20,40,2,2,meshecho,1,1,1,5,"[[40, 2], [40, 5, 34, 2], [40, 32, 2], [40, 42, 2], [40, 43, 2]]","[40, 43, 2]",1,1,3.95648,0,0,0,1,1
25,20,40,2,2,etx-mesh,1,1,1,5,"[[40, 2], [40, 5, 34, 2], [40, 32, 2], [40, 42, 2], [40, 43, 2]]","[40, 2]",0,0,3.5968,0,0,0,1,1
25,20,40,2,2,minhop-mesh,1,1,1,5,"[[40, 2], [40, 5, 34, 2], [40, 32, 2], [40, 42, 2], [40, 43, 2]]","[40, 2]",0,0,3.5968,0,0,0,1,1
25,20,40,2,2,meshcore-like,1,1,1,5,"[[40, 2], [40, 5, 34, 2], [40, 32, 2], [40, 42, 2], [40, 43, 2]]","[40, 2]",0,0,3.5968,0,0,0,1,1
25,21,5,16,2,meshecho,1,1,1,4,"[[5, 6, 16], [5, 10, 16], [5, 16], [5, 31, 16]]","[5, 31, 16]",1,1,3.95648,0,0,0,1,1
25,21,5,16,2,etx-mesh,1,1,1,4,"[[5, 6, 16], [5, 10, 16], [5, 16], [5, 31, 16]]","[5, 16]",0,0,3.5968,0,0,0,1,1
25,21,5,16,2,minhop-mesh,1,1,1,4,"[[5, 6, 16], [5, 10, 16], [5, 16], [5, 31, 16]]","[5, 16]",0,0,3.5968,0,0,0,1,1
25,21,5,16,2,meshcore-like,1,1,1,4,"[[5, 6, 16], [5, 10, 16], [5, 16], [5, 31, 16]]","[5, 16]",0,0,3.5968,0,0,0,1,1
25,22,18,2,2,meshecho,1,1,1,4,"[[18, 2], [18, 4, 2], [18, 32, 2], [18, 43, 2]]","[18, 4, 2]",1,1,3.95648,0,0,0,1,1
25,22,18,2,2,etx-mesh,1,1,1,4,"[[18, 2], [18, 4, 2], [18, 32, 2], [18, 43, 2]]","[18, 2]",0,0,3.5968,0,0,0,1,1
25,22,18,2,2,minhop-mesh,1,1,1,4,"[[18, 2], [18, 4, 2], [18, 32, 2], [18, 43, 2]]","[18, 2]",0,0,3.5968,0,0,0,1,1
25,22,18,2,2,meshcore-like,1,1,1,4,"[[18, 2], [18, 4, 2], [18, 32, 2], [18, 43, 2]]","[18, 2]",0,0,3.5968,0,0,0,1,1
25,23,45,38,2,meshecho,1,1,1,4,"[[45, 9, 38], [45, 39, 44, 38], [45, 49, 19, 38], [45, 49, 38]]","[45, 49, 38]",1,1,3.95648,0,0,0,1,1
25,23,45,38,2,etx-mesh,1,1,1,4,"[[45, 9, 38], [45, 39, 44, 38], [45, 49, 19, 38], [45, 49, 38]]","[45, 49, 38]",1,1,3.95648,0,0,0,1,1
25,23,45,38,2,minhop-mesh,1,1,1,4,"[[45, 9, 38], [45, 39, 44, 38], [45, 49, 19, 38], [45, 49, 38]]","[45, 49, 38]",1,1,3.95648,0,0,0,1,1
25,23,45,38,2,meshcore-like,1,1,1,4,"[[45, 9, 38], [45, 39, 44, 38], [45, 49, 19, 38], [45, 49, 38]]","[45, 9, 38]",1,1,3.95648,0,0,0,1,1
25,24,19,34,2,meshecho,1,1,1,7,"[[19, 0, 34], [19, 1, 5, 34], [19, 1, 34], [19, 6, 34], [19, 20, 34], [19, 20, 45, 34], [19, 43, 32, 34]]","[19, 0, 34]",1,1,3.95648,0,0,0,1,1
25,24,19,34,2,etx-mesh,1,1,1,7,"[[19, 0, 34], [19, 1, 5, 34], [19, 1, 34], [19, 6, 34], [19, 20, 34], [19, 20, 45, 34], [19, 43, 32, 34]]","[19, 6, 34]",1,1,3.95648,0,0,0,1,1
25,24,19,34,2,minhop-mesh,1,1,1,7,"[[19, 0, 34], [19, 1, 5, 34], [19, 1, 34], [19, 6, 34], [19, 20, 34], [19, 20, 45, 34], [19, 43, 32, 34]]","[19, 0, 34]",1,1,3.95648,0,0,0,1,1
25,24,19,34,2,meshcore-like,1,1,1,7,"[[19, 0, 34], [19, 1, 5, 34], [19, 1, 34], [19, 6, 34], [19, 20, 34], [19, 20, 45, 34], [19, 43, 32, 34]]","[19, 0, 34]",1,1,3.95648,0,0,0,1,1
26,1,40,4,2,meshecho,1,1,1,6,"[[40, 4], [40, 12, 4], [40, 27, 4], [40, 37, 4], [40, 37, 7, 4], [40, 37, 19, 4]]","[40, 12, 4]",0,0,3.740672,0,0,0,1,1
26,1,40,4,2,etx-mesh,1,1,1,6,"[[40, 4], [40, 12, 4], [40, 27, 4], [40, 37, 4], [40, 37, 7, 4], [40, 37, 19, 4]]","[40, 12, 4]",0,0,3.740672,0,0,0,1,1
26,1,40,4,2,minhop-mesh,1,1,1,6,"[[40, 4], [40, 12, 4], [40, 27, 4], [40, 37, 4], [40, 37, 7, 4], [40, 37, 19, 4]]","[40, 4]",0,0,3.5968,0,0,0,1,1
26,1,40,4,2,meshcore-like,1,1,1,6,"[[40, 4], [40, 12, 4], [40, 27, 4], [40, 37, 4], [40, 37, 7, 4], [40, 37, 19, 4]]","[40, 4]",0,0,3.5968,0,0,0,1,1
26,2,28,0,2,meshecho,1,1,1,6,"[[28, 0], [28, 24, 22, 0], [28, 30, 25, 0], [28, 40, 0], [28, 45, 16, 0], [28, 49, 0]]","[28, 49, 0]",1,1,3.95648,0,0,0,1,1
26,2,28,0,2,etx-mesh,1,1,1,6,"[[28, 0], [28, 24, 22, 0], [28, 30, 25, 0], [28, 40, 0], [28, 45, 16, 0], [28, 49, 0]]","[28, 0]",0,0,3.5968,0,0,0,1,1
26,2,28,0,2,minhop-mesh,1,1,1,6,"[[28, 0], [28, 24, 22, 0], [28, 30, 25, 0], [28, 40, 0], [28, 45, 16, 0], [28, 49, 0]]","[28, 0]",0,0,3.5968,0,0,0,1,1
26,2,28,0,2,meshcore-like,1,1,1,6,"[[28, 0], [28, 24, 22, 0], [28, 30, 25, 0], [28, 40, 0], [28, 45, 16, 0], [28, 49, 0]]","[28, 0]",0,0,3.5968,0,0,0,1,1
26,3,42,16,2,meshecho,1,1,1,4,"[[42, 13, 16], [42, 19, 47, 16], [42, 45, 16], [42, 48, 20, 16]]","[42, 45, 16]",1,1,3.95648,0,0,0,1,1
26,3,42,16,2,etx-mesh,1,1,1,4,"[[42, 13, 16], [42, 19, 47, 16], [42, 45, 16], [42, 48, 20, 16]]","[42, 45, 16]",1,1,3.95648,0,0,0,1,1
26,3,42,16,2,minhop-mesh,1,1,1,4,"[[42, 13, 16], [42, 19, 47, 16], [42, 45, 16], [42, 48, 20, 16]]","[42, 45, 16]",1,1,3.95648,0,0,0,1,1
26,3,42,16,2,meshcore-like,1,1,1,4,"[[42, 13, 16], [42, 19, 47, 16], [42, 45, 16], [42, 48, 20, 16]]","[42, 13, 16]",0,0,3.668736,0,0,0,1,1
26,4,39,35,2,meshecho,1,1,1,2,"[[39, 30, 35], [39, 35]]","[39, 30, 35]",1,1,3.95648,0,0,0,1,1
26,4,39,35,2,etx-mesh,1,1,1,2,"[[39, 30, 35], [39, 35]]","[39, 35]",0,0,3.668736,0,0,0,1,1
26,4,39,35,2,minhop-mesh,1,1,1,2,"[[39, 30, 35], [39, 35]]","[39, 35]",0,0,3.668736,0,0,0,1,1
26,4,39,35,2,meshcore-like,1,1,1,2,"[[39, 30, 35], [39, 35]]","[39, 35]",0,0,3.668736,0,0,0,1,1
26,5,37,16,2,meshecho,1,1,1,5,"[[37, 13, 22, 16], [37, 20, 16], [37, 20, 30, 16], [37, 44, 10, 16], [37, 45, 16]]","[37, 45, 16]",1,0,3.95648,0,0,0,1,1
26,5,37,16,2,etx-mesh,1,1,1,5,"[[37, 13, 22, 16], [37, 20, 16], [37, 20, 30, 16], [37, 44, 10, 16], [37, 45, 16]]","[37, 20, 16]",1,1,3.95648,0,0,0,1,1
26,5,37,16,2,minhop-mesh,1,1,1,5,"[[37, 13, 22, 16], [37, 20, 16], [37, 20, 30, 16], [37, 44, 10, 16], [37, 45, 16]]","[37, 45, 16]",1,0,3.95648,0,0,0,1,1
26,5,37,16,2,meshcore-like,1,1,1,5,"[[37, 13, 22, 16], [37, 20, 16], [37, 20, 30, 16], [37, 44, 10, 16], [37, 45, 16]]","[37, 20, 16]",1,1,3.95648,0,0,0,1,1
26,6,14,47,2,meshecho,1,1,1,4,"[[14, 3, 23, 47], [14, 3, 47], [14, 7, 47], [14, 19, 47]]","[14, 19, 47]",1,1,3.95648,0,0,0,1,1
26,6,14,47,2,etx-mesh,1,1,1,4,"[[14, 3, 23, 47], [14, 3, 47], [14, 7, 47], [14, 19, 47]]","[14, 3, 47]",1,1,3.95648,0,0,0,1,1
26,6,14,47,2,minhop-mesh,1,1,1,4,"[[14, 3, 23, 47], [14, 3, 47], [14, 7, 47], [14, 19, 47]]","[14, 19, 47]",1,1,3.95648,0,0,0,1,1
26,6,14,47,2,meshcore-like,1,1,1,4,"[[14, 3, 23, 47], [14, 3, 47], [14, 7, 47], [14, 19, 47]]","[14, 3, 47]",1,1,3.95648,0,0,0,1,1
26,7,32,48,2,meshecho,1,1,1,5,"[[32, 8, 5, 48], [32, 25, 48], [32, 30, 48], [32, 45, 16, 48], [32, 48]]","[32, 30, 48]",0,0,3.740672,0,0,0,1,1
26,7,32,48,2,etx-mesh,1,1,1,5,"[[32, 8, 5, 48], [32, 25, 48], [32, 30, 48], [32, 45, 16, 48], [32, 48]]","[32, 48]",0,0,3.668736,0,0,0,1,1
26,7,32,48,2,minhop-mesh,1,1,1,5,"[[32, 8, 5, 48], [32, 25, 48], [32, 30, 48], [32, 45, 16, 48], [32, 48]]","[32, 48]",0,0,3.668736,0,0,0,1,1
26,7,32,48,2,meshcore-like,1,1,1,5,"[[32, 8, 5, 48], [32, 25, 48], [32, 30, 48], [32, 45, 16, 48], [32, 48]]","[32, 48]",0,0,3.668736,0,0,0,1,1
26,8,19,10,2,meshecho,1,1,1,4,"[[19, 15, 10], [19, 21, 10], [19, 21, 40, 10], [19, 41, 10]]","[19, 15, 10]",1,1,3.95648,0,0,0,1,1
26,8,19,10,2,etx-mesh,1,1,1,4,"[[19, 15, 10], [19, 21, 10], [19, 21, 40, 10], [19, 41, 10]]","[19, 15, 10]",1,1,3.95648,0,0,0,1,1
26,8,19,10,2,minhop-mesh,1,1,1,4,"[[19, 15, 10], [19, 21, 10], [19, 21, 40, 10], [19, 41, 10]]","[19, 15, 10]",1,1,3.95648,0,0,0,1,1
26,8,19,10,2,meshcore-like,1,1,1,4,"[[19, 15, 10], [19, 21, 10], [19, 21, 40, 10], [19, 41, 10]]","[19, 15, 10]",1,1,3.95648,0,0,0,1,1
26,9,3,0,2,meshecho,1,1,1,6,"[[3, 0], [3, 15, 0], [3, 25, 21, 0], [3, 25, 48, 0], [3, 41, 0], [3, 49, 0]]","[3, 49, 0]",1,1,3.95648,0,0,0,1,1
26,9,3,0,2,etx-mesh,1,1,1,6,"[[3, 0], [3, 15, 0], [3, 25, 21, 0], [3, 25, 48, 0], [3, 41, 0], [3, 49, 0]]","[3, 0]",0,0,3.668736,0,0,0,1,1
26,9,3,0,2,minhop-mesh,1,1,1,6,"[[3, 0], [3, 15, 0], [3, 25, 21, 0], [3, 25, 48, 0], [3, 41, 0], [3, 49, 0]]","[3, 0]",0,0,3.668736,0,0,0,1,1
26,9,3,0,2,meshcore-like,1,1,1,6,"[[3, 0], [3, 15, 0], [3, 25, 21, 0], [3, 25, 48, 0], [3, 41, 0], [3, 49, 0]]","[3, 0]",0,0,3.668736,0,0,0,1,1
26,10,5,17,2,meshecho,1,1,1,4,"[[5, 4, 17], [5, 12, 17], [5, 44, 1, 17], [5, 44, 17]]","[5, 4, 17]",0,0,3.5968,0,0,0,1,1
26,10,5,17,2,etx-mesh,1,1,1,4,"[[5, 4, 17], [5, 12, 17], [5, 44, 1, 17], [5, 44, 17]]","[5, 12, 17]",0,0,3.668736,0,0,0,1,1
26,10,5,17,2,minhop-mesh,1,1,1,4,"[[5, 4, 17], [5, 12, 17], [5, 44, 1, 17], [5, 44, 17]]","[5, 4, 17]",0,0,3.5968,0,0,0,1,1
26,10,5,17,2,meshcore-like,1,1,1,4,"[[5, 4, 17], [5, 12, 17], [5, 44, 1, 17], [5, 44, 17]]","[5, 4, 17]",0,0,3.5968,0,0,0,1,1
26,11,42,47,2,meshecho,1,1,1,2,"[[42, 13, 47], [42, 19, 7, 47]]","[42, 19, 7, 47]",0,0,3.740672,0,0,0,1,1
26,11,42,47,2,etx-mesh,1,1,1,2,"[[42, 13, 47], [42, 19, 7, 47]]","[42, 13, 47]",1,1,3.95648,0,0,0,1,1
26,11,42,47,2,minhop-mesh,1,1,1,2,"[[42, 13, 47], [42, 19, 7, 47]]","[42, 13, 47]",1,1,3.95648,0,0,0,1,1
26,11,42,47,2,meshcore-like,1,1,1,2,"[[42, 13, 47], [42, 19, 7, 47]]","[42, 13, 47]",1,1,3.95648,0,0,0,1,1
26,12,32,13,2,meshecho,1,1,1,1,"[[32, 7, 47, 13]]","[32, 7, 47, 13]",1,1,4.172288,0,0,0,1,0
26,12,32,13,2,etx-mesh,1,1,1,1,"[[32, 7, 47, 13]]","[32, 7, 47, 13]",1,1,4.172288,0,0,0,1,0
26,12,32,13,2,minhop-mesh,1,1,1,1,"[[32, 7, 47, 13]]","[32, 7, 47, 13]",1,1,4.172288,0,0,0,1,0
26,12,32,13,2,meshcore-like,1,1,1,1,"[[32, 7, 47, 13]]","[32, 7, 47, 13]",1,1,4.172288,0,0,0,1,0
26,13,31,8,2,meshecho,1,1,1,5,"[[31, 13, 5, 8], [31, 13, 8], [31, 20, 8], [31, 34, 43, 8], [31, 45, 8]]","[31, 20, 8]",1,1,3.95648,0,0,0,1,1
26,13,31,8,2,etx-mesh,1,1,1,5,"[[31, 13, 5, 8], [31, 13, 8], [31, 20, 8], [31, 34, 43, 8], [31, 45, 8]]","[31, 20, 8]",1,1,3.95648,0,0,0,1,1
26,13,31,8,2,minhop-mesh,1,1,1,5,"[[31, 13, 5, 8], [31, 13, 8], [31, 20, 8], [31, 34, 43, 8], [31, 45, 8]]","[31, 20, 8]",1,1,3.95648,0,0,0,1,1
26,13,31,8,2,meshcore-like,1,1,1,5,"[[31, 13, 5, 8], [31, 13, 8], [31, 20, 8], [31, 34, 43, 8], [31, 45, 8]]","[31, 13, 8]",1,1,3.95648,0,0,0,1,1
26,14,22,32,2,meshecho,1,1,1,5,"[[22, 11, 28, 32], [22, 17, 2, 32], [22, 17, 32], [22, 32], [22, 44, 32]]","[22, 44, 32]",1,1,3.95648,0,0,0,1,1
26,14,22,32,2,etx-mesh,1,1,1,5,"[[22, 11, 28, 32], [22, 17, 2, 32], [22, 17, 32], [22, 32], [22, 44, 32]]","[22, 44, 32]",1,1,3.95648,0,0,0,1,1
26,14,22,32,2,minhop-mesh,1,1,1,5,"[[22, 11, 28, 32], [22, 17, 2, 32], [22, 17, 32], [22, 32], [22, 44, 32]]","[22, 32]",0,0,3.5968,0,0,0,1,1
26,14,22,32,2,meshcore-like,1,1,1,5,"[[22, 11, 28, 32], [22, 17, 2, 32], [22, 17, 32], [22, 32], [22, 44, 32]]","[22, 32]",0,0,3.5968,0,0,0,1,1
26,15,33,20,2,meshecho,1,1,1,5,"[[33, 6, 20], [33, 8, 5, 20], [33, 8, 20], [33, 20], [33, 45, 16, 20]]","[33, 6, 20]",0,0,3.5968,0,0,0,1,1
26,15,33,20,2,etx-mesh,1,1,1,5,"[[33, 6, 20], [33, 8, 5, 20], [33, 8, 20], [33, 20], [33, 45, 16, 20]]","[33, 20]",0,0,3.5968,0,0,0,1,1
26,15,33,20,2,minhop-mesh,1,1,1,5,"[[33, 6, 20], [33, 8, 5, 20], [33, 8, 20], [33, 20], [33, 45, 16, 20]]","[33, 20]",0,0,3.5968,0,0,0,1,1
26,15,33,20,2,meshcore-like,1,1,1,5,"[[33, 6, 20], [33, 8, 5, 20], [33, 8, 20], [33, 20], [33, 45, 16, 20]]","[33, 20]",0,0,3.5968,0,0,0,1,1
26,16,19,0,2,meshecho,1,1,1,4,"[[19, 0], [19, 6, 0], [19, 15, 0], [19, 49, 0]]","[19, 49, 0]",1,1,3.95648,0,0,0,1,1
26,16,19,0,2,etx-mesh,1,1,1,4,"[[19, 0], [19, 6, 0], [19, 15, 0], [19, 49, 0]]","[19, 0]",0,0,3.5968,0,0,0,1,1
26,16,19,0,2,minhop-mesh,1,1,1,4,"[[19, 0], [19, 6, 0], [19, 15, 0], [19, 49, 0]]","[19, 0]",0,0,3.5968,0,0,0,1,1
26,16,19,0,2,meshcore-like,1,1,1,4,"[[19, 0], [19, 6, 0], [19, 15, 0], [19, 49, 0]]","[19, 0]",0,0,3.5968,0,0,0,1,1
26,17,8,12,2,meshecho,1,1,1,8,"[[8, 2, 33, 12], [8, 4, 12], [8, 12], [8, 17, 12], [8, 18, 1, 12], [8, 27, 3, 12], [8, 27, 12], [8, 27, 37, 12]]","[8, 4, 12]",0,0,3.740672,0,0,0,1,1
26,17,8,12,2,etx-mesh,1,1,1,8,"[[8, 2, 33, 12], [8, 4, 12], [8, 12], [8, 17, 12], [8, 18, 1, 12], [8, 27, 3, 12], [8, 27, 12], [8, 27, 37, 12]]","[8, 12]",1,0,3.740672,0,0,0,1,1
26,17,8,12,2,minhop-mesh,1,1,1,8,"[[8, 2, 33, 12], [8, 4, 12], [8, 12], [8, 17, 12], [8, 18, 1, 12], [8, 27, 3, 12], [8, 27, 12], [8, 27, 37, 12]]","[8, 12]",1,0,3.740672,0,0,0,1,1
26,17,8,12,2,meshcore-like,1,1,1,8,"[[8, 2, 33, 12], [8, 4, 12], [8, 12], [8, 17, 12], [8, 18, 1, 12], [8, 27, 3, 12], [8, 27, 12], [8, 27, 37, 12]]","[8, 12]",1,0,3.740672,0,0,0,1,1
26,18,34,18,2,meshecho,1,1,1,6,"[[34, 4, 17, 18], [34, 15, 10, 18], [34, 15, 41, 18], [34, 18], [34, 31, 18], [34, 42, 18]]","[34, 31, 18]",1,1,3.95648,0,0,0,1,1
26,18,34,18,2,etx-mesh,1,1,1,6,"[[34, 4, 17, 18], [34, 15, 10, 18], [34, 15, 41, 18], [34, 18], [34, 31, 18], [34, 42, 18]]","[34, 18]",0,0,3.5968,0,0,0,1,1
26,18,34,18,2,minhop-mesh,1,1,1,6,"[[34, 4, 17, 18], [34, 15, 10, 18], [34, 15, 41, 18], [34, 18], [34, 31, 18], [34, 42, 18]]","[34, 18]",0,0,3.5968,0,0,0,1,1
26,18,34,18,2,meshcore-like,1,1,1,6,"[[34, 4, 17, 18], [34, 15, 10, 18], [34, 15, 41, 18], [34, 18], [34, 31, 18], [34, 42, 18]]","[34, 18]",0,0,3.5968,0,0,0,1,1
26,19,10,38,2,meshecho,1,1,1,6,"[[10, 23, 7, 38], [10, 23, 19, 38], [10, 23, 38], [10, 23, 39, 38], [10, 38], [10, 46, 38]]","[10, 23, 38]",0,0,3.740672,0,0,0,1,1
26,19,10,38,2,etx-mesh,1,1,1,6,"[[10, 23, 7, 38], [10, 23, 19, 38], [10, 23, 38], [10, 23, 39, 38], [10, 38], [10, 46, 38]]","[10, 38]",0,0,3.668736,0,0,0,1,1
26,19,10,38,2,minhop-mesh,1,1,1,6,"[[10, 23, 7, 38], [10, 23, 19, 38], [10, 23, 38], [10, 23, 39, 38], [10, 38], [10, 46, 38]]","[10, 38]",0,0,3.668736,0,0,0,1,1
26,19,10,38,2,meshcore-like,1,1,1,6,"[[10, 23, 7, 38], [10, 23, 19, 38], [10, 23, 38], [10, 23, 39, 38], [10, 38], [10, 46, 38]]","[10, 38]",0,0,3.668736,0,0,0,1,1
26,20,10,19,2,meshecho,1,1,1,4,"[[10, 3, 19], [10, 4, 19], [10, 4, 37, 19], [10, 32, 2, 19]]","[10, 4, 19]",0,0,3.740672,0,0,0,1,1
26,20,10,19,2,etx-mesh,1,1,1,4,"[[10, 3, 19], [10, 4, 19], [10, 4, 37, 19], [10, 32, 2, 19]]","[10, 4, 19]",0,0,3.740672,0,0,0,1,1
26,20,10,19,2,minhop-mesh,1,1,1,4,"[[10, 3, 19], [10, 4, 19], [10, 4, 37, 19], [10, 32, 2, 19]]","[10, 4, 19]",0,0,3.740672,0,0,0,1,1
26,20,10,19,2,meshcore-like,1,1,1,4,"[[10, 3, 19], [10, 4, 19], [10, 4, 37, 19], [10, 32, 2, 19]]","[10, 3, 19]",0,0,3.668736,0,0,0,1,1
26,21,7,8,2,meshecho,1,1,1,5,"[[7, 5, 8], [7, 8], [7, 16, 8], [7, 16, 45, 8], [7, 20, 8]]","[7, 16, 8]",0,0,3.668736,0,0,0,1,1
26,21,7,8,2,etx-mesh,1,1,1,5,"[[7, 5, 8], [7, 8], [7, 16, 8], [7, 16, 45, 8], [7, 20, 8]]","[7, 8]",0,0,3.668736,0,0,0,1,1
26,21,7,8,2,minhop-mesh,1,1,1,5,"[[7, 5, 8], [7, 8], [7, 16, 8], [7, 16, 45, 8], [7, 20, 8]]","[7, 8]",0,0,3.668736,0,0,0,1,1
26,21,7,8,2,meshcore-like,1,1,1,5,"[[7, 5, 8], [7, 8], [7, 16, 8], [7, 16, 45, 8], [7, 20, 8]]","[7, 8]",0,0,3.668736,0,0,0,1,1
26,22,47,18,2,meshecho,1,1,1,5,"[[47, 31, 18], [47, 41, 10, 18], [47, 42, 18], [47, 44, 2, 18], [47, 49, 21, 18]]","[47, 31, 18]",1,1,3.95648,0,0,0,1,1
26,22,47,18,2,etx-mesh,1,1,1,5,"[[47, 31, 18], [47, 41, 10, 18], [47, 42, 18], [47, 44, 2, 18], [47, 49, 21, 18]]","[47, 31, 18]",1,1,3.95648,0,0,0,1,1
26,22,47,18,2,minhop-mesh,1,1,1,5,"[[47, 31, 18], [47, 41, 10, 18], [47, 42, 18], [47, 44, 2, 18], [47, 49, 21, 18]]","[47, 31, 18]",1,1,3.95648,0,0,0,1,1
26,22,47,18,2,meshcore-like,1,1,1,5,"[[47, 31, 18], [47, 41, 10, 18], [47, 42, 18], [47, 44, 2, 18], [47, 49, 21, 18]]","[47, 31, 18]",1,1,3.95648,0,0,0,1,1
26,23,21,38,2,meshecho,1,1,1,5,"[[21, 34, 38], [21, 37, 3, 38], [21, 37, 23, 38], [21, 39, 38], [21, 43, 38]]","[21, 39, 38]",1,1,3.95648,0,0,0,1,1
26,23,21,38,2,etx-mesh,1,1,1,5,"[[21, 34, 38], [21, 37, 3, 38], [21, 37, 23, 38], [21, 39, 38], [21, 43, 38]]","[21, 34, 38]",0,0,3.5968,0,0,0,1,1
26,23,21,38,2,minhop-mesh,1,1,1,5,"[[21, 34, 38], [21, 37, 3, 38], [21, 37, 23, 38], [21, 39, 38], [21, 43, 38]]","[21, 39, 38]",1,1,3.95648,0,0,0,1,1
26,23,21,38,2,meshcore-like,1,1,1,5,"[[21, 34, 38], [21, 37, 3, 38], [21, 37, 23, 38], [21, 39, 38], [21, 43, 38]]","[21, 34, 38]",0,0,3.5968,0,0,0,1,1
26,24,3,48,2,meshecho,1,1,1,4,"[[3, 30, 21, 48], [3, 30, 48], [3, 35, 48], [3, 42, 18, 48]]","[3, 30, 48]",0,0,3.668736,0,0,0,1,1
26,24,3,48,2,etx-mesh,1,1,1,4,"[[3, 30, 21, 48], [3, 30, 48], [3, 35, 48], [3, 42, 18, 48]]","[3, 30, 48]",0,0,3.668736,0,0,0,1,1
26,24,3,48,2,minhop-mesh,1,1,1,4,"[[3, 30, 21, 48], [3, 30, 48], [3, 35, 48], [3, 42, 18, 48]]","[3, 30, 48]",0,0,3.668736,0,0,0,1,1
26,24,3,48,2,meshcore-like,1,1,1,4,"[[3, 30, 21, 48], [3, 30, 48], [3, 35, 48], [3, 42, 18, 48]]","[3, 30, 48]",0,0,3.668736,0,0,0,1,1
27,1,1,4,2,meshecho,1,1,1,5,"[[1, 3, 4], [1, 3, 24, 4], [1, 4], [1, 46, 4], [1, 47, 4]]","[1, 46, 4]",1,1,3.95648,0,0,0,1,1
27,1,1,4,2,etx-mesh,1,1,1,5,"[[1, 3, 4], [1, 3, 24, 4], [1, 4], [1, 46, 4], [1, 47, 4]]","[1, 4]",0,0,3.5968,0,0,0,1,1
27,1,1,4,2,minhop-mesh,1,1,1,5,"[[1, 3, 4], [1, 3, 24, 4], [1, 4], [1, 46, 4], [1, 47, 4]]","[1, 4]",0,0,3.5968,0,0,0,1,1
27,1,1,4,2,meshcore-like,1,1,1,5,"[[1, 3, 4], [1, 3, 24, 4], [1, 4], [1, 46, 4], [1, 47, 4]]","[1, 4]",0,0,3.5968,0,0,0,1,1
27,2,33,34,2,meshecho,1,1,1,4,"[[33, 10, 34], [33, 21, 34], [33, 22, 17, 34], [33, 34]]","[33, 21, 34]",0,0,3.740672,0,0,0,1,1
27,2,33,34,2,etx-mesh,1,1,1,4,"[[33, 10, 34], [33, 21, 34], [33, 22, 17, 34], [33, 34]]","[33, 34]",0,0,3.5968,0,0,0,1,1
27,2,33,34,2,minhop-mesh,1,1,1,4,"[[33, 10, 34], [33, 21, 34], [33, 22, 17, 34], [33, 34]]","[33, 34]",0,0,3.5968,0,0,0,1,1
27,2,33,34,2,meshcore-like,1,1,1,4,"[[33, 10, 34], [33, 21, 34], [33, 22, 17, 34], [33, 34]]","[33, 34]",0,0,3.5968,0,0,0,1,1
27,3,2,45,2,meshecho,1,1,1,4,"[[2, 44, 13, 45], [2, 44, 24, 45], [2, 44, 36, 45], [2, 45]]","[2, 44, 24, 45]",1,1,4.172288,0,0,0,1,1
27,3,2,45,2,etx-mesh,1,1,1,4,"[[2, 44, 13, 45], [2, 44, 24, 45], [2, 44, 36, 45], [2, 45]]","[2, 45]",1,1,3.740672,0,0,0,1,1
27,3,2,45,2,minhop-mesh,1,1,1,4,"[[2, 44, 13, 45], [2, 44, 24, 45], [2, 44, 36, 45], [2, 45]]","[2, 45]",1,1,3.740672,0,0,0,1,1
27,3,2,45,2,meshcore-like,1,1,1,4,"[[2, 44, 13, 45], [2, 44, 24, 45], [2, 44, 36, 45], [2, 45]]","[2, 45]",1,1,3.740672,0,0,0,1,1
27,4,31,21,2,meshecho,1,1,1,4,"[[31, 33, 36, 21], [31, 34, 21], [31, 38, 21], [31, 39, 13, 21]]","[31, 34, 21]",1,1,3.95648,0,0,0,1,1
27,4,31,21,2,etx-mesh,1,1,1,4,"[[31, 33, 36, 21], [31, 34, 21], [31, 38, 21], [31, 39, 13, 21]]","[31, 34, 21]",1,1,3.95648,0,0,0,1,1
27,4,31,21,2,minhop-mesh,1,1,1,4,"[[31, 33, 36, 21], [31, 34, 21], [31, 38, 21], [31, 39, 13, 21]]","[31, 34, 21]",1,1,3.95648,0,0,0,1,1
27,4,31,21,2,meshcore-like,1,1,1,4,"[[31, 33, 36, 21], [31, 34, 21], [31, 38, 21], [31, 39, 13, 21]]","[31, 34, 21]",1,1,3.95648,0,0,0,1,1
27,5,12,33,2,meshecho,1,1,1,6,"[[12, 24, 33], [12, 33], [12, 35, 33], [12, 39, 13, 33], [12, 40, 3, 33], [12, 44, 48, 33]]","[12, 24, 33]",1,1,3.95648,0,0,0,1,1
27,5,12,33,2,etx-mesh,1,1,1,6,"[[12, 24, 33], [12, 33], [12, 35, 33], [12, 39, 13, 33], [12, 40, 3, 33], [12, 44, 48, 33]]","[12, 33]",0,0,3.5968,0,0,0,1,1
27,5,12,33,2,minhop-mesh,1,1,1,6,"[[12, 24, 33], [12, 33], [12, 35, 33], [12, 39, 13, 33], [12, 40, 3, 33], [12, 44, 48, 33]]","[12, 33]",0,0,3.5968,0,0,0,1,1
27,5,12,33,2,meshcore-like,1,1,1,6,"[[12, 24, 33], [12, 33], [12, 35, 33], [12, 39, 13, 33], [12, 40, 3, 33], [12, 44, 48, 33]]","[12, 33]",0,0,3.5968,0,0,0,1,1
27,6,42,13,2,meshecho,1,1,1,4,"[[42, 33, 13], [42, 36, 13], [42, 36, 48, 13], [42, 39, 13]]","[42, 39, 13]",1,1,3.95648,0,0,0,1,1
27,6,42,13,2,etx-mesh,1,1,1,4,"[[42, 33, 13], [42, 36, 13], [42, 36, 48, 13], [42, 39, 13]]","[42, 39, 13]",1,1,3.95648,0,0,0,1,1
27,6,42,13,2,minhop-mesh,1,1,1,4,"[[42, 33, 13], [42, 36, 13], [42, 36, 48, 13], [42, 39, 13]]","[42, 39, 13]",1,1,3.95648,0,0,0,1,1
27,6,42,13,2,meshcore-like,1,1,1,4,"[[42, 33, 13], [42, 36, 13], [42, 36, 48, 13], [42, 39, 13]]","[42, 33, 13]",0,0,3.668736,0,0,0,1,1
27,7,42,7,2,meshecho,1,1,1,4,"[[42, 7], [42, 39, 48, 7], [42, 40, 7], [42, 47, 7]]","[42, 40, 7]",1,1,3.95648,0,0,0,1,1
27,7,42,7,2,etx-mesh,1,1,1,4,"[[42, 7], [42, 39, 48, 7], [42, 40, 7], [42, 47, 7]]","[42, 7]",0,0,3.5968,0,0,0,1,1
27,7,42,7,2,minhop-mesh,1,1,1,4,"[[42, 7], [42, 39, 48, 7], [42, 40, 7], [42, 47, 7]]","[42, 7]",0,0,3.5968,0,0,0,1,1
27,7,42,7,2,meshcore-like,1,1,1,4,"[[42, 7], [42, 39, 48, 7], [42, 40, 7], [42, 47, 7]]","[42, 7]",0,0,3.5968,0,0,0,1,1
27,8,47,42,2,meshecho,1,1,1,5,"[[47, 1, 29, 42], [47, 2, 42], [47, 20, 42], [47, 42], [47, 43, 42]]","[47, 43, 42]",1,1,3.95648,0,0,0,1,1
27,8,47,42,2,etx-mesh,1,1,1,5,"[[47, 1, 29, 42], [47, 2, 42], [47, 20, 42], [47, 42], [47, 43, 42]]","[47, 42]",0,0,3.5968,0,0,0,1,1
27,8,47,42,2,minhop-mesh,1,1,1,5,"[[47, 1, 29, 42], [47, 2, 42], [47, 20, 42], [47, 42], [47, 43, 42]]","[47, 42]",0,0,3.5968,0,0,0,1,1
27,8,47,42,2,meshcore-like,1,1,1,5,"[[47, 1, 29, 42], [47, 2, 42], [47, 20, 42], [47, 42], [47, 43, 42]]","[47, 42]",0,0,3.5968,0,0,0,1,1
27,9,33,16,2,meshecho,1,1,1,4,"[[33, 1, 25, 16], [33, 27, 17, 16], [33, 43, 42, 16], [33, 49, 16]]","[33, 49, 16]",0,0,3.668736,0,0,0,1,1
27,9,33,16,2,etx-mesh,1,1,1,4,"[[33, 1, 25, 16], [33, 27, 17, 16], [33, 43, 42, 16], [33, 49, 16]]","[33, 49, 16]",0,0,3.668736,0,0,0,1,1
27,9,33,16,2,minhop-mesh,1,1,1,4,"[[33, 1, 25, 16], [33, 27, 17, 16], [33, 43, 42, 16], [33, 49, 16]]","[33, 49, 16]",0,0,3.668736,0,0,0,1,1
27,9,33,16,2,meshcore-like,1,1,1,4,"[[33, 1, 25, 16], [33, 27, 17, 16], [33, 43, 42, 16], [33, 49, 16]]","[33, 49, 16]",0,0,3.668736,0,0,0,1,1
27,10,33,42,2,meshecho,1,1,1,2,"[[33, 20, 42], [33, 43, 42]]","[33, 20, 42]",1,1,3.95648,0,0,0,1,1
27,10,33,42,2,etx-mesh,1,1,1,2,"[[33, 20, 42], [33, 43, 42]]","[33, 20, 42]",1,1,3.95648,0,0,0,1,1
27,10,33,42,2,minhop-mesh,1,1,1,2,"[[33, 20, 42], [33, 43, 42]]","[33, 20, 42]",1,1,3.95648,0,0,0,1,1
27,10,33,42,2,meshcore-like,1,1,1,2,"[[33, 20, 42], [33, 43, 42]]","[33, 20, 42]",1,1,3.95648,0,0,0,1,1
27,11,49,26,2,meshecho,1,1,1,2,"[[49, 34, 26], [49, 38, 26]]","[49, 34, 26]",1,1,3.95648,0,0,0,1,1
27,11,49,26,2,etx-mesh,1,1,1,2,"[[49, 34, 26], [49, 38, 26]]","[49, 38, 26]",1,1,3.95648,0,0,0,1,1
27,11,49,26,2,minhop-mesh,1,1,1,2,"[[49, 34, 26], [49, 38, 26]]","[49, 34, 26]",1,1,3.95648,0,0,0,1,1
27,11,49,26,2,meshcore-like,1,1,1,2,"[[49, 34, 26], [49, 38, 26]]","[49, 34, 26]",1,1,3.95648,0,0,0,1,1
27,12,8,29,2,meshecho,1,1,1,3,"[[8, 1, 29], [8, 14, 29], [8, 29]]","[8, 1, 29]",1,1,3.95648,0,0,0,1,1
27,12,8,29,2,etx-mesh,1,1,1,3,"[[8, 1, 29], [8, 14, 29], [8, 29]]","[8, 29]",0,0,3.5968,0,0,0,1,1
27,12,8,29,2,minhop-mesh,1,1,1,3,"[[8, 1, 29], [8, 14, 29], [8, 29]]","[8, 29]",0,0,3.5968,0,0,0,1,1
27,12,8,29,2,meshcore-like,1,1,1,3,"[[8, 1, 29], [8, 14, 29], [8, 29]]","[8, 29]",0,0,3.5968,0,0,0,1,1
27,13,31,13,2,meshecho,1,1,1,5,"[[31, 33, 13], [31, 34, 21, 13], [31, 35, 36, 13], [31, 39, 13], [31, 48, 13]]","[31, 33, 13]",1,1,3.95648,0,0,0,1,1
27,13,31,13,2,etx-mesh,1,1,1,5,"[[31, 33, 13], [31, 34, 21, 13], [31, 35, 36, 13], [31, 39, 13], [31, 48, 13]]","[31, 33, 13]",1,1,3.95648,0,0,0,1,1
27,13,31,13,2,minhop-mesh,1,1,1,5,"[[31, 33, 13], [31, 34, 21, 13], [31, 35, 36, 13], [31, 39, 13], [31, 48, 13]]","[31, 33, 13]",1,1,3.95648,0,0,0,1,1
27,13,31,13,2,meshcore-like,1,1,1,5,"[[31, 33, 13], [31, 34, 21, 13], [31, 35, 36, 13], [31, 39, 13], [31, 48, 13]]","[31, 33, 13]",1,1,3.95648,0,0,0,1,1
27,14,11,37,2,meshecho,1,1,1,6,"[[11, 17, 37], [11, 18, 37], [11, 37], [11, 39, 13, 37], [11, 39, 45, 37], [11, 43, 20, 37]]","[11, 18, 37]",0,0,3.740672,0,0,0,1,1
27,14,11,37,2,etx-mesh,1,1,1,6,"[[11, 17, 37], [11, 18, 37], [11, 37], [11, 39, 13, 37], [11, 39, 45, 37], [11, 43, 20, 37]]","[11, 37]",1,0,3.740672,0,0,0,1,1
27,14,11,37,2,minhop-mesh,1,1,1,6,"[[11, 17, 37], [11, 18, 37], [11, 37], [11, 39, 13, 37], [11, 39, 45, 37], [11, 43, 20, 37]]","[11, 37]",1,0,3.740672,0,0,0,1,1
27,14,11,37,2,meshcore-like,1,1,1,6,"[[11, 17, 37], [11, 18, 37], [11, 37], [11, 39, 13, 37], [11, 39, 45, 37], [11, 43, 20, 37]]","[11, 37]",1,0,3.740672,0,0,0,1,1
27,15,34,48,2,meshecho,1,1,1,5,"[[34, 6, 25, 48], [34, 13, 48], [34, 39, 48], [34, 40, 48], [34, 48]]","[34, 13, 48]",1,1,3.95648,0,0,0,1,1
27,15,34,48,2,etx-mesh,1,1,1,5,"[[34, 6, 25, 48], [34, 13, 48], [34, 39, 48], [34, 40, 48], [34, 48]]","[34, 48]",0,0,3.5968,0,0,0,1,1
27,15,34,48,2,minhop-mesh,1,1,1,5,"[[34, 6, 25, 48], [34, 13, 48], [34, 39, 48], [34, 40, 48], [34, 48]]","[34, 48]",0,0,3.5968,0,0,0,1,1
27,15,34,48,2,meshcore-like,1,1,1,5,"[[34, 6, 25, 48], [34, 13, 48], [34, 39, 48], [34, 40, 48], [34, 48]]","[34, 48]",0,0,3.5968,0,0,0,1,1
27,16,1,13,2,meshecho,1,1,1,4,"[[1, 33, 13], [1, 35, 36, 13], [1, 39, 13], [1, 48, 13]]","[1, 33, 13]",1,1,3.884544,0,0,0,1,1
27,16,1,13,2,etx-mesh,1,1,1,4,"[[1, 33, 13], [1, 35, 36, 13], [1, 39, 13], [1, 48, 13]]","[1, 48, 13]",1,1,3.884544,0,0,0,1,1
27,16,1,13,2,minhop-mesh,1,1,1,4,"[[1, 33, 13], [1, 35, 36, 13], [1, 39, 13], [1, 48, 13]]","[1, 33, 13]",1,1,3.884544,0,0,0,1,1
27,16,1,13,2,meshcore-like,1,1,1,4,"[[1, 33, 13], [1, 35, 36, 13], [1, 39, 13], [1, 48, 13]]","[1, 33, 13]",1,1,3.884544,0,0,0,1,1
27,17,40,37,2,meshecho,1,1,1,3,"[[40, 18, 37], [40, 34, 26, 37], [40, 37]]","[40, 18, 37]",0,0,3.740672,0,0,0,1,1
27,17,40,37,2,etx-mesh,1,1,1,3,"[[40, 18, 37], [40, 34, 26, 37], [40, 37]]","[40, 18, 37]",0,0,3.740672,0,0,0,1,1
27,17,40,37,2,minhop-mesh,1,1,1,3,"[[40, 18, 37], [40, 34, 26, 37], [40, 37]]","[40, 37]",0,0,3.5968,0,0,0,1,1
27,17,40,37,2,meshcore-like,1,1,1,3,"[[40, 18, 37], [40, 34, 26, 37], [40, 37]]","[40, 37]",0,0,3.5968,0,0,0,1,1
27,18,34,25,2,meshecho,1,1,1,2,"[[34, 2, 32, 25], [34, 6, 25]]","[34, 2, 32, 25]",1,1,4.172288,0,0,0,1,1
27,18,34,25,2,etx-mesh,1,1,1,2,"[[34, 2, 32, 25], [34, 6, 25]]","[34, 6, 25]",1,1,3.95648,0,0,0,1,1
27,18,34,25,2,minhop-mesh,1,1,1,2,"[[34, 2, 32, 25], [34, 6, 25]]","[34, 6, 25]",1,1,3.95648,0,0,0,1,1
27,18,34,25,2,meshcore-like,1,1,1,2,"[[34, 2, 32, 25], [34, 6, 25]]","[34, 6, 25]",1,1,3.95648,0,0,0,1,1
27,19,48,0,2,meshecho,1,1,1,6,"[[48, 0], [48, 6, 0], [48, 17, 0], [48, 25, 0], [48, 28, 0], [48, 31, 12, 0]]","[48, 6, 0]",1,1,3.95648,0,0,0,1,1
27,19,48,0,2,etx-mesh,1,1,1,6,"[[48, 0], [48, 6, 0], [48, 17, 0], [48, 25, 0], [48, 28, 0], [48, 31, 12, 0]]","[48, 0]",0,0,3.5968,0,0,0,1,1
27,19,48,0,2,minhop-mesh,1,1,1,6,"[[48, 0], [48, 6, 0], [48, 17, 0], [48, 25, 0], [48, 28, 0], [48, 31, 12, 0]]","[48, 0]",0,0,3.5968,0,0,0,1,1
27,19,48,0,2,meshcore-like,1,1,1,6,"[[48, 0], [48, 6, 0], [48, 17, 0], [48, 25, 0], [48, 28, 0], [48, 31, 12, 0]]","[48, 0]",0,0,3.5968,0,0,0,1,1
27,20,16,21,2,meshecho,1,1,1,6,"[[16, 18, 21], [16, 18, 33, 21], [16, 21], [16, 34, 21], [16, 38, 21], [16, 44, 24, 21]]","[16, 38, 21]",1,1,3.95648,0,0,0,1,1
27,20,16,21,2,etx-mesh,1,1,1,6,"[[16, 18, 21], [16, 18, 33, 21], [16, 21], [16, 34, 21], [16, 38, 21], [16, 44, 24, 21]]","[16, 21]",1,1,3.740672,0,0,0,1,1
27,20,16,21,2,minhop-mesh,1,1,1,6,"[[16, 18, 21], [16, 18, 33, 21], [16, 21], [16, 34, 21], [16, 38, 21], [16, 44, 24, 21]]","[16, 21]",1,1,3.740672,0,0,0,1,1
27,20,16,21,2,meshcore-like,1,1,1,6,"[[16, 18, 21], [16, 18, 33, 21], [16, 21], [16, 34, 21], [16, 38, 21], [16, 44, 24, 21]]","[16, 21]",1,1,3.740672,0,0,0,1,1
27,21,24,41,2,meshecho,1,1,1,3,"[[24, 1, 41], [24, 8, 23, 41], [24, 19, 17, 41]]","[24, 19, 17, 41]",0,0,3.812608,0,0,0,1,1
27,21,24,41,2,etx-mesh,1,1,1,3,"[[24, 1, 41], [24, 8, 23, 41], [24, 19, 17, 41]]","[24, 1, 41]",0,0,3.812608,0,0,0,1,1
27,21,24,41,2,minhop-mesh,1,1,1,3,"[[24, 1, 41], [24, 8, 23, 41], [24, 19, 17, 41]]","[24, 1, 41]",0,0,3.812608,0,0,0,1,1
27,21,24,41,2,meshcore-like,1,1,1,3,"[[24, 1, 41], [24, 8, 23, 41], [24, 19, 17, 41]]","[24, 1, 41]",0,0,3.812608,0,0,0,1,1
27,22,0,43,2,meshecho,1,1,1,6,"[[0, 20, 43], [0, 37, 43], [0, 38, 26, 43], [0, 41, 43], [0, 42, 43], [0, 43]]","[0, 42, 43]",1,1,3.95648,0,0,0,1,1
27,22,0,43,2,etx-mesh,1,1,1,6,"[[0, 20, 43], [0, 37, 43], [0, 38, 26, 43], [0, 41, 43], [0, 42, 43], [0, 43]]","[0, 41, 43]",1,1,3.95648,0,0,0,1,1
27,22,0,43,2,minhop-mesh,1,1,1,6,"[[0, 20, 43], [0, 37, 43], [0, 38, 26, 43], [0, 41, 43], [0, 42, 43], [0, 43]]","[0, 43]",0,0,3.5968,0,0,0,1,1
27,22,0,43,2,meshcore-like,1,1,1,6,"[[0, 20, 43], [0, 37, 43], [0, 38, 26, 43], [0, 41, 43], [0, 42, 43], [0, 43]]","[0, 43]",0,0,3.5968,0,0,0,1,1
27,23,29,48,2,meshecho,1,1,1,3,"[[29, 13, 44, 48], [29, 13, 48], [29, 33, 48]]","[29, 13, 48]",1,1,3.95648,0,0,0,1,1
27,23,29,48,2,etx-mesh,1,1,1,3,"[[29, 13, 44, 48], [29, 13, 48], [29, 33, 48]]","[29, 13, 48]",1,1,3.95648,0,0,0,1,1
27,23,29,48,2,minhop-mesh,1,1,1,3,"[[29, 13, 44, 48], [29, 13, 48], [29, 33, 48]]","[29, 13, 48]",1,1,3.95648,0,0,0,1,1
27,23,29,48,2,meshcore-like,1,1,1,3,"[[29, 13, 44, 48], [29, 13, 48], [29, 33, 48]]","[29, 13, 48]",1,1,3.95648,0,0,0,1,1
27,24,3,12,2,meshecho,1,1,1,3,"[[3, 14, 12], [3, 14, 29, 12], [3, 19, 12]]","[3, 19, 12]",1,1,3.95648,0,0,0,1,1
27,24,3,12,2,etx-mesh,1,1,1,3,"[[3, 14, 12], [3, 14, 29, 12], [3, 19, 12]]","[3, 19, 12]",1,1,3.95648,0,0,0,1,1
27,24,3,12,2,minhop-mesh,1,1,1,3,"[[3, 14, 12], [3, 14, 29, 12], [3, 19, 12]]","[3, 19, 12]",1,1,3.95648,0,0,0,1,1
27,24,3,12,2,meshcore-like,1,1,1,3,"[[3, 14, 12], [3, 14, 29, 12], [3, 19, 12]]","[3, 14, 12]",1,1,3.95648,0,0,0,1,1
28,1,16,11,2,meshecho,1,1,1,5,"[[16, 1, 11], [16, 2, 11], [16, 11], [16, 24, 11], [16, 27, 11]]","[16, 1, 11]",1,1,3.95648,0,0,0,1,1
28,1,16,11,2,etx-mesh,1,1,1,5,"[[16, 1, 11], [16, 2, 11], [16, 11], [16, 24, 11], [16, 27, 11]]","[16, 11]",1,1,3.740672,0,0,0,1,1
28,1,16,11,2,minhop-mesh,1,1,1,5,"[[16, 1, 11], [16, 2, 11], [16, 11], [16, 24, 11], [16, 27, 11]]","[16, 11]",1,1,3.740672,0,0,0,1,1
28,1,16,11,2,meshcore-like,1,1,1,5,"[[16, 1, 11], [16, 2, 11], [16, 11], [16, 24, 11], [16, 27, 11]]","[16, 11]",1,1,3.740672,0,0,0,1,1
28,2,12,10,2,meshecho,1,1,1,4,"[[12, 10], [12, 21, 10], [12, 25, 10], [12, 39, 10]]","[12, 25, 10]",1,1,3.95648,0,0,0,1,1
28,2,12,10,2,etx-mesh,1,1,1,4,"[[12, 10], [12, 21, 10], [12, 25, 10], [12, 39, 10]]","[12, 10]",0,0,3.5968,0,0,0,1,1
28,2,12,10,2,minhop-mesh,1,1,1,4,"[[12, 10], [12, 21, 10], [12, 25, 10], [12, 39, 10]]","[12, 10]",0,0,3.5968,0,0,0,1,1
28,2,12,10,2,meshcore-like,1,1,1,4,"[[12, 10], [12, 21, 10], [12, 25, 10], [12, 39, 10]]","[12, 10]",0,0,3.5968,0,0,0,1,1
28,3,20,41,2,meshecho,1,1,1,2,"[[20, 31, 45, 41], [20, 35, 41]]","[20, 35, 41]",1,1,3.95648,0,0,0,1,1
28,3,20,41,2,etx-mesh,1,1,1,2,"[[20, 31, 45, 41], [20, 35, 41]]","[20, 35, 41]",1,1,3.95648,0,0,0,1,1
28,3,20,41,2,minhop-mesh,1,1,1,2,"[[20, 31, 45, 41], [20, 35, 41]]","[20, 35, 41]",1,1,3.95648,0,0,0,1,1
28,3,20,41,2,meshcore-like,1,1,1,2,"[[20, 31, 45, 41], [20, 35, 41]]","[20, 35, 41]",1,1,3.95648,0,0,0,1,1
28,4,15,45,2,meshecho,1,1,1,8,"[[15, 5, 14, 45], [15, 31, 45], [15, 33, 37, 45], [15, 41, 45], [15, 42, 45], [15, 45], [15, 47, 45], [15, 49, 45]]","[15, 47, 45]",1,1,3.95648,0,0,0,1,1
28,4,15,45,2,etx-mesh,1,1,1,8,"[[15, 5, 14, 45], [15, 31, 45], [15, 33, 37, 45], [15, 41, 45], [15, 42, 45], [15, 45], [15, 47, 45], [15, 49, 45]]","[15, 31, 45]",1,1,3.95648,0,0,0,1,1
28,4,15,45,2,minhop-mesh,1,1,1,8,"[[15, 5, 14, 45], [15, 31, 45], [15, 33, 37, 45], [15, 41, 45], [15, 42, 45], [15, 45], [15, 47, 45], [15, 49, 45]]","[15, 45]",0,0,3.5968,0,0,0,1,1
28,4,15,45,2,meshcore-like,1,1,1,8,"[[15, 5, 14, 45], [15, 31, 45], [15, 33, 37, 45], [15, 41, 45], [15, 42, 45], [15, 45], [15, 47, 45], [15, 49, 45]]","[15, 45]",0,0,3.5968,0,0,0,1,1
28,5,33,43,2,meshecho,1,1,1,5,"[[33, 7, 22, 43], [33, 8, 43], [33, 34, 17, 43], [33, 34, 43], [33, 42, 43]]","[33, 8, 43]",0,0,3.740672,0,0,0,1,1
28,5,33,43,2,etx-mesh,1,1,1,5,"[[33, 7, 22, 43], [33, 8, 43], [33, 34, 17, 43], [33, 34, 43], [33, 42, 43]]","[33, 34, 43]",0,0,3.5968,0,0,0,1,1
28,5,33,43,2,minhop-mesh,1,1,1,5,"[[33, 7, 22, 43], [33, 8, 43], [33, 34, 17, 43], [33, 34, 43], [33, 42, 43]]","[33, 8, 43]",0,0,3.740672,0,0,0,1,1
28,5,33,43,2,meshcore-like,1,1,1,5,"[[33, 7, 22, 43], [33, 8, 43], [33, 34, 17, 43], [33, 34, 43], [33, 42, 43]]","[33, 8, 43]",0,0,3.740672,0,0,0,1,1
28,6,5,4,2,meshecho,1,1,1,4,"[[5, 4], [5, 26, 4], [5, 28, 4], [5, 40, 4]]","[5, 28, 4]",1,1,3.95648,0,0,0,1,1
28,6,5,4,2,etx-mesh,1,1,1,4,"[[5, 4], [5, 26, 4], [5, 28, 4], [5, 40, 4]]","[5, 40, 4]",0,0,3.5968,0,0,0,1,1
28,6,5,4,2,minhop-mesh,1,1,1,4,"[[5, 4], [5, 26, 4], [5, 28, 4], [5, 40, 4]]","[5, 4]",0,0,3.5968,0,0,0,1,1
28,6,5,4,2,meshcore-like,1,1,1,4,"[[5, 4], [5, 26, 4], [5, 28, 4], [5, 40, 4]]","[5, 4]",0,0,3.5968,0,0,0,1,1
28,7,42,43,2,meshecho,1,1,1,4,"[[42, 1, 28, 43], [42, 13, 19, 43], [42, 26, 43], [42, 43]]","[42, 26, 43]",0,0,3.5968,0,0,0,1,1
28,7,42,43,2,etx-mesh,1,1,1,4,"[[42, 1, 28, 43], [42, 13, 19, 43], [42, 26, 43], [42, 43]]","[42, 43]",0,0,3.5968,0,0,0,1,1
28,7,42,43,2,minhop-mesh,1,1,1,4,"[[42, 1, 28, 43], [42, 13, 19, 43], [42, 26, 43], [42, 43]]","[42, 43]",0,0,3.5968,0,0,0,1,1
28,7,42,43,2,meshcore-like,1,1,1,4,"[[42, 1, 28, 43], [42, 13, 19, 43], [42, 26, 43], [42, 43]]","[42, 43]",0,0,3.5968,0,0,0,1,1
28,8,14,15,2,meshecho,1,1,1,5,"[[14, 8, 15], [14, 13, 29, 15], [14, 13, 30, 15], [14, 22, 7, 15], [14, 32, 15]]","[14, 8, 15]",1,1,3.95648,0,0,0,1,1
28,8,14,15,2,etx-mesh,1,1,1,5,"[[14, 8, 15], [14, 13, 29, 15], [14, 13, 30, 15], [14, 22, 7, 15], [14, 32, 15]]","[14, 8, 15]",1,1,3.95648,0,0,0,1,1
28,8,14,15,2,minhop-mesh,1,1,1,5,"[[14, 8, 15], [14, 13, 29, 15], [14, 13, 30, 15], [14, 22, 7, 15], [14, 32, 15]]","[14, 8, 15]",1,1,3.95648,0,0,0,1,1
28,8,14,15,2,meshcore-like,1,1,1,5,"[[14, 8, 15], [14, 13, 29, 15], [14, 13, 30, 15], [14, 22, 7, 15], [14, 32, 15]]","[14, 8, 15]",1,1,3.95648,0,0,0,1,1
28,9,3,10,2,meshecho,1,1,1,5,"[[3, 10], [3, 22, 29, 10], [3, 35, 10], [3, 35, 33, 10], [3, 39, 10]]","[3, 39, 10]",1,1,3.95648,0,0,0,1,1
28,9,3,10,2,etx-mesh,1,1,1,5,"[[3, 10], [3, 22, 29, 10], [3, 35, 10], [3, 35, 33, 10], [3, 39, 10]]","[3, 10]",0,0,3.5968,0,0,0,1,1
28,9,3,10,2,minhop-mesh,1,1,1,5,"[[3, 10], [3, 22, 29, 10], [3, 35, 10], [3, 35, 33, 10], [3, 39, 10]]","[3, 10]",0,0,3.5968,0,0,0,1,1
28,9,3,10,2,meshcore-like,1,1,1,5,"[[3, 10], [3, 22, 29, 10], [3, 35, 10], [3, 35, 33, 10], [3, 39, 10]]","[3, 10]",0,0,3.5968,0,0,0,1,1
28,10,44,43,2,meshecho,1,1,1,7,"[[44, 4, 28, 43], [44, 13, 6, 43], [44, 15, 8, 43], [44, 26, 43], [44, 38, 21, 43], [44, 43], [44, 48, 43]]","[44, 48, 43]",0,0,3.812608,0,0,0,1,1
28,10,44,43,2,etx-mesh,1,1,1,7,"[[44, 4, 28, 43], [44, 13, 6, 43], [44, 15, 8, 43], [44, 26, 43], [44, 38, 21, 43], [44, 43], [44, 48, 43]]","[44, 43]",1,1,3.740672,0,0,0,1,1
28,10,44,43,2,minhop-mesh,1,1,1,7,"[[44, 4, 28, 43], [44, 13, 6, 43], [44, 15, 8, 43], [44, 26, 43], [44, 38, 21, 43], [44, 43], [44, 48, 43]]","[44, 43]",1,1,3.740672,0,0,0,1,1
28,10,44,43,2,meshcore-like,1,1,1,7,"[[44, 4, 28, 43], [44, 13, 6, 43], [44, 15, 8, 43], [44, 26, 43], [44, 38, 21, 43], [44, 43], [44, 48, 43]]","[44, 43]",1,1,3.740672,0,0,0,1,1
28,11,19,49,2,meshecho,1,1,1,4,"[[19, 14, 49], [19, 44, 49], [19, 47, 42, 49], [19, 49]]","[19, 44, 49]",1,1,3.95648,0,0,0,1,1
28,11,19,49,2,etx-mesh,1,1,1,4,"[[19, 14, 49], [19, 44, 49], [19, 47, 42, 49], [19, 49]]","[19, 44, 49]",1,1,3.95648,0,0,0,1,1
28,11,19,49,2,minhop-mesh,1,1,1,4,"[[19, 14, 49], [19, 44, 49], [19, 47, 42, 49], [19, 49]]","[19, 49]",0,0,3.5968,0,0,0,1,1
28,11,19,49,2,meshcore-like,1,1,1,4,"[[19, 14, 49], [19, 44, 49], [19, 47, 42, 49], [19, 49]]","[19, 49]",0,0,3.5968,0,0,0,1,1
28,12,42,19,2,meshecho,1,1,1,1,"[[42, 16, 19]]","[42, 16, 19]",0,0,3.668736,0,0,0,1,0
28,12,42,19,2,etx-mesh,1,1,1,1,"[[42, 16, 19]]","[42, 16, 19]",0,0,3.668736,0,0,0,1,0
28,12,42,19,2,minhop-mesh,1,1,1,1,"[[42, 16, 19]]","[42, 16, 19]",0,0,3.668736,0,0,0,1,0
28,12,42,19,2,meshcore-like,1,1,1,1,"[[42, 16, 19]]","[42, 16, 19]",0,0,3.668736,0,0,0,1,0
28,13,30,10,2,meshecho,1,1,1,3,"[[30, 39, 10], [30, 39, 31, 10], [30, 44, 10]]","[30, 39, 10]",0,0,3.668736,0,0,0,1,1
28,13,30,10,2,etx-mesh,1,1,1,3,"[[30, 39, 10], [30, 39, 31, 10], [30, 44, 10]]","[30, 44, 10]",0,0,3.668736,0,0,0,1,1
28,13,30,10,2,minhop-mesh,1,1,1,3,"[[30, 39, 10], [30, 39, 31, 10], [30, 44, 10]]","[30, 39, 10]",0,0,3.668736,0,0,0,1,1
28,13,30,10,2,meshcore-like,1,1,1,3,"[[30, 39, 10], [30, 39, 31, 10], [30, 44, 10]]","[30, 39, 10]",0,0,3.668736,0,0,0,1,1
28,14,9,40,2,meshecho,1,1,1,2,"[[9, 3, 40], [9, 23, 40]]","[9, 3, 40]",1,1,3.95648,0,0,0,1,1
28,14,9,40,2,etx-mesh,1,1,1,2,"[[9, 3, 40], [9, 23, 40]]","[9, 23, 40]",1,1,3.95648,0,0,0,1,1
28,14,9,40,2,minhop-mesh,1,1,1,2,"[[9, 3, 40], [9, 23, 40]]","[9, 3, 40]",1,1,3.95648,0,0,0,1,1
28,14,9,40,2,meshcore-like,1,1,1,2,"[[9, 3, 40], [9, 23, 40]]","[9, 3, 40]",1,1,3.95648,0,0,0,1,1
28,15,37,4,2,meshecho,1,1,1,3,"[[37, 4], [37, 23, 28, 4], [37, 34, 3, 4]]","[37, 23, 28, 4]",1,1,4.172288,0,0,0,1,1
28,15,37,4,2,etx-mesh,1,1,1,3,"[[37, 4], [37, 23, 28, 4], [37, 34, 3, 4]]","[37, 4]",0,0,3.668736,0,0,0,1,1
28,15,37,4,2,minhop-mesh,1,1,1,3,"[[37, 4], [37, 23, 28, 4], [37, 34, 3, 4]]","[37, 4]",0,0,3.668736,0,0,0,1,1
28,15,37,4,2,meshcore-like,1,1,1,3,"[[37, 4], [37, 23, 28, 4], [37, 34, 3, 4]]","[37, 4]",0,0,3.668736,0,0,0,1,1
28,16,43,33,2,meshecho,1,1,1,3,"[[43, 21, 37, 33], [43, 35, 14, 33], [43, 35, 33]]","[43, 35, 33]",1,1,3.95648,0,0,0,1,1
28,16,43,33,2,etx-mesh,1,1,1,3,"[[43, 21, 37, 33], [43, 35, 14, 33], [43, 35, 33]]","[43, 35, 33]",1,1,3.95648,0,0,0,1,1
28,16,43,33,2,minhop-mesh,1,1,1,3,"[[43, 21, 37, 33], [43, 35, 14, 33], [43, 35, 33]]","[43, 35, 33]",1,1,3.95648,0,0,0,1,1
28,16,43,33,2,meshcore-like,1,1,1,3,"[[43, 21, 37, 33], [43, 35, 14, 33], [43, 35, 33]]","[43, 35, 33]",1,1,3.95648,0,0,0,1,1
28,17,44,26,2,meshecho,1,1,1,7,"[[44, 23, 28, 26], [44, 26], [44, 30, 26], [44, 34, 6, 26], [44, 38, 21, 26], [44, 43, 17, 26], [44, 43, 26]]","[44, 30, 26]",1,1,3.95648,0,0,0,1,1
28,17,44,26,2,etx-mesh,1,1,1,7,"[[44, 23, 28, 26], [44, 26], [44, 30, 26], [44, 34, 6, 26], [44, 38, 21, 26], [44, 43, 17, 26], [44, 43, 26]]","[44, 26]",1,0,3.740672,0,0,0,1,1
28,17,44,26,2,minhop-mesh,1,1,1,7,"[[44, 23, 28, 26], [44, 26], [44, 30, 26], [44, 34, 6, 26], [44, 38, 21, 26], [44, 43, 17, 26], [44, 43, 26]]","[44, 26]",1,0,3.740672,0,0,0,1,1
28,17,44,26,2,meshcore-like,1,1,1,7,"[[44, 23, 28, 26], [44, 26], [44, 30, 26], [44, 34, 6, 26], [44, 38, 21, 26], [44, 43, 17, 26], [44, 43, 26]]","[44, 26]",1,0,3.740672,0,0,0,1,1
28,18,49,38,2,meshecho,1,1,1,6,"[[49, 13, 38], [49, 16, 18, 38], [49, 21, 38], [49, 31, 6, 38], [49, 31, 38], [49, 41, 22, 38]]","[49, 21, 38]",0,0,3.740672,0,0,0,1,1
28,18,49,38,2,etx-mesh,1,1,1,6,"[[49, 13, 38], [49, 16, 18, 38], [49, 21, 38], [49, 31, 6, 38], [49, 31, 38], [49, 41, 22, 38]]","[49, 31, 38]",0,0,3.5968,0,0,0,1,1
28,18,49,38,2,minhop-mesh,1,1,1,6,"[[49, 13, 38], [49, 16, 18, 38], [49, 21, 38], [49, 31, 6, 38], [49, 31, 38], [49, 41, 22, 38]]","[49, 21, 38]",0,0,3.740672,0,0,0,1,1
28,18,49,38,2,meshcore-like,1,1,1,6,"[[49, 13, 38], [49, 16, 18, 38], [49, 21, 38], [49, 31, 6, 38], [49, 31, 38], [49, 41, 22, 38]]","[49, 13, 38]",0,0,3.5968,0,0,0,1,1
28,19,4,35,2,meshecho,1,1,1,4,"[[4, 25, 35], [4, 38, 33, 35], [4, 41, 35], [4, 45, 35]]","[4, 41, 35]",0,0,3.740672,0,0,0,1,1
28,19,4,35,2,etx-mesh,1,1,1,4,"[[4, 25, 35], [4, 38, 33, 35], [4, 41, 35], [4, 45, 35]]","[4, 45, 35]",0,0,3.740672,0,0,0,1,1
28,19,4,35,2,minhop-mesh,1,1,1,4,"[[4, 25, 35], [4, 38, 33, 35], [4, 41, 35], [4, 45, 35]]","[4, 41, 35]",0,0,3.740672,0,0,0,1,1
28,19,4,35,2,meshcore-like,1,1,1,4,"[[4, 25, 35], [4, 38, 33, 35], [4, 41, 35], [4, 45, 35]]","[4, 25, 35]",0,0,3.740672,0,0,0,1,1
28,20,17,31,2,meshecho,1,1,1,5,"[[17, 31], [17, 37, 33, 31], [17, 41, 31], [17, 45, 31], [17, 47, 31]]","[17, 45, 31]",1,1,3.95648,0,0,0,1,1
28,20,17,31,2,etx-mesh,1,1,1,5,"[[17, 31], [17, 37, 33, 31], [17, 41, 31], [17, 45, 31], [17, 47, 31]]","[17, 31]",1,1,3.740672,0,0,0,1,1
28,20,17,31,2,minhop-mesh,1,1,1,5,"[[17, 31], [17, 37, 33, 31], [17, 41, 31], [17, 45, 31], [17, 47, 31]]","[17, 31]",1,1,3.740672,0,0,0,1,1
28,20,17,31,2,meshcore-like,1,1,1,5,"[[17, 31], [17, 37, 33, 31], [17, 41, 31], [17, 45, 31], [17, 47, 31]]","[17, 31]",1,1,3.740672,0,0,0,1,1
28,21,11,18,2,meshecho,1,1,1,6,"[[11, 13, 18], [11, 16, 18], [11, 22, 18], [11, 29, 18], [11, 37, 33, 18], [11, 38, 18]]","[11, 13, 18]",1,1,3.95648,0,0,0,1,1
28,21,11,18,2,etx-mesh,1,1,1,6,"[[11, 13, 18], [11, 16, 18], [11, 22, 18], [11, 29, 18], [11, 37, 33, 18], [11, 38, 18]]","[11, 29, 18]",1,1,3.95648,0,0,0,1,1
28,21,11,18,2,minhop-mesh,1,1,1,6,"[[11, 13, 18], [11, 16, 18], [11, 22, 18], [11, 29, 18], [11, 37, 33, 18], [11, 38, 18]]","[11, 13, 18]",1,1,3.95648,0,0,0,1,1
28,21,11,18,2,meshcore-like,1,1,1,6,"[[11, 13, 18], [11, 16, 18], [11, 22, 18], [11, 29, 18], [11, 37, 33, 18], [11, 38, 18]]","[11, 13, 18]",1,1,3.95648,0,0,0,1,1
28,22,3,37,2,meshecho,1,1,1,3,"[[3, 20, 37], [3, 35, 33, 37], [3, 35, 37]]","[3, 35, 37]",1,1,3.95648,0,0,0,1,1
28,22,3,37,2,etx-mesh,1,1,1,3,"[[3, 20, 37], [3, 35, 33, 37], [3, 35, 37]]","[3, 35, 37]",1,1,3.95648,0,0,0,1,1
28,22,3,37,2,minhop-mesh,1,1,1,3,"[[3, 20, 37], [3, 35, 33, 37], [3, 35, 37]]","[3, 35, 37]",1,1,3.95648,0,0,0,1,1
28,22,3,37,2,meshcore-like,1,1,1,3,"[[3, 20, 37], [3, 35, 33, 37], [3, 35, 37]]","[3, 20, 37]",1,1,3.95648,0,0,0,1,1
28,23,18,25,2,meshecho,1,1,1,5,"[[18, 5, 25], [18, 35, 25], [18, 39, 25], [18, 39, 41, 25], [18, 45, 49, 25]]","[18, 39, 25]",1,1,3.95648,0,0,0,1,1
28,23,18,25,2,etx-mesh,1,1,1,5,"[[18, 5, 25], [18, 35, 25], [18, 39, 25], [18, 39, 41, 25], [18, 45, 49, 25]]","[18, 39, 25]",1,1,3.95648,0,0,0,1,1
28,23,18,25,2,minhop-mesh,1,1,1,5,"[[18, 5, 25], [18, 35, 25], [18, 39, 25], [18, 39, 41, 25], [18, 45, 49, 25]]","[18, 39, 25]",1,1,3.95648,0,0,0,1,1
28,23,18,25,2,meshcore-like,1,1,1,5,"[[18, 5, 25], [18, 35, 25], [18, 39, 25], [18, 39, 41, 25], [18, 45, 49, 25]]","[18, 5, 25]",1,1,3.95648,0,0,0,1,1
28,24,47,7,2,meshecho,1,1,1,4,"[[47, 15, 7], [47, 15, 16, 7], [47, 26, 43, 7], [47, 37, 33, 7]]","[47, 15, 7]",0,0,3.668736,0,0,0,1,1
28,24,47,7,2,etx-mesh,1,1,1,4,"[[47, 15, 7], [47, 15, 16, 7], [47, 26, 43, 7], [47, 37, 33, 7]]","[47, 15, 7]",0,0,3.668736,0,0,0,1,1
28,24,47,7,2,minhop-mesh,1,1,1,4,"[[47, 15, 7], [47, 15, 16, 7], [47, 26, 43, 7], [47, 37, 33, 7]]","[47, 15, 7]",0,0,3.668736,0,0,0,1,1
28,24,47,7,2,meshcore-like,1,1,1,4,"[[47, 15, 7], [47, 15, 16, 7], [47, 26, 43, 7], [47, 37, 33, 7]]","[47, 15, 7]",0,0,3.668736,0,0,0,1,1
29,1,4,2,2,meshecho,1,1,1,3,"[[4, 2], [4, 11, 37, 2], [4, 29, 2]]","[4, 29, 2]",1,1,3.95648,0,0,0,1,1
29,1,4,2,2,etx-mesh,1,1,1,3,"[[4, 2], [4, 11, 37, 2], [4, 29, 2]]","[4, 29, 2]",1,1,3.95648,0,0,0,1,1
29,1,4,2,2,minhop-mesh,1,1,1,3,"[[4, 2], [4, 11, 37, 2], [4, 29, 2]]","[4, 2]",1,0,3.740672,0,0,0,1,1
29,1,4,2,2,meshcore-like,1,1,1,3,"[[4, 2], [4, 11, 37, 2], [4, 29, 2]]","[4, 2]",1,0,3.740672,0,0,0,1,1
29,2,48,26,2,meshecho,1,1,1,6,"[[48, 13, 26], [48, 23, 26], [48, 23, 39, 26], [48, 23, 45, 26], [48, 28, 26], [48, 29, 2, 26]]","[48, 23, 26]",0,0,3.668736,0,0,0,1,1
29,2,48,26,2,etx-mesh,1,1,1,6,"[[48, 13, 26], [48, 23, 26], [48, 23, 39, 26], [48, 23, 45, 26], [48, 28, 26], [48, 29, 2, 26]]","[48, 13, 26]",1,1,3.95648,0,0,0,1,1
29,2,48,26,2,minhop-mesh,1,1,1,6,"[[48, 13, 26], [48, 23, 26], [48, 23, 39, 26], [48, 23, 45, 26], [48, 28, 26], [48, 29, 2, 26]]","[48, 23, 26]",0,0,3.668736,0,0,0,1,1
29,2,48,26,2,meshcore-like,1,1,1,6,"[[48, 13, 26], [48, 23, 26], [48, 23, 39, 26], [48, 23, 45, 26], [48, 28, 26], [48, 29, 2, 26]]","[48, 13, 26]",1,1,3.95648,0,0,0,1,1
29,3,43,46,2,meshecho,1,1,1,6,"[[43, 5, 2, 46], [43, 13, 46], [43, 14, 46], [43, 23, 46], [43, 36, 46], [43, 45, 46]]","[43, 45, 46]",0,0,3.740672,0,0,0,1,1
29,3,43,46,2,etx-mesh,1,1,1,6,"[[43, 5, 2, 46], [43, 13, 46], [43, 14, 46], [43, 23, 46], [43, 36, 46], [43, 45, 46]]","[43, 36, 46]",0,0,3.740672,0,0,0,1,1
29,3,43,46,2,minhop-mesh,1,1,1,6,"[[43, 5, 2, 46], [43, 13, 46], [43, 14, 46], [43, 23, 46], [43, 36, 46], [43, 45, 46]]","[43, 45, 46]",0,0,3.740672,0,0,0,1,1
29,3,43,46,2,meshcore-like,1,1,1,6,"[[43, 5, 2, 46], [43, 13, 46], [43, 14, 46], [43, 23, 46], [43, 36, 46], [43, 45, 46]]","[43, 13, 46]",0,0,3.668736,0,0,0,1,1
29,4,48,45,2,meshecho,1,1,1,5,"[[48, 13, 45], [48, 14, 45], [48, 23, 45], [48, 29, 2, 45], [48, 46, 45]]","[48, 46, 45]",1,1,3.95648,0,0,0,1,1
29,4,48,45,2,etx-mesh,1,1,1,5,"[[48, 13, 45], [48, 14, 45], [48, 23, 45], [48, 29, 2, 45], [48, 46, 45]]","[48, 14, 45]",1,1,3.95648,0,0,0,1,1
29,4,48,45,2,minhop-mesh,1,1,1,5,"[[48, 13, 45], [48, 14, 45], [48, 23, 45], [48, 29, 2, 45], [48, 46, 45]]","[48, 46, 45]",1,1,3.95648,0,0,0,1,1
29,4,48,45,2,meshcore-like,1,1,1,5,"[[48, 13, 45], [48, 14, 45], [48, 23, 45], [48, 29, 2, 45], [48, 46, 45]]","[48, 13, 45]",1,1,3.95648,0,0,0,1,1
29,5,13,43,2,meshecho,1,1,1,5,"[[13, 34, 43], [13, 35, 15, 43], [13, 38, 43], [13, 43], [13, 49, 41, 43]]","[13, 34, 43]",1,1,3.95648,0,0,0,1,1
29,5,13,43,2,etx-mesh,1,1,1,5,"[[13, 34, 43], [13, 35, 15, 43], [13, 38, 43], [13, 43], [13, 49, 41, 43]]","[13, 43]",0,0,3.5968,0,0,0,1,1
29,5,13,43,2,minhop-mesh,1,1,1,5,"[[13, 34, 43], [13, 35, 15, 43], [13, 38, 43], [13, 43], [13, 49, 41, 43]]","[13, 43]",0,0,3.5968,0,0,0,1,1
29,5,13,43,2,meshcore-like,1,1,1,5,"[[13, 34, 43], [13, 35, 15, 43], [13, 38, 43], [13, 43], [13, 49, 41, 43]]","[13, 43]",0,0,3.5968,0,0,0,1,1
29,6,39,25,2,meshecho,1,1,1,4,"[[39, 3, 25], [39, 6, 19, 25], [39, 28, 25], [39, 45, 25]]","[39, 45, 25]",1,1,3.95648,0,0,0,1,1
29,6,39,25,2,etx-mesh,1,1,1,4,"[[39, 3, 25], [39, 6, 19, 25], [39, 28, 25], [39, 45, 25]]","[39, 28, 25]",1,1,3.95648,0,0,0,1,1
29,6,39,25,2,minhop-mesh,1,1,1,4,"[[39, 3, 25], [39, 6, 19, 25], [39, 28, 25], [39, 45, 25]]","[39, 45, 25]",1,1,3.95648,0,0,0,1,1
29,6,39,25,2,meshcore-like,1,1,1,4,"[[39, 3, 25], [39, 6, 19, 25], [39, 28, 25], [39, 45, 25]]","[39, 3, 25]",0,0,3.5968,0,0,0,1,1
29,7,40,14,2,meshecho,1,1,1,10,"[[40, 3, 14], [40, 13, 14], [40, 14], [40, 23, 14], [40, 26, 28, 14], [40, 27, 14], [40, 45, 14], [40, 46, 14], [40, 48, 0, 14], [40, 48, 41, 14]]","[40, 46, 14]",1,1,3.95648,0,0,0,1,1
29,7,40,14,2,etx-mesh,1,1,1,10,"[[40, 3, 14], [40, 13, 14], [40, 14], [40, 23, 14], [40, 26, 28, 14], [40, 27, 14], [40, 45, 14], [40, 46, 14], [40, 48, 0, 14], [40, 48, 41, 14]]","[40, 14]",0,0,3.668736,0,0,0,1,1
29,7,40,14,2,minhop-mesh,1,1,1,10,"[[40, 3, 14], [40, 13, 14], [40, 14], [40, 23, 14], [40, 26, 28, 14], [40, 27, 14], [40, 45, 14], [40, 46, 14], [40, 48, 0, 14], [40, 48, 41, 14]]","[40, 14]",0,0,3.668736,0,0,0,1,1
29,7,40,14,2,meshcore-like,1,1,1,10,"[[40, 3, 14], [40, 13, 14], [40, 14], [40, 23, 14], [40, 26, 28, 14], [40, 27, 14], [40, 45, 14], [40, 46, 14], [40, 48, 0, 14], [40, 48, 41, 14]]","[40, 14]",0,0,3.668736,0,0,0,1,1
29,8,21,46,2,meshecho,1,1,1,6,"[[21, 11, 5, 46], [21, 13, 46], [21, 14, 46], [21, 26, 46], [21, 39, 20, 46], [21, 45, 46]]","[21, 45, 46]",1,1,3.95648,0,0,0,1,1
29,8,21,46,2,etx-mesh,1,1,1,6,"[[21, 11, 5, 46], [21, 13, 46], [21, 14, 46], [21, 26, 46], [21, 39, 20, 46], [21, 45, 46]]","[21, 26, 46]",1,1,3.95648,0,0,0,1,1
29,8,21,46,2,minhop-mesh,1,1,1,6,"[[21, 11, 5, 46], [21, 13, 46], [21, 14, 46], [21, 26, 46], [21, 39, 20, 46], [21, 45, 46]]","[21, 45, 46]",1,1,3.95648,0,0,0,1,1
29,8,21,46,2,meshcore-like,1,1,1,6,"[[21, 11, 5, 46], [21, 13, 46], [21, 14, 46], [21, 26, 46], [21, 39, 20, 46], [21, 45, 46]]","[21, 13, 46]",1,1,3.95648,0,0,0,1,1
29,9,28,17,2,meshecho,1,1,1,7,"[[28, 16, 17], [28, 17], [28, 22, 17], [28, 31, 17], [28, 31, 20, 17], [28, 32, 17], [28, 33, 40, 17]]","[28, 22, 17]",1,1,3.95648,0,0,0,1,1
29,9,28,17,2,etx-mesh,1,1,1,7,"[[28, 16, 17], [28, 17], [28, 22, 17], [28, 31, 17], [28, 31, 20, 17], [28, 32, 17], [28, 33, 40, 17]]","[28, 17]",0,0,3.5968,0,0,0,1,1
29,9,28,17,2,minhop-mesh,1,1,1,7,"[[28, 16, 17], [28, 17], [28, 22, 17], [28, 31, 17], [28, 31, 20, 17], [28, 32, 17], [28, 33, 40, 17]]","[28, 17]",0,0,3.5968,0,0,0,1,1
29,9,28,17,2,meshcore-like,1,1,1,7,"[[28, 16, 17], [28, 17], [28, 22, 17], [28, 31, 17], [28, 31, 20, 17], [28, 32, 17], [28, 33, 40, 17]]","[28, 17]",0,0,3.5968,0,0,0,1,1
29,10,36,39,2,meshecho,1,1,1,2,"[[36, 39], [36, 40, 39]]","[36, 40, 39]",1,1,3.95648,0,0,0,1,1
29,10,36,39,2,etx-mesh,1,1,1,2,"[[36, 39], [36, 40, 39]]","[36, 39]",0,0,3.5968,0,0,0,1,1
29,10,36,39,2,minhop-mesh,1,1,1,2,"[[36, 39], [36, 40, 39]]","[36, 39]",0,0,3.5968,0,0,0,1,1
29,10,36,39,2,meshcore-like,1,1,1,2,"[[36, 39], [36, 40, 39]]","[36, 39]",0,0,3.5968,0,0,0,1,1
29,11,46,21,2,meshecho,1,1,1,7,"[[46, 18, 24, 21], [46, 19, 21], [46, 21], [46, 35, 21], [46, 35, 43, 21], [46, 41, 21], [46, 48, 21]]","[46, 41, 21]",1,1,3.95648,0,0,0,1,1
29,11,46,21,2,etx-mesh,1,1,1,7,"[[46, 18, 24, 21], [46, 19, 21], [46, 21], [46, 35, 21], [46, 35, 43, 21], [46, 41, 21], [46, 48, 21]]","[46, 21]",0,0,3.668736,0,0,0,1,1
29,11,46,21,2,minhop-mesh,1,1,1,7,"[[46, 18, 24, 21], [46, 19, 21], [46, 21], [46, 35, 21], [46, 35, 43, 21], [46, 41, 21], [46, 48, 21]]","[46, 21]",0,0,3.668736,0,0,0,1,1
29,11,46,21,2,meshcore-like,1,1,1,7,"[[46, 18, 24, 21], [46, 19, 21], [46, 21], [46, 35, 21], [46, 35, 43, 21], [46, 41, 21], [46, 48, 21]]","[46, 21]",0,0,3.668736,0,0,0,1,1
29,12,46,43,2,meshecho,1,1,1,0,[],null,0,0,3.524864,0,1,0,1,0
29,12,46,43,2,etx-mesh,1,1,1,0,[],null,0,0,3.524864,0,1,0,1,0
29,12,46,43,2,minhop-mesh,1,1,1,0,[],null,0,0,3.524864,0,1,0,1,0
29,12,46,43,2,meshcore-like,1,1,1,0,[],null,0,0,3.524864,0,0,0,1,0
29,13,43,12,2,meshecho,1,1,1,2,"[[43, 5, 2, 12], [43, 32, 12]]","[43, 32, 12]",0,0,3.5968,0,0,0,1,1
29,13,43,12,2,etx-mesh,1,1,1,2,"[[43, 5, 2, 12], [43, 32, 12]]","[43, 32, 12]",0,0,3.5968,0,0,0,1,1
29,13,43,12,2,minhop-mesh,1,1,1,2,"[[43, 5, 2, 12], [43, 32, 12]]","[43, 32, 12]",0,0,3.5968,0,0,0,1,1
29,13,43,12,2,meshcore-like,1,1,1,2,"[[43, 5, 2, 12], [43, 32, 12]]","[43, 32, 12]",0,0,3.5968,0,0,0,1,1
29,14,21,25,2,meshecho,1,1,1,5,"[[21, 1, 25], [21, 25], [21, 28, 25], [21, 28, 46, 25], [21, 40, 5, 25]]","[21, 1, 25]",1,1,3.95648,0,0,0,1,1
29,14,21,25,2,etx-mesh,1,1,1,5,"[[21, 1, 25], [21, 25], [21, 28, 25], [21, 28, 46, 25], [21, 40, 5, 25]]","[21, 25]",1,1,3.740672,0,0,0,1,1
29,14,21,25,2,minhop-mesh,1,1,1,5,"[[21, 1, 25], [21, 25], [21, 28, 25], [21, 28, 46, 25], [21, 40, 5, 25]]","[21, 25]",1,1,3.740672,0,0,0,1,1
29,14,21,25,2,meshcore-like,1,1,1,5,"[[21, 1, 25], [21, 25], [21, 28, 25], [21, 28, 46, 25], [21, 40, 5, 25]]","[21, 25]",1,1,3.740672,0,0,0,1,1
29,15,18,26,2,meshecho,1,1,1,3,"[[18, 23, 26], [18, 26], [18, 46, 26]]","[18, 46, 26]",0,0,3.5968,0,0,0,1,1
29,15,18,26,2,etx-mesh,1,1,1,3,"[[18, 23, 26], [18, 26], [18, 46, 26]]","[18, 26]",0,0,3.5968,0,0,0,1,1
29,15,18,26,2,minhop-mesh,1,1,1,3,"[[18, 23, 26], [18, 26], [18, 46, 26]]","[18, 26]",0,0,3.5968,0,0,0,1,1
29,15,18,26,2,meshcore-like,1,1,1,3,"[[18, 23, 26], [18, 26], [18, 46, 26]]","[18, 26]",0,0,3.5968,0,0,0,1,1
29,16,21,28,2,meshecho,1,1,1,2,"[[21, 28], [21, 45, 46, 28]]","[21, 45, 46, 28]",1,0,4.172288,0,0,0,1,1
29,16,21,28,2,etx-mesh,1,1,1,2,"[[21, 28], [21, 45, 46, 28]]","[21, 28]",0,0,3.5968,0,0,0,1,1
29,16,21,28,2,minhop-mesh,1,1,1,2,"[[21, 28], [21, 45, 46, 28]]","[21, 28]",0,0,3.5968,0,0,0,1,1
29,16,21,28,2,meshcore-like,1,1,1,2,"[[21, 28], [21, 45, 46, 28]]","[21, 28]",0,0,3.5968,0,0,0,1,1
29,17,16,45,2,meshecho,1,1,1,3,"[[16, 45], [16, 46, 45], [16, 49, 35, 45]]","[16, 46, 45]",1,1,3.95648,0,0,0,1,1
29,17,16,45,2,etx-mesh,1,1,1,3,"[[16, 45], [16, 46, 45], [16, 49, 35, 45]]","[16, 45]",0,0,3.5968,0,0,0,1,1
29,17,16,45,2,minhop-mesh,1,1,1,3,"[[16, 45], [16, 46, 45], [16, 49, 35, 45]]","[16, 45]",0,0,3.5968,0,0,0,1,1
29,17,16,45,2,meshcore-like,1,1,1,3,"[[16, 45], [16, 46, 45], [16, 49, 35, 45]]","[16, 45]",0,0,3.5968,0,0,0,1,1
29,18,6,40,2,meshecho,1,1,1,1,"[[6, 5, 40]]","[6, 5, 40]",1,1,3.95648,0,0,0,1,0
29,18,6,40,2,etx-mesh,1,1,1,1,"[[6, 5, 40]]","[6, 5, 40]",1,1,3.95648,0,0,0,1,0
29,18,6,40,2,minhop-mesh,1,1,1,1,"[[6, 5, 40]]","[6, 5, 40]",1,1,3.95648,0,0,0,1,0
29,18,6,40,2,meshcore-like,1,1,1,1,"[[6, 5, 40]]","[6, 5, 40]",1,1,3.95648,0,0,0,1,0
29,19,20,34,2,meshecho,1,1,1,6,"[[20, 3, 34], [20, 3, 43, 34], [20, 23, 28, 34], [20, 26, 13, 34], [20, 38, 34], [20, 41, 21, 34]]","[20, 3, 34]",1,0,3.95648,0,0,0,1,1
29,19,20,34,2,etx-mesh,1,1,1,6,"[[20, 3, 34], [20, 3, 43, 34], [20, 23, 28, 34], [20, 26, 13, 34], [20, 38, 34], [20, 41, 21, 34]]","[20, 38, 34]",1,1,3.95648,0,0,0,1,1
29,19,20,34,2,minhop-mesh,1,1,1,6,"[[20, 3, 34], [20, 3, 43, 34], [20, 23, 28, 34], [20, 26, 13, 34], [20, 38, 34], [20, 41, 21, 34]]","[20, 3, 34]",1,0,3.95648,0,0,0,1,1
29,19,20,34,2,meshcore-like,1,1,1,6,"[[20, 3, 34], [20, 3, 43, 34], [20, 23, 28, 34], [20, 26, 13, 34], [20, 38, 34], [20, 41, 21, 34]]","[20, 3, 34]",1,0,3.95648,0,0,0,1,1
29,20,2,38,2,meshecho,1,1,1,8,"[[2, 6, 38], [2, 7, 3, 38], [2, 7, 38], [2, 15, 4, 38], [2, 15, 38], [2, 19, 41, 38], [2, 36, 38], [2, 37, 38]]","[2, 36, 38]",1,1,3.95648,0,0,0,1,1
29,20,2,38,2,etx-mesh,1,1,1,8,"[[2, 6, 38], [2, 7, 3, 38], [2, 7, 38], [2, 15, 4, 38], [2, 15, 38], [2, 19, 41, 38], [2, 36, 38], [2, 37, 38]]","[2, 37, 38]",1,1,3.95648,0,0,0,1,1
29,20,2,38,2,minhop-mesh,1,1,1,8,"[[2, 6, 38], [2, 7, 3, 38], [2, 7, 38], [2, 15, 4, 38], [2, 15, 38], [2, 19, 41, 38], [2, 36, 38], [2, 37, 38]]","[2, 36, 38]",1,1,3.95648,0,0,0,1,1
29,20,2,38,2,meshcore-like,1,1,1,8,"[[2, 6, 38], [2, 7, 3, 38], [2, 7, 38], [2, 15, 4, 38], [2, 15, 38], [2, 19, 41, 38], [2, 36, 38], [2, 37, 38]]","[2, 6, 38]",1,1,3.95648,0,0,0,1,1
29,21,4,37,2,meshecho,1,1,1,3,"[[4, 1, 37], [4, 5, 37], [4, 11, 37]]","[4, 11, 37]",1,1,3.95648,0,0,0,1,1
29,21,4,37,2,etx-mesh,1,1,1,3,"[[4, 1, 37], [4, 5, 37], [4, 11, 37]]","[4, 11, 37]",1,1,3.95648,0,0,0,1,1
29,21,4,37,2,minhop-mesh,1,1,1,3,"[[4, 1, 37], [4, 5, 37], [4, 11, 37]]","[4, 11, 37]",1,1,3.95648,0,0,0,1,1
29,21,4,37,2,meshcore-like,1,1,1,3,"[[4, 1, 37], [4, 5, 37], [4, 11, 37]]","[4, 1, 37]",1,1,3.95648,0,0,0,1,1
29,22,41,2,2,meshecho,1,1,1,3,"[[41, 2], [41, 29, 2], [41, 37, 5, 2]]","[41, 29, 2]",0,0,3.740672,0,0,0,1,1
29,22,41,2,2,etx-mesh,1,1,1,3,"[[41, 2], [41, 29, 2], [41, 37, 5, 2]]","[41, 2]",0,0,3.668736,0,0,0,1,1
29,22,41,2,2,minhop-mesh,1,1,1,3,"[[41, 2], [41, 29, 2], [41, 37, 5, 2]]","[41, 2]",0,0,3.668736,0,0,0,1,1
29,22,41,2,2,meshcore-like,1,1,1,3,"[[41, 2], [41, 29, 2], [41, 37, 5, 2]]","[41, 2]",0,0,3.668736,0,0,0,1,1
29,23,19,45,2,meshecho,1,1,1,4,"[[19, 1, 45], [19, 27, 14, 45], [19, 45], [19, 46, 45]]","[19, 46, 45]",1,1,3.95648,0,0,0,1,1
29,23,19,45,2,etx-mesh,1,1,1,4,"[[19, 1, 45], [19, 27, 14, 45], [19, 45], [19, 46, 45]]","[19, 1, 45]",1,1,3.95648,0,0,0,1,1
29,23,19,45,2,minhop-mesh,1,1,1,4,"[[19, 1, 45], [19, 27, 14, 45], [19, 45], [19, 46, 45]]","[19, 45]",0,0,3.5968,0,0,0,1,1
29,23,19,45,2,meshcore-like,1,1,1,4,"[[19, 1, 45], [19, 27, 14, 45], [19, 45], [19, 46, 45]]","[19, 45]",0,0,3.5968,0,0,0,1,1
29,24,44,46,2,meshecho,1,1,1,5,"[[44, 13, 46], [44, 14, 46], [44, 23, 45, 46], [44, 23, 46], [44, 26, 46]]","[44, 14, 46]",0,0,3.740672,0,0,0,1,1
29,24,44,46,2,etx-mesh,1,1,1,5,"[[44, 13, 46], [44, 14, 46], [44, 23, 45, 46], [44, 23, 46], [44, 26, 46]]","[44, 26, 46]",0,0,3.740672,0,0,0,1,1
29,24,44,46,2,minhop-mesh,1,1,1,5,"[[44, 13, 46], [44, 14, 46], [44, 23, 45, 46], [44, 23, 46], [44, 26, 46]]","[44, 14, 46]",0,0,3.740672,0,0,0,1,1
29,24,44,46,2,meshcore-like,1,1,1,5,"[[44, 13, 46], [44, 14, 46], [44, 23, 45, 46], [44, 23, 46], [44, 26, 46]]","[44, 13, 46]",0,0,3.740672,0,0,0,1,1
30,1,4,8,2,meshecho,1,1,1,6,"[[4, 8], [4, 9, 3, 8], [4, 20, 8], [4, 20, 46, 8], [4, 38, 8], [4, 45, 8]]","[4, 45, 8]",1,1,3.95648,0,0,0,1,1
30,1,4,8,2,etx-mesh,1,1,1,6,"[[4, 8], [4, 9, 3, 8], [4, 20, 8], [4, 20, 46, 8], [4, 38, 8], [4, 45, 8]]","[4, 8]",0,0,3.5968,0,0,0,1,1
30,1,4,8,2,minhop-mesh,1,1,1,6,"[[4, 8], [4, 9, 3, 8], [4, 20, 8], [4, 20, 46, 8], [4, 38, 8], [4, 45, 8]]","[4, 8]",0,0,3.5968,0,0,0,1,1
30,1,4,8,2,meshcore-like,1,1,1,6,"[[4, 8], [4, 9, 3, 8], [4, 20, 8], [4, 20, 46, 8], [4, 38, 8], [4, 45, 8]]","[4, 8]",0,0,3.5968,0,0,0,1,1
30,2,18,7,2,meshecho,1,1,1,7,"[[18, 7], [18, 27, 7], [18, 28, 0, 7], [18, 30, 21, 7], [18, 33, 7], [18, 48, 7], [18, 48, 31, 7]]","[18, 33, 7]",1,1,3.95648,0,0,0,1,1
30,2,18,7,2,etx-mesh,1,1,1,7,"[[18, 7], [18, 27, 7], [18, 28, 0, 7], [18, 30, 21, 7], [18, 33, 7], [18, 48, 7], [18, 48, 31, 7]]","[18, 7]",0,0,3.5968,0,0,0,1,1
30,2,18,7,2,minhop-mesh,1,1,1,7,"[[18, 7], [18, 27, 7], [18, 28, 0, 7], [18, 30, 21, 7], [18, 33, 7], [18, 48, 7], [18, 48, 31, 7]]","[18, 7]",0,0,3.5968,0,0,0,1,1
30,2,18,7,2,meshcore-like,1,1,1,7,"[[18, 7], [18, 27, 7], [18, 28, 0, 7], [18, 30, 21, 7], [18, 33, 7], [18, 48, 7], [18, 48, 31, 7]]","[18, 7]",0,0,3.5968,0,0,0,1,1
30,3,11,34,2,meshecho,1,1,1,5,"[[11, 7, 31, 34], [11, 7, 34], [11, 33, 34], [11, 44, 35, 34], [11, 49, 36, 34]]","[11, 33, 34]",0,0,3.740672,0,0,0,1,1
30,3,11,34,2,etx-mesh,1,1,1,5,"[[11, 7, 31, 34], [11, 7, 34], [11, 33, 34], [11, 44, 35, 34], [11, 49, 36, 34]]","[11, 7, 34]",1,1,3.95648,0,0,0,1,1
30,3,11,34,2,minhop-mesh,1,1,1,5,"[[11, 7, 31, 34], [11, 7, 34], [11, 33, 34], [11, 44, 35, 34], [11, 49, 36, 34]]","[11, 33, 34]",0,0,3.740672,0,0,0,1,1
30,3,11,34,2,meshcore-like,1,1,1,5,"[[11, 7, 31, 34], [11, 7, 34], [11, 33, 34], [11, 44, 35, 34], [11, 49, 36, 34]]","[11, 7, 34]",1,1,3.95648,0,0,0,1,1
30,4,40,20,2,meshecho,1,1,1,4,"[[40, 8, 20], [40, 19, 20], [40, 20], [40, 47, 20]]","[40, 8, 20]",0,0,3.740672,0,0,0,1,1
30,4,40,20,2,etx-mesh,1,1,1,4,"[[40, 8, 20], [40, 19, 20], [40, 20], [40, 47, 20]]","[40, 20]",1,0,3.740672,0,0,0,1,1
30,4,40,20,2,minhop-mesh,1,1,1,4,"[[40, 8, 20], [40, 19, 20], [40, 20], [40, 47, 20]]","[40, 20]",1,0,3.740672,0,0,0,1,1
30,4,40,20,2,meshcore-like,1,1,1,4,"[[40, 8, 20], [40, 19, 20], [40, 20], [40, 47, 20]]","[40, 20]",1,0,3.740672,0,0,0,1,1
30,5,31,11,2,meshecho,1,1,1,4,"[[31, 5, 3, 11], [31, 29, 14, 11], [31, 32, 11], [31, 41, 16, 11]]","[31, 32, 11]",0,0,3.668736,0,0,0,1,1
30,5,31,11,2,etx-mesh,1,1,1,4,"[[31, 5, 3, 11], [31, 29, 14, 11], [31, 32, 11], [31, 41, 16, 11]]","[31, 32, 11]",0,0,3.668736,0,0,0,1,1
30,5,31,11,2,minhop-mesh,1,1,1,4,"[[31, 5, 3, 11], [31, 29, 14, 11], [31, 32, 11], [31, 41, 16, 11]]","[31, 32, 11]",0,0,3.668736,0,0,0,1,1
30,5,31,11,2,meshcore-like,1,1,1,4,"[[31, 5, 3, 11], [31, 29, 14, 11], [31, 32, 11], [31, 41, 16, 11]]","[31, 32, 11]",0,0,3.668736,0,0,0,1,1
30,6,36,17,2,meshecho,1,1,1,6,"[[36, 8, 17], [36, 13, 17], [36, 17], [36, 18, 17], [36, 32, 17], [36, 44, 46, 17]]","[36, 8, 17]",1,1,3.95648,0,0,0,1,1
30,6,36,17,2,etx-mesh,1,1,1,6,"[[36, 8, 17], [36, 13, 17], [36, 17], [36, 18, 17], [36, 32, 17], [36, 44, 46, 17]]","[36, 13, 17]",0,0,3.5968,0,0,0,1,1
30,6,36,17,2,minhop-mesh,1,1,1,6,"[[36, 8, 17], [36, 13, 17], [36, 17], [36, 18, 17], [36, 32, 17], [36, 44, 46, 17]]","[36, 17]",0,0,3.5968,0,0,0,1,1
30,6,36,17,2,meshcore-like,1,1,1,6,"[[36, 8, 17], [36, 13, 17], [36, 17], [36, 18, 17], [36, 32, 17], [36, 44, 46, 17]]","[36, 17]",0,0,3.5968,0,0,0,1,1
30,7,26,23,2,meshecho,1,1,1,5,"[[26, 10, 23], [26, 22, 23], [26, 23], [26, 29, 12, 23], [26, 42, 16, 23]]","[26, 10, 23]",1,1,3.95648,0,0,0,1,1
30,7,26,23,2,etx-mesh,1,1,1,5,"[[26, 10, 23], [26, 22, 23], [26, 23], [26, 29, 12, 23], [26, 42, 16, 23]]","[26, 23]",0,0,3.5968,0,0,0,1,1
30,7,26,23,2,minhop-mesh,1,1,1,5,"[[26, 10, 23], [26, 22, 23], [26, 23], [26, 29, 12, 23], [26, 42, 16, 23]]","[26, 23]",0,0,3.5968,0,0,0,1,1
30,7,26,23,2,meshcore-like,1,1,1,5,"[[26, 10, 23], [26, 22, 23], [26, 23], [26, 29, 12, 23], [26, 42, 16, 23]]","[26, 23]",0,0,3.5968,0,0,0,1,1
30,8,33,45,2,meshecho,1,1,1,5,"[[33, 6, 45], [33, 22, 45], [33, 32, 43, 45], [33, 38, 8, 45], [33, 38, 45]]","[33, 6, 45]",1,1,3.95648,0,0,0,1,1
30,8,33,45,2,etx-mesh,1,1,1,5,"[[33, 6, 45], [33, 22, 45], [33, 32, 43, 45], [33, 38, 8, 45], [33, 38, 45]]","[33, 22, 45]",1,1,3.95648,0,0,0,1,1
30,8,33,45,2,minhop-mesh,1,1,1,5,"[[33, 6, 45], [33, 22, 45], [33, 32, 43, 45], [33, 38, 8, 45], [33, 38, 45]]","[33, 6, 45]",1,1,3.95648,0,0,0,1,1
30,8,33,45,2,meshcore-like,1,1,1,5,"[[33, 6, 45], [33, 22, 45], [33, 32, 43, 45], [33, 38, 8, 45], [33, 38, 45]]","[33, 6, 45]",1,1,3.95648,0,0,0,1,1
30,9,7,32,2,meshecho,1,1,1,0,[],null,0,0,3.380992,0,1,0,1,0
30,9,7,32,2,etx-mesh,1,1,1,0,[],null,0,0,3.380992,0,1,0,1,0
30,9,7,32,2,minhop-mesh,1,1,1,0,[],null,0,0,3.380992,0,1,0,1,0
30,9,7,32,2,meshcore-like,1,1,1,0,[],null,0,0,3.380992,0,0,0,1,0
30,10,46,4,2,meshecho,1,1,1,4,"[[46, 1, 4], [46, 4], [46, 28, 0, 4], [46, 41, 14, 4]]","[46, 1, 4]",1,1,3.95648,0,0,0,1,1
30,10,46,4,2,etx-mesh,1,1,1,4,"[[46, 1, 4], [46, 4], [46, 28, 0, 4], [46, 41, 14, 4]]","[46, 1, 4]",1,1,3.95648,0,0,0,1,1
30,10,46,4,2,minhop-mesh,1,1,1,4,"[[46, 1, 4], [46, 4], [46, 28, 0, 4], [46, 41, 14, 4]]","[46, 4]",0,0,3.5968,0,0,0,1,1
30,10,46,4,2,meshcore-like,1,1,1,4,"[[46, 1, 4], [46, 4], [46, 28, 0, 4], [46, 41, 14, 4]]","[46, 4]",0,0,3.5968,0,0,0,1,1
30,11,3,36,2,meshecho,1,1,1,4,"[[3, 27, 47, 36], [3, 40, 36], [3, 42, 28, 36], [3, 49, 36]]","[3, 49, 36]",1,1,3.95648,0,0,0,1,1
30,11,3,36,2,etx-mesh,1,1,1,4,"[[3, 27, 47, 36], [3, 40, 36], [3, 42, 28, 36], [3, 49, 36]]","[3, 49, 36]",1,1,3.95648,0,0,0,1,1
30,11,3,36,2,minhop-mesh,1,1,1,4,"[[3, 27, 47, 36], [3, 40, 36], [3, 42, 28, 36], [3, 49, 36]]","[3, 49, 36]",1,1,3.95648,0,0,0,1,1
30,11,3,36,2,meshcore-like,1,1,1,4,"[[3, 27, 47, 36], [3, 40, 36], [3, 42, 28, 36], [3, 49, 36]]","[3, 40, 36]",0,0,3.740672,0,0,0,1,1
30,12,17,28,2,meshecho,1,1,1,6,"[[17, 0, 28], [17, 24, 35, 28], [17, 28], [17, 42, 28], [17, 43, 28], [17, 49, 36, 28]]","[17, 0, 28]",0,0,3.740672,0,0,0,1,1
30,12,17,28,2,etx-mesh,1,1,1,6,"[[17, 0, 28], [17, 24, 35, 28], [17, 28], [17, 42, 28], [17, 43, 28], [17, 49, 36, 28]]","[17, 28]",1,1,3.740672,0,0,0,1,1
30,12,17,28,2,minhop-mesh,1,1,1,6,"[[17, 0, 28], [17, 24, 35, 28], [17, 28], [17, 42, 28], [17, 43, 28], [17, 49, 36, 28]]","[17, 28]",1,1,3.740672,0,0,0,1,1
30,12,17,28,2,meshcore-like,1,1,1,6,"[[17, 0, 28], [17, 24, 35, 28], [17, 28], [17, 42, 28], [17, 43, 28], [17, 49, 36, 28]]","[17, 28]",1,1,3.740672,0,0,0,1,1
30,13,32,49,2,meshecho,1,1,1,3,"[[32, 15, 5, 49], [32, 36, 49], [32, 49]]","[32, 36, 49]",1,1,3.95648,0,0,0,1,1
30,13,32,49,2,etx-mesh,1,1,1,3,"[[32, 15, 5, 49], [32, 36, 49], [32, 49]]","[32, 49]",1,0,3.740672,0,0,0,1,1
30,13,32,49,2,minhop-mesh,1,1,1,3,"[[32, 15, 5, 49], [32, 36, 49], [32, 49]]","[32, 49]",1,0,3.740672,0,0,0,1,1
30,13,32,49,2,meshcore-like,1,1,1,3,"[[32, 15, 5, 49], [32, 36, 49], [32, 49]]","[32, 49]",1,0,3.740672,0,0,0,1,1
30,14,41,24,2,meshecho,1,1,1,7,"[[41, 7, 33, 24], [41, 13, 24], [41, 22, 24], [41, 24], [41, 27, 24], [41, 27, 31, 24], [41, 37, 24]]","[41, 37, 24]",1,1,3.95648,0,0,0,1,1
30,14,41,24,2,etx-mesh,1,1,1,7,"[[41, 7, 33, 24], [41, 13, 24], [41, 22, 24], [41, 24], [41, 27, 24], [41, 27, 31, 24], [41, 37, 24]]","[41, 24]",0,0,3.5968,0,0,0,1,1
30,14,41,24,2,minhop-mesh,1,1,1,7,"[[41, 7, 33, 24], [41, 13, 24], [41, 22, 24], [41, 24], [41, 27, 24], [41, 27, 31, 24], [41, 37, 24]]","[41, 24]",0,0,3.5968,0,0,0,1,1
30,14,41,24,2,meshcore-like,1,1,1,7,"[[41, 7, 33, 24], [41, 13, 24], [41, 22, 24], [41, 24], [41, 27, 24], [41, 27, 31, 24], [41, 37, 24]]","[41, 24]",0,0,3.5968,0,0,0,1,1
30,15,7,41,2,meshecho,1,1,1,3,"[[7, 14, 41], [7, 41], [7, 45, 43, 41]]","[7, 14, 41]",1,1,3.95648,0,0,0,1,1
30,15,7,41,2,etx-mesh,1,1,1,3,"[[7, 14, 41], [7, 41], [7, 45, 43, 41]]","[7, 41]",1,1,3.740672,0,0,0,1,1
30,15,7,41,2,minhop-mesh,1,1,1,3,"[[7, 14, 41], [7, 41], [7, 45, 43, 41]]","[7, 41]",1,1,3.740672,0,0,0,1,1
30,15,7,41,2,meshcore-like,1,1,1,3,"[[7, 14, 41], [7, 41], [7, 45, 43, 41]]","[7, 41]",1,1,3.740672,0,0,0,1,1
30,16,42,33,2,meshecho,1,1,1,6,"[[42, 7, 33], [42, 15, 33], [42, 23, 33], [42, 33], [42, 34, 33], [42, 37, 31, 33]]","[42, 7, 33]",1,1,3.95648,0,0,0,1,1
30,16,42,33,2,etx-mesh,1,1,1,6,"[[42, 7, 33], [42, 15, 33], [42, 23, 33], [42, 33], [42, 34, 33], [42, 37, 31, 33]]","[42, 33]",0,0,3.5968,0,0,0,1,1
30,16,42,33,2,minhop-mesh,1,1,1,6,"[[42, 7, 33], [42, 15, 33], [42, 23, 33], [42, 33], [42, 34, 33], [42, 37, 31, 33]]","[42, 33]",0,0,3.5968,0,0,0,1,1
30,16,42,33,2,meshcore-like,1,1,1,6,"[[42, 7, 33], [42, 15, 33], [42, 23, 33], [42, 33], [42, 34, 33], [42, 37, 31, 33]]","[42, 33]",0,0,3.5968,0,0,0,1,1
30,17,34,10,2,meshecho,1,1,1,4,"[[34, 6, 11, 10], [34, 6, 19, 10], [34, 23, 10], [34, 46, 17, 10]]","[34, 23, 10]",1,1,3.95648,0,0,0,1,1
30,17,34,10,2,etx-mesh,1,1,1,4,"[[34, 6, 11, 10], [34, 6, 19, 10], [34, 23, 10], [34, 46, 17, 10]]","[34, 23, 10]",1,1,3.95648,0,0,0,1,1
30,17,34,10,2,minhop-mesh,1,1,1,4,"[[34, 6, 11, 10], [34, 6, 19, 10], [34, 23, 10], [34, 46, 17, 10]]","[34, 23, 10]",1,1,3.95648,0,0,0,1,1
30,17,34,10,2,meshcore-like,1,1,1,4,"[[34, 6, 11, 10], [34, 6, 19, 10], [34, 23, 10], [34, 46, 17, 10]]","[34, 23, 10]",1,1,3.95648,0,0,0,1,1
30,18,43,47,2,meshecho,1,1,1,6,"[[43, 3, 2, 47], [43, 7, 31, 47], [43, 15, 33, 47], [43, 27, 47], [43, 29, 47], [43, 35, 47]]","[43, 27, 47]",0,0,3.740672,0,0,0,1,1
30,18,43,47,2,etx-mesh,1,1,1,6,"[[43, 3, 2, 47], [43, 7, 31, 47], [43, 15, 33, 47], [43, 27, 47], [43, 29, 47], [43, 35, 47]]","[43, 29, 47]",1,1,3.95648,0,0,0,1,1
30,18,43,47,2,minhop-mesh,1,1,1,6,"[[43, 3, 2, 47], [43, 7, 31, 47], [43, 15, 33, 47], [43, 27, 47], [43, 29, 47], [43, 35, 47]]","[43, 27, 47]",0,0,3.740672,0,0,0,1,1
30,18,43,47,2,meshcore-like,1,1,1,6,"[[43, 3, 2, 47], [43, 7, 31, 47], [43, 15, 33, 47], [43, 27, 47], [43, 29, 47], [43, 35, 47]]","[43, 27, 47]",0,0,3.740672,0,0,0,1,1
30,19,47,3,2,meshecho,1,1,1,1,"[[47, 26, 3]]","[47, 26, 3]",1,1,3.884544,0,0,0,1,0
30,19,47,3,2,etx-mesh,1,1,1,1,"[[47, 26, 3]]","[47, 26, 3]",1,1,3.884544,0,0,0,1,0
30,19,47,3,2,minhop-mesh,1,1,1,1,"[[47, 26, 3]]","[47, 26, 3]",1,1,3.884544,0,0,0,1,0
30,19,47,3,2,meshcore-like,1,1,1,1,"[[47, 26, 3]]","[47, 26, 3]",1,1,3.884544,0,0,0,1,0
30,20,4,9,2,meshecho,1,1,1,2,"[[4, 2, 3, 9], [4, 9]]","[4, 2, 3, 9]",0,0,3.5968,0,0,0,1,1
30,20,4,9,2,etx-mesh,1,1,1,2,"[[4, 2, 3, 9], [4, 9]]","[4, 9]",1,1,3.740672,0,0,0,1,1
30,20,4,9,2,minhop-mesh,1,1,1,2,"[[4, 2, 3, 9], [4, 9]]","[4, 9]",1,1,3.740672,0,0,0,1,1
30,20,4,9,2,meshcore-like,1,1,1,2,"[[4, 2, 3, 9], [4, 9]]","[4, 9]",1,1,3.740672,0,0,0,1,1
30,21,47,43,2,meshecho,1,1,1,4,"[[47, 30, 43], [47, 32, 43], [47, 45, 3, 43], [47, 45, 43]]","[47, 32, 43]",1,1,3.95648,0,0,0,1,1
30,21,47,43,2,etx-mesh,1,1,1,4,"[[47, 30, 43], [47, 32, 43], [47, 45, 3, 43], [47, 45, 43]]","[47, 30, 43]",1,1,3.95648,0,0,0,1,1
30,21,47,43,2,minhop-mesh,1,1,1,4,"[[47, 30, 43], [47, 32, 43], [47, 45, 3, 43], [47, 45, 43]]","[47, 32, 43]",1,1,3.95648,0,0,0,1,1
30,21,47,43,2,meshcore-like,1,1,1,4,"[[47, 30, 43], [47, 32, 43], [47, 45, 3, 43], [47, 45, 43]]","[47, 30, 43]",1,1,3.95648,0,0,0,1,1
30,22,28,3,2,meshecho,1,1,1,2,"[[28, 22, 13, 3], [28, 22, 37, 3]]","[28, 22, 13, 3]",1,1,4.172288,0,0,0,1,1
30,22,28,3,2,etx-mesh,1,1,1,2,"[[28, 22, 13, 3], [28, 22, 37, 3]]","[28, 22, 13, 3]",1,1,4.172288,0,0,0,1,1
30,22,28,3,2,minhop-mesh,1,1,1,2,"[[28, 22, 13, 3], [28, 22, 37, 3]]","[28, 22, 13, 3]",1,1,4.172288,0,0,0,1,1
30,22,28,3,2,meshcore-like,1,1,1,2,"[[28, 22, 13, 3], [28, 22, 37, 3]]","[28, 22, 13, 3]",1,1,4.172288,0,0,0,1,1
30,23,3,30,2,meshecho,1,1,1,2,"[[3, 30], [3, 39, 47, 30]]","[3, 39, 47, 30]",0,0,3.5968,0,0,0,1,1
30,23,3,30,2,etx-mesh,1,1,1,2,"[[3, 30], [3, 39, 47, 30]]","[3, 30]",0,0,3.5968,0,0,0,1,1
30,23,3,30,2,minhop-mesh,1,1,1,2,"[[3, 30], [3, 39, 47, 30]]","[3, 30]",0,0,3.5968,0,0,0,1,1
30,23,3,30,2,meshcore-like,1,1,1,2,"[[3, 30], [3, 39, 47, 30]]","[3, 30]",0,0,3.5968,0,0,0,1,1
30,24,48,18,2,meshecho,1,1,1,4,"[[48, 11, 18], [48, 16, 18], [48, 18], [48, 32, 18]]","[48, 11, 18]",1,1,3.95648,0,0,0,1,1
30,24,48,18,2,etx-mesh,1,1,1,4,"[[48, 11, 18], [48, 16, 18], [48, 18], [48, 32, 18]]","[48, 18]",0,0,3.668736,0,0,0,1,1
30,24,48,18,2,minhop-mesh,1,1,1,4,"[[48, 11, 18], [48, 16, 18], [48, 18], [48, 32, 18]]","[48, 18]",0,0,3.668736,0,0,0,1,1
30,24,48,18,2,meshcore-like,1,1,1,4,"[[48, 11, 18], [48, 16, 18], [48, 18], [48, 32, 18]]","[48, 18]",0,0,3.668736,0,0,0,1,1
31,1,7,30,2,meshecho,1,1,1,7,"[[7, 1, 30], [7, 6, 5, 30], [7, 6, 30], [7, 14, 30], [7, 28, 49, 30], [7, 34, 30], [7, 45, 30]]","[7, 1, 30]",1,1,3.95648,0,0,0,1,1
31,1,7,30,2,etx-mesh,1,1,1,7,"[[7, 1, 30], [7, 6, 5, 30], [7, 6, 30], [7, 14, 30], [7, 28, 49, 30], [7, 34, 30], [7, 45, 30]]","[7, 34, 30]",1,1,3.95648,0,0,0,1,1
31,1,7,30,2,minhop-mesh,1,1,1,7,"[[7, 1, 30], [7, 6, 5, 30], [7, 6, 30], [7, 14, 30], [7, 28, 49, 30], [7, 34, 30], [7, 45, 30]]","[7, 1, 30]",1,1,3.95648,0,0,0,1,1
31,1,7,30,2,meshcore-like,1,1,1,7,"[[7, 1, 30], [7, 6, 5, 30], [7, 6, 30], [7, 14, 30], [7, 28, 49, 30], [7, 34, 30], [7, 45, 30]]","[7, 1, 30]",1,1,3.95648,0,0,0,1,1
31,2,23,14,2,meshecho,1,1,1,4,"[[23, 1, 14], [23, 5, 14], [23, 30, 14], [23, 34, 14]]","[23, 1, 14]",1,1,3.95648,0,0,0,1,1
31,2,23,14,2,etx-mesh,1,1,1,4,"[[23, 1, 14], [23, 5, 14], [23, 30, 14], [23, 34, 14]]","[23, 1, 14]",1,1,3.95648,0,0,0,1,1
31,2,23,14,2,minhop-mesh,1,1,1,4,"[[23, 1, 14], [23, 5, 14], [23, 30, 14], [23, 34, 14]]","[23, 1, 14]",1,1,3.95648,0,0,0,1,1
31,2,23,14,2,meshcore-like,1,1,1,4,"[[23, 1, 14], [23, 5, 14], [23, 30, 14], [23, 34, 14]]","[23, 1, 14]",1,1,3.95648,0,0,0,1,1
31,3,48,47,2,meshecho,1,1,1,9,"[[48, 18, 47], [48, 23, 47], [48, 31, 7, 47], [48, 32, 47], [48, 35, 11, 47], [48, 35, 47], [48, 45, 47], [48, 46, 47], [48, 47]]","[48, 32, 47]",0,0,3.740672,0,0,0,1,1
31,3,48,47,2,etx-mesh,1,1,1,9,"[[48, 18, 47], [48, 23, 47], [48, 31, 7, 47], [48, 32, 47], [48, 35, 11, 47], [48, 35, 47], [48, 45, 47], [48, 46, 47], [48, 47]]","[48, 45, 47]",0,0,3.740672,0,0,0,1,1
31,3,48,47,2,minhop-mesh,1,1,1,9,"[[48, 18, 47], [48, 23, 47], [48, 31, 7, 47], [48, 32, 47], [48, 35, 11, 47], [48, 35, 47], [48, 45, 47], [48, 46, 47], [48, 47]]","[48, 47]",0,0,3.5968,0,0,0,1,1
31,3,48,47,2,meshcore-like,1,1,1,9,"[[48, 18, 47], [48, 23, 47], [48, 31, 7, 47], [48, 32, 47], [48, 35, 11, 47], [48, 35, 47], [48, 45, 47], [48, 46, 47], [48, 47]]","[48, 47]",0,0,3.5968,0,0,0,1,1
31,4,20,1,2,meshecho,1,1,1,5,"[[20, 1], [20, 4, 14, 1], [20, 5, 1], [20, 30, 1], [20, 33, 1]]","[20, 30, 1]",1,1,3.95648,0,0,0,1,1
31,4,20,1,2,etx-mesh,1,1,1,5,"[[20, 1], [20, 4, 14, 1], [20, 5, 1], [20, 30, 1], [20, 33, 1]]","[20, 1]",1,1,3.740672,0,0,0,1,1
31,4,20,1,2,minhop-mesh,1,1,1,5,"[[20, 1], [20, 4, 14, 1], [20, 5, 1], [20, 30, 1], [20, 33, 1]]","[20, 1]",1,1,3.740672,0,0,0,1,1
31,4,20,1,2,meshcore-like,1,1,1,5,"[[20, 1], [20, 4, 14, 1], [20, 5, 1], [20, 30, 1], [20, 33, 1]]","[20, 1]",1,1,3.740672,0,0,0,1,1
31,5,22,1,2,meshecho,1,1,1,5,"[[22, 3, 19, 1], [22, 5, 1], [22, 6, 33, 1], [22, 15, 1], [22, 18, 45, 1]]","[22, 5, 1]",0,0,3.668736,0,0,0,1,1
31,5,22,1,2,etx-mesh,1,1,1,5,"[[22, 3, 19, 1], [22, 5, 1], [22, 6, 33, 1], [22, 15, 1], [22, 18, 45, 1]]","[22, 15, 1]",0,0,3.668736,0,0,0,1,1
31,5,22,1,2,minhop-mesh,1,1,1,5,"[[22, 3, 19, 1], [22, 5, 1], [22, 6, 33, 1], [22, 15, 1], [22, 18, 45, 1]]","[22, 5, 1]",0,0,3.668736,0,0,0,1,1
31,5,22,1,2,meshcore-like,1,1,1,5,"[[22, 3, 19, 1], [22, 5, 1], [22, 6, 33, 1], [22, 15, 1], [22, 18, 45, 1]]","[22, 5, 1]",0,0,3.668736,0,0,0,1,1
31,6,25,49,2,meshecho,1,1,1,7,"[[25, 3, 2, 49], [25, 3, 13, 49], [25, 3, 19, 49], [25, 27, 49], [25, 37, 28, 49], [25, 37, 49], [25, 39, 49]]","[25, 37, 49]",1,1,3.95648,0,0,0,1,1
31,6,25,49,2,etx-mesh,1,1,1,7,"[[25, 3, 2, 49], [25, 3, 13, 49], [25, 3, 19, 49], [25, 27, 49], [25, 37, 28, 49], [25, 37, 49], [25, 39, 49]]","[25, 37, 49]",1,1,3.95648,0,0,0,1,1
31,6,25,49,2,minhop-mesh,1,1,1,7,"[[25, 3, 2, 49], [25, 3, 13, 49], [25, 3, 19, 49], [25, 27, 49], [25, 37, 28, 49], [25, 37, 49], [25, 39, 49]]","[25, 37, 49]",1,1,3.95648,0,0,0,1,1
31,6,25,49,2,meshcore-like,1,1,1,7,"[[25, 3, 2, 49], [25, 3, 13, 49], [25, 3, 19, 49], [25, 27, 49], [25, 37, 28, 49], [25, 37, 49], [25, 39, 49]]","[25, 27, 49]",1,1,3.95648,0,0,0,1,1
31,7,16,30,2,meshecho,1,1,1,5,"[[16, 14, 30], [16, 26, 1, 30], [16, 26, 30], [16, 27, 49, 30], [16, 45, 30]]","[16, 14, 30]",1,0,3.884544,0,0,0,1,1
31,7,16,30,2,etx-mesh,1,1,1,5,"[[16, 14, 30], [16, 26, 1, 30], [16, 26, 30], [16, 27, 49, 30], [16, 45, 30]]","[16, 45, 30]",1,1,3.95648,0,0,0,1,1
31,7,16,30,2,minhop-mesh,1,1,1,5,"[[16, 14, 30], [16, 26, 1, 30], [16, 26, 30], [16, 27, 49, 30], [16, 45, 30]]","[16, 14, 30]",1,0,3.884544,0,0,0,1,1
31,7,16,30,2,meshcore-like,1,1,1,5,"[[16, 14, 30], [16, 26, 1, 30], [16, 26, 30], [16, 27, 49, 30], [16, 45, 30]]","[16, 14, 30]",1,0,3.884544,0,0,0,1,1
31,8,49,1,2,meshecho,1,1,1,3,"[[49, 5, 1], [49, 14, 1], [49, 30, 1]]","[49, 30, 1]",1,1,3.95648,0,0,0,1,1
31,8,49,1,2,etx-mesh,1,1,1,3,"[[49, 5, 1], [49, 14, 1], [49, 30, 1]]","[49, 14, 1]",1,1,3.95648,0,0,0,1,1
31,8,49,1,2,minhop-mesh,1,1,1,3,"[[49, 5, 1], [49, 14, 1], [49, 30, 1]]","[49, 30, 1]",1,1,3.95648,0,0,0,1,1
31,8,49,1,2,meshcore-like,1,1,1,3,"[[49, 5, 1], [49, 14, 1], [49, 30, 1]]","[49, 5, 1]",1,1,3.95648,0,0,0,1,1
31,9,22,30,2,meshecho,1,1,1,3,"[[22, 5, 1, 30], [22, 5, 14, 30], [22, 5, 30]]","[22, 5, 30]",0,0,3.668736,0,0,0,1,1
31,9,22,30,2,etx-mesh,1,1,1,3,"[[22, 5, 1, 30], [22, 5, 14, 30], [22, 5, 30]]","[22, 5, 30]",0,0,3.668736,0,0,0,1,1
31,9,22,30,2,minhop-mesh,1,1,1,3,"[[22, 5, 1, 30], [22, 5, 14, 30], [22, 5, 30]]","[22, 5, 30]",0,0,3.668736,0,0,0,1,1
31,9,22,30,2,meshcore-like,1,1,1,3,"[[22, 5, 1, 30], [22, 5, 14, 30], [22, 5, 30]]","[22, 5, 30]",0,0,3.668736,0,0,0,1,1
31,10,26,7,2,meshecho,1,1,1,4,"[[26, 7], [26, 12, 13, 7], [26, 22, 31, 7], [26, 46, 7]]","[26, 46, 7]",1,1,3.95648,0,0,0,1,1
31,10,26,7,2,etx-mesh,1,1,1,4,"[[26, 7], [26, 12, 13, 7], [26, 22, 31, 7], [26, 46, 7]]","[26, 46, 7]",1,1,3.95648,0,0,0,1,1
31,10,26,7,2,minhop-mesh,1,1,1,4,"[[26, 7], [26, 12, 13, 7], [26, 22, 31, 7], [26, 46, 7]]","[26, 7]",0,0,3.5968,0,0,0,1,1
31,10,26,7,2,meshcore-like,1,1,1,4,"[[26, 7], [26, 12, 13, 7], [26, 22, 31, 7], [26, 46, 7]]","[26, 7]",0,0,3.5968,0,0,0,1,1
31,11,13,5,2,meshecho,1,1,1,7,"[[13, 0, 5], [13, 0, 30, 5], [13, 1, 5], [13, 5], [13, 14, 5], [13, 34, 5], [13, 45, 5]]","[13, 14, 5]",1,1,3.95648,0,0,0,1,1
31,11,13,5,2,etx-mesh,1,1,1,7,"[[13, 0, 5], [13, 0, 30, 5], [13, 1, 5], [13, 5], [13, 14, 5], [13, 34, 5], [13, 45, 5]]","[13, 5]",0,0,3.668736,0,0,0,1,1
31,11,13,5,2,minhop-mesh,1,1,1,7,"[[13, 0, 5], [13, 0, 30, 5], [13, 1, 5], [13, 5], [13, 14, 5], [13, 34, 5], [13, 45, 5]]","[13, 5]",0,0,3.668736,0,0,0,1,1
31,11,13,5,2,meshcore-like,1,1,1,7,"[[13, 0, 5], [13, 0, 30, 5], [13, 1, 5], [13, 5], [13, 14, 5], [13, 34, 5], [13, 45, 5]]","[13, 5]",0,0,3.668736,0,0,0,1,1
31,12,1,22,2,meshecho,1,1,1,4,"[[1, 31, 22], [1, 35, 10, 22], [1, 42, 22], [1, 43, 20, 22]]","[1, 42, 22]",1,1,3.95648,0,0,0,1,1
31,12,1,22,2,etx-mesh,1,1,1,4,"[[1, 31, 22], [1, 35, 10, 22], [1, 42, 22], [1, 43, 20, 22]]","[1, 42, 22]",1,1,3.95648,0,0,0,1,1
31,12,1,22,2,minhop-mesh,1,1,1,4,"[[1, 31, 22], [1, 35, 10, 22], [1, 42, 22], [1, 43, 20, 22]]","[1, 42, 22]",1,1,3.95648,0,0,0,1,1
31,12,1,22,2,meshcore-like,1,1,1,4,"[[1, 31, 22], [1, 35, 10, 22], [1, 42, 22], [1, 43, 20, 22]]","[1, 31, 22]",1,0,3.95648,0,0,0,1,1
31,13,34,16,2,meshecho,1,1,1,3,"[[34, 16], [34, 17, 16], [34, 22, 16]]","[34, 22, 16]",1,1,3.95648,0,0,0,1,1
31,13,34,16,2,etx-mesh,1,1,1,3,"[[34, 16], [34, 17, 16], [34, 22, 16]]","[34, 16]",0,0,3.668736,0,0,0,1,1
31,13,34,16,2,minhop-mesh,1,1,1,3,"[[34, 16], [34, 17, 16], [34, 22, 16]]","[34, 16]",0,0,3.668736,0,0,0,1,1
31,13,34,16,2,meshcore-like,1,1,1,3,"[[34, 16], [34, 17, 16], [34, 22, 16]]","[34, 16]",0,0,3.668736,0,0,0,1,1
31,14,25,28,2,meshecho,1,1,1,6,"[[25, 3, 13, 28], [25, 6, 36, 28], [25, 37, 28], [25, 39, 49, 28], [25, 48, 19, 28], [25, 48, 28]]","[25, 37, 28]",0,0,3.740672,0,0,0,1,1
31,14,25,28,2,etx-mesh,1,1,1,6,"[[25, 3, 13, 28], [25, 6, 36, 28], [25, 37, 28], [25, 39, 49, 28], [25, 48, 19, 28], [25, 48, 28]]","[25, 37, 28]",0,0,3.740672,0,0,0,1,1
31,14,25,28,2,minhop-mesh,1,1,1,6,"[[25, 3, 13, 28], [25, 6, 36, 28], [25, 37, 28], [25, 39, 49, 28], [25, 48, 19, 28], [25, 48, 28]]","[25, 37, 28]",0,0,3.740672,0,0,0,1,1
31,14,25,28,2,meshcore-like,1,1,1,6,"[[25, 3, 13, 28], [25, 6, 36, 28], [25, 37, 28], [25, 39, 49, 28], [25, 48, 19, 28], [25, 48, 28]]","[25, 37, 28]",0,0,3.740672,0,0,0,1,1
31,15,14,25,2,meshecho,1,1,1,4,"[[14, 17, 9, 25], [14, 25], [14, 28, 43, 25], [14, 35, 25]]","[14, 35, 25]",0,0,3.668736,0,0,0,1,1
31,15,14,25,2,etx-mesh,1,1,1,4,"[[14, 17, 9, 25], [14, 25], [14, 28, 43, 25], [14, 35, 25]]","[14, 25]",0,0,3.5968,0,0,0,1,1
31,15,14,25,2,minhop-mesh,1,1,1,4,"[[14, 17, 9, 25], [14, 25], [14, 28, 43, 25], [14, 35, 25]]","[14, 25]",0,0,3.5968,0,0,0,1,1
31,15,14,25,2,meshcore-like,1,1,1,4,"[[14, 17, 9, 25], [14, 25], [14, 28, 43, 25], [14, 35, 25]]","[14, 25]",0,0,3.5968,0,0,0,1,1
31,16,30,35,2,meshecho,1,1,1,5,"[[30, 10, 35], [30, 25, 35], [30, 29, 22, 35], [30, 35], [30, 47, 35]]","[30, 10, 35]",1,1,3.95648,0,0,0,1,1
31,16,30,35,2,etx-mesh,1,1,1,5,"[[30, 10, 35], [30, 25, 35], [30, 29, 22, 35], [30, 35], [30, 47, 35]]","[30, 35]",1,0,3.740672,0,0,0,1,1
31,16,30,35,2,minhop-mesh,1,1,1,5,"[[30, 10, 35], [30, 25, 35], [30, 29, 22, 35], [30, 35], [30, 47, 35]]","[30, 35]",1,0,3.740672,0,0,0,1,1
31,16,30,35,2,meshcore-like,1,1,1,5,"[[30, 10, 35], [30, 25, 35], [30, 29, 22, 35], [30, 35], [30, 47, 35]]","[30, 35]",1,0,3.740672,0,0,0,1,1
31,17,12,38,2,meshecho,1,1,1,4,"[[12, 9, 17, 38], [12, 23, 38], [12, 38], [12, 46, 38]]","[12, 46, 38]",1,1,3.95648,0,0,0,1,1
31,17,12,38,2,etx-mesh,1,1,1,4,"[[12, 9, 17, 38], [12, 23, 38], [12, 38], [12, 46, 38]]","[12, 38]",0,0,3.668736,0,0,0,1,1
31,17,12,38,2,minhop-mesh,1,1,1,4,"[[12, 9, 17, 38], [12, 23, 38], [12, 38], [12, 46, 38]]","[12, 38]",0,0,3.668736,0,0,0,1,1
31,17,12,38,2,meshcore-like,1,1,1,4,"[[12, 9, 17, 38], [12, 23, 38], [12, 38], [12, 46, 38]]","[12, 38]",0,0,3.668736,0,0,0,1,1
31,18,19,10,2,meshecho,1,1,1,5,"[[19, 7, 10], [19, 10], [19, 35, 10], [19, 35, 25, 10], [19, 47, 10]]","[19, 7, 10]",0,0,3.740672,0,0,0,1,1
31,18,19,10,2,etx-mesh,1,1,1,5,"[[19, 7, 10], [19, 10], [19, 35, 10], [19, 35, 25, 10], [19, 47, 10]]","[19, 10]",0,0,3.5968,0,0,0,1,1
31,18,19,10,2,minhop-mesh,1,1,1,5,"[[19, 7, 10], [19, 10], [19, 35, 10], [19, 35, 25, 10], [19, 47, 10]]","[19, 10]",0,0,3.5968,0,0,0,1,1
31,18,19,10,2,meshcore-like,1,1,1,5,"[[19, 7, 10], [19, 10], [19, 35, 10], [19, 35, 25, 10], [19, 47, 10]]","[19, 10]",0,0,3.5968,0,0,0,1,1
31,19,1,16,2,meshecho,1,1,1,5,"[[1, 7, 22, 16], [1, 27, 16], [1, 29, 16], [1, 29, 20, 16], [1, 31, 16]]","[1, 29, 16]",1,1,3.95648,0,0,0,1,1
31,19,1,16,2,etx-mesh,1,1,1,5,"[[1, 7, 22, 16], [1, 27, 16], [1, 29, 16], [1, 29, 20, 16], [1, 31, 16]]","[1, 29, 16]",1,1,3.95648,0,0,0,1,1
31,19,1,16,2,minhop-mesh,1,1,1,5,"[[1, 7, 22, 16], [1, 27, 16], [1, 29, 16], [1, 29, 20, 16], [1, 31, 16]]","[1, 29, 16]",1,1,3.95648,0,0,0,1,1
31,19,1,16,2,meshcore-like,1,1,1,5,"[[1, 7, 22, 16], [1, 27, 16], [1, 29, 16], [1, 29, 20, 16], [1, 31, 16]]","[1, 27, 16]",1,1,3.95648,0,0,0,1,1
31,20,11,49,2,meshecho,1,1,1,1,"[[11, 44, 49]]","[11, 44, 49]",0,0,3.668736,0,0,0,1,0
31,20,11,49,2,etx-mesh,1,1,1,1,"[[11, 44, 49]]","[11, 44, 49]",0,0,3.668736,0,0,0,1,0
31,20,11,49,2,minhop-mesh,1,1,1,1,"[[11, 44, 49]]","[11, 44, 49]",0,0,3.668736,0,0,0,1,0
31,20,11,49,2,meshcore-like,1,1,1,1,"[[11, 44, 49]]","[11, 44, 49]",0,0,3.668736,0,0,0,1,0
31,21,27,7,2,meshecho,1,1,1,3,"[[27, 7], [27, 11, 7], [27, 14, 30, 7]]","[27, 7]",1,0,3.740672,0,0,0,1,1
31,21,27,7,2,etx-mesh,1,1,1,3,"[[27, 7], [27, 11, 7], [27, 14, 30, 7]]","[27, 7]",1,0,3.740672,0,0,0,1,1
31,21,27,7,2,minhop-mesh,1,1,1,3,"[[27, 7], [27, 11, 7], [27, 14, 30, 7]]","[27, 7]",1,0,3.740672,0,0,0,1,1
31,21,27,7,2,meshcore-like,1,1,1,3,"[[27, 7], [27, 11, 7], [27, 14, 30, 7]]","[27, 7]",1,0,3.740672,0,0,0,1,1
31,22,18,33,2,meshecho,1,1,1,1,"[[18, 30, 33]]","[18, 30, 33]",1,1,3.95648,0,0,0,1,0
31,22,18,33,2,etx-mesh,1,1,1,1,"[[18, 30, 33]]","[18, 30, 33]",1,1,3.95648,0,0,0,1,0
31,22,18,33,2,minhop-mesh,1,1,1,1,"[[18, 30, 33]]","[18, 30, 33]",1,1,3.95648,0,0,0,1,0
31,22,18,33,2,meshcore-like,1,1,1,1,"[[18, 30, 33]]","[18, 30, 33]",1,1,3.95648,0,0,0,1,0
31,23,47,37,2,meshecho,1,1,1,1,"[[47, 28, 37]]","[47, 28, 37]",1,1,3.95648,0,0,0,1,0
31,23,47,37,2,etx-mesh,1,1,1,1,"[[47, 28, 37]]","[47, 28, 37]",1,1,3.95648,0,0,0,1,0
31,23,47,37,2,minhop-mesh,1,1,1,1,"[[47, 28, 37]]","[47, 28, 37]",1,1,3.95648,0,0,0,1,0
31,23,47,37,2,meshcore-like,1,1,1,1,"[[47, 28, 37]]","[47, 28, 37]",1,1,3.95648,0,0,0,1,0
31,24,34,20,2,meshecho,1,1,1,2,"[[34, 20], [34, 43, 20]]","[34, 43, 20]",1,1,3.95648,0,0,0,1,1
31,24,34,20,2,etx-mesh,1,1,1,2,"[[34, 20], [34, 43, 20]]","[34, 20]",1,1,3.740672,0,0,0,1,1
31,24,34,20,2,minhop-mesh,1,1,1,2,"[[34, 20], [34, 43, 20]]","[34, 20]",1,1,3.740672,0,0,0,1,1
31,24,34,20,2,meshcore-like,1,1,1,2,"[[34, 20], [34, 43, 20]]","[34, 20]",1,1,3.740672,0,0,0,1,1
32,1,21,15,2,meshecho,1,1,1,6,"[[21, 0, 15], [21, 7, 19, 15], [21, 10, 8, 15], [21, 17, 15], [21, 31, 15], [21, 49, 15]]","[21, 31, 15]",0,0,3.668736,0,0,0,1,1
32,1,21,15,2,etx-mesh,1,1,1,6,"[[21, 0, 15], [21, 7, 19, 15], [21, 10, 8, 15], [21, 17, 15], [21, 31, 15], [21, 49, 15]]","[21, 0, 15]",0,0,3.740672,0,0,0,1,1
32,1,21,15,2,minhop-mesh,1,1,1,6,"[[21, 0, 15], [21, 7, 19, 15], [21, 10, 8, 15], [21, 17, 15], [21, 31, 15], [21, 49, 15]]","[21, 31, 15]",0,0,3.668736,0,0,0,1,1
32,1,21,15,2,meshcore-like,1,1,1,6,"[[21, 0, 15], [21, 7, 19, 15], [21, 10, 8, 15], [21, 17, 15], [21, 31, 15], [21, 49, 15]]","[21, 0, 15]",0,0,3.740672,0,0,0,1,1
32,2,29,40,2,meshecho,1,1,1,4,"[[29, 23, 49, 40], [29, 26, 19, 40], [29, 37, 40], [29, 39, 8, 40]]","[29, 37, 40]",1,1,3.95648,0,0,0,1,1
32,2,29,40,2,etx-mesh,1,1,1,4,"[[29, 23, 49, 40], [29, 26, 19, 40], [29, 37, 40], [29, 39, 8, 40]]","[29, 37, 40]",1,1,3.95648,0,0,0,1,1
32,2,29,40,2,minhop-mesh,1,1,1,4,"[[29, 23, 49, 40], [29, 26, 19, 40], [29, 37, 40], [29, 39, 8, 40]]","[29, 37, 40]",1,1,3.95648,0,0,0,1,1
32,2,29,40,2,meshcore-like,1,1,1,4,"[[29, 23, 49, 40], [29, 26, 19, 40], [29, 37, 40], [29, 39, 8, 40]]","[29, 37, 40]",1,1,3.95648,0,0,0,1,1
32,3,48,30,2,meshecho,1,1,1,7,"[[48, 6, 28, 30], [48, 7, 17, 30], [48, 10, 30], [48, 18, 19, 30], [48, 18, 30], [48, 26, 30], [48, 30]]","[48, 18, 30]",1,1,3.95648,0,0,0,1,1
32,3,48,30,2,etx-mesh,1,1,1,7,"[[48, 6, 28, 30], [48, 7, 17, 30], [48, 10, 30], [48, 18, 19, 30], [48, 18, 30], [48, 26, 30], [48, 30]]","[48, 30]",1,0,3.740672,0,0,0,1,1
32,3,48,30,2,minhop-mesh,1,1,1,7,"[[48, 6, 28, 30], [48, 7, 17, 30], [48, 10, 30], [48, 18, 19, 30], [48, 18, 30], [48, 26, 30], [48, 30]]","[48, 30]",1,0,3.740672,0,0,0,1,1
32,3,48,30,2,meshcore-like,1,1,1,7,"[[48, 6, 28, 30], [48, 7, 17, 30], [48, 10, 30], [48, 18, 19, 30], [48, 18, 30], [48, 26, 30], [48, 30]]","[48, 30]",1,0,3.740672,0,0,0,1,1
32,4,32,47,2,meshecho,1,1,1,4,"[[32, 12, 1, 47], [32, 34, 47], [32, 39, 14, 47], [32, 47]]","[32, 34, 47]",0,0,3.740672,0,0,0,1,1
32,4,32,47,2,etx-mesh,1,1,1,4,"[[32, 12, 1, 47], [32, 34, 47], [32, 39, 14, 47], [32, 47]]","[32, 47]",1,0,3.740672,0,0,0,1,1
32,4,32,47,2,minhop-mesh,1,1,1,4,"[[32, 12, 1, 47], [32, 34, 47], [32, 39, 14, 47], [32, 47]]","[32, 47]",1,0,3.740672,0,0,0,1,1
32,4,32,47,2,meshcore-like,1,1,1,4,"[[32, 12, 1, 47], [32, 34, 47], [32, 39, 14, 47], [32, 47]]","[32, 47]",1,0,3.740672,0,0,0,1,1
32,5,46,49,2,meshecho,1,1,1,5,"[[46, 2, 45, 49], [46, 10, 49], [46, 18, 0, 49], [46, 18, 19, 49], [46, 49]]","[46, 10, 49]",0,0,3.5968,0,0,0,1,1
32,5,46,49,2,etx-mesh,1,1,1,5,"[[46, 2, 45, 49], [46, 10, 49], [46, 18, 0, 49], [46, 18, 19, 49], [46, 49]]","[46, 49]",0,0,3.5968,0,0,0,1,1
32,5,46,49,2,minhop-mesh,1,1,1,5,"[[46, 2, 45, 49], [46, 10, 49], [46, 18, 0, 49], [46, 18, 19, 49], [46, 49]]","[46, 49]",0,0,3.5968,0,0,0,1,1
32,5,46,49,2,meshcore-like,1,1,1,5,"[[46, 2, 45, 49], [46, 10, 49], [46, 18, 0, 49], [46, 18, 19, 49], [46, 49]]","[46, 49]",0,0,3.5968,0,0,0,1,1
32,6,35,6,2,meshecho,1,1,1,4,"[[35, 34, 38, 6], [35, 36, 6], [35, 43, 6], [35, 43, 46, 6]]","[35, 43, 6]",1,1,3.95648,0,0,0,1,1
32,6,35,6,2,etx-mesh,1,1,1,4,"[[35, 34, 38, 6], [35, 36, 6], [35, 43, 6], [35, 43, 46, 6]]","[35, 43, 6]",1,1,3.95648,0,0,0,1,1
32,6,35,6,2,minhop-mesh,1,1,1,4,"[[35, 34, 38, 6], [35, 36, 6], [35, 43, 6], [35, 43, 46, 6]]","[35, 43, 6]",1,1,3.95648,0,0,0,1,1
32,6,35,6,2,meshcore-like,1,1,1,4,"[[35, 34, 38, 6], [35, 36, 6], [35, 43, 6], [35, 43, 46, 6]]","[35, 36, 6]",1,1,3.95648,0,0,0,1,1
32,7,32,25,2,meshecho,1,1,1,6,"[[32, 0, 14, 25], [32, 0, 30, 25], [32, 25], [32, 34, 1, 25], [32, 34, 38, 25], [32, 48, 27, 25]]","[32, 0, 14, 25]",1,1,4.172288,0,0,0,1,1
32,7,32,25,2,etx-mesh,1,1,1,6,"[[32, 0, 14, 25], [32, 0, 30, 25], [32, 25], [32, 34, 1, 25], [32, 34, 38, 25], [32, 48, 27, 25]]","[32, 25]",1,1,3.740672,0,0,0,1,1
32,7,32,25,2,minhop-mesh,1,1,1,6,"[[32, 0, 14, 25], [32, 0, 30, 25], [32, 25], [32, 34, 1, 25], [32, 34, 38, 25], [32, 48, 27, 25]]","[32, 25]",1,1,3.740672,0,0,0,1,1
32,7,32,25,2,meshcore-like,1,1,1,6,"[[32, 0, 14, 25], [32, 0, 30, 25], [32, 25], [32, 34, 1, 25], [32, 34, 38, 25], [32, 48, 27, 25]]","[32, 25]",1,1,3.740672,0,0,0,1,1
32,8,43,9,2,meshecho,1,1,1,9,"[[43, 7, 9], [43, 8, 9], [43, 18, 9], [43, 26, 9], [43, 30, 9], [43, 30, 10, 9], [43, 30, 39, 9], [43, 47, 44, 9], [43, 49, 19, 9]]","[43, 8, 9]",0,0,3.740672,0,0,0,1,1
32,8,43,9,2,etx-mesh,1,1,1,9,"[[43, 7, 9], [43, 8, 9], [43, 18, 9], [43, 26, 9], [43, 30, 9], [43, 30, 10, 9], [43, 30, 39, 9], [43, 47, 44, 9], [43, 49, 19, 9]]","[43, 18, 9]",0,0,3.740672,0,0,0,1,1
32,8,43,9,2,minhop-mesh,1,1,1,9,"[[43, 7, 9], [43, 8, 9], [43, 18, 9], [43, 26, 9], [43, 30, 9], [43, 30, 10, 9], [43, 30, 39, 9], [43, 47, 44, 9], [43, 49, 19, 9]]","[43, 8, 9]",0,0,3.740672,0,0,0,1,1
32,8,43,9,2,meshcore-like,1,1,1,9,"[[43, 7, 9], [43, 8, 9], [43, 18, 9], [43, 26, 9], [43, 30, 9], [43, 30, 10, 9], [43, 30, 39, 9], [43, 47, 44, 9], [43, 49, 19, 9]]","[43, 7, 9]",0,0,3.668736,0,0,0,1,1
32,9,5,9,2,meshecho,1,1,1,5,"[[5, 8, 9], [5, 19, 9], [5, 26, 9], [5, 30, 9], [5, 41, 9]]","[5, 8, 9]",0,0,3.740672,0,0,0,1,1
32,9,5,9,2,etx-mesh,1,1,1,5,"[[5, 8, 9], [5, 19, 9], [5, 26, 9], [5, 30, 9], [5, 41, 9]]","[5, 30, 9]",1,1,3.95648,0,0,0,1,1
32,9,5,9,2,minhop-mesh,1,1,1,5,"[[5, 8, 9], [5, 19, 9], [5, 26, 9], [5, 30, 9], [5, 41, 9]]","[5, 8, 9]",0,0,3.740672,0,0,0,1,1
32,9,5,9,2,meshcore-like,1,1,1,5,"[[5, 8, 9], [5, 19, 9], [5, 26, 9], [5, 30, 9], [5, 41, 9]]","[5, 8, 9]",0,0,3.740672,0,0,0,1,1
32,10,39,46,2,meshecho,1,1,1,1,"[[39, 1, 46]]","[39, 1, 46]",1,1,3.884544,0,0,0,1,0
32,10,39,46,2,etx-mesh,1,1,1,1,"[[39, 1, 46]]","[39, 1, 46]",1,1,3.884544,0,0,0,1,0
32,10,39,46,2,minhop-mesh,1,1,1,1,"[[39, 1, 46]]","[39, 1, 46]",1,1,3.884544,0,0,0,1,0
32,10,39,46,2,meshcore-like,1,1,1,1,"[[39, 1, 46]]","[39, 1, 46]",1,1,3.884544,0,0,0,1,0
32,11,0,42,2,meshecho,1,1,1,3,"[[0, 24, 42], [0, 28, 36, 42], [0, 28, 43, 42]]","[0, 24, 42]",1,1,3.95648,0,0,0,1,1
32,11,0,42,2,etx-mesh,1,1,1,3,"[[0, 24, 42], [0, 28, 36, 42], [0, 28, 43, 42]]","[0, 24, 42]",1,1,3.95648,0,0,0,1,1
32,11,0,42,2,minhop-mesh,1,1,1,3,"[[0, 24, 42], [0, 28, 36, 42], [0, 28, 43, 42]]","[0, 24, 42]",1,1,3.95648,0,0,0,1,1
32,11,0,42,2,meshcore-like,1,1,1,3,"[[0, 24, 42], [0, 28, 36, 42], [0, 28, 43, 42]]","[0, 24, 42]",1,1,3.95648,0,0,0,1,1
32,12,32,14,2,meshecho,1,1,1,8,"[[32, 7, 14], [32, 23, 14], [32, 29, 1, 14], [32, 29, 10, 14], [32, 29, 14], [32, 29, 27, 14], [32, 41, 14], [32, 41, 30, 14]]","[32, 29, 1, 14]",1,0,4.172288,0,0,0,1,1
32,12,32,14,2,etx-mesh,1,1,1,8,"[[32, 7, 14], [32, 23, 14], [32, 29, 1, 14], [32, 29, 10, 14], [32, 29, 14], [32, 29, 27, 14], [32, 41, 14], [32, 41, 30, 14]]","[32, 23, 14]",1,1,3.95648,0,0,0,1,1
32,12,32,14,2,minhop-mesh,1,1,1,8,"[[32, 7, 14], [32, 23, 14], [32, 29, 1, 14], [32, 29, 10, 14], [32, 29, 14], [32, 29, 27, 14], [32, 41, 14], [32, 41, 30, 14]]","[32, 29, 14]",1,1,3.95648,0,0,0,1,1
32,12,32,14,2,meshcore-like,1,1,1,8,"[[32, 7, 14], [32, 23, 14], [32, 29, 1, 14], [32, 29, 10, 14], [32, 29, 14], [32, 29, 27, 14], [32, 41, 14], [32, 41, 30, 14]]","[32, 7, 14]",1,1,3.95648,0,0,0,1,1
32,13,45,27,2,meshecho,1,1,1,1,"[[45, 24, 27]]","[45, 24, 27]",1,1,3.95648,0,0,0,1,0
32,13,45,27,2,etx-mesh,1,1,1,1,"[[45, 24, 27]]","[45, 24, 27]",1,1,3.95648,0,0,0,1,0
32,13,45,27,2,minhop-mesh,1,1,1,1,"[[45, 24, 27]]","[45, 24, 27]",1,1,3.95648,0,0,0,1,0
32,13,45,27,2,meshcore-like,1,1,1,1,"[[45, 24, 27]]","[45, 24, 27]",1,1,3.95648,0,0,0,1,0
32,14,15,38,2,meshecho,1,1,1,4,"[[15, 0, 38], [15, 24, 38], [15, 42, 2, 38], [15, 42, 38]]","[15, 24, 38]",0,0,3.740672,0,0,0,1,1
32,14,15,38,2,etx-mesh,1,1,1,4,"[[15, 0, 38], [15, 24, 38], [15, 42, 2, 38], [15, 42, 38]]","[15, 0, 38]",0,0,3.740672,0,0,0,1,1
32,14,15,38,2,minhop-mesh,1,1,1,4,"[[15, 0, 38], [15, 24, 38], [15, 42, 2, 38], [15, 42, 38]]","[15, 24, 38]",0,0,3.740672,0,0,0,1,1
32,14,15,38,2,meshcore-like,1,1,1,4,"[[15, 0, 38], [15, 24, 38], [15, 42, 2, 38], [15, 42, 38]]","[15, 0, 38]",0,0,3.740672,0,0,0,1,1
32,15,6,10,2,meshecho,1,1,1,7,"[[6, 0, 10], [6, 23, 10], [6, 26, 7, 10], [6, 26, 10], [6, 26, 18, 10], [6, 30, 10], [6, 49, 19, 10]]","[6, 30, 10]",0,0,3.740672,0,0,0,1,1
32,15,6,10,2,etx-mesh,1,1,1,7,"[[6, 0, 10], [6, 23, 10], [6, 26, 7, 10], [6, 26, 10], [6, 26, 18, 10], [6, 30, 10], [6, 49, 19, 10]]","[6, 30, 10]",0,0,3.740672,0,0,0,1,1
32,15,6,10,2,minhop-mesh,1,1,1,7,"[[6, 0, 10], [6, 23, 10], [6, 26, 7, 10], [6, 26, 10], [6, 26, 18, 10], [6, 30, 10], [6, 49, 19, 10]]","[6, 30, 10]",0,0,3.740672,0,0,0,1,1
32,15,6,10,2,meshcore-like,1,1,1,7,"[[6, 0, 10], [6, 23, 10], [6, 26, 7, 10], [6, 26, 10], [6, 26, 18, 10], [6, 30, 10], [6, 49, 19, 10]]","[6, 0, 10]",0,0,3.668736,0,0,0,1,1
32,16,4,31,2,meshecho,1,1,1,4,"[[4, 9, 31], [4, 15, 31], [4, 22, 37, 31], [4, 31]]","[4, 15, 31]",1,1,3.95648,0,0,0,1,1
32,16,4,31,2,etx-mesh,1,1,1,4,"[[4, 9, 31], [4, 15, 31], [4, 22, 37, 31], [4, 31]]","[4, 31]",1,1,3.740672,0,0,0,1,1
32,16,4,31,2,minhop-mesh,1,1,1,4,"[[4, 9, 31], [4, 15, 31], [4, 22, 37, 31], [4, 31]]","[4, 31]",1,1,3.740672,0,0,0,1,1
32,16,4,31,2,meshcore-like,1,1,1,4,"[[4, 9, 31], [4, 15, 31], [4, 22, 37, 31], [4, 31]]","[4, 31]",1,1,3.740672,0,0,0,1,1
32,17,6,26,2,meshecho,1,1,1,5,"[[6, 0, 10, 26], [6, 0, 18, 26], [6, 9, 17, 26], [6, 26], [6, 30, 26]]","[6, 30, 26]",0,0,3.668736,0,0,0,1,1
32,17,6,26,2,etx-mesh,1,1,1,5,"[[6, 0, 10, 26], [6, 0, 18, 26], [6, 9, 17, 26], [6, 26], [6, 30, 26]]","[6, 26]",0,0,3.5968,0,0,0,1,1
32,17,6,26,2,minhop-mesh,1,1,1,5,"[[6, 0, 10, 26], [6, 0, 18, 26], [6, 9, 17, 26], [6, 26], [6, 30, 26]]","[6, 26]",0,0,3.5968,0,0,0,1,1
32,17,6,26,2,meshcore-like,1,1,1,5,"[[6, 0, 10, 26], [6, 0, 18, 26], [6, 9, 17, 26], [6, 26], [6, 30, 26]]","[6, 26]",0,0,3.5968,0,0,0,1,1
32,18,27,25,2,meshecho,1,1,1,5,"[[27, 3, 43, 25], [27, 13, 35, 25], [27, 25], [27, 37, 16, 25], [27, 37, 32, 25]]","[27, 37, 16, 25]",0,0,3.740672,0,0,0,1,1
32,18,27,25,2,etx-mesh,1,1,1,5,"[[27, 3, 43, 25], [27, 13, 35, 25], [27, 25], [27, 37, 16, 25], [27, 37, 32, 25]]","[27, 25]",0,0,3.668736,0,0,0,1,1
32,18,27,25,2,minhop-mesh,1,1,1,5,"[[27, 3, 43, 25], [27, 13, 35, 25], [27, 25], [27, 37, 16, 25], [27, 37, 32, 25]]","[27, 25]",0,0,3.668736,0,0,0,1,1
32,18,27,25,2,meshcore-like,1,1,1,5,"[[27, 3, 43, 25], [27, 13, 35, 25], [27, 25], [27, 37, 16, 25], [27, 37, 32, 25]]","[27, 25]",0,0,3.668736,0,0,0,1,1
32,19,8,20,2,meshecho,1,1,1,4,"[[8, 2, 21, 20], [8, 3, 6, 20], [8, 28, 20], [8, 36, 20]]","[8, 3, 6, 20]",0,0,3.5968,0,0,0,1,1
32,19,8,20,2,etx-mesh,1,1,1,4,"[[8, 2, 21, 20], [8, 3, 6, 20], [8, 28, 20], [8, 36, 20]]","[8, 28, 20]",0,0,3.740672,0,0,0,1,1
32,19,8,20,2,minhop-mesh,1,1,1,4,"[[8, 2, 21, 20], [8, 3, 6, 20], [8, 28, 20], [8, 36, 20]]","[8, 28, 20]",0,0,3.740672,0,0,0,1,1
32,19,8,20,2,meshcore-like,1,1,1,4,"[[8, 2, 21, 20], [8, 3, 6, 20], [8, 28, 20], [8, 36, 20]]","[8, 28, 20]",0,0,3.740672,0,0,0,1,1
32,20,47,40,2,meshecho,1,1,1,1,"[[47, 37, 40]]","[47, 37, 40]",1,1,3.95648,0,0,0,1,0
32,20,47,40,2,etx-mesh,1,1,1,1,"[[47, 37, 40]]","[47, 37, 40]",1,1,3.95648,0,0,0,1,0
32,20,47,40,2,minhop-mesh,1,1,1,1,"[[47, 37, 40]]","[47, 37, 40]",1,1,3.95648,0,0,0,1,0
32,20,47,40,2,meshcore-like,1,1,1,1,"[[47, 37, 40]]","[47, 37, 40]",1,1,3.95648,0,0,0,1,0
32,21,8,21,2,meshecho,1,1,1,5,"[[8, 2, 21], [8, 24, 22, 21], [8, 46, 6, 21], [8, 46, 20, 21], [8, 47, 21]]","[8, 2, 21]",1,1,3.95648,0,0,0,1,1
32,21,8,21,2,etx-mesh,1,1,1,5,"[[8, 2, 21], [8, 24, 22, 21], [8, 46, 6, 21], [8, 46, 20, 21], [8, 47, 21]]","[8, 47, 21]",1,1,3.95648,0,0,0,1,1
32,21,8,21,2,minhop-mesh,1,1,1,5,"[[8, 2, 21], [8, 24, 22, 21], [8, 46, 6, 21], [8, 46, 20, 21], [8, 47, 21]]","[8, 2, 21]",1,1,3.95648,0,0,0,1,1
32,21,8,21,2,meshcore-like,1,1,1,5,"[[8, 2, 21], [8, 24, 22, 21], [8, 46, 6, 21], [8, 46, 20, 21], [8, 47, 21]]","[8, 2, 21]",1,1,3.95648,0,0,0,1,1
32,22,15,44,2,meshecho,1,1,1,2,"[[15, 34, 38, 44], [15, 34, 44]]","[15, 34, 44]",0,0,3.5968,0,0,0,1,1
32,22,15,44,2,etx-mesh,1,1,1,2,"[[15, 34, 38, 44], [15, 34, 44]]","[15, 34, 44]",0,0,3.5968,0,0,0,1,1
32,22,15,44,2,minhop-mesh,1,1,1,2,"[[15, 34, 38, 44], [15, 34, 44]]","[15, 34, 44]",0,0,3.5968,0,0,0,1,1
32,22,15,44,2,meshcore-like,1,1,1,2,"[[15, 34, 38, 44], [15, 34, 44]]","[15, 34, 44]",0,0,3.5968,0,0,0,1,1
32,23,9,34,2,meshecho,1,1,1,4,"[[9, 3, 29, 34], [9, 6, 25, 34], [9, 42, 27, 34], [9, 47, 34]]","[9, 47, 34]",1,1,3.884544,0,0,0,1,1
32,23,9,34,2,etx-mesh,1,1,1,4,"[[9, 3, 29, 34], [9, 6, 25, 34], [9, 42, 27, 34], [9, 47, 34]]","[9, 47, 34]",1,1,3.884544,0,0,0,1,1
32,23,9,34,2,minhop-mesh,1,1,1,4,"[[9, 3, 29, 34], [9, 6, 25, 34], [9, 42, 27, 34], [9, 47, 34]]","[9, 47, 34]",1,1,3.884544,0,0,0,1,1
32,23,9,34,2,meshcore-like,1,1,1,4,"[[9, 3, 29, 34], [9, 6, 25, 34], [9, 42, 27, 34], [9, 47, 34]]","[9, 47, 34]",1,1,3.884544,0,0,0,1,1
32,24,5,46,2,meshecho,1,1,1,4,"[[5, 3, 46], [5, 16, 20, 46], [5, 28, 43, 46], [5, 28, 46]]","[5, 28, 46]",1,1,3.95648,0,0,0,1,1
32,24,5,46,2,etx-mesh,1,1,1,4,"[[5, 3, 46], [5, 16, 20, 46], [5, 28, 43, 46], [5, 28, 46]]","[5, 28, 46]",1,1,3.95648,0,0,0,1,1
32,24,5,46,2,minhop-mesh,1,1,1,4,"[[5, 3, 46], [5, 16, 20, 46], [5, 28, 43, 46], [5, 28, 46]]","[5, 28, 46]",1,1,3.95648,0,0,0,1,1
32,24,5,46,2,meshcore-like,1,1,1,4,"[[5, 3, 46], [5, 16, 20, 46], [5, 28, 43, 46], [5, 28, 46]]","[5, 3, 46]",1,0,3.95648,0,0,0,1,1
33,1,46,10,2,meshecho,1,1,1,6,"[[46, 7, 9, 10], [46, 7, 10], [46, 10], [46, 22, 10], [46, 28, 10], [46, 39, 10]]","[46, 28, 10]",1,1,3.95648,0,0,0,1,1
33,1,46,10,2,etx-mesh,1,1,1,6,"[[46, 7, 9, 10], [46, 7, 10], [46, 10], [46, 22, 10], [46, 28, 10], [46, 39, 10]]","[46, 10]",0,0,3.5968,0,0,0,1,1
33,1,46,10,2,minhop-mesh,1,1,1,6,"[[46, 7, 9, 10], [46, 7, 10], [46, 10], [46, 22, 10], [46, 28, 10], [46, 39, 10]]","[46, 10]",0,0,3.5968,0,0,0,1,1
33,1,46,10,2,meshcore-like,1,1,1,6,"[[46, 7, 9, 10], [46, 7, 10], [46, 10], [46, 22, 10], [46, 28, 10], [46, 39, 10]]","[46, 10]",0,0,3.5968,0,0,0,1,1
33,2,16,9,2,meshecho,1,1,1,3,"[[16, 22, 9], [16, 28, 7, 9], [16, 28, 9]]","[16, 22, 9]",1,1,3.95648,0,0,0,1,1
33,2,16,9,2,etx-mesh,1,1,1,3,"[[16, 22, 9], [16, 28, 7, 9], [16, 28, 9]]","[16, 28, 9]",1,1,3.95648,0,0,0,1,1
33,2,16,9,2,minhop-mesh,1,1,1,3,"[[16, 22, 9], [16, 28, 7, 9], [16, 28, 9]]","[16, 22, 9]",1,1,3.95648,0,0,0,1,1
33,2,16,9,2,meshcore-like,1,1,1,3,"[[16, 22, 9], [16, 28, 7, 9], [16, 28, 9]]","[16, 22, 9]",1,1,3.95648,0,0,0,1,1
33,3,9,41,2,meshecho,1,1,1,4,"[[9, 0, 1, 41], [9, 24, 41], [9, 40, 41], [9, 47, 41]]","[9, 47, 41]",1,1,3.95648,0,0,0,1,1
33,3,9,41,2,etx-mesh,1,1,1,4,"[[9, 0, 1, 41], [9, 24, 41], [9, 40, 41], [9, 47, 41]]","[9, 40, 41]",1,1,3.95648,0,0,0,1,1
33,3,9,41,2,minhop-mesh,1,1,1,4,"[[9, 0, 1, 41], [9, 24, 41], [9, 40, 41], [9, 47, 41]]","[9, 47, 41]",1,1,3.95648,0,0,0,1,1
33,3,9,41,2,meshcore-like,1,1,1,4,"[[9, 0, 1, 41], [9, 24, 41], [9, 40, 41], [9, 47, 41]]","[9, 24, 41]",1,1,3.95648,0,0,0,1,1
33,4,24,11,2,meshecho,1,1,1,1,"[[24, 17, 11]]","[24, 17, 11]",1,1,3.95648,0,0,0,1,0
33,4,24,11,2,etx-mesh,1,1,1,1,"[[24, 17, 11]]","[24, 17, 11]",1,1,3.95648,0,0,0,1,0
33,4,24,11,2,minhop-mesh,1,1,1,1,"[[24, 17, 11]]","[24, 17, 11]",1,1,3.95648,0,0,0,1,0
33,4,24,11,2,meshcore-like,1,1,1,1,"[[24, 17, 11]]","[24, 17, 11]",1,1,3.95648,0,0,0,1,0
33,5,46,9,2,meshecho,1,1,1,3,"[[46, 2, 9], [46, 22, 9], [46, 31, 44, 9]]","[46, 22, 9]",0,0,3.740672,0,0,0,1,1
33,5,46,9,2,etx-mesh,1,1,1,3,"[[46, 2, 9], [46, 22, 9], [46, 31, 44, 9]]","[46, 2, 9]",0,0,3.740672,0,0,0,1,1
33,5,46,9,2,minhop-mesh,1,1,1,3,"[[46, 2, 9], [46, 22, 9], [46, 31, 44, 9]]","[46, 22, 9]",0,0,3.740672,0,0,0,1,1
33,5,46,9,2,meshcore-like,1,1,1,3,"[[46, 2, 9], [46, 22, 9], [46, 31, 44, 9]]","[46, 2, 9]",0,0,3.740672,0,0,0,1,1
33,6,12,10,2,meshecho,1,1,1,4,"[[12, 9, 39, 10], [12, 10], [12, 22, 10], [12, 28, 10]]","[12, 28, 10]",1,1,3.95648,0,0,0,1,1
33,6,12,10,2,etx-mesh,1,1,1,4,"[[12, 9, 39, 10], [12, 10], [12, 22, 10], [12, 28, 10]]","[12, 10]",0,0,3.5968,0,0,0,1,1
33,6,12,10,2,minhop-mesh,1,1,1,4,"[[12, 9, 39, 10], [12, 10], [12, 22, 10], [12, 28, 10]]","[12, 10]",0,0,3.5968,0,0,0,1,1
33,6,12,10,2,meshcore-like,1,1,1,4,"[[12, 9, 39, 10], [12, 10], [12, 22, 10], [12, 28, 10]]","[12, 10]",0,0,3.5968,0,0,0,1,1
33,7,34,27,2,meshecho,1,1,1,4,"[[34, 19, 27], [34, 21, 27], [34, 26, 44, 27], [34, 27]]","[34, 21, 27]",1,1,3.95648,0,0,0,1,1
33,7,34,27,2,etx-mesh,1,1,1,4,"[[34, 19, 27], [34, 21, 27], [34, 26, 44, 27], [34, 27]]","[34, 27]",1,1,3.740672,0,0,0,1,1
33,7,34,27,2,minhop-mesh,1,1,1,4,"[[34, 19, 27], [34, 21, 27], [34, 26, 44, 27], [34, 27]]","[34, 27]",1,1,3.740672,0,0,0,1,1
33,7,34,27,2,meshcore-like,1,1,1,4,"[[34, 19, 27], [34, 21, 27], [34, 26, 44, 27], [34, 27]]","[34, 27]",1,1,3.740672,0,0,0,1,1
33,8,49,10,2,meshecho,1,1,1,5,"[[49, 7, 10], [49, 9, 10], [49, 10], [49, 28, 10], [49, 39, 10]]","[49, 28, 10]",1,1,3.95648,0,0,0,1,1
33,8,49,10,2,etx-mesh,1,1,1,5,"[[49, 7, 10], [49, 9, 10], [49, 10], [49, 28, 10], [49, 39, 10]]","[49, 10]",1,0,3.740672,0,0,0,1,1
33,8,49,10,2,minhop-mesh,1,1,1,5,"[[49, 7, 10], [49, 9, 10], [49, 10], [49, 28, 10], [49, 39, 10]]","[49, 10]",1,0,3.740672,0,0,0,1,1
33,8,49,10,2,meshcore-like,1,1,1,5,"[[49, 7, 10], [49, 9, 10], [49, 10], [49, 28, 10], [49, 39, 10]]","[49, 10]",1,0,3.740672,0,0,0,1,1
33,9,39,12,2,meshecho,1,1,1,7,"[[39, 5, 48, 12], [39, 14, 12], [39, 27, 23, 12], [39, 35, 43, 12], [39, 37, 12], [39, 45, 12], [39, 45, 16, 12]]","[39, 37, 12]",1,1,3.95648,0,0,0,1,1
33,9,39,12,2,etx-mesh,1,1,1,7,"[[39, 5, 48, 12], [39, 14, 12], [39, 27, 23, 12], [39, 35, 43, 12], [39, 37, 12], [39, 45, 12], [39, 45, 16, 12]]","[39, 37, 12]",1,1,3.95648,0,0,0,1,1
33,9,39,12,2,minhop-mesh,1,1,1,7,"[[39, 5, 48, 12], [39, 14, 12], [39, 27, 23, 12], [39, 35, 43, 12], [39, 37, 12], [39, 45, 12], [39, 45, 16, 12]]","[39, 37, 12]",1,1,3.95648,0,0,0,1,1
33,9,39,12,2,meshcore-like,1,1,1,7,"[[39, 5, 48, 12], [39, 14, 12], [39, 27, 23, 12], [39, 35, 43, 12], [39, 37, 12], [39, 45, 12], [39, 45, 16, 12]]","[39, 14, 12]",1,0,3.95648,0,0,0,1,1
33,10,22,45,2,meshecho,1,1,1,5,"[[22, 0, 1, 45], [22, 12, 45], [22, 17, 45], [22, 37, 45], [22, 45]]","[22, 37, 45]",1,1,3.95648,0,0,0,1,1
33,10,22,45,2,etx-mesh,1,1,1,5,"[[22, 0, 1, 45], [22, 12, 45], [22, 17, 45], [22, 37, 45], [22, 45]]","[22, 45]",1,1,3.740672,0,0,0,1,1
33,10,22,45,2,minhop-mesh,1,1,1,5,"[[22, 0, 1, 45], [22, 12, 45], [22, 17, 45], [22, 37, 45], [22, 45]]","[22, 45]",1,1,3.740672,0,0,0,1,1
33,10,22,45,2,meshcore-like,1,1,1,5,"[[22, 0, 1, 45], [22, 12, 45], [22, 17, 45], [22, 37, 45], [22, 45]]","[22, 45]",1,1,3.740672,0,0,0,1,1
33,11,16,24,2,meshecho,1,1,1,5,"[[16, 15, 35, 24], [16, 20, 24], [16, 24], [16, 38, 24], [16, 41, 24]]","[16, 41, 24]",1,1,3.95648,0,0,0,1,1
33,11,16,24,2,etx-mesh,1,1,1,5,"[[16, 15, 35, 24], [16, 20, 24], [16, 24], [16, 38, 24], [16, 41, 24]]","[16, 24]",0,0,3.5968,0,0,0,1,1
33,11,16,24,2,minhop-mesh,1,1,1,5,"[[16, 15, 35, 24], [16, 20, 24], [16, 24], [16, 38, 24], [16, 41, 24]]","[16, 24]",0,0,3.5968,0,0,0,1,1
33,11,16,24,2,meshcore-like,1,1,1,5,"[[16, 15, 35, 24], [16, 20, 24], [16, 24], [16, 38, 24], [16, 41, 24]]","[16, 24]",0,0,3.5968,0,0,0,1,1
33,12,34,44,2,meshecho,1,1,1,3,"[[34, 18, 44], [34, 29, 12, 44], [34, 29, 17, 44]]","[34, 18, 44]",1,1,3.95648,0,0,0,1,1
33,12,34,44,2,etx-mesh,1,1,1,3,"[[34, 18, 44], [34, 29, 12, 44], [34, 29, 17, 44]]","[34, 18, 44]",1,1,3.95648,0,0,0,1,1
33,12,34,44,2,minhop-mesh,1,1,1,3,"[[34, 18, 44], [34, 29, 12, 44], [34, 29, 17, 44]]","[34, 18, 44]",1,1,3.95648,0,0,0,1,1
33,12,34,44,2,meshcore-like,1,1,1,3,"[[34, 18, 44], [34, 29, 12, 44], [34, 29, 17, 44]]","[34, 18, 44]",1,1,3.95648,0,0,0,1,1
33,13,9,29,2,meshecho,1,1,1,0,[],null,0,0,3.524864,0,1,0,1,0
33,13,9,29,2,etx-mesh,1,1,1,0,[],null,0,0,3.524864,0,1,0,1,0
33,13,9,29,2,minhop-mesh,1,1,1,0,[],null,0,0,3.524864,0,1,0,1,0
33,13,9,29,2,meshcore-like,1,1,1,0,[],null,0,0,3.524864,0,0,0,1,0
33,14,25,14,2,meshecho,1,1,1,3,"[[25, 13, 11, 14], [25, 14], [25, 16, 14]]","[25, 16, 14]",1,1,3.95648,0,0,0,1,1
33,14,25,14,2,etx-mesh,1,1,1,3,"[[25, 13, 11, 14], [25, 14], [25, 16, 14]]","[25, 14]",1,1,3.740672,0,0,0,1,1
33,14,25,14,2,minhop-mesh,1,1,1,3,"[[25, 13, 11, 14], [25, 14], [25, 16, 14]]","[25, 14]",1,1,3.740672,0,0,0,1,1
33,14,25,14,2,meshcore-like,1,1,1,3,"[[25, 13, 11, 14], [25, 14], [25, 16, 14]]","[25, 14]",1,1,3.740672,0,0,0,1,1
33,15,46,37,2,meshecho,1,1,1,8,"[[46, 5, 37], [46, 6, 26, 37], [46, 12, 37], [46, 16, 37], [46, 18, 9, 37], [46, 22, 44, 37], [46, 45, 37], [46, 48, 14, 37]]","[46, 45, 37]",1,1,3.95648,0,0,0,1,1
33,15,46,37,2,etx-mesh,1,1,1,8,"[[46, 5, 37], [46, 6, 26, 37], [46, 12, 37], [46, 16, 37], [46, 18, 9, 37], [46, 22, 44, 37], [46, 45, 37], [46, 48, 14, 37]]","[46, 5, 37]",1,1,3.95648,0,0,0,1,1
33,15,46,37,2,minhop-mesh,1,1,1,8,"[[46, 5, 37], [46, 6, 26, 37], [46, 12, 37], [46, 16, 37], [46, 18, 9, 37], [46, 22, 44, 37], [46, 45, 37], [46, 48, 14, 37]]","[46, 45, 37]",1,1,3.95648,0,0,0,1,1
33,15,46,37,2,meshcore-like,1,1,1,8,"[[46, 5, 37], [46, 6, 26, 37], [46, 12, 37], [46, 16, 37], [46, 18, 9, 37], [46, 22, 44, 37], [46, 45, 37], [46, 48, 14, 37]]","[46, 5, 37]",1,1,3.95648,0,0,0,1,1
33,16,48,0,2,meshecho,1,1,1,6,"[[48, 0], [48, 1, 0], [48, 13, 0], [48, 13, 36, 0], [48, 13, 42, 0], [48, 13, 47, 0]]","[48, 13, 0]",1,1,3.95648,0,0,0,1,1
33,16,48,0,2,etx-mesh,1,1,1,6,"[[48, 0], [48, 1, 0], [48, 13, 0], [48, 13, 36, 0], [48, 13, 42, 0], [48, 13, 47, 0]]","[48, 0]",0,0,3.5968,0,0,0,1,1
33,16,48,0,2,minhop-mesh,1,1,1,6,"[[48, 0], [48, 1, 0], [48, 13, 0], [48, 13, 36, 0], [48, 13, 42, 0], [48, 13, 47, 0]]","[48, 0]",0,0,3.5968,0,0,0,1,1
33,16,48,0,2,meshcore-like,1,1,1,6,"[[48, 0], [48, 1, 0], [48, 13, 0], [48, 13, 36, 0], [48, 13, 42, 0], [48, 13, 47, 0]]","[48, 0]",0,0,3.5968,0,0,0,1,1
33,17,35,16,2,meshecho,1,1,1,3,"[[35, 14, 16], [35, 37, 16], [35, 45, 16]]","[35, 37, 16]",1,1,3.95648,0,0,0,1,1
33,17,35,16,2,etx-mesh,1,1,1,3,"[[35, 14, 16], [35, 37, 16], [35, 45, 16]]","[35, 37, 16]",1,1,3.95648,0,0,0,1,1
33,17,35,16,2,minhop-mesh,1,1,1,3,"[[35, 14, 16], [35, 37, 16], [35, 45, 16]]","[35, 37, 16]",1,1,3.95648,0,0,0,1,1
33,17,35,16,2,meshcore-like,1,1,1,3,"[[35, 14, 16], [35, 37, 16], [35, 45, 16]]","[35, 14, 16]",1,1,3.95648,0,0,0,1,1
33,18,10,46,2,meshecho,1,1,1,4,"[[10, 20, 30, 46], [10, 24, 46], [10, 40, 46], [10, 46]]","[10, 24, 46]",1,1,3.95648,0,0,0,1,1
33,18,10,46,2,etx-mesh,1,1,1,4,"[[10, 20, 30, 46], [10, 24, 46], [10, 40, 46], [10, 46]]","[10, 46]",0,0,3.5968,0,0,0,1,1
33,18,10,46,2,minhop-mesh,1,1,1,4,"[[10, 20, 30, 46], [10, 24, 46], [10, 40, 46], [10, 46]]","[10, 46]",0,0,3.5968,0,0,0,1,1
33,18,10,46,2,meshcore-like,1,1,1,4,"[[10, 20, 30, 46], [10, 24, 46], [10, 40, 46], [10, 46]]","[10, 46]",0,0,3.5968,0,0,0,1,1
33,19,9,5,2,meshecho,1,1,1,7,"[[9, 0, 1, 5], [9, 5], [9, 38, 42, 5], [9, 45, 5], [9, 48, 5], [9, 48, 14, 5], [9, 48, 16, 5]]","[9, 45, 5]",1,1,3.95648,0,0,0,1,1
33,19,9,5,2,etx-mesh,1,1,1,7,"[[9, 0, 1, 5], [9, 5], [9, 38, 42, 5], [9, 45, 5], [9, 48, 5], [9, 48, 14, 5], [9, 48, 16, 5]]","[9, 5]",1,1,3.740672,0,0,0,1,1
33,19,9,5,2,minhop-mesh,1,1,1,7,"[[9, 0, 1, 5], [9, 5], [9, 38, 42, 5], [9, 45, 5], [9, 48, 5], [9, 48, 14, 5], [9, 48, 16, 5]]","[9, 5]",1,1,3.740672,0,0,0,1,1
33,19,9,5,2,meshcore-like,1,1,1,7,"[[9, 0, 1, 5], [9, 5], [9, 38, 42, 5], [9, 45, 5], [9, 48, 5], [9, 48, 14, 5], [9, 48, 16, 5]]","[9, 5]",1,1,3.740672,0,0,0,1,1
33,20,39,29,2,meshecho,1,1,1,4,"[[39, 21, 43, 29], [39, 29], [39, 37, 12, 29], [39, 37, 48, 29]]","[39, 37, 12, 29]",1,1,4.172288,0,0,0,1,1
33,20,39,29,2,etx-mesh,1,1,1,4,"[[39, 21, 43, 29], [39, 29], [39, 37, 12, 29], [39, 37, 48, 29]]","[39, 29]",1,1,3.740672,0,0,0,1,1
33,20,39,29,2,minhop-mesh,1,1,1,4,"[[39, 21, 43, 29], [39, 29], [39, 37, 12, 29], [39, 37, 48, 29]]","[39, 29]",1,1,3.740672,0,0,0,1,1
33,20,39,29,2,meshcore-like,1,1,1,4,"[[39, 21, 43, 29], [39, 29], [39, 37, 12, 29], [39, 37, 48, 29]]","[39, 29]",1,1,3.740672,0,0,0,1,1
33,21,41,6,2,meshecho,1,1,1,5,"[[41, 6], [41, 14, 48, 6], [41, 31, 6], [41, 31, 26, 6], [41, 45, 29, 6]]","[41, 31, 6]",1,1,3.95648,0,0,0,1,1
33,21,41,6,2,etx-mesh,1,1,1,5,"[[41, 6], [41, 14, 48, 6], [41, 31, 6], [41, 31, 26, 6], [41, 45, 29, 6]]","[41, 6]",1,1,3.740672,0,0,0,1,1
33,21,41,6,2,minhop-mesh,1,1,1,5,"[[41, 6], [41, 14, 48, 6], [41, 31, 6], [41, 31, 26, 6], [41, 45, 29, 6]]","[41, 6]",1,1,3.740672,0,0,0,1,1
33,21,41,6,2,meshcore-like,1,1,1,5,"[[41, 6], [41, 14, 48, 6], [41, 31, 6], [41, 31, 26, 6], [41, 45, 29, 6]]","[41, 6]",1,1,3.740672,0,0,0,1,1
33,22,43,31,2,meshecho,1,1,1,3,"[[43, 26, 6, 31], [43, 31], [43, 44, 22, 31]]","[43, 26, 6, 31]",1,1,4.172288,0,0,0,1,1
33,22,43,31,2,etx-mesh,1,1,1,3,"[[43, 26, 6, 31], [43, 31], [43, 44, 22, 31]]","[43, 31]",0,0,3.5968,0,0,0,1,1
33,22,43,31,2,minhop-mesh,1,1,1,3,"[[43, 26, 6, 31], [43, 31], [43, 44, 22, 31]]","[43, 31]",0,0,3.5968,0,0,0,1,1
33,22,43,31,2,meshcore-like,1,1,1,3,"[[43, 26, 6, 31], [43, 31], [43, 44, 22, 31]]","[43, 31]",0,0,3.5968,0,0,0,1,1
33,23,26,40,2,meshecho,1,1,1,7,"[[26, 5, 40], [26, 24, 40], [26, 24, 46, 40], [26, 34, 40], [26, 36, 33, 40], [26, 40], [26, 47, 40]]","[26, 47, 40]",0,0,3.5968,0,0,0,1,1
33,23,26,40,2,etx-mesh,1,1,1,7,"[[26, 5, 40], [26, 24, 40], [26, 24, 46, 40], [26, 34, 40], [26, 36, 33, 40], [26, 40], [26, 47, 40]]","[26, 40]",0,0,3.668736,0,0,0,1,1
33,23,26,40,2,minhop-mesh,1,1,1,7,"[[26, 5, 40], [26, 24, 40], [26, 24, 46, 40], [26, 34, 40], [26, 36, 33, 40], [26, 40], [26, 47, 40]]","[26, 40]",0,0,3.668736,0,0,0,1,1
33,23,26,40,2,meshcore-like,1,1,1,7,"[[26, 5, 40], [26, 24, 40], [26, 24, 46, 40], [26, 34, 40], [26, 36, 33, 40], [26, 40], [26, 47, 40]]","[26, 40]",0,0,3.668736,0,0,0,1,1
33,24,14,1,2,meshecho,1,1,1,4,"[[14, 0, 1], [14, 7, 1], [14, 34, 1], [14, 47, 41, 1]]","[14, 0, 1]",0,0,3.740672,0,0,0,1,1
33,24,14,1,2,etx-mesh,1,1,1,4,"[[14, 0, 1], [14, 7, 1], [14, 34, 1], [14, 47, 41, 1]]","[14, 7, 1]",0,0,3.740672,0,0,0,1,1
33,24,14,1,2,minhop-mesh,1,1,1,4,"[[14, 0, 1], [14, 7, 1], [14, 34, 1], [14, 47, 41, 1]]","[14, 0, 1]",0,0,3.740672,0,0,0,1,1
33,24,14,1,2,meshcore-like,1,1,1,4,"[[14, 0, 1], [14, 7, 1], [14, 34, 1], [14, 47, 41, 1]]","[14, 0, 1]",0,0,3.740672,0,0,0,1,1
34,1,5,32,2,meshecho,1,1,1,5,"[[5, 32], [5, 45, 30, 32], [5, 45, 31, 32], [5, 49, 32], [5, 49, 41, 32]]","[5, 49, 32]",1,1,3.95648,0,0,0,1,1
34,1,5,32,2,etx-mesh,1,1,1,5,"[[5, 32], [5, 45, 30, 32], [5, 45, 31, 32], [5, 49, 32], [5, 49, 41, 32]]","[5, 49, 32]",1,1,3.95648,0,0,0,1,1
34,1,5,32,2,minhop-mesh,1,1,1,5,"[[5, 32], [5, 45, 30, 32], [5, 45, 31, 32], [5, 49, 32], [5, 49, 41, 32]]","[5, 32]",0,0,3.5968,0,0,0,1,1
34,1,5,32,2,meshcore-like,1,1,1,5,"[[5, 32], [5, 45, 30, 32], [5, 45, 31, 32], [5, 49, 32], [5, 49, 41, 32]]","[5, 32]",0,0,3.5968,0,0,0,1,1
34,2,19,45,2,meshecho,1,1,1,4,"[[19, 7, 45], [19, 29, 30, 45], [19, 29, 45], [19, 35, 45]]","[19, 35, 45]",1,1,3.95648,0,0,0,1,1
34,2,19,45,2,etx-mesh,1,1,1,4,"[[19, 7, 45], [19, 29, 30, 45], [19, 29, 45], [19, 35, 45]]","[19, 29, 45]",1,1,3.95648,0,0,0,1,1
34,2,19,45,2,minhop-mesh,1,1,1,4,"[[19, 7, 45], [19, 29, 30, 45], [19, 29, 45], [19, 35, 45]]","[19, 35, 45]",1,1,3.95648,0,0,0,1,1
34,2,19,45,2,meshcore-like,1,1,1,4,"[[19, 7, 45], [19, 29, 30, 45], [19, 29, 45], [19, 35, 45]]","[19, 7, 45]",1,1,3.95648,0,0,0,1,1
34,3,30,23,2,meshecho,1,1,1,3,"[[30, 13, 23], [30, 19, 23], [30, 43, 5, 23]]","[30, 13, 23]",1,1,3.95648,0,0,0,1,1
34,3,30,23,2,etx-mesh,1,1,1,3,"[[30, 13, 23], [30, 19, 23], [30, 43, 5, 23]]","[30, 13, 23]",1,1,3.95648,0,0,0,1,1
34,3,30,23,2,minhop-mesh,1,1,1,3,"[[30, 13, 23], [30, 19, 23], [30, 43, 5, 23]]","[30, 13, 23]",1,1,3.95648,0,0,0,1,1
34,3,30,23,2,meshcore-like,1,1,1,3,"[[30, 13, 23], [30, 19, 23], [30, 43, 5, 23]]","[30, 13, 23]",1,1,3.95648,0,0,0,1,1
34,4,5,44,2,meshecho,1,1,1,4,"[[5, 4, 42, 44], [5, 9, 44], [5, 11, 44], [5, 35, 31, 44]]","[5, 9, 44]",1,1,3.95648,0,0,0,1,1
34,4,5,44,2,etx-mesh,1,1,1,4,"[[5, 4, 42, 44], [5, 9, 44], [5, 11, 44], [5, 35, 31, 44]]","[5, 9, 44]",1,1,3.95648,0,0,0,1,1
34,4,5,44,2,minhop-mesh,1,1,1,4,"[[5, 4, 42, 44], [5, 9, 44], [5, 11, 44], [5, 35, 31, 44]]","[5, 9, 44]",1,1,3.95648,0,0,0,1,1
34,4,5,44,2,meshcore-like,1,1,1,4,"[[5, 4, 42, 44], [5, 9, 44], [5, 11, 44], [5, 35, 31, 44]]","[5, 9, 44]",1,1,3.95648,0,0,0,1,1
34,5,40,17,2,meshecho,1,1,1,2,"[[40, 31, 32, 17], [40, 43, 17]]","[40, 43, 17]",1,1,3.95648,0,0,0,1,1
34,5,40,17,2,etx-mesh,1,1,1,2,"[[40, 31, 32, 17], [40, 43, 17]]","[40, 43, 17]",1,1,3.95648,0,0,0,1,1
34,5,40,17,2,minhop-mesh,1,1,1,2,"[[40, 31, 32, 17], [40, 43, 17]]","[40, 43, 17]",1,1,3.95648,0,0,0,1,1
34,5,40,17,2,meshcore-like,1,1,1,2,"[[40, 31, 32, 17], [40, 43, 17]]","[40, 43, 17]",1,1,3.95648,0,0,0,1,1
34,6,1,49,2,meshecho,1,1,1,3,"[[1, 32, 49], [1, 40, 45, 49], [1, 41, 49]]","[1, 41, 49]",1,1,3.95648,0,0,0,1,1
34,6,1,49,2,etx-mesh,1,1,1,3,"[[1, 32, 49], [1, 40, 45, 49], [1, 41, 49]]","[1, 41, 49]",1,1,3.95648,0,0,0,1,1
34,6,1,49,2,minhop-mesh,1,1,1,3,"[[1, 32, 49], [1, 40, 45, 49], [1, 41, 49]]","[1, 41, 49]",1,1,3.95648,0,0,0,1,1
34,6,1,49,2,meshcore-like,1,1,1,3,"[[1, 32, 49], [1, 40, 45, 49], [1, 41, 49]]","[1, 32, 49]",1,1,3.95648,0,0,0,1,1
34,7,31,34,2,meshecho,1,1,1,5,"[[31, 3, 27, 34], [31, 14, 34], [31, 29, 24, 34], [31, 34], [31, 48, 34]]","[31, 48, 34]",0,0,3.740672,0,0,0,1,1
34,7,31,34,2,etx-mesh,1,1,1,5,"[[31, 3, 27, 34], [31, 14, 34], [31, 29, 24, 34], [31, 34], [31, 48, 34]]","[31, 34]",1,0,3.740672,0,0,0,1,1
34,7,31,34,2,minhop-mesh,1,1,1,5,"[[31, 3, 27, 34], [31, 14, 34], [31, 29, 24, 34], [31, 34], [31, 48, 34]]","[31, 34]",1,0,3.740672,0,0,0,1,1
34,7,31,34,2,meshcore-like,1,1,1,5,"[[31, 3, 27, 34], [31, 14, 34], [31, 29, 24, 34], [31, 34], [31, 48, 34]]","[31, 34]",1,0,3.740672,0,0,0,1,1
34,8,4,3,2,meshecho,1,1,1,5,"[[4, 3], [4, 5, 17, 3], [4, 5, 43, 3], [4, 27, 3], [4, 38, 3]]","[4, 27, 3]",1,1,3.95648,0,0,0,1,1
34,8,4,3,2,etx-mesh,1,1,1,5,"[[4, 3], [4, 5, 17, 3], [4, 5, 43, 3], [4, 27, 3], [4, 38, 3]]","[4, 38, 3]",1,1,3.95648,0,0,0,1,1
34,8,4,3,2,minhop-mesh,1,1,1,5,"[[4, 3], [4, 5, 17, 3], [4, 5, 43, 3], [4, 27, 3], [4, 38, 3]]","[4, 3]",0,0,3.5968,0,0,0,1,1
34,8,4,3,2,meshcore-like,1,1,1,5,"[[4, 3], [4, 5, 17, 3], [4, 5, 43, 3], [4, 27, 3], [4, 38, 3]]","[4, 3]",0,0,3.5968,0,0,0,1,1
34,9,41,19,2,meshecho,1,1,1,3,"[[41, 19], [41, 37, 43, 19], [41, 38, 5, 19]]","[41, 38, 5, 19]",1,1,4.172288,0,0,0,1,1
34,9,41,19,2,etx-mesh,1,1,1,3,"[[41, 19], [41, 37, 43, 19], [41, 38, 5, 19]]","[41, 19]",0,0,3.5968,0,0,0,1,1
34,9,41,19,2,minhop-mesh,1,1,1,3,"[[41, 19], [41, 37, 43, 19], [41, 38, 5, 19]]","[41, 19]",0,0,3.5968,0,0,0,1,1
34,9,41,19,2,meshcore-like,1,1,1,3,"[[41, 19], [41, 37, 43, 19], [41, 38, 5, 19]]","[41, 19]",0,0,3.5968,0,0,0,1,1
34,10,44,5,2,meshecho,1,1,1,2,"[[44, 25, 5], [44, 38, 5]]","[44, 38, 5]",1,1,3.95648,0,0,0,1,1
34,10,44,5,2,etx-mesh,1,1,1,2,"[[44, 25, 5], [44, 38, 5]]","[44, 25, 5]",1,1,3.95648,0,0,0,1,1
34,10,44,5,2,minhop-mesh,1,1,1,2,"[[44, 25, 5], [44, 38, 5]]","[44, 38, 5]",1,1,3.95648,0,0,0,1,1
34,10,44,5,2,meshcore-like,1,1,1,2,"[[44, 25, 5], [44, 38, 5]]","[44, 25, 5]",1,1,3.95648,0,0,0,1,1
34,11,31,24,2,meshecho,1,1,1,6,"[[31, 3, 27, 24], [31, 13, 24], [31, 23, 24], [31, 29, 24], [31, 33, 5, 24], [31, 48, 24]]","[31, 48, 24]",1,1,3.95648,0,0,0,1,1
34,11,31,24,2,etx-mesh,1,1,1,6,"[[31, 3, 27, 24], [31, 13, 24], [31, 23, 24], [31, 29, 24], [31, 33, 5, 24], [31, 48, 24]]","[31, 13, 24]",1,1,3.95648,0,0,0,1,1
34,11,31,24,2,minhop-mesh,1,1,1,6,"[[31, 3, 27, 24], [31, 13, 24], [31, 23, 24], [31, 29, 24], [31, 33, 5, 24], [31, 48, 24]]","[31, 48, 24]",1,1,3.95648,0,0,0,1,1
34,11,31,24,2,meshcore-like,1,1,1,6,"[[31, 3, 27, 24], [31, 13, 24], [31, 23, 24], [31, 29, 24], [31, 33, 5, 24], [31, 48, 24]]","[31, 13, 24]",1,1,3.95648,0,0,0,1,1
34,12,12,13,2,meshecho,1,1,1,3,"[[12, 13], [12, 20, 13], [12, 24, 13]]","[12, 20, 13]",1,1,3.95648,0,0,0,1,1
34,12,12,13,2,etx-mesh,1,1,1,3,"[[12, 13], [12, 20, 13], [12, 24, 13]]","[12, 13]",0,0,3.5968,0,0,0,1,1
34,12,12,13,2,minhop-mesh,1,1,1,3,"[[12, 13], [12, 20, 13], [12, 24, 13]]","[12, 13]",0,0,3.5968,0,0,0,1,1
34,12,12,13,2,meshcore-like,1,1,1,3,"[[12, 13], [12, 20, 13], [12, 24, 13]]","[12, 13]",0,0,3.5968,0,0,0,1,1
34,13,34,18,2,meshecho,1,1,1,3,"[[34, 5, 18], [34, 18], [34, 38, 18]]","[34, 38, 18]",1,1,3.95648,0,0,0,1,1
34,13,34,18,2,etx-mesh,1,1,1,3,"[[34, 5, 18], [34, 18], [34, 38, 18]]","[34, 38, 18]",1,1,3.95648,0,0,0,1,1
34,13,34,18,2,minhop-mesh,1,1,1,3,"[[34, 5, 18], [34, 18], [34, 38, 18]]","[34, 18]",0,0,3.5968,0,0,0,1,1
34,13,34,18,2,meshcore-like,1,1,1,3,"[[34, 5, 18], [34, 18], [34, 38, 18]]","[34, 18]",0,0,3.5968,0,0,0,1,1
34,14,43,45,2,meshecho,1,1,1,5,"[[43, 6, 42, 45], [43, 11, 7, 45], [43, 11, 45], [43, 22, 45], [43, 35, 45]]","[43, 35, 45]",1,1,3.95648,0,0,0,1,1
34,14,43,45,2,etx-mesh,1,1,1,5,"[[43, 6, 42, 45], [43, 11, 7, 45], [43, 11, 45], [43, 22, 45], [43, 35, 45]]","[43, 11, 45]",1,1,3.95648,0,0,0,1,1
34,14,43,45,2,minhop-mesh,1,1,1,5,"[[43, 6, 42, 45], [43, 11, 7, 45], [43, 11, 45], [43, 22, 45], [43, 35, 45]]","[43, 35, 45]",1,1,3.95648,0,0,0,1,1
34,14,43,45,2,meshcore-like,1,1,1,5,"[[43, 6, 42, 45], [43, 11, 7, 45], [43, 11, 45], [43, 22, 45], [43, 35, 45]]","[43, 11, 45]",1,1,3.95648,0,0,0,1,1
34,15,16,43,2,meshecho,1,1,1,4,"[[16, 3, 38, 43], [16, 17, 43], [16, 37, 43], [16, 46, 43]]","[16, 17, 43]",0,0,3.668736,0,0,0,1,1
34,15,16,43,2,etx-mesh,1,1,1,4,"[[16, 3, 38, 43], [16, 17, 43], [16, 37, 43], [16, 46, 43]]","[16, 46, 43]",0,0,3.5968,0,0,0,1,1
34,15,16,43,2,minhop-mesh,1,1,1,4,"[[16, 3, 38, 43], [16, 17, 43], [16, 37, 43], [16, 46, 43]]","[16, 17, 43]",0,0,3.668736,0,0,0,1,1
34,15,16,43,2,meshcore-like,1,1,1,4,"[[16, 3, 38, 43], [16, 17, 43], [16, 37, 43], [16, 46, 43]]","[16, 17, 43]",0,0,3.668736,0,0,0,1,1
34,16,31,39,2,meshecho,1,1,1,6,"[[31, 1, 39], [31, 12, 39], [31, 13, 24, 39], [31, 16, 39], [31, 39], [31, 46, 39]]","[31, 1, 39]",1,1,3.95648,0,0,0,1,1
34,16,31,39,2,etx-mesh,1,1,1,6,"[[31, 1, 39], [31, 12, 39], [31, 13, 24, 39], [31, 16, 39], [31, 39], [31, 46, 39]]","[31, 39]",1,1,3.740672,0,0,0,1,1
34,16,31,39,2,minhop-mesh,1,1,1,6,"[[31, 1, 39], [31, 12, 39], [31, 13, 24, 39], [31, 16, 39], [31, 39], [31, 46, 39]]","[31, 39]",1,1,3.740672,0,0,0,1,1
34,16,31,39,2,meshcore-like,1,1,1,6,"[[31, 1, 39], [31, 12, 39], [31, 13, 24, 39], [31, 16, 39], [31, 39], [31, 46, 39]]","[31, 39]",1,1,3.740672,0,0,0,1,1
34,17,31,23,2,meshecho,1,1,1,5,"[[31, 4, 24, 23], [31, 13, 23], [31, 19, 23], [31, 23], [31, 34, 23]]","[31, 19, 23]",0,0,3.740672,0,0,0,1,1
34,17,31,23,2,etx-mesh,1,1,1,5,"[[31, 4, 24, 23], [31, 13, 23], [31, 19, 23], [31, 23], [31, 34, 23]]","[31, 13, 23]",0,0,3.740672,0,0,0,1,1
34,17,31,23,2,minhop-mesh,1,1,1,5,"[[31, 4, 24, 23], [31, 13, 23], [31, 19, 23], [31, 23], [31, 34, 23]]","[31, 23]",0,0,3.5968,0,0,0,1,1
34,17,31,23,2,meshcore-like,1,1,1,5,"[[31, 4, 24, 23], [31, 13, 23], [31, 19, 23], [31, 23], [31, 34, 23]]","[31, 23]",0,0,3.5968,0,0,0,1,1
34,18,21,12,2,meshecho,1,1,1,2,"[[21, 12], [21, 46, 12]]","[21, 46, 12]",1,1,3.95648,0,0,0,1,1
34,18,21,12,2,etx-mesh,1,1,1,2,"[[21, 12], [21, 46, 12]]","[21, 12]",0,0,3.668736,0,0,0,1,1
34,18,21,12,2,minhop-mesh,1,1,1,2,"[[21, 12], [21, 46, 12]]","[21, 12]",0,0,3.668736,0,0,0,1,1
34,18,21,12,2,meshcore-like,1,1,1,2,"[[21, 12], [21, 46, 12]]","[21, 12]",0,0,3.668736,0,0,0,1,1
34,19,34,31,2,meshecho,1,1,1,6,"[[34, 31], [34, 32, 31], [34, 35, 31], [34, 41, 31], [34, 45, 31], [34, 49, 31]]","[34, 41, 31]",1,1,3.95648,0,0,0,1,1
34,19,34,31,2,etx-mesh,1,1,1,6,"[[34, 31], [34, 32, 31], [34, 35, 31], [34, 41, 31], [34, 45, 31], [34, 49, 31]]","[34, 31]",1,1,3.740672,0,0,0,1,1
34,19,34,31,2,minhop-mesh,1,1,1,6,"[[34, 31], [34, 32, 31], [34, 35, 31], [34, 41, 31], [34, 45, 31], [34, 49, 31]]","[34, 31]",1,1,3.740672,0,0,0,1,1
34,19,34,31,2,meshcore-like,1,1,1,6,"[[34, 31], [34, 32, 31], [34, 35, 31], [34, 41, 31], [34, 45, 31], [34, 49, 31]]","[34, 31]",1,1,3.740672,0,0,0,1,1
34,20,32,5,2,meshecho,1,1,1,4,"[[32, 17, 5], [32, 18, 5], [32, 25, 19, 5], [32, 43, 5]]","[32, 17, 5]",1,1,3.95648,0,0,0,1,1
34,20,32,5,2,etx-mesh,1,1,1,4,"[[32, 17, 5], [32, 18, 5], [32, 25, 19, 5], [32, 43, 5]]","[32, 17, 5]",1,1,3.95648,0,0,0,1,1
34,20,32,5,2,minhop-mesh,1,1,1,4,"[[32, 17, 5], [32, 18, 5], [32, 25, 19, 5], [32, 43, 5]]","[32, 17, 5]",1,1,3.95648,0,0,0,1,1
34,20,32,5,2,meshcore-like,1,1,1,4,"[[32, 17, 5], [32, 18, 5], [32, 25, 19, 5], [32, 43, 5]]","[32, 17, 5]",1,1,3.95648,0,0,0,1,1
34,21,5,30,2,meshecho,1,1,1,4,"[[5, 6, 0, 30], [5, 9, 44, 30], [5, 21, 30], [5, 29, 28, 30]]","[5, 21, 30]",0,0,3.5968,0,0,0,1,1
34,21,5,30,2,etx-mesh,1,1,1,4,"[[5, 6, 0, 30], [5, 9, 44, 30], [5, 21, 30], [5, 29, 28, 30]]","[5, 21, 30]",0,0,3.5968,0,0,0,1,1
34,21,5,30,2,minhop-mesh,1,1,1,4,"[[5, 6, 0, 30], [5, 9, 44, 30], [5, 21, 30], [5, 29, 28, 30]]","[5, 21, 30]",0,0,3.5968,0,0,0,1,1
34,21,5,30,2,meshcore-like,1,1,1,4,"[[5, 6, 0, 30], [5, 9, 44, 30], [5, 21, 30], [5, 29, 28, 30]]","[5, 21, 30]",0,0,3.5968,0,0,0,1,1
34,22,41,43,2,meshecho,1,1,1,3,"[[41, 17, 43], [41, 18, 43], [41, 37, 43]]","[41, 17, 43]",1,1,3.95648,0,0,0,1,1
34,22,41,43,2,etx-mesh,1,1,1,3,"[[41, 17, 43], [41, 18, 43], [41, 37, 43]]","[41, 37, 43]",0,0,3.5968,0,0,0,1,1
34,22,41,43,2,minhop-mesh,1,1,1,3,"[[41, 17, 43], [41, 18, 43], [41, 37, 43]]","[41, 17, 43]",1,1,3.95648,0,0,0,1,1
34,22,41,43,2,meshcore-like,1,1,1,3,"[[41, 17, 43], [41, 18, 43], [41, 37, 43]]","[41, 17, 43]",1,1,3.95648,0,0,0,1,1
34,23,3,23,2,meshecho,1,1,1,6,"[[3, 4, 6, 23], [3, 13, 23], [3, 19, 23], [3, 23], [3, 34, 23], [3, 45, 49, 23]]","[3, 19, 23]",1,1,3.95648,0,0,0,1,1
34,23,3,23,2,etx-mesh,1,1,1,6,"[[3, 4, 6, 23], [3, 13, 23], [3, 19, 23], [3, 23], [3, 34, 23], [3, 45, 49, 23]]","[3, 34, 23]",1,1,3.95648,0,0,0,1,1
34,23,3,23,2,minhop-mesh,1,1,1,6,"[[3, 4, 6, 23], [3, 13, 23], [3, 19, 23], [3, 23], [3, 34, 23], [3, 45, 49, 23]]","[3, 23]",0,0,3.5968,0,0,0,1,1
34,23,3,23,2,meshcore-like,1,1,1,6,"[[3, 4, 6, 23], [3, 13, 23], [3, 19, 23], [3, 23], [3, 34, 23], [3, 45, 49, 23]]","[3, 23]",0,0,3.5968,0,0,0,1,1
34,24,15,28,2,meshecho,1,1,1,3,"[[15, 0, 28], [15, 32, 30, 28], [15, 47, 28]]","[15, 47, 28]",0,0,3.668736,0,0,0,1,1
34,24,15,28,2,etx-mesh,1,1,1,3,"[[15, 0, 28], [15, 32, 30, 28], [15, 47, 28]]","[15, 0, 28]",1,1,3.95648,0,0,0,1,1
34,24,15,28,2,minhop-mesh,1,1,1,3,"[[15, 0, 28], [15, 32, 30, 28], [15, 47, 28]]","[15, 47, 28]",0,0,3.668736,0,0,0,1,1
34,24,15,28,2,meshcore-like,1,1,1,3,"[[15, 0, 28], [15, 32, 30, 28], [15, 47, 28]]","[15, 0, 28]",1,1,3.95648,0,0,0,1,1
35,1,26,27,2,meshecho,1,1,1,6,"[[26, 0, 2, 27], [26, 9, 27], [26, 21, 20, 27], [26, 21, 27], [26, 21, 40, 27], [26, 43, 27]]","[26, 43, 27]",0,0,3.5968,0,0,0,1,1
35,1,26,27,2,etx-mesh,1,1,1,6,"[[26, 0, 2, 27], [26, 9, 27], [26, 21, 20, 27], [26, 21, 27], [26, 21, 40, 27], [26, 43, 27]]","[26, 21, 27]",0,0,3.5968,0,0,0,1,1
35,1,26,27,2,minhop-mesh,1,1,1,6,"[[26, 0, 2, 27], [26, 9, 27], [26, 21, 20, 27], [26, 21, 27], [26, 21, 40, 27], [26, 43, 27]]","[26, 43, 27]",0,0,3.5968,0,0,0,1,1
35,1,26,27,2,meshcore-like,1,1,1,6,"[[26, 0, 2, 27], [26, 9, 27], [26, 21, 20, 27], [26, 21, 27], [26, 21, 40, 27], [26, 43, 27]]","[26, 9, 27]",0,0,3.668736,0,0,0,1,1
35,2,40,2,2,meshecho,1,1,1,5,"[[40, 0, 2], [40, 32, 1, 2], [40, 36, 47, 2], [40, 39, 2], [40, 44, 2]]","[40, 0, 2]",1,1,3.95648,0,0,0,1,1
35,2,40,2,2,etx-mesh,1,1,1,5,"[[40, 0, 2], [40, 32, 1, 2], [40, 36, 47, 2], [40, 39, 2], [40, 44, 2]]","[40, 39, 2]",1,1,3.95648,0,0,0,1,1
35,2,40,2,2,minhop-mesh,1,1,1,5,"[[40, 0, 2], [40, 32, 1, 2], [40, 36, 47, 2], [40, 39, 2], [40, 44, 2]]","[40, 0, 2]",1,1,3.95648,0,0,0,1,1
35,2,40,2,2,meshcore-like,1,1,1,5,"[[40, 0, 2], [40, 32, 1, 2], [40, 36, 47, 2], [40, 39, 2], [40, 44, 2]]","[40, 0, 2]",1,1,3.95648,0,0,0,1,1
35,3,27,30,2,meshecho,1,1,1,7,"[[27, 10, 30], [27, 16, 32, 30], [27, 21, 2, 30], [27, 31, 28, 30], [27, 31, 30], [27, 36, 30], [27, 38, 30]]","[27, 10, 30]",1,1,3.95648,0,0,0,1,1
35,3,27,30,2,etx-mesh,1,1,1,7,"[[27, 10, 30], [27, 16, 32, 30], [27, 21, 2, 30], [27, 31, 28, 30], [27, 31, 30], [27, 36, 30], [27, 38, 30]]","[27, 10, 30]",1,1,3.95648,0,0,0,1,1
35,3,27,30,2,minhop-mesh,1,1,1,7,"[[27, 10, 30], [27, 16, 32, 30], [27, 21, 2, 30], [27, 31, 28, 30], [27, 31, 30], [27, 36, 30], [27, 38, 30]]","[27, 10, 30]",1,1,3.95648,0,0,0,1,1
35,3,27,30,2,meshcore-like,1,1,1,7,"[[27, 10, 30], [27, 16, 32, 30], [27, 21, 2, 30], [27, 31, 28, 30], [27, 31, 30], [27, 36, 30], [27, 38, 30]]","[27, 10, 30]",1,1,3.95648,0,0,0,1,1
35,4,14,41,2,meshecho,1,1,1,3,"[[14, 3, 41], [14, 8, 41], [14, 33, 41]]","[14, 33, 41]",0,0,3.740672,0,0,0,1,1
35,4,14,41,2,etx-mesh,1,1,1,3,"[[14, 3, 41], [14, 8, 41], [14, 33, 41]]","[14, 33, 41]",0,0,3.740672,0,0,0,1,1
35,4,14,41,2,minhop-mesh,1,1,1,3,"[[14, 3, 41], [14, 8, 41], [14, 33, 41]]","[14, 33, 41]",0,0,3.740672,0,0,0,1,1
35,4,14,41,2,meshcore-like,1,1,1,3,"[[14, 3, 41], [14, 8, 41], [14, 33, 41]]","[14, 3, 41]",0,0,3.668736,0,0,0,1,1
35,5,23,16,2,meshecho,1,1,1,8,"[[23, 1, 16], [23, 16], [23, 28, 26, 16], [23, 29, 16], [23, 30, 10, 16], [23, 30, 38, 16], [23, 32, 16], [23, 47, 18, 16]]","[23, 32, 16]",1,1,3.95648,0,0,0,1,1
35,5,23,16,2,etx-mesh,1,1,1,8,"[[23, 1, 16], [23, 16], [23, 28, 26, 16], [23, 29, 16], [23, 30, 10, 16], [23, 30, 38, 16], [23, 32, 16], [23, 47, 18, 16]]","[23, 16]",1,1,3.740672,0,0,0,1,1
35,5,23,16,2,minhop-mesh,1,1,1,8,"[[23, 1, 16], [23, 16], [23, 28, 26, 16], [23, 29, 16], [23, 30, 10, 16], [23, 30, 38, 16], [23, 32, 16], [23, 47, 18, 16]]","[23, 16]",1,1,3.740672,0,0,0,1,1
35,5,23,16,2,meshcore-like,1,1,1,8,"[[23, 1, 16], [23, 16], [23, 28, 26, 16], [23, 29, 16], [23, 30, 10, 16], [23, 30, 38, 16], [23, 32, 16], [23, 47, 18, 16]]","[23, 16]",1,1,3.740672,0,0,0,1,1
35,6,7,21,2,meshecho,1,1,1,2,"[[7, 15, 2, 21], [7, 29, 14, 21]]","[7, 15, 2, 21]",0,0,3.812608,0,0,0,1,1
35,6,7,21,2,etx-mesh,1,1,1,2,"[[7, 15, 2, 21], [7, 29, 14, 21]]","[7, 15, 2, 21]",0,0,3.812608,0,0,0,1,1
35,6,7,21,2,minhop-mesh,1,1,1,2,"[[7, 15, 2, 21], [7, 29, 14, 21]]","[7, 15, 2, 21]",0,0,3.812608,0,0,0,1,1
35,6,7,21,2,meshcore-like,1,1,1,2,"[[7, 15, 2, 21], [7, 29, 14, 21]]","[7, 15, 2, 21]",0,0,3.812608,0,0,0,1,1
35,7,38,5,2,meshecho,1,1,1,6,"[[38, 9, 5], [38, 9, 20, 5], [38, 27, 5], [38, 39, 21, 5], [38, 40, 5], [38, 41, 5]]","[38, 27, 5]",0,0,3.668736,0,0,0,1,1
35,7,38,5,2,etx-mesh,1,1,1,6,"[[38, 9, 5], [38, 9, 20, 5], [38, 27, 5], [38, 39, 21, 5], [38, 40, 5], [38, 41, 5]]","[38, 27, 5]",0,0,3.668736,0,0,0,1,1
35,7,38,5,2,minhop-mesh,1,1,1,6,"[[38, 9, 5], [38, 9, 20, 5], [38, 27, 5], [38, 39, 21, 5], [38, 40, 5], [38, 41, 5]]","[38, 27, 5]",0,0,3.668736,0,0,0,1,1
35,7,38,5,2,meshcore-like,1,1,1,6,"[[38, 9, 5], [38, 9, 20, 5], [38, 27, 5], [38, 39, 21, 5], [38, 40, 5], [38, 41, 5]]","[38, 9, 5]",0,0,3.668736,0,0,0,1,1
35,8,27,11,2,meshecho,1,1,1,7,"[[27, 0, 11], [27, 4, 13, 11], [27, 11], [27, 14, 11], [27, 15, 2, 11], [27, 21, 11], [27, 47, 49, 11]]","[27, 14, 11]",1,1,3.95648,0,0,0,1,1
35,8,27,11,2,etx-mesh,1,1,1,7,"[[27, 0, 11], [27, 4, 13, 11], [27, 11], [27, 14, 11], [27, 15, 2, 11], [27, 21, 11], [27, 47, 49, 11]]","[27, 11]",1,1,3.740672,0,0,0,1,1
35,8,27,11,2,minhop-mesh,1,1,1,7,"[[27, 0, 11], [27, 4, 13, 11], [27, 11], [27, 14, 11], [27, 15, 2, 11], [27, 21, 11], [27, 47, 49, 11]]","[27, 11]",1,1,3.740672,0,0,0,1,1
35,8,27,11,2,meshcore-like,1,1,1,7,"[[27, 0, 11], [27, 4, 13, 11], [27, 11], [27, 14, 11], [27, 15, 2, 11], [27, 21, 11], [27, 47, 49, 11]]","[27, 11]",1,1,3.740672,0,0,0,1,1
35,9,24,0,2,meshecho,1,1,1,5,"[[24, 2, 0], [24, 4, 0], [24, 11, 0], [24, 11, 13, 0], [24, 14, 0]]","[24, 2, 0]",1,1,3.95648,0,0,0,1,1
35,9,24,0,2,etx-mesh,1,1,1,5,"[[24, 2, 0], [24, 4, 0], [24, 11, 0], [24, 11, 13, 0], [24, 14, 0]]","[24, 2, 0]",1,1,3.95648,0,0,0,1,1
35,9,24,0,2,minhop-mesh,1,1,1,5,"[[24, 2, 0], [24, 4, 0], [24, 11, 0], [24, 11, 13, 0], [24, 14, 0]]","[24, 2, 0]",1,1,3.95648,0,0,0,1,1
35,9,24,0,2,meshcore-like,1,1,1,5,"[[24, 2, 0], [24, 4, 0], [24, 11, 0], [24, 11, 13, 0], [24, 14, 0]]","[24, 2, 0]",1,1,3.95648,0,0,0,1,1
35,10,40,1,2,meshecho,1,1,1,5,"[[40, 4, 2, 1], [40, 16, 1], [40, 28, 26, 1], [40, 36, 47, 1], [40, 49, 1]]","[40, 16, 1]",1,1,3.95648,0,0,0,1,1
35,10,40,1,2,etx-mesh,1,1,1,5,"[[40, 4, 2, 1], [40, 16, 1], [40, 28, 26, 1], [40, 36, 47, 1], [40, 49, 1]]","[40, 16, 1]",1,1,3.95648,0,0,0,1,1
35,10,40,1,2,minhop-mesh,1,1,1,5,"[[40, 4, 2, 1], [40, 16, 1], [40, 28, 26, 1], [40, 36, 47, 1], [40, 49, 1]]","[40, 16, 1]",1,1,3.95648,0,0,0,1,1
35,10,40,1,2,meshcore-like,1,1,1,5,"[[40, 4, 2, 1], [40, 16, 1], [40, 28, 26, 1], [40, 36, 47, 1], [40, 49, 1]]","[40, 16, 1]",1,1,3.95648,0,0,0,1,1
35,11,49,8,2,meshecho,1,1,1,5,"[[49, 3, 7, 8], [49, 3, 8], [49, 12, 8], [49, 24, 6, 8], [49, 41, 8]]","[49, 41, 8]",1,1,3.95648,0,0,0,1,1
35,11,49,8,2,etx-mesh,1,1,1,5,"[[49, 3, 7, 8], [49, 3, 8], [49, 12, 8], [49, 24, 6, 8], [49, 41, 8]]","[49, 41, 8]",1,1,3.95648,0,0,0,1,1
35,11,49,8,2,minhop-mesh,1,1,1,5,"[[49, 3, 7, 8], [49, 3, 8], [49, 12, 8], [49, 24, 6, 8], [49, 41, 8]]","[49, 41, 8]",1,1,3.95648,0,0,0,1,1
35,11,49,8,2,meshcore-like,1,1,1,5,"[[49, 3, 7, 8], [49, 3, 8], [49, 12, 8], [49, 24, 6, 8], [49, 41, 8]]","[49, 3, 8]",1,1,3.95648,0,0,0,1,1
35,12,0,24,2,meshecho,1,1,1,1,"[[0, 6, 24]]","[0, 6, 24]",1,1,3.95648,0,0,0,1,0
35,12,0,24,2,etx-mesh,1,1,1,1,"[[0, 6, 24]]","[0, 6, 24]",1,1,3.95648,0,0,0,1,0
35,12,0,24,2,minhop-mesh,1,1,1,1,"[[0, 6, 24]]","[0, 6, 24]",1,1,3.95648,0,0,0,1,0
35,12,0,24,2,meshcore-like,1,1,1,1,"[[0, 6, 24]]","[0, 6, 24]",1,1,3.95648,0,0,0,1,0
35,13,40,26,2,meshecho,1,1,1,3,"[[40, 28, 26], [40, 31, 47, 26], [40, 49, 1, 26]]","[40, 28, 26]",1,1,3.95648,0,0,0,1,1
35,13,40,26,2,etx-mesh,1,1,1,3,"[[40, 28, 26], [40, 31, 47, 26], [40, 49, 1, 26]]","[40, 28, 26]",1,1,3.95648,0,0,0,1,1
35,13,40,26,2,minhop-mesh,1,1,1,3,"[[40, 28, 26], [40, 31, 47, 26], [40, 49, 1, 26]]","[40, 28, 26]",1,1,3.95648,0,0,0,1,1
35,13,40,26,2,meshcore-like,1,1,1,3,"[[40, 28, 26], [40, 31, 47, 26], [40, 49, 1, 26]]","[40, 28, 26]",1,1,3.95648,0,0,0,1,1
35,14,26,40,2,meshecho,1,1,1,5,"[[26, 23, 20, 40], [26, 23, 40], [26, 39, 2, 40], [26, 43, 27, 40], [26, 43, 40]]","[26, 43, 40]",1,1,3.95648,0,0,0,1,1
35,14,26,40,2,etx-mesh,1,1,1,5,"[[26, 23, 20, 40], [26, 23, 40], [26, 39, 2, 40], [26, 43, 27, 40], [26, 43, 40]]","[26, 43, 40]",1,1,3.95648,0,0,0,1,1
35,14,26,40,2,minhop-mesh,1,1,1,5,"[[26, 23, 20, 40], [26, 23, 40], [26, 39, 2, 40], [26, 43, 27, 40], [26, 43, 40]]","[26, 43, 40]",1,1,3.95648,0,0,0,1,1
35,14,26,40,2,meshcore-like,1,1,1,5,"[[26, 23, 20, 40], [26, 23, 40], [26, 39, 2, 40], [26, 43, 27, 40], [26, 43, 40]]","[26, 23, 40]",1,1,3.95648,0,0,0,1,1
35,15,7,49,2,meshecho,1,1,1,4,"[[7, 1, 49], [7, 13, 11, 49], [7, 13, 14, 49], [7, 13, 49]]","[7, 1, 49]",0,0,3.740672,0,0,0,1,1
35,15,7,49,2,etx-mesh,1,1,1,4,"[[7, 1, 49], [7, 13, 11, 49], [7, 13, 14, 49], [7, 13, 49]]","[7, 13, 49]",0,0,3.740672,0,0,0,1,1
35,15,7,49,2,minhop-mesh,1,1,1,4,"[[7, 1, 49], [7, 13, 11, 49], [7, 13, 14, 49], [7, 13, 49]]","[7, 1, 49]",0,0,3.740672,0,0,0,1,1
35,15,7,49,2,meshcore-like,1,1,1,4,"[[7, 1, 49], [7, 13, 11, 49], [7, 13, 14, 49], [7, 13, 49]]","[7, 1, 49]",0,0,3.740672,0,0,0,1,1
35,16,2,40,2,meshecho,1,1,1,5,"[[2, 5, 27, 40], [2, 23, 40], [2, 28, 26, 40], [2, 40], [2, 43, 40]]","[2, 23, 40]",1,1,3.95648,0,0,0,1,1
35,16,2,40,2,etx-mesh,1,1,1,5,"[[2, 5, 27, 40], [2, 23, 40], [2, 28, 26, 40], [2, 40], [2, 43, 40]]","[2, 40]",1,1,3.740672,0,0,0,1,1
35,16,2,40,2,minhop-mesh,1,1,1,5,"[[2, 5, 27, 40], [2, 23, 40], [2, 28, 26, 40], [2, 40], [2, 43, 40]]","[2, 40]",1,1,3.740672,0,0,0,1,1
35,16,2,40,2,meshcore-like,1,1,1,5,"[[2, 5, 27, 40], [2, 23, 40], [2, 28, 26, 40], [2, 40], [2, 43, 40]]","[2, 40]",1,1,3.740672,0,0,0,1,1
35,17,43,32,2,meshecho,1,1,1,5,"[[43, 0, 2, 32], [43, 16, 32], [43, 18, 19, 32], [43, 18, 31, 32], [43, 22, 32]]","[43, 16, 32]",0,0,3.668736,0,0,0,1,1
35,17,43,32,2,etx-mesh,1,1,1,5,"[[43, 0, 2, 32], [43, 16, 32], [43, 18, 19, 32], [43, 18, 31, 32], [43, 22, 32]]","[43, 22, 32]",0,0,3.740672,0,0,0,1,1
35,17,43,32,2,minhop-mesh,1,1,1,5,"[[43, 0, 2, 32], [43, 16, 32], [43, 18, 19, 32], [43, 18, 31, 32], [43, 22, 32]]","[43, 16, 32]",0,0,3.668736,0,0,0,1,1
35,17,43,32,2,meshcore-like,1,1,1,5,"[[43, 0, 2, 32], [43, 16, 32], [43, 18, 19, 32], [43, 18, 31, 32], [43, 22, 32]]","[43, 16, 32]",0,0,3.668736,0,0,0,1,1
35,18,23,38,2,meshecho,1,1,1,6,"[[23, 30, 38], [23, 32, 18, 38], [23, 32, 26, 38], [23, 32, 38], [23, 47, 10, 38], [23, 47, 38]]","[23, 30, 38]",1,1,3.95648,0,0,0,1,1
35,18,23,38,2,etx-mesh,1,1,1,6,"[[23, 30, 38], [23, 32, 18, 38], [23, 32, 26, 38], [23, 32, 38], [23, 47, 10, 38], [23, 47, 38]]","[23, 32, 38]",1,1,3.95648,0,0,0,1,1
35,18,23,38,2,minhop-mesh,1,1,1,6,"[[23, 30, 38], [23, 32, 18, 38], [23, 32, 26, 38], [23, 32, 38], [23, 47, 10, 38], [23, 47, 38]]","[23, 30, 38]",1,1,3.95648,0,0,0,1,1
35,18,23,38,2,meshcore-like,1,1,1,6,"[[23, 30, 38], [23, 32, 18, 38], [23, 32, 26, 38], [23, 32, 38], [23, 47, 10, 38], [23, 47, 38]]","[23, 30, 38]",1,1,3.95648,0,0,0,1,1
35,19,11,10,2,meshecho,1,1,1,4,"[[11, 24, 34, 10], [11, 30, 10], [11, 36, 10], [11, 38, 10]]","[11, 30, 10]",0,0,3.668736,0,0,0,1,1
35,19,11,10,2,etx-mesh,1,1,1,4,"[[11, 24, 34, 10], [11, 30, 10], [11, 36, 10], [11, 38, 10]]","[11, 38, 10]",0,0,3.668736,0,0,0,1,1
35,19,11,10,2,minhop-mesh,1,1,1,4,"[[11, 24, 34, 10], [11, 30, 10], [11, 36, 10], [11, 38, 10]]","[11, 30, 10]",0,0,3.668736,0,0,0,1,1
35,19,11,10,2,meshcore-like,1,1,1,4,"[[11, 24, 34, 10], [11, 30, 10], [11, 36, 10], [11, 38, 10]]","[11, 30, 10]",0,0,3.668736,0,0,0,1,1
35,20,39,45,2,meshecho,1,1,1,3,"[[39, 24, 45], [39, 43, 45], [39, 45]]","[39, 24, 45]",1,1,3.884544,0,0,0,1,1
35,20,39,45,2,etx-mesh,1,1,1,3,"[[39, 24, 45], [39, 43, 45], [39, 45]]","[39, 45]",1,1,3.668736,0,0,0,1,1
35,20,39,45,2,minhop-mesh,1,1,1,3,"[[39, 24, 45], [39, 43, 45], [39, 45]]","[39, 45]",1,1,3.668736,0,0,0,1,1
35,20,39,45,2,meshcore-like,1,1,1,3,"[[39, 24, 45], [39, 43, 45], [39, 45]]","[39, 45]",1,1,3.668736,0,0,0,1,1
35,21,34,11,2,meshecho,1,1,1,0,[],null,0,0,3.524864,0,1,0,1,0
35,21,34,11,2,etx-mesh,1,1,1,0,[],null,0,0,3.524864,0,1,0,1,0
35,21,34,11,2,minhop-mesh,1,1,1,0,[],null,0,0,3.524864,0,1,0,1,0
35,21,34,11,2,meshcore-like,1,1,1,0,[],null,0,0,3.524864,0,0,0,1,0
35,22,48,20,2,meshecho,1,1,1,4,"[[48, 21, 20], [48, 27, 5, 20], [48, 27, 20], [48, 40, 20]]","[48, 27, 20]",1,1,3.95648,0,0,0,1,1
35,22,48,20,2,etx-mesh,1,1,1,4,"[[48, 21, 20], [48, 27, 5, 20], [48, 27, 20], [48, 40, 20]]","[48, 21, 20]",1,1,3.95648,0,0,0,1,1
35,22,48,20,2,minhop-mesh,1,1,1,4,"[[48, 21, 20], [48, 27, 5, 20], [48, 27, 20], [48, 40, 20]]","[48, 27, 20]",1,1,3.95648,0,0,0,1,1
35,22,48,20,2,meshcore-like,1,1,1,4,"[[48, 21, 20], [48, 27, 5, 20], [48, 27, 20], [48, 40, 20]]","[48, 21, 20]",1,1,3.95648,0,0,0,1,1
35,23,16,5,2,meshecho,1,1,1,4,"[[16, 5], [16, 21, 5], [16, 27, 5], [16, 42, 5]]","[16, 27, 5]",1,1,3.95648,0,0,0,1,1
35,23,16,5,2,etx-mesh,1,1,1,4,"[[16, 5], [16, 21, 5], [16, 27, 5], [16, 42, 5]]","[16, 5]",0,0,3.668736,0,0,0,1,1
35,23,16,5,2,minhop-mesh,1,1,1,4,"[[16, 5], [16, 21, 5], [16, 27, 5], [16, 42, 5]]","[16, 5]",0,0,3.668736,0,0,0,1,1
35,23,16,5,2,meshcore-like,1,1,1,4,"[[16, 5], [16, 21, 5], [16, 27, 5], [16, 42, 5]]","[16, 5]",0,0,3.668736,0,0,0,1,1
35,24,38,41,2,meshecho,1,1,1,7,"[[38, 3, 41], [38, 12, 41], [38, 33, 41], [38, 40, 20, 41], [38, 41], [38, 42, 5, 41], [38, 46, 41]]","[38, 12, 41]",1,1,3.95648,0,0,0,1,1
35,24,38,41,2,etx-mesh,1,1,1,7,"[[38, 3, 41], [38, 12, 41], [38, 33, 41], [38, 40, 20, 41], [38, 41], [38, 42, 5, 41], [38, 46, 41]]","[38, 41]",0,0,3.5968,0,0,0,1,1
35,24,38,41,2,minhop-mesh,1,1,1,7,"[[38, 3, 41], [38, 12, 41], [38, 33, 41], [38, 40, 20, 41], [38, 41], [38, 42, 5, 41], [38, 46, 41]]","[38, 41]",0,0,3.5968,0,0,0,1,1
35,24,38,41,2,meshcore-like,1,1,1,7,"[[38, 3, 41], [38, 12, 41], [38, 33, 41], [38, 40, 20, 41], [38, 41], [38, 42, 5, 41], [38, 46, 41]]","[38, 41]",0,0,3.5968,0,0,0,1,1
36,1,37,10,2,meshecho,1,1,1,6,"[[37, 10], [37, 15, 10], [37, 30, 10], [37, 33, 10], [37, 36, 10], [37, 45, 10]]","[37, 15, 10]",1,1,3.95648,0,0,0,1,1
36,1,37,10,2,etx-mesh,1,1,1,6,"[[37, 10], [37, 15, 10], [37, 30, 10], [37, 33, 10], [37, 36, 10], [37, 45, 10]]","[37, 10]",0,0,3.668736,0,0,0,1,1
36,1,37,10,2,minhop-mesh,1,1,1,6,"[[37, 10], [37, 15, 10], [37, 30, 10], [37, 33, 10], [37, 36, 10], [37, 45, 10]]","[37, 10]",0,0,3.668736,0,0,0,1,1
36,1,37,10,2,meshcore-like,1,1,1,6,"[[37, 10], [37, 15, 10], [37, 30, 10], [37, 33, 10], [37, 36, 10], [37, 45, 10]]","[37, 10]",0,0,3.668736,0,0,0,1,1
36,2,19,36,2,meshecho,1,1,1,1,"[[19, 7, 46, 36]]","[19, 7, 46, 36]",1,1,4.172288,0,0,0,1,0
36,2,19,36,2,etx-mesh,1,1,1,1,"[[19, 7, 46, 36]]","[19, 7, 46, 36]",1,1,4.172288,0,0,0,1,0
36,2,19,36,2,minhop-mesh,1,1,1,1,"[[19, 7, 46, 36]]","[19, 7, 46, 36]",1,1,4.172288,0,0,0,1,0
36,2,19,36,2,meshcore-like,1,1,1,1,"[[19, 7, 46, 36]]","[19, 7, 46, 36]",1,1,4.172288,0,0,0,1,0
36,3,24,28,2,meshecho,1,1,1,5,"[[24, 4, 28], [24, 9, 22, 28], [24, 19, 38, 28], [24, 28], [24, 46, 7, 28]]","[24, 4, 28]",0,0,3.668736,0,0,0,1,1
36,3,24,28,2,etx-mesh,1,1,1,5,"[[24, 4, 28], [24, 9, 22, 28], [24, 19, 38, 28], [24, 28], [24, 46, 7, 28]]","[24, 4, 28]",0,0,3.668736,0,0,0,1,1
36,3,24,28,2,minhop-mesh,1,1,1,5,"[[24, 4, 28], [24, 9, 22, 28], [24, 19, 38, 28], [24, 28], [24, 46, 7, 28]]","[24, 28]",0,0,3.668736,0,0,0,1,1
36,3,24,28,2,meshcore-like,1,1,1,5,"[[24, 4, 28], [24, 9, 22, 28], [24, 19, 38, 28], [24, 28], [24, 46, 7, 28]]","[24, 28]",0,0,3.668736,0,0,0,1,1
36,4,32,29,2,meshecho,1,1,1,2,"[[32, 6, 29], [32, 26, 29]]","[32, 26, 29]",1,1,3.95648,0,0,0,1,1
36,4,32,29,2,etx-mesh,1,1,1,2,"[[32, 6, 29], [32, 26, 29]]","[32, 6, 29]",1,1,3.95648,0,0,0,1,1
36,4,32,29,2,minhop-mesh,1,1,1,2,"[[32, 6, 29], [32, 26, 29]]","[32, 26, 29]",1,1,3.95648,0,0,0,1,1
36,4,32,29,2,meshcore-like,1,1,1,2,"[[32, 6, 29], [32, 26, 29]]","[32, 6, 29]",1,1,3.95648,0,0,0,1,1
36,5,15,4,2,meshecho,1,1,1,5,"[[15, 1, 4], [15, 9, 47, 4], [15, 19, 38, 4], [15, 25, 4], [15, 42, 12, 4]]","[15, 25, 4]",1,1,3.95648,0,0,0,1,1
36,5,15,4,2,etx-mesh,1,1,1,5,"[[15, 1, 4], [15, 9, 47, 4], [15, 19, 38, 4], [15, 25, 4], [15, 42, 12, 4]]","[15, 1, 4]",1,1,3.95648,0,0,0,1,1
36,5,15,4,2,minhop-mesh,1,1,1,5,"[[15, 1, 4], [15, 9, 47, 4], [15, 19, 38, 4], [15, 25, 4], [15, 42, 12, 4]]","[15, 25, 4]",1,1,3.95648,0,0,0,1,1
36,5,15,4,2,meshcore-like,1,1,1,5,"[[15, 1, 4], [15, 9, 47, 4], [15, 19, 38, 4], [15, 25, 4], [15, 42, 12, 4]]","[15, 1, 4]",1,1,3.95648,0,0,0,1,1
36,6,24,12,2,meshecho,1,1,1,2,"[[24, 19, 38, 12], [24, 25, 12]]","[24, 25, 12]",1,1,3.95648,0,0,0,1,1
36,6,24,12,2,etx-mesh,1,1,1,2,"[[24, 19, 38, 12], [24, 25, 12]]","[24, 25, 12]",1,1,3.95648,0,0,0,1,1
36,6,24,12,2,minhop-mesh,1,1,1,2,"[[24, 19, 38, 12], [24, 25, 12]]","[24, 25, 12]",1,1,3.95648,0,0,0,1,1
36,6,24,12,2,meshcore-like,1,1,1,2,"[[24, 19, 38, 12], [24, 25, 12]]","[24, 25, 12]",1,1,3.95648,0,0,0,1,1
36,7,15,31,2,meshecho,1,1,1,7,"[[15, 3, 31], [15, 17, 31], [15, 17, 34, 31], [15, 25, 4, 31], [15, 27, 31], [15, 31], [15, 43, 31]]","[15, 17, 31]",0,0,3.740672,0,0,0,1,1
36,7,15,31,2,etx-mesh,1,1,1,7,"[[15, 3, 31], [15, 17, 31], [15, 17, 34, 31], [15, 25, 4, 31], [15, 27, 31], [15, 31], [15, 43, 31]]","[15, 31]",0,0,3.5968,0,0,0,1,1
36,7,15,31,2,minhop-mesh,1,1,1,7,"[[15, 3, 31], [15, 17, 31], [15, 17, 34, 31], [15, 25, 4, 31], [15, 27, 31], [15, 31], [15, 43, 31]]","[15, 31]",0,0,3.5968,0,0,0,1,1
36,7,15,31,2,meshcore-like,1,1,1,7,"[[15, 3, 31], [15, 17, 31], [15, 17, 34, 31], [15, 25, 4, 31], [15, 27, 31], [15, 31], [15, 43, 31]]","[15, 31]",0,0,3.5968,0,0,0,1,1
36,8,13,39,2,meshecho,1,1,1,4,"[[13, 9, 19, 39], [13, 9, 20, 39], [13, 9, 39], [13, 22, 39]]","[13, 9, 39]",1,1,3.95648,0,0,0,1,1
36,8,13,39,2,etx-mesh,1,1,1,4,"[[13, 9, 19, 39], [13, 9, 20, 39], [13, 9, 39], [13, 22, 39]]","[13, 22, 39]",1,1,3.95648,0,0,0,1,1
36,8,13,39,2,minhop-mesh,1,1,1,4,"[[13, 9, 19, 39], [13, 9, 20, 39], [13, 9, 39], [13, 22, 39]]","[13, 9, 39]",1,1,3.95648,0,0,0,1,1
36,8,13,39,2,meshcore-like,1,1,1,4,"[[13, 9, 19, 39], [13, 9, 20, 39], [13, 9, 39], [13, 22, 39]]","[13, 9, 39]",1,1,3.95648,0,0,0,1,1
36,9,46,6,2,meshecho,1,1,1,1,"[[46, 17, 19, 6]]","[46, 17, 19, 6]",1,1,4.172288,0,0,0,1,0
36,9,46,6,2,etx-mesh,1,1,1,1,"[[46, 17, 19, 6]]","[46, 17, 19, 6]",1,1,4.172288,0,0,0,1,0
36,9,46,6,2,minhop-mesh,1,1,1,1,"[[46, 17, 19, 6]]","[46, 17, 19, 6]",1,1,4.172288,0,0,0,1,0
36,9,46,6,2,meshcore-like,1,1,1,1,"[[46, 17, 19, 6]]","[46, 17, 19, 6]",1,1,4.172288,0,0,0,1,0
36,10,10,39,2,meshecho,1,1,1,5,"[[10, 3, 39], [10, 9, 39], [10, 14, 20, 39], [10, 19, 39], [10, 37, 34, 39]]","[10, 9, 39]",0,0,3.740672,0,0,0,1,1
36,10,10,39,2,etx-mesh,1,1,1,5,"[[10, 3, 39], [10, 9, 39], [10, 14, 20, 39], [10, 19, 39], [10, 37, 34, 39]]","[10, 9, 39]",0,0,3.740672,0,0,0,1,1
36,10,10,39,2,minhop-mesh,1,1,1,5,"[[10, 3, 39], [10, 9, 39], [10, 14, 20, 39], [10, 19, 39], [10, 37, 34, 39]]","[10, 9, 39]",0,0,3.740672,0,0,0,1,1
36,10,10,39,2,meshcore-like,1,1,1,5,"[[10, 3, 39], [10, 9, 39], [10, 14, 20, 39], [10, 19, 39], [10, 37, 34, 39]]","[10, 3, 39]",0,0,3.740672,0,0,0,1,1
36,11,38,26,2,meshecho,1,1,1,5,"[[38, 6, 24, 26], [38, 6, 26], [38, 26], [38, 29, 26], [38, 36, 15, 26]]","[38, 29, 26]",1,1,3.95648,0,0,0,1,1
36,11,38,26,2,etx-mesh,1,1,1,5,"[[38, 6, 24, 26], [38, 6, 26], [38, 26], [38, 29, 26], [38, 36, 15, 26]]","[38, 26]",1,1,3.740672,0,0,0,1,1
36,11,38,26,2,minhop-mesh,1,1,1,5,"[[38, 6, 24, 26], [38, 6, 26], [38, 26], [38, 29, 26], [38, 36, 15, 26]]","[38, 26]",1,1,3.740672,0,0,0,1,1
36,11,38,26,2,meshcore-like,1,1,1,5,"[[38, 6, 24, 26], [38, 6, 26], [38, 26], [38, 29, 26], [38, 36, 15, 26]]","[38, 26]",1,1,3.740672,0,0,0,1,1
36,12,30,47,2,meshecho,1,1,1,3,"[[30, 17, 34, 47], [30, 19, 20, 47], [30, 24, 47]]","[30, 24, 47]",1,1,3.95648,0,0,0,1,1
36,12,30,47,2,etx-mesh,1,1,1,3,"[[30, 17, 34, 47], [30, 19, 20, 47], [30, 24, 47]]","[30, 24, 47]",1,1,3.95648,0,0,0,1,1
36,12,30,47,2,minhop-mesh,1,1,1,3,"[[30, 17, 34, 47], [30, 19, 20, 47], [30, 24, 47]]","[30, 24, 47]",1,1,3.95648,0,0,0,1,1
36,12,30,47,2,meshcore-like,1,1,1,3,"[[30, 17, 34, 47], [30, 19, 20, 47], [30, 24, 47]]","[30, 24, 47]",1,1,3.95648,0,0,0,1,1
36,13,15,39,2,meshecho,1,1,1,4,"[[15, 17, 34, 39], [15, 19, 39], [15, 20, 39], [15, 39]]","[15, 20, 39]",1,1,3.95648,0,0,0,1,1
36,13,15,39,2,etx-mesh,1,1,1,4,"[[15, 17, 34, 39], [15, 19, 39], [15, 20, 39], [15, 39]]","[15, 19, 39]",1,1,3.95648,0,0,0,1,1
36,13,15,39,2,minhop-mesh,1,1,1,4,"[[15, 17, 34, 39], [15, 19, 39], [15, 20, 39], [15, 39]]","[15, 39]",0,0,3.5968,0,0,0,1,1
36,13,15,39,2,meshcore-like,1,1,1,4,"[[15, 17, 34, 39], [15, 19, 39], [15, 20, 39], [15, 39]]","[15, 39]",0,0,3.5968,0,0,0,1,1
36,14,30,28,2,meshecho,1,1,1,5,"[[30, 1, 28], [30, 19, 20, 28], [30, 19, 39, 28], [30, 23, 22, 28], [30, 28]]","[30, 1, 28]",1,1,3.95648,0,0,0,1,1
36,14,30,28,2,etx-mesh,1,1,1,5,"[[30, 1, 28], [30, 19, 20, 28], [30, 19, 39, 28], [30, 23, 22, 28], [30, 28]]","[30, 28]",0,0,3.5968,0,0,0,1,1
36,14,30,28,2,minhop-mesh,1,1,1,5,"[[30, 1, 28], [30, 19, 20, 28], [30, 19, 39, 28], [30, 23, 22, 28], [30, 28]]","[30, 28]",0,0,3.5968,0,0,0,1,1
36,14,30,28,2,meshcore-like,1,1,1,5,"[[30, 1, 28], [30, 19, 20, 28], [30, 19, 39, 28], [30, 23, 22, 28], [30, 28]]","[30, 28]",0,0,3.5968,0,0,0,1,1
36,15,39,13,2,meshecho,1,1,1,3,"[[39, 13], [39, 36, 10, 13], [39, 40, 13]]","[39, 40, 13]",1,1,3.95648,0,0,0,1,1
36,15,39,13,2,etx-mesh,1,1,1,3,"[[39, 13], [39, 36, 10, 13], [39, 40, 13]]","[39, 40, 13]",1,1,3.95648,0,0,0,1,1
36,15,39,13,2,minhop-mesh,1,1,1,3,"[[39, 13], [39, 36, 10, 13], [39, 40, 13]]","[39, 13]",0,0,3.5968,0,0,0,1,1
36,15,39,13,2,meshcore-like,1,1,1,3,"[[39, 13], [39, 36, 10, 13], [39, 40, 13]]","[39, 13]",0,0,3.5968,0,0,0,1,1
36,16,48,23,2,meshecho,1,1,1,3,"[[48, 5, 23], [48, 22, 23], [48, 38, 23]]","[48, 22, 23]",1,1,3.95648,0,0,0,1,1
36,16,48,23,2,etx-mesh,1,1,1,3,"[[48, 5, 23], [48, 22, 23], [48, 38, 23]]","[48, 22, 23]",1,1,3.95648,0,0,0,1,1
36,16,48,23,2,minhop-mesh,1,1,1,3,"[[48, 5, 23], [48, 22, 23], [48, 38, 23]]","[48, 22, 23]",1,1,3.95648,0,0,0,1,1
36,16,48,23,2,meshcore-like,1,1,1,3,"[[48, 5, 23], [48, 22, 23], [48, 38, 23]]","[48, 5, 23]",1,1,3.95648,0,0,0,1,1
36,17,29,0,2,meshecho,1,1,1,4,"[[29, 1, 0], [29, 28, 0], [29, 40, 0], [29, 49, 0]]","[29, 28, 0]",1,1,3.884544,0,0,0,1,1
36,17,29,0,2,etx-mesh,1,1,1,4,"[[29, 1, 0], [29, 28, 0], [29, 40, 0], [29, 49, 0]]","[29, 49, 0]",1,1,3.884544,0,0,0,1,1
36,17,29,0,2,minhop-mesh,1,1,1,4,"[[29, 1, 0], [29, 28, 0], [29, 40, 0], [29, 49, 0]]","[29, 28, 0]",1,1,3.884544,0,0,0,1,1
36,17,29,0,2,meshcore-like,1,1,1,4,"[[29, 1, 0], [29, 28, 0], [29, 40, 0], [29, 49, 0]]","[29, 1, 0]",0,0,3.668736,0,0,0,1,1
36,18,38,27,2,meshecho,1,1,1,4,"[[38, 11, 27], [38, 17, 27], [38, 27], [38, 31, 27]]","[38, 17, 27]",0,0,3.5968,0,0,0,1,1
36,18,38,27,2,etx-mesh,1,1,1,4,"[[38, 11, 27], [38, 17, 27], [38, 27], [38, 31, 27]]","[38, 31, 27]",1,1,3.884544,0,0,0,1,1
36,18,38,27,2,minhop-mesh,1,1,1,4,"[[38, 11, 27], [38, 17, 27], [38, 27], [38, 31, 27]]","[38, 27]",0,0,3.524864,0,0,0,1,1
36,18,38,27,2,meshcore-like,1,1,1,4,"[[38, 11, 27], [38, 17, 27], [38, 27], [38, 31, 27]]","[38, 27]",0,0,3.524864,0,0,0,1,1
36,19,6,40,2,meshecho,1,1,1,5,"[[6, 13, 40], [6, 14, 46, 40], [6, 25, 4, 40], [6, 40], [6, 41, 40]]","[6, 13, 40]",1,1,3.95648,0,0,0,1,1
36,19,6,40,2,etx-mesh,1,1,1,5,"[[6, 13, 40], [6, 14, 46, 40], [6, 25, 4, 40], [6, 40], [6, 41, 40]]","[6, 13, 40]",1,1,3.95648,0,0,0,1,1
36,19,6,40,2,minhop-mesh,1,1,1,5,"[[6, 13, 40], [6, 14, 46, 40], [6, 25, 4, 40], [6, 40], [6, 41, 40]]","[6, 40]",0,0,3.5968,0,0,0,1,1
36,19,6,40,2,meshcore-like,1,1,1,5,"[[6, 13, 40], [6, 14, 46, 40], [6, 25, 4, 40], [6, 40], [6, 41, 40]]","[6, 40]",0,0,3.5968,0,0,0,1,1
36,20,10,42,2,meshecho,1,1,1,6,"[[10, 3, 42], [10, 26, 24, 42], [10, 28, 0, 42], [10, 42], [10, 44, 18, 42], [10, 48, 42]]","[10, 3, 42]",0,0,3.740672,0,0,0,1,1
36,20,10,42,2,etx-mesh,1,1,1,6,"[[10, 3, 42], [10, 26, 24, 42], [10, 28, 0, 42], [10, 42], [10, 44, 18, 42], [10, 48, 42]]","[10, 42]",0,0,3.5968,0,0,0,1,1
36,20,10,42,2,minhop-mesh,1,1,1,6,"[[10, 3, 42], [10, 26, 24, 42], [10, 28, 0, 42], [10, 42], [10, 44, 18, 42], [10, 48, 42]]","[10, 42]",0,0,3.5968,0,0,0,1,1
36,20,10,42,2,meshcore-like,1,1,1,6,"[[10, 3, 42], [10, 26, 24, 42], [10, 28, 0, 42], [10, 42], [10, 44, 18, 42], [10, 48, 42]]","[10, 42]",0,0,3.5968,0,0,0,1,1
36,21,7,24,2,meshecho,1,1,1,4,"[[7, 6, 24], [7, 16, 24], [7, 26, 24], [7, 47, 24]]","[7, 6, 24]",1,1,3.95648,0,0,0,1,1
36,21,7,24,2,etx-mesh,1,1,1,4,"[[7, 6, 24], [7, 16, 24], [7, 26, 24], [7, 47, 24]]","[7, 16, 24]",1,1,3.95648,0,0,0,1,1
36,21,7,24,2,minhop-mesh,1,1,1,4,"[[7, 6, 24], [7, 16, 24], [7, 26, 24], [7, 47, 24]]","[7, 6, 24]",1,1,3.95648,0,0,0,1,1
36,21,7,24,2,meshcore-like,1,1,1,4,"[[7, 6, 24], [7, 16, 24], [7, 26, 24], [7, 47, 24]]","[7, 6, 24]",1,1,3.95648,0,0,0,1,1
36,22,38,24,2,meshecho,1,1,1,3,"[[38, 2, 24], [38, 6, 24], [38, 16, 24]]","[38, 6, 24]",1,1,3.95648,0,0,0,1,1
36,22,38,24,2,etx-mesh,1,1,1,3,"[[38, 2, 24], [38, 6, 24], [38, 16, 24]]","[38, 6, 24]",1,1,3.95648,0,0,0,1,1
36,22,38,24,2,minhop-mesh,1,1,1,3,"[[38, 2, 24], [38, 6, 24], [38, 16, 24]]","[38, 6, 24]",1,1,3.95648,0,0,0,1,1
36,22,38,24,2,meshcore-like,1,1,1,3,"[[38, 2, 24], [38, 6, 24], [38, 16, 24]]","[38, 2, 24]",0,0,3.668736,0,0,0,1,1
36,23,49,47,2,meshecho,1,1,1,2,"[[49, 17, 34, 47], [49, 24, 47]]","[49, 24, 47]",1,1,3.95648,0,0,0,1,1
36,23,49,47,2,etx-mesh,1,1,1,2,"[[49, 17, 34, 47], [49, 24, 47]]","[49, 24, 47]",1,1,3.95648,0,0,0,1,1
36,23,49,47,2,minhop-mesh,1,1,1,2,"[[49, 17, 34, 47], [49, 24, 47]]","[49, 24, 47]",1,1,3.95648,0,0,0,1,1
36,23,49,47,2,meshcore-like,1,1,1,2,"[[49, 17, 34, 47], [49, 24, 47]]","[49, 24, 47]",1,1,3.95648,0,0,0,1,1
36,24,47,1,2,meshecho,1,1,1,2,"[[47, 1], [47, 46, 4, 1]]","[47, 46, 4, 1]",1,1,4.100352,0,0,0,1,1
36,24,47,1,2,etx-mesh,1,1,1,2,"[[47, 1], [47, 46, 4, 1]]","[47, 1]",1,0,3.668736,0,0,0,1,1
36,24,47,1,2,minhop-mesh,1,1,1,2,"[[47, 1], [47, 46, 4, 1]]","[47, 1]",1,0,3.668736,0,0,0,1,1
36,24,47,1,2,meshcore-like,1,1,1,2,"[[47, 1], [47, 46, 4, 1]]","[47, 1]",1,0,3.668736,0,0,0,1,1
37,1,39,6,2,meshecho,1,1,1,6,"[[39, 9, 6], [39, 20, 6], [39, 21, 6], [39, 22, 6], [39, 41, 6], [39, 44, 48, 6]]","[39, 41, 6]",0,0,3.668736,0,0,0,1,1
37,1,39,6,2,etx-mesh,1,1,1,6,"[[39, 9, 6], [39, 20, 6], [39, 21, 6], [39, 22, 6], [39, 41, 6], [39, 44, 48, 6]]","[39, 9, 6]",1,0,3.884544,0,0,0,1,1
37,1,39,6,2,minhop-mesh,1,1,1,6,"[[39, 9, 6], [39, 20, 6], [39, 21, 6], [39, 22, 6], [39, 41, 6], [39, 44, 48, 6]]","[39, 41, 6]",0,0,3.668736,0,0,0,1,1
37,1,39,6,2,meshcore-like,1,1,1,6,"[[39, 9, 6], [39, 20, 6], [39, 21, 6], [39, 22, 6], [39, 41, 6], [39, 44, 48, 6]]","[39, 9, 6]",1,0,3.884544,0,0,0,1,1
37,2,1,33,2,meshecho,1,1,1,6,"[[1, 0, 33], [1, 20, 10, 33], [1, 20, 33], [1, 33], [1, 38, 33], [1, 41, 21, 33]]","[1, 20, 33]",0,0,3.740672,0,0,0,1,1
37,2,1,33,2,etx-mesh,1,1,1,6,"[[1, 0, 33], [1, 20, 10, 33], [1, 20, 33], [1, 33], [1, 38, 33], [1, 41, 21, 33]]","[1, 20, 33]",0,0,3.740672,0,0,0,1,1
37,2,1,33,2,minhop-mesh,1,1,1,6,"[[1, 0, 33], [1, 20, 10, 33], [1, 20, 33], [1, 33], [1, 38, 33], [1, 41, 21, 33]]","[1, 33]",0,0,3.668736,0,0,0,1,1
37,2,1,33,2,meshcore-like,1,1,1,6,"[[1, 0, 33], [1, 20, 10, 33], [1, 20, 33], [1, 33], [1, 38, 33], [1, 41, 21, 33]]","[1, 33]",0,0,3.668736,0,0,0,1,1
37,3,34,25,2,meshecho,1,1,1,4,"[[34, 3, 37, 25], [34, 15, 25], [34, 25], [34, 36, 25]]","[34, 36, 25]",1,1,3.95648,0,0,0,1,1
37,3,34,25,2,etx-mesh,1,1,1,4,"[[34, 3, 37, 25], [34, 15, 25], [34, 25], [34, 36, 25]]","[34, 25]",0,0,3.5968,0,0,0,1,1
37,3,34,25,2,minhop-mesh,1,1,1,4,"[[34, 3, 37, 25], [34, 15, 25], [34, 25], [34, 36, 25]]","[34, 25]",0,0,3.5968,0,0,0,1,1
37,3,34,25,2,meshcore-like,1,1,1,4,"[[34, 3, 37, 25], [34, 15, 25], [34, 25], [34, 36, 25]]","[34, 25]",0,0,3.5968,0,0,0,1,1
37,4,16,32,2,meshecho,1,1,1,2,"[[16, 32], [16, 48, 31, 32]]","[16, 48, 31, 32]",1,1,4.172288,0,0,0,1,1
37,4,16,32,2,etx-mesh,1,1,1,2,"[[16, 32], [16, 48, 31, 32]]","[16, 32]",0,0,3.5968,0,0,0,1,1
37,4,16,32,2,minhop-mesh,1,1,1,2,"[[16, 32], [16, 48, 31, 32]]","[16, 32]",0,0,3.5968,0,0,0,1,1
37,4,16,32,2,meshcore-like,1,1,1,2,"[[16, 32], [16, 48, 31, 32]]","[16, 32]",0,0,3.5968,0,0,0,1,1
37,5,12,11,2,meshecho,1,1,1,7,"[[12, 15, 36, 11], [12, 19, 11], [12, 30, 11], [12, 32, 11], [12, 39, 42, 11], [12, 40, 31, 11], [12, 44, 5, 11]]","[12, 32, 11]",1,1,3.95648,0,0,0,1,1
37,5,12,11,2,etx-mesh,1,1,1,7,"[[12, 15, 36, 11], [12, 19, 11], [12, 30, 11], [12, 32, 11], [12, 39, 42, 11], [12, 40, 31, 11], [12, 44, 5, 11]]","[12, 19, 11]",1,1,3.95648,0,0,0,1,1
37,5,12,11,2,minhop-mesh,1,1,1,7,"[[12, 15, 36, 11], [12, 19, 11], [12, 30, 11], [12, 32, 11], [12, 39, 42, 11], [12, 40, 31, 11], [12, 44, 5, 11]]","[12, 32, 11]",1,1,3.95648,0,0,0,1,1
37,5,12,11,2,meshcore-like,1,1,1,7,"[[12, 15, 36, 11], [12, 19, 11], [12, 30, 11], [12, 32, 11], [12, 39, 42, 11], [12, 40, 31, 11], [12, 44, 5, 11]]","[12, 19, 11]",1,1,3.95648,0,0,0,1,1
37,6,33,42,2,meshecho,1,1,1,1,"[[33, 13, 3, 42]]","[33, 13, 3, 42]",1,1,4.172288,0,0,0,1,0
37,6,33,42,2,etx-mesh,1,1,1,1,"[[33, 13, 3, 42]]","[33, 13, 3, 42]",1,1,4.172288,0,0,0,1,0
37,6,33,42,2,minhop-mesh,1,1,1,1,"[[33, 13, 3, 42]]","[33, 13, 3, 42]",1,1,4.172288,0,0,0,1,0
37,6,33,42,2,meshcore-like,1,1,1,1,"[[33, 13, 3, 42]]","[33, 13, 3, 42]",1,1,4.172288,0,0,0,1,0
37,7,20,43,2,meshecho,1,1,1,4,"[[20, 12, 43], [20, 14, 43], [20, 24, 43], [20, 29, 42, 43]]","[20, 14, 43]",1,0,3.95648,0,0,0,1,1
37,7,20,43,2,etx-mesh,1,1,1,4,"[[20, 12, 43], [20, 14, 43], [20, 24, 43], [20, 29, 42, 43]]","[20, 24, 43]",1,1,3.95648,0,0,0,1,1
37,7,20,43,2,minhop-mesh,1,1,1,4,"[[20, 12, 43], [20, 14, 43], [20, 24, 43], [20, 29, 42, 43]]","[20, 14, 43]",1,0,3.95648,0,0,0,1,1
37,7,20,43,2,meshcore-like,1,1,1,4,"[[20, 12, 43], [20, 14, 43], [20, 24, 43], [20, 29, 42, 43]]","[20, 12, 43]",1,1,3.95648,0,0,0,1,1
37,8,20,15,2,meshecho,1,1,1,6,"[[20, 15], [20, 24, 43, 15], [20, 25, 15], [20, 36, 15], [20, 36, 42, 15], [20, 39, 15]]","[20, 36, 15]",1,1,3.95648,0,0,0,1,1
37,8,20,15,2,etx-mesh,1,1,1,6,"[[20, 15], [20, 24, 43, 15], [20, 25, 15], [20, 36, 15], [20, 36, 42, 15], [20, 39, 15]]","[20, 15]",0,0,3.5968,0,0,0,1,1
37,8,20,15,2,minhop-mesh,1,1,1,6,"[[20, 15], [20, 24, 43, 15], [20, 25, 15], [20, 36, 15], [20, 36, 42, 15], [20, 39, 15]]","[20, 15]",0,0,3.5968,0,0,0,1,1
37,8,20,15,2,meshcore-like,1,1,1,6,"[[20, 15], [20, 24, 43, 15], [20, 25, 15], [20, 36, 15], [20, 36, 42, 15], [20, 39, 15]]","[20, 15]",0,0,3.5968,0,0,0,1,1
37,9,5,21,2,meshecho,1,1,1,2,"[[5, 21], [5, 33, 21]]","[5, 21]",0,0,3.5968,0,0,0,1,1
37,9,5,21,2,etx-mesh,1,1,1,2,"[[5, 21], [5, 33, 21]]","[5, 21]",0,0,3.5968,0,0,0,1,1
37,9,5,21,2,minhop-mesh,1,1,1,2,"[[5, 21], [5, 33, 21]]","[5, 21]",0,0,3.5968,0,0,0,1,1
37,9,5,21,2,meshcore-like,1,1,1,2,"[[5, 21], [5, 33, 21]]","[5, 21]",0,0,3.5968,0,0,0,1,1
37,10,15,11,2,meshecho,1,1,1,6,"[[15, 11], [15, 14, 0, 11], [15, 19, 31, 11], [15, 32, 11], [15, 40, 11], [15, 48, 11]]","[15, 32, 11]",1,1,3.95648,0,0,0,1,1
37,10,15,11,2,etx-mesh,1,1,1,6,"[[15, 11], [15, 14, 0, 11], [15, 19, 31, 11], [15, 32, 11], [15, 40, 11], [15, 48, 11]]","[15, 11]",0,0,3.5968,0,0,0,1,1
37,10,15,11,2,minhop-mesh,1,1,1,6,"[[15, 11], [15, 14, 0, 11], [15, 19, 31, 11], [15, 32, 11], [15, 40, 11], [15, 48, 11]]","[15, 11]",0,0,3.5968,0,0,0,1,1
37,10,15,11,2,meshcore-like,1,1,1,6,"[[15, 11], [15, 14, 0, 11], [15, 19, 31, 11], [15, 32, 11], [15, 40, 11], [15, 48, 11]]","[15, 11]",0,0,3.5968,0,0,0,1,1
37,11,46,13,2,meshecho,1,1,1,6,"[[46, 13], [46, 15, 42, 13], [46, 25, 13], [46, 29, 13], [46, 44, 13], [46, 48, 13]]","[46, 29, 13]",0,0,3.668736,0,0,0,1,1
37,11,46,13,2,etx-mesh,1,1,1,6,"[[46, 13], [46, 15, 42, 13], [46, 25, 13], [46, 29, 13], [46, 44, 13], [46, 48, 13]]","[46, 13]",0,0,3.668736,0,0,0,1,1
37,11,46,13,2,minhop-mesh,1,1,1,6,"[[46, 13], [46, 15, 42, 13], [46, 25, 13], [46, 29, 13], [46, 44, 13], [46, 48, 13]]","[46, 13]",0,0,3.668736,0,0,0,1,1
37,11,46,13,2,meshcore-like,1,1,1,6,"[[46, 13], [46, 15, 42, 13], [46, 25, 13], [46, 29, 13], [46, 44, 13], [46, 48, 13]]","[46, 13]",0,0,3.668736,0,0,0,1,1
37,12,43,49,2,meshecho,1,1,1,3,"[[43, 27, 49], [43, 30, 49], [43, 49]]","[43, 30, 49]",1,1,3.95648,0,0,0,1,1
37,12,43,49,2,etx-mesh,1,1,1,3,"[[43, 27, 49], [43, 30, 49], [43, 49]]","[43, 49]",1,1,3.740672,0,0,0,1,1
37,12,43,49,2,minhop-mesh,1,1,1,3,"[[43, 27, 49], [43, 30, 49], [43, 49]]","[43, 49]",1,1,3.740672,0,0,0,1,1
37,12,43,49,2,meshcore-like,1,1,1,3,"[[43, 27, 49], [43, 30, 49], [43, 49]]","[43, 49]",1,1,3.740672,0,0,0,1,1
37,13,43,31,2,meshecho,1,1,1,2,"[[43, 11, 31], [43, 31]]","[43, 11, 31]",1,1,3.95648,0,0,0,1,1
37,13,43,31,2,etx-mesh,1,1,1,2,"[[43, 11, 31], [43, 31]]","[43, 31]",0,0,3.668736,0,0,0,1,1
37,13,43,31,2,minhop-mesh,1,1,1,2,"[[43, 11, 31], [43, 31]]","[43, 31]",0,0,3.668736,0,0,0,1,1
37,13,43,31,2,meshcore-like,1,1,1,2,"[[43, 11, 31], [43, 31]]","[43, 31]",0,0,3.668736,0,0,0,1,1
37,14,6,37,2,meshecho,1,1,1,3,"[[6, 3, 37], [6, 15, 42, 37], [6, 44, 37]]","[6, 44, 37]",1,1,3.95648,0,0,0,1,1
37,14,6,37,2,etx-mesh,1,1,1,3,"[[6, 3, 37], [6, 15, 42, 37], [6, 44, 37]]","[6, 44, 37]",1,1,3.95648,0,0,0,1,1
37,14,6,37,2,minhop-mesh,1,1,1,3,"[[6, 3, 37], [6, 15, 42, 37], [6, 44, 37]]","[6, 44, 37]",1,1,3.95648,0,0,0,1,1
37,14,6,37,2,meshcore-like,1,1,1,3,"[[6, 3, 37], [6, 15, 42, 37], [6, 44, 37]]","[6, 3, 37]",1,1,3.95648,0,0,0,1,1
37,15,33,5,2,meshecho,1,1,1,3,"[[33, 5], [33, 13, 3, 5], [33, 28, 46, 5]]","[33, 28, 46, 5]",0,0,3.5968,0,0,0,1,1
37,15,33,5,2,etx-mesh,1,1,1,3,"[[33, 5], [33, 13, 3, 5], [33, 28, 46, 5]]","[33, 13, 3, 5]",0,0,3.5968,0,0,0,1,1
37,15,33,5,2,minhop-mesh,1,1,1,3,"[[33, 5], [33, 13, 3, 5], [33, 28, 46, 5]]","[33, 5]",0,0,3.5968,0,0,0,1,1
37,15,33,5,2,meshcore-like,1,1,1,3,"[[33, 5], [33, 13, 3, 5], [33, 28, 46, 5]]","[33, 5]",0,0,3.5968,0,0,0,1,1
37,16,37,33,2,meshecho,1,1,1,5,"[[37, 10, 33], [37, 16, 24, 33], [37, 20, 33], [37, 33], [37, 41, 6, 33]]","[37, 20, 33]",1,1,3.95648,0,0,0,1,1
37,16,37,33,2,etx-mesh,1,1,1,5,"[[37, 10, 33], [37, 16, 24, 33], [37, 20, 33], [37, 33], [37, 41, 6, 33]]","[37, 10, 33]",1,1,3.95648,0,0,0,1,1
37,16,37,33,2,minhop-mesh,1,1,1,5,"[[37, 10, 33], [37, 16, 24, 33], [37, 20, 33], [37, 33], [37, 41, 6, 33]]","[37, 33]",0,0,3.5968,0,0,0,1,1
37,16,37,33,2,meshcore-like,1,1,1,5,"[[37, 10, 33], [37, 16, 24, 33], [37, 20, 33], [37, 33], [37, 41, 6, 33]]","[37, 33]",0,0,3.5968,0,0,0,1,1
37,17,36,21,2,meshecho,1,1,1,5,"[[36, 6, 21], [36, 6, 41, 21], [36, 10, 21], [36, 20, 21], [36, 43, 12, 21]]","[36, 6, 21]",0,0,3.740672,0,0,0,1,1
37,17,36,21,2,etx-mesh,1,1,1,5,"[[36, 6, 21], [36, 6, 41, 21], [36, 10, 21], [36, 20, 21], [36, 43, 12, 21]]","[36, 6, 21]",0,0,3.740672,0,0,0,1,1
37,17,36,21,2,minhop-mesh,1,1,1,5,"[[36, 6, 21], [36, 6, 41, 21], [36, 10, 21], [36, 20, 21], [36, 43, 12, 21]]","[36, 6, 21]",0,0,3.740672,0,0,0,1,1
37,17,36,21,2,meshcore-like,1,1,1,5,"[[36, 6, 21], [36, 6, 41, 21], [36, 10, 21], [36, 20, 21], [36, 43, 12, 21]]","[36, 6, 21]",0,0,3.740672,0,0,0,1,1
37,18,21,42,2,meshecho,1,1,1,4,"[[21, 25, 36, 42], [21, 29, 1, 42], [21, 39, 42], [21, 44, 37, 42]]","[21, 39, 42]",1,1,3.95648,0,0,0,1,1
37,18,21,42,2,etx-mesh,1,1,1,4,"[[21, 25, 36, 42], [21, 29, 1, 42], [21, 39, 42], [21, 44, 37, 42]]","[21, 39, 42]",1,1,3.95648,0,0,0,1,1
37,18,21,42,2,minhop-mesh,1,1,1,4,"[[21, 25, 36, 42], [21, 29, 1, 42], [21, 39, 42], [21, 44, 37, 42]]","[21, 39, 42]",1,1,3.95648,0,0,0,1,1
37,18,21,42,2,meshcore-like,1,1,1,4,"[[21, 25, 36, 42], [21, 29, 1, 42], [21, 39, 42], [21, 44, 37, 42]]","[21, 39, 42]",1,1,3.95648,0,0,0,1,1
37,19,33,25,2,meshecho,1,1,1,4,"[[33, 15, 25], [33, 15, 39, 25], [33, 15, 42, 25], [33, 25]]","[33, 15, 25]",0,0,3.740672,0,0,0,1,1
37,19,33,25,2,etx-mesh,1,1,1,4,"[[33, 15, 25], [33, 15, 39, 25], [33, 15, 42, 25], [33, 25]]","[33, 15, 25]",0,0,3.740672,0,0,0,1,1
37,19,33,25,2,minhop-mesh,1,1,1,4,"[[33, 15, 25], [33, 15, 39, 25], [33, 15, 42, 25], [33, 25]]","[33, 25]",0,0,3.5968,0,0,0,1,1
37,19,33,25,2,meshcore-like,1,1,1,4,"[[33, 15, 25], [33, 15, 39, 25], [33, 15, 42, 25], [33, 25]]","[33, 25]",0,0,3.5968,0,0,0,1,1
37,20,9,29,2,meshecho,1,1,1,3,"[[9, 13, 29], [9, 29], [9, 37, 5, 29]]","[9, 13, 29]",1,1,3.95648,0,0,0,1,1
37,20,9,29,2,etx-mesh,1,1,1,3,"[[9, 13, 29], [9, 29], [9, 37, 5, 29]]","[9, 29]",1,1,3.740672,0,0,0,1,1
37,20,9,29,2,minhop-mesh,1,1,1,3,"[[9, 13, 29], [9, 29], [9, 37, 5, 29]]","[9, 29]",1,1,3.740672,0,0,0,1,1
37,20,9,29,2,meshcore-like,1,1,1,3,"[[9, 13, 29], [9, 29], [9, 37, 5, 29]]","[9, 29]",1,1,3.740672,0,0,0,1,1
37,21,31,44,2,meshecho,1,1,1,5,"[[31, 5, 37, 44], [31, 8, 44], [31, 13, 44], [31, 24, 16, 44], [31, 44]]","[31, 8, 44]",1,1,3.95648,0,0,0,1,1
37,21,31,44,2,etx-mesh,1,1,1,5,"[[31, 5, 37, 44], [31, 8, 44], [31, 13, 44], [31, 24, 16, 44], [31, 44]]","[31, 44]",0,0,3.5968,0,0,0,1,1
37,21,31,44,2,minhop-mesh,1,1,1,5,"[[31, 5, 37, 44], [31, 8, 44], [31, 13, 44], [31, 24, 16, 44], [31, 44]]","[31, 44]",0,0,3.5968,0,0,0,1,1
37,21,31,44,2,meshcore-like,1,1,1,5,"[[31, 5, 37, 44], [31, 8, 44], [31, 13, 44], [31, 24, 16, 44], [31, 44]]","[31, 44]",0,0,3.5968,0,0,0,1,1
37,22,19,25,2,meshecho,1,1,1,3,"[[19, 15, 25], [19, 39, 25], [19, 46, 28, 25]]","[19, 15, 25]",1,1,3.95648,0,0,0,1,1
37,22,19,25,2,etx-mesh,1,1,1,3,"[[19, 15, 25], [19, 39, 25], [19, 46, 28, 25]]","[19, 15, 25]",1,1,3.95648,0,0,0,1,1
37,22,19,25,2,minhop-mesh,1,1,1,3,"[[19, 15, 25], [19, 39, 25], [19, 46, 28, 25]]","[19, 15, 25]",1,1,3.95648,0,0,0,1,1
37,22,19,25,2,meshcore-like,1,1,1,3,"[[19, 15, 25], [19, 39, 25], [19, 46, 28, 25]]","[19, 15, 25]",1,1,3.95648,0,0,0,1,1
37,23,42,20,2,meshecho,1,1,1,7,"[[42, 10, 20], [42, 20], [42, 38, 20], [42, 38, 33, 20], [42, 38, 34, 20], [42, 40, 20], [42, 45, 20]]","[42, 40, 20]",0,0,3.740672,0,0,0,1,1
37,23,42,20,2,etx-mesh,1,1,1,7,"[[42, 10, 20], [42, 20], [42, 38, 20], [42, 38, 33, 20], [42, 38, 34, 20], [42, 40, 20], [42, 45, 20]]","[42, 40, 20]",0,0,3.740672,0,0,0,1,1
37,23,42,20,2,minhop-mesh,1,1,1,7,"[[42, 10, 20], [42, 20], [42, 38, 20], [42, 38, 33, 20], [42, 38, 34, 20], [42, 40, 20], [42, 45, 20]]","[42, 20]",0,0,3.5968,0,0,0,1,1
37,23,42,20,2,meshcore-like,1,1,1,7,"[[42, 10, 20], [42, 20], [42, 38, 20], [42, 38, 33, 20], [42, 38, 34, 20], [42, 40, 20], [42, 45, 20]]","[42, 20]",0,0,3.5968,0,0,0,1,1
37,24,25,21,2,meshecho,1,1,1,5,"[[25, 12, 21], [25, 20, 21], [25, 21], [25, 34, 19, 21], [25, 41, 21]]","[25, 41, 21]",1,1,3.95648,0,0,0,1,1
37,24,25,21,2,etx-mesh,1,1,1,5,"[[25, 12, 21], [25, 20, 21], [25, 21], [25, 34, 19, 21], [25, 41, 21]]","[25, 21]",0,0,3.5968,0,0,0,1,1
37,24,25,21,2,minhop-mesh,1,1,1,5,"[[25, 12, 21], [25, 20, 21], [25, 21], [25, 34, 19, 21], [25, 41, 21]]","[25, 21]",0,0,3.5968,0,0,0,1,1
37,24,25,21,2,meshcore-like,1,1,1,5,"[[25, 12, 21], [25, 20, 21], [25, 21], [25, 34, 19, 21], [25, 41, 21]]","[25, 21]",0,0,3.5968,0,0,0,1,1
38,1,29,42,2,meshecho,1,1,1,5,"[[29, 0, 42], [29, 18, 42], [29, 18, 48, 42], [29, 22, 42], [29, 23, 42]]","[29, 18, 42]",1,1,3.95648,0,0,0,1,1
38,1,29,42,2,etx-mesh,1,1,1,5,"[[29, 0, 42], [29, 18, 42], [29, 18, 48, 42], [29, 22, 42], [29, 23, 42]]","[29, 0, 42]",1,1,3.95648,0,0,0,1,1
38,1,29,42,2,minhop-mesh,1,1,1,5,"[[29, 0, 42], [29, 18, 42], [29, 18, 48, 42], [29, 22, 42], [29, 23, 42]]","[29, 18, 42]",1,1,3.95648,0,0,0,1,1
38,1,29,42,2,meshcore-like,1,1,1,5,"[[29, 0, 42], [29, 18, 42], [29, 18, 48, 42], [29, 22, 42], [29, 23, 42]]","[29, 0, 42]",1,1,3.95648,0,0,0,1,1
38,2,16,6,2,meshecho,1,1,1,4,"[[16, 8, 6], [16, 20, 41, 6], [16, 21, 6], [16, 37, 6]]","[16, 21, 6]",1,1,3.95648,0,0,0,1,1
38,2,16,6,2,etx-mesh,1,1,1,4,"[[16, 8, 6], [16, 20, 41, 6], [16, 21, 6], [16, 37, 6]]","[16, 21, 6]",1,1,3.95648,0,0,0,1,1
38,2,16,6,2,minhop-mesh,1,1,1,4,"[[16, 8, 6], [16, 20, 41, 6], [16, 21, 6], [16, 37, 6]]","[16, 21, 6]",1,1,3.95648,0,0,0,1,1
38,2,16,6,2,meshcore-like,1,1,1,4,"[[16, 8, 6], [16, 20, 41, 6], [16, 21, 6], [16, 37, 6]]","[16, 8, 6]",1,1,3.95648,0,0,0,1,1
38,3,42,25,2,meshecho,1,1,1,6,"[[42, 10, 25], [42, 14, 25], [42, 23, 25], [42, 25], [42, 29, 26, 25], [42, 39, 25]]","[42, 39, 25]",1,1,3.95648,0,0,0,1,1
38,3,42,25,2,etx-mesh,1,1,1,6,"[[42, 10, 25], [42, 14, 25], [42, 23, 25], [42, 25], [42, 29, 26, 25], [42, 39, 25]]","[42, 25]",0,0,3.5968,0,0,0,1,1
38,3,42,25,2,minhop-mesh,1,1,1,6,"[[42, 10, 25], [42, 14, 25], [42, 23, 25], [42, 25], [42, 29, 26, 25], [42, 39, 25]]","[42, 25]",0,0,3.5968,0,0,0,1,1
38,3,42,25,2,meshcore-like,1,1,1,6,"[[42, 10, 25], [42, 14, 25], [42, 23, 25], [42, 25], [42, 29, 26, 25], [42, 39, 25]]","[42, 25]",0,0,3.5968,0,0,0,1,1
38,4,30,9,2,meshecho,1,1,1,4,"[[30, 3, 9], [30, 5, 47, 9], [30, 9], [30, 34, 0, 9]]","[30, 34, 0, 9]",1,1,4.172288,0,0,0,1,1
38,4,30,9,2,etx-mesh,1,1,1,4,"[[30, 3, 9], [30, 5, 47, 9], [30, 9], [30, 34, 0, 9]]","[30, 9]",0,0,3.5968,0,0,0,1,1
38,4,30,9,2,minhop-mesh,1,1,1,4,"[[30, 3, 9], [30, 5, 47, 9], [30, 9], [30, 34, 0, 9]]","[30, 9]",0,0,3.5968,0,0,0,1,1
38,4,30,9,2,meshcore-like,1,1,1,4,"[[30, 3, 9], [30, 5, 47, 9], [30, 9], [30, 34, 0, 9]]","[30, 9]",0,0,3.5968,0,0,0,1,1
38,5,49,41,2,meshecho,1,1,1,5,"[[49, 20, 41], [49, 27, 6, 41], [49, 27, 13, 41], [49, 35, 41], [49, 37, 8, 41]]","[49, 20, 41]",1,1,3.95648,0,0,0,1,1
38,5,49,41,2,etx-mesh,1,1,1,5,"[[49, 20, 41], [49, 27, 6, 41], [49, 27, 13, 41], [49, 35, 41], [49, 37, 8, 41]]","[49, 20, 41]",1,1,3.95648,0,0,0,1,1
38,5,49,41,2,minhop-mesh,1,1,1,5,"[[49, 20, 41], [49, 27, 6, 41], [49, 27, 13, 41], [49, 35, 41], [49, 37, 8, 41]]","[49, 20, 41]",1,1,3.95648,0,0,0,1,1
38,5,49,41,2,meshcore-like,1,1,1,5,"[[49, 20, 41], [49, 27, 6, 41], [49, 27, 13, 41], [49, 35, 41], [49, 37, 8, 41]]","[49, 20, 41]",1,1,3.95648,0,0,0,1,1
38,6,13,14,2,meshecho,1,1,1,6,"[[13, 9, 14], [13, 14], [13, 24, 14], [13, 24, 39, 14], [13, 25, 14], [13, 40, 14]]","[13, 9, 14]",1,1,3.95648,0,0,0,1,1
38,6,13,14,2,etx-mesh,1,1,1,6,"[[13, 9, 14], [13, 14], [13, 24, 14], [13, 24, 39, 14], [13, 25, 14], [13, 40, 14]]","[13, 14]",0,0,3.5968,0,0,0,1,1
38,6,13,14,2,minhop-mesh,1,1,1,6,"[[13, 9, 14], [13, 14], [13, 24, 14], [13, 24, 39, 14], [13, 25, 14], [13, 40, 14]]","[13, 14]",0,0,3.5968,0,0,0,1,1
38,6,13,14,2,meshcore-like,1,1,1,6,"[[13, 9, 14], [13, 14], [13, 24, 14], [13, 24, 39, 14], [13, 25, 14], [13, 40, 14]]","[13, 14]",0,0,3.5968,0,0,0,1,1
38,7,28,43,2,meshecho,1,1,1,1,"[[28, 46, 47, 43]]","[28, 46, 47, 43]",1,1,4.172288,0,0,0,1,0
38,7,28,43,2,etx-mesh,1,1,1,1,"[[28, 46, 47, 43]]","[28, 46, 47, 43]",1,1,4.172288,0,0,0,1,0
38,7,28,43,2,minhop-mesh,1,1,1,1,"[[28, 46, 47, 43]]","[28, 46, 47, 43]",1,1,4.172288,0,0,0,1,0
38,7,28,43,2,meshcore-like,1,1,1,1,"[[28, 46, 47, 43]]","[28, 46, 47, 43]",1,1,4.172288,0,0,0,1,0
38,8,25,6,2,meshecho,1,1,1,5,"[[25, 8, 6], [25, 12, 29, 6], [25, 37, 6], [25, 37, 30, 6], [25, 41, 6]]","[25, 8, 6]",0,0,3.668736,0,0,0,1,1
38,8,25,6,2,etx-mesh,1,1,1,5,"[[25, 8, 6], [25, 12, 29, 6], [25, 37, 6], [25, 37, 30, 6], [25, 41, 6]]","[25, 41, 6]",1,1,3.95648,0,0,0,1,1
38,8,25,6,2,minhop-mesh,1,1,1,5,"[[25, 8, 6], [25, 12, 29, 6], [25, 37, 6], [25, 37, 30, 6], [25, 41, 6]]","[25, 8, 6]",0,0,3.668736,0,0,0,1,1
38,8,25,6,2,meshcore-like,1,1,1,5,"[[25, 8, 6], [25, 12, 29, 6], [25, 37, 6], [25, 37, 30, 6], [25, 41, 6]]","[25, 8, 6]",0,0,3.668736,0,0,0,1,1
38,9,49,45,2,meshecho,1,1,1,2,"[[49, 35, 45], [49, 38, 45]]","[49, 35, 45]",1,1,3.95648,0,0,0,1,1
38,9,49,45,2,etx-mesh,1,1,1,2,"[[49, 35, 45], [49, 38, 45]]","[49, 38, 45]",1,1,3.95648,0,0,0,1,1
38,9,49,45,2,minhop-mesh,1,1,1,2,"[[49, 35, 45], [49, 38, 45]]","[49, 35, 45]",1,1,3.95648,0,0,0,1,1
38,9,49,45,2,meshcore-like,1,1,1,2,"[[49, 35, 45], [49, 38, 45]]","[49, 35, 45]",1,1,3.95648,0,0,0,1,1
38,10,32,10,2,meshecho,1,1,1,1,"[[32, 10]]","[32, 10]",0,0,3.5968,0,0,0,1,0
38,10,32,10,2,etx-mesh,1,1,1,1,"[[32, 10]]","[32, 10]",0,0,3.5968,0,0,0,1,0
38,10,32,10,2,minhop-mesh,1,1,1,1,"[[32, 10]]","[32, 10]",0,0,3.5968,0,0,0,1,0
38,10,32,10,2,meshcore-like,1,1,1,1,"[[32, 10]]","[32, 10]",0,0,3.5968,0,0,0,1,0
38,11,17,18,2,meshecho,1,1,1,2,"[[17, 42, 18], [17, 48, 18]]","[17, 42, 18]",1,1,3.812608,0,0,0,1,1
38,11,17,18,2,etx-mesh,1,1,1,2,"[[17, 42, 18], [17, 48, 18]]","[17, 42, 18]",1,1,3.812608,0,0,0,1,1
38,11,17,18,2,minhop-mesh,1,1,1,2,"[[17, 42, 18], [17, 48, 18]]","[17, 42, 18]",1,1,3.812608,0,0,0,1,1
38,11,17,18,2,meshcore-like,1,1,1,2,"[[17, 42, 18], [17, 48, 18]]","[17, 42, 18]",1,1,3.812608,0,0,0,1,1
38,12,37,48,2,meshecho,1,1,1,1,"[[37, 18, 48]]","[37, 18, 48]",1,1,3.95648,0,0,0,1,0
38,12,37,48,2,etx-mesh,1,1,1,1,"[[37, 18, 48]]","[37, 18, 48]",1,1,3.95648,0,0,0,1,0
38,12,37,48,2,minhop-mesh,1,1,1,1,"[[37, 18, 48]]","[37, 18, 48]",1,1,3.95648,0,0,0,1,0
38,12,37,48,2,meshcore-like,1,1,1,1,"[[37, 18, 48]]","[37, 18, 48]",1,1,3.95648,0,0,0,1,0
38,13,10,4,2,meshecho,1,1,1,4,"[[10, 4], [10, 6, 8, 4], [10, 27, 15, 4], [10, 44, 4]]","[10, 44, 4]",1,1,3.95648,0,0,0,1,1
38,13,10,4,2,etx-mesh,1,1,1,4,"[[10, 4], [10, 6, 8, 4], [10, 27, 15, 4], [10, 44, 4]]","[10, 4]",1,1,3.740672,0,0,0,1,1
38,13,10,4,2,minhop-mesh,1,1,1,4,"[[10, 4], [10, 6, 8, 4], [10, 27, 15, 4], [10, 44, 4]]","[10, 4]",1,1,3.740672,0,0,0,1,1
38,13,10,4,2,meshcore-like,1,1,1,4,"[[10, 4], [10, 6, 8, 4], [10, 27, 15, 4], [10, 44, 4]]","[10, 4]",1,1,3.740672,0,0,0,1,1
38,14,20,4,2,meshecho,1,1,1,4,"[[20, 4], [20, 22, 24, 4], [20, 33, 43, 4], [20, 44, 4]]","[20, 44, 4]",1,1,3.95648,0,0,0,1,1
38,14,20,4,2,etx-mesh,1,1,1,4,"[[20, 4], [20, 22, 24, 4], [20, 33, 43, 4], [20, 44, 4]]","[20, 4]",1,1,3.740672,0,0,0,1,1
38,14,20,4,2,minhop-mesh,1,1,1,4,"[[20, 4], [20, 22, 24, 4], [20, 33, 43, 4], [20, 44, 4]]","[20, 4]",1,1,3.740672,0,0,0,1,1
38,14,20,4,2,meshcore-like,1,1,1,4,"[[20, 4], [20, 22, 24, 4], [20, 33, 43, 4], [20, 44, 4]]","[20, 4]",1,1,3.740672,0,0,0,1,1
38,15,6,16,2,meshecho,1,1,1,4,"[[6, 3, 9, 16], [6, 14, 16], [6, 16], [6, 18, 42, 16]]","[6, 14, 16]",1,1,3.95648,0,0,0,1,1
38,15,6,16,2,etx-mesh,1,1,1,4,"[[6, 3, 9, 16], [6, 14, 16], [6, 16], [6, 18, 42, 16]]","[6, 16]",0,0,3.5968,0,0,0,1,1
38,15,6,16,2,minhop-mesh,1,1,1,4,"[[6, 3, 9, 16], [6, 14, 16], [6, 16], [6, 18, 42, 16]]","[6, 16]",0,0,3.5968,0,0,0,1,1
38,15,6,16,2,meshcore-like,1,1,1,4,"[[6, 3, 9, 16], [6, 14, 16], [6, 16], [6, 18, 42, 16]]","[6, 16]",0,0,3.5968,0,0,0,1,1
38,16,45,9,2,meshecho,1,1,1,3,"[[45, 3, 9], [45, 9], [45, 14, 9]]","[45, 14, 9]",1,1,3.95648,0,0,0,1,1
38,16,45,9,2,etx-mesh,1,1,1,3,"[[45, 3, 9], [45, 9], [45, 14, 9]]","[45, 9]",1,1,3.740672,0,0,0,1,1
38,16,45,9,2,minhop-mesh,1,1,1,3,"[[45, 3, 9], [45, 9], [45, 14, 9]]","[45, 9]",1,1,3.740672,0,0,0,1,1
38,16,45,9,2,meshcore-like,1,1,1,3,"[[45, 3, 9], [45, 9], [45, 14, 9]]","[45, 9]",1,1,3.740672,0,0,0,1,1
38,17,48,29,2,meshecho,1,1,1,3,"[[48, 0, 29], [48, 29], [48, 41, 29]]","[48, 41, 29]",0,0,3.740672,0,0,0,1,1
38,17,48,29,2,etx-mesh,1,1,1,3,"[[48, 0, 29], [48, 29], [48, 41, 29]]","[48, 29]",0,0,3.5968,0,0,0,1,1
38,17,48,29,2,minhop-mesh,1,1,1,3,"[[48, 0, 29], [48, 29], [48, 41, 29]]","[48, 29]",0,0,3.5968,0,0,0,1,1
38,17,48,29,2,meshcore-like,1,1,1,3,"[[48, 0, 29], [48, 29], [48, 41, 29]]","[48, 29]",0,0,3.5968,0,0,0,1,1
38,18,39,13,2,meshecho,1,1,1,3,"[[39, 21, 8, 13], [39, 21, 13], [39, 44, 4, 13]]","[39, 21, 13]",1,1,3.95648,0,0,0,1,1
38,18,39,13,2,etx-mesh,1,1,1,3,"[[39, 21, 8, 13], [39, 21, 13], [39, 44, 4, 13]]","[39, 21, 13]",1,1,3.95648,0,0,0,1,1
38,18,39,13,2,minhop-mesh,1,1,1,3,"[[39, 21, 8, 13], [39, 21, 13], [39, 44, 4, 13]]","[39, 21, 13]",1,1,3.95648,0,0,0,1,1
38,18,39,13,2,meshcore-like,1,1,1,3,"[[39, 21, 8, 13], [39, 21, 13], [39, 44, 4, 13]]","[39, 21, 13]",1,1,3.95648,0,0,0,1,1
38,19,49,25,2,meshecho,1,1,1,1,"[[49, 39, 25]]","[49, 39, 25]",0,0,3.740672,0,0,0,1,0
38,19,49,25,2,etx-mesh,1,1,1,1,"[[49, 39, 25]]","[49, 39, 25]",0,0,3.740672,0,0,0,1,0
38,19,49,25,2,minhop-mesh,1,1,1,1,"[[49, 39, 25]]","[49, 39, 25]",0,0,3.740672,0,0,0,1,0
38,19,49,25,2,meshcore-like,1,1,1,1,"[[49, 39, 25]]","[49, 39, 25]",0,0,3.740672,0,0,0,1,0
38,20,30,26,2,meshecho,1,1,1,4,"[[30, 9, 14, 26], [30, 20, 26], [30, 26], [30, 49, 48, 26]]","[30, 20, 26]",1,1,3.95648,0,0,0,1,1
38,20,30,26,2,etx-mesh,1,1,1,4,"[[30, 9, 14, 26], [30, 20, 26], [30, 26], [30, 49, 48, 26]]","[30, 26]",0,0,3.5968,0,0,0,1,1
38,20,30,26,2,minhop-mesh,1,1,1,4,"[[30, 9, 14, 26], [30, 20, 26], [30, 26], [30, 49, 48, 26]]","[30, 26]",0,0,3.5968,0,0,0,1,1
38,20,30,26,2,meshcore-like,1,1,1,4,"[[30, 9, 14, 26], [30, 20, 26], [30, 26], [30, 49, 48, 26]]","[30, 26]",0,0,3.5968,0,0,0,1,1
38,21,30,48,2,meshecho,1,1,1,7,"[[30, 7, 47, 48], [30, 9, 14, 48], [30, 10, 25, 48], [30, 18, 48], [30, 22, 48], [30, 36, 48], [30, 42, 48]]","[30, 18, 48]",1,1,3.95648,0,0,0,1,1
38,21,30,48,2,etx-mesh,1,1,1,7,"[[30, 7, 47, 48], [30, 9, 14, 48], [30, 10, 25, 48], [30, 18, 48], [30, 22, 48], [30, 36, 48], [30, 42, 48]]","[30, 42, 48]",1,1,3.95648,0,0,0,1,1
38,21,30,48,2,minhop-mesh,1,1,1,7,"[[30, 7, 47, 48], [30, 9, 14, 48], [30, 10, 25, 48], [30, 18, 48], [30, 22, 48], [30, 36, 48], [30, 42, 48]]","[30, 18, 48]",1,1,3.95648,0,0,0,1,1
38,21,30,48,2,meshcore-like,1,1,1,7,"[[30, 7, 47, 48], [30, 9, 14, 48], [30, 10, 25, 48], [30, 18, 48], [30, 22, 48], [30, 36, 48], [30, 42, 48]]","[30, 18, 48]",1,1,3.95648,0,0,0,1,1
38,22,20,42,2,meshecho,1,1,1,8,"[[20, 0, 42], [20, 5, 42], [20, 18, 42], [20, 22, 42], [20, 34, 24, 42], [20, 42], [20, 47, 43, 42], [20, 48, 42]]","[20, 18, 42]",1,1,3.95648,0,0,0,1,1
38,22,20,42,2,etx-mesh,1,1,1,8,"[[20, 0, 42], [20, 5, 42], [20, 18, 42], [20, 22, 42], [20, 34, 24, 42], [20, 42], [20, 47, 43, 42], [20, 48, 42]]","[20, 42]",0,0,3.668736,0,0,0,1,1
38,22,20,42,2,minhop-mesh,1,1,1,8,"[[20, 0, 42], [20, 5, 42], [20, 18, 42], [20, 22, 42], [20, 34, 24, 42], [20, 42], [20, 47, 43, 42], [20, 48, 42]]","[20, 42]",0,0,3.668736,0,0,0,1,1
38,22,20,42,2,meshcore-like,1,1,1,8,"[[20, 0, 42], [20, 5, 42], [20, 18, 42], [20, 22, 42], [20, 34, 24, 42], [20, 42], [20, 47, 43, 42], [20, 48, 42]]","[20, 42]",0,0,3.668736,0,0,0,1,1
38,23,14,30,2,meshecho,1,1,1,4,"[[14, 1, 30], [14, 17, 30], [14, 30], [14, 31, 30]]","[14, 17, 30]",1,1,3.95648,0,0,0,1,1
38,23,14,30,2,etx-mesh,1,1,1,4,"[[14, 1, 30], [14, 17, 30], [14, 30], [14, 31, 30]]","[14, 1, 30]",1,1,3.95648,0,0,0,1,1
38,23,14,30,2,minhop-mesh,1,1,1,4,"[[14, 1, 30], [14, 17, 30], [14, 30], [14, 31, 30]]","[14, 30]",1,1,3.740672,0,0,0,1,1
38,23,14,30,2,meshcore-like,1,1,1,4,"[[14, 1, 30], [14, 17, 30], [14, 30], [14, 31, 30]]","[14, 30]",1,1,3.740672,0,0,0,1,1
38,24,18,31,2,meshecho,1,1,1,3,"[[18, 27, 31], [18, 31], [18, 37, 31]]","[18, 37, 31]",1,1,3.95648,0,0,0,1,1
38,24,18,31,2,etx-mesh,1,1,1,3,"[[18, 27, 31], [18, 31], [18, 37, 31]]","[18, 31]",1,1,3.740672,0,0,0,1,1
38,24,18,31,2,minhop-mesh,1,1,1,3,"[[18, 27, 31], [18, 31], [18, 37, 31]]","[18, 31]",1,1,3.740672,0,0,0,1,1
38,24,18,31,2,meshcore-like,1,1,1,3,"[[18, 27, 31], [18, 31], [18, 37, 31]]","[18, 31]",1,1,3.740672,0,0,0,1,1
39,1,46,14,2,meshecho,1,1,1,6,"[[46, 1, 14], [46, 10, 14], [46, 14], [46, 17, 14], [46, 48, 11, 14], [46, 48, 14]]","[46, 17, 14]",0,0,3.740672,0,0,0,1,1
39,1,46,14,2,etx-mesh,1,1,1,6,"[[46, 1, 14], [46, 10, 14], [46, 14], [46, 17, 14], [46, 48, 11, 14], [46, 48, 14]]","[46, 14]",0,0,3.5968,0,0,0,1,1
39,1,46,14,2,minhop-mesh,1,1,1,6,"[[46, 1, 14], [46, 10, 14], [46, 14], [46, 17, 14], [46, 48, 11, 14], [46, 48, 14]]","[46, 14]",0,0,3.5968,0,0,0,1,1
39,1,46,14,2,meshcore-like,1,1,1,6,"[[46, 1, 14], [46, 10, 14], [46, 14], [46, 17, 14], [46, 48, 11, 14], [46, 48, 14]]","[46, 14]",0,0,3.5968,0,0,0,1,1
39,2,42,40,2,meshecho,1,1,1,6,"[[42, 0, 40], [42, 2, 23, 40], [42, 26, 40], [42, 30, 40], [42, 35, 16, 40], [42, 40]]","[42, 26, 40]",1,1,3.95648,0,0,0,1,1
39,2,42,40,2,etx-mesh,1,1,1,6,"[[42, 0, 40], [42, 2, 23, 40], [42, 26, 40], [42, 30, 40], [42, 35, 16, 40], [42, 40]]","[42, 40]",1,1,3.740672,0,0,0,1,1
39,2,42,40,2,minhop-mesh,1,1,1,6,"[[42, 0, 40], [42, 2, 23, 40], [42, 26, 40], [42, 30, 40], [42, 35, 16, 40], [42, 40]]","[42, 40]",1,1,3.740672,0,0,0,1,1
39,2,42,40,2,meshcore-like,1,1,1,6,"[[42, 0, 40], [42, 2, 23, 40], [42, 26, 40], [42, 30, 40], [42, 35, 16, 40], [42, 40]]","[42, 40]",1,1,3.740672,0,0,0,1,1
39,3,4,16,2,meshecho,1,1,1,2,"[[4, 42, 5, 16], [4, 48, 16]]","[4, 48, 16]",1,1,3.95648,0,0,0,1,1
39,3,4,16,2,etx-mesh,1,1,1,2,"[[4, 42, 5, 16], [4, 48, 16]]","[4, 48, 16]",1,1,3.95648,0,0,0,1,1
39,3,4,16,2,minhop-mesh,1,1,1,2,"[[4, 42, 5, 16], [4, 48, 16]]","[4, 48, 16]",1,1,3.95648,0,0,0,1,1
39,3,4,16,2,meshcore-like,1,1,1,2,"[[4, 42, 5, 16], [4, 48, 16]]","[4, 48, 16]",1,1,3.95648,0,0,0,1,1
39,4,8,39,2,meshecho,1,1,1,7,"[[8, 5, 42, 39], [8, 12, 44, 39], [8, 13, 39], [8, 15, 39], [8, 18, 17, 39], [8, 18, 39], [8, 18, 43, 39]]","[8, 13, 39]",0,0,3.740672,0,0,0,1,1
39,4,8,39,2,etx-mesh,1,1,1,7,"[[8, 5, 42, 39], [8, 12, 44, 39], [8, 13, 39], [8, 15, 39], [8, 18, 17, 39], [8, 18, 39], [8, 18, 43, 39]]","[8, 13, 39]",0,0,3.740672,0,0,0,1,1
39,4,8,39,2,minhop-mesh,1,1,1,7,"[[8, 5, 42, 39], [8, 12, 44, 39], [8, 13, 39], [8, 15, 39], [8, 18, 17, 39], [8, 18, 39], [8, 18, 43, 39]]","[8, 13, 39]",0,0,3.740672,0,0,0,1,1
39,4,8,39,2,meshcore-like,1,1,1,7,"[[8, 5, 42, 39], [8, 12, 44, 39], [8, 13, 39], [8, 15, 39], [8, 18, 17, 39], [8, 18, 39], [8, 18, 43, 39]]","[8, 13, 39]",0,0,3.740672,0,0,0,1,1
39,5,2,3,2,meshecho,1,1,1,5,"[[2, 3], [2, 15, 13, 3], [2, 22, 3], [2, 24, 3], [2, 38, 3]]","[2, 22, 3]",1,1,3.95648,0,0,0,1,1
39,5,2,3,2,etx-mesh,1,1,1,5,"[[2, 3], [2, 15, 13, 3], [2, 22, 3], [2, 24, 3], [2, 38, 3]]","[2, 3]",0,0,3.5968,0,0,0,1,1
39,5,2,3,2,minhop-mesh,1,1,1,5,"[[2, 3], [2, 15, 13, 3], [2, 22, 3], [2, 24, 3], [2, 38, 3]]","[2, 3]",0,0,3.5968,0,0,0,1,1
39,5,2,3,2,meshcore-like,1,1,1,5,"[[2, 3], [2, 15, 13, 3], [2, 22, 3], [2, 24, 3], [2, 38, 3]]","[2, 3]",0,0,3.5968,0,0,0,1,1
39,6,15,23,2,meshecho,1,1,1,6,"[[15, 0, 23], [15, 7, 23], [15, 28, 23], [15, 34, 23], [15, 37, 22, 23], [15, 40, 23]]","[15, 28, 23]",1,1,3.95648,0,0,0,1,1
39,6,15,23,2,etx-mesh,1,1,1,6,"[[15, 0, 23], [15, 7, 23], [15, 28, 23], [15, 34, 23], [15, 37, 22, 23], [15, 40, 23]]","[15, 0, 23]",1,1,3.95648,0,0,0,1,1
39,6,15,23,2,minhop-mesh,1,1,1,6,"[[15, 0, 23], [15, 7, 23], [15, 28, 23], [15, 34, 23], [15, 37, 22, 23], [15, 40, 23]]","[15, 28, 23]",1,1,3.95648,0,0,0,1,1
39,6,15,23,2,meshcore-like,1,1,1,6,"[[15, 0, 23], [15, 7, 23], [15, 28, 23], [15, 34, 23], [15, 37, 22, 23], [15, 40, 23]]","[15, 0, 23]",1,1,3.95648,0,0,0,1,1
39,7,18,28,2,meshecho,1,1,1,1,"[[18, 23, 28]]","[18, 23, 28]",1,1,3.95648,0,0,0,1,0
39,7,18,28,2,etx-mesh,1,1,1,1,"[[18, 23, 28]]","[18, 23, 28]",1,1,3.95648,0,0,0,1,0
39,7,18,28,2,minhop-mesh,1,1,1,1,"[[18, 23, 28]]","[18, 23, 28]",1,1,3.95648,0,0,0,1,0
39,7,18,28,2,meshcore-like,1,1,1,1,"[[18, 23, 28]]","[18, 23, 28]",1,1,3.95648,0,0,0,1,0
39,8,2,13,2,meshecho,1,1,1,2,"[[2, 15, 13], [2, 48, 13]]","[2, 15, 13]",1,1,3.95648,0,0,0,1,1
39,8,2,13,2,etx-mesh,1,1,1,2,"[[2, 15, 13], [2, 48, 13]]","[2, 48, 13]",1,1,3.95648,0,0,0,1,1
39,8,2,13,2,minhop-mesh,1,1,1,2,"[[2, 15, 13], [2, 48, 13]]","[2, 15, 13]",1,1,3.95648,0,0,0,1,1
39,8,2,13,2,meshcore-like,1,1,1,2,"[[2, 15, 13], [2, 48, 13]]","[2, 15, 13]",1,1,3.95648,0,0,0,1,1
39,9,27,28,2,meshecho,1,1,1,1,"[[27, 40, 28]]","[27, 40, 28]",0,0,3.5968,0,0,0,1,0
39,9,27,28,2,etx-mesh,1,1,1,1,"[[27, 40, 28]]","[27, 40, 28]",0,0,3.5968,0,0,0,1,0
39,9,27,28,2,minhop-mesh,1,1,1,1,"[[27, 40, 28]]","[27, 40, 28]",0,0,3.5968,0,0,0,1,0
39,9,27,28,2,meshcore-like,1,1,1,1,"[[27, 40, 28]]","[27, 40, 28]",0,0,3.5968,0,0,0,1,0
39,10,24,7,2,meshecho,1,1,1,1,"[[24, 7]]","[24, 7]",1,1,3.740672,0,0,0,1,0
39,10,24,7,2,etx-mesh,1,1,1,1,"[[24, 7]]","[24, 7]",1,1,3.740672,0,0,0,1,0
39,10,24,7,2,minhop-mesh,1,1,1,1,"[[24, 7]]","[24, 7]",1,1,3.740672,0,0,0,1,0
39,10,24,7,2,meshcore-like,1,1,1,1,"[[24, 7]]","[24, 7]",1,1,3.740672,0,0,0,1,0
39,11,45,48,2,meshecho,1,1,1,4,"[[45, 11, 48], [45, 14, 48], [45, 21, 48], [45, 49, 48]]","[45, 11, 48]",0,0,3.740672,0,0,0,1,1
39,11,45,48,2,etx-mesh,1,1,1,4,"[[45, 11, 48], [45, 14, 48], [45, 21, 48], [45, 49, 48]]","[45, 11, 48]",0,0,3.740672,0,0,0,1,1
39,11,45,48,2,minhop-mesh,1,1,1,4,"[[45, 11, 48], [45, 14, 48], [45, 21, 48], [45, 49, 48]]","[45, 11, 48]",0,0,3.740672,0,0,0,1,1
39,11,45,48,2,meshcore-like,1,1,1,4,"[[45, 11, 48], [45, 14, 48], [45, 21, 48], [45, 49, 48]]","[45, 11, 48]",0,0,3.740672,0,0,0,1,1
39,12,39,23,2,meshecho,1,1,1,3,"[[39, 0, 2, 23], [39, 0, 23], [39, 7, 23]]","[39, 0, 23]",0,0,3.5968,0,0,0,1,1
39,12,39,23,2,etx-mesh,1,1,1,3,"[[39, 0, 2, 23], [39, 0, 23], [39, 7, 23]]","[39, 0, 23]",0,0,3.5968,0,0,0,1,1
39,12,39,23,2,minhop-mesh,1,1,1,3,"[[39, 0, 2, 23], [39, 0, 23], [39, 7, 23]]","[39, 0, 23]",0,0,3.5968,0,0,0,1,1
39,12,39,23,2,meshcore-like,1,1,1,3,"[[39, 0, 2, 23], [39, 0, 23], [39, 7, 23]]","[39, 0, 23]",0,0,3.5968,0,0,0,1,1
39,13,22,23,2,meshecho,1,1,1,5,"[[22, 23], [22, 26, 36, 23], [22, 29, 23], [22, 40, 8, 23], [22, 40, 23]]","[22, 29, 23]",0,0,3.740672,0,0,0,1,1
39,13,22,23,2,etx-mesh,1,1,1,5,"[[22, 23], [22, 26, 36, 23], [22, 29, 23], [22, 40, 8, 23], [22, 40, 23]]","[22, 23]",1,0,3.740672,0,0,0,1,1
39,13,22,23,2,minhop-mesh,1,1,1,5,"[[22, 23], [22, 26, 36, 23], [22, 29, 23], [22, 40, 8, 23], [22, 40, 23]]","[22, 23]",1,0,3.740672,0,0,0,1,1
39,13,22,23,2,meshcore-like,1,1,1,5,"[[22, 23], [22, 26, 36, 23], [22, 29, 23], [22, 40, 8, 23], [22, 40, 23]]","[22, 23]",1,0,3.740672,0,0,0,1,1
39,14,13,30,2,meshecho,1,1,1,1,"[[13, 35, 30]]","[13, 35, 30]",1,1,3.95648,0,0,0,1,0
39,14,13,30,2,etx-mesh,1,1,1,1,"[[13, 35, 30]]","[13, 35, 30]",1,1,3.95648,0,0,0,1,0
39,14,13,30,2,minhop-mesh,1,1,1,1,"[[13, 35, 30]]","[13, 35, 30]",1,1,3.95648,0,0,0,1,0
39,14,13,30,2,meshcore-like,1,1,1,1,"[[13, 35, 30]]","[13, 35, 30]",1,1,3.95648,0,0,0,1,0
39,15,4,15,2,meshecho,1,1,1,4,"[[4, 13, 15], [4, 15], [4, 17, 5, 15], [4, 17, 15]]","[4, 17, 15]",1,1,3.95648,0,0,0,1,1
39,15,4,15,2,etx-mesh,1,1,1,4,"[[4, 13, 15], [4, 15], [4, 17, 5, 15], [4, 17, 15]]","[4, 15]",0,0,3.5968,0,0,0,1,1
39,15,4,15,2,minhop-mesh,1,1,1,4,"[[4, 13, 15], [4, 15], [4, 17, 5, 15], [4, 17, 15]]","[4, 15]",0,0,3.5968,0,0,0,1,1
39,15,4,15,2,meshcore-like,1,1,1,4,"[[4, 13, 15], [4, 15], [4, 17, 5, 15], [4, 17, 15]]","[4, 15]",0,0,3.5968,0,0,0,1,1
39,16,2,49,2,meshecho,1,1,1,2,"[[2, 21, 13, 49], [2, 35, 39, 49]]","[2, 21, 13, 49]",1,1,4.172288,0,0,0,1,1
39,16,2,49,2,etx-mesh,1,1,1,2,"[[2, 21, 13, 49], [2, 35, 39, 49]]","[2, 21, 13, 49]",1,1,4.172288,0,0,0,1,1
39,16,2,49,2,minhop-mesh,1,1,1,2,"[[2, 21, 13, 49], [2, 35, 39, 49]]","[2, 21, 13, 49]",1,1,4.172288,0,0,0,1,1
39,16,2,49,2,meshcore-like,1,1,1,2,"[[2, 21, 13, 49], [2, 35, 39, 49]]","[2, 21, 13, 49]",1,1,4.172288,0,0,0,1,1
39,17,42,8,2,meshecho,1,1,1,6,"[[42, 7, 16, 8], [42, 30, 8], [42, 34, 8], [42, 34, 23, 8], [42, 35, 8], [42, 40, 8]]","[42, 30, 8]",0,0,3.5968,0,0,0,1,1
39,17,42,8,2,etx-mesh,1,1,1,6,"[[42, 7, 16, 8], [42, 30, 8], [42, 34, 8], [42, 34, 23, 8], [42, 35, 8], [42, 40, 8]]","[42, 35, 8]",0,0,3.5968,0,0,0,1,1
39,17,42,8,2,minhop-mesh,1,1,1,6,"[[42, 7, 16, 8], [42, 30, 8], [42, 34, 8], [42, 34, 23, 8], [42, 35, 8], [42, 40, 8]]","[42, 30, 8]",0,0,3.5968,0,0,0,1,1
39,17,42,8,2,meshcore-like,1,1,1,6,"[[42, 7, 16, 8], [42, 30, 8], [42, 34, 8], [42, 34, 23, 8], [42, 35, 8], [42, 40, 8]]","[42, 30, 8]",0,0,3.5968,0,0,0,1,1
39,18,49,44,2,meshecho,1,1,1,5,"[[49, 12, 44], [49, 23, 29, 44], [49, 33, 4, 44], [49, 33, 44], [49, 45, 44]]","[49, 12, 44]",1,1,3.95648,0,0,0,1,1
39,18,49,44,2,etx-mesh,1,1,1,5,"[[49, 12, 44], [49, 23, 29, 44], [49, 33, 4, 44], [49, 33, 44], [49, 45, 44]]","[49, 33, 44]",1,1,3.95648,0,0,0,1,1
39,18,49,44,2,minhop-mesh,1,1,1,5,"[[49, 12, 44], [49, 23, 29, 44], [49, 33, 4, 44], [49, 33, 44], [49, 45, 44]]","[49, 12, 44]",1,1,3.95648,0,0,0,1,1
39,18,49,44,2,meshcore-like,1,1,1,5,"[[49, 12, 44], [49, 23, 29, 44], [49, 33, 4, 44], [49, 33, 44], [49, 45, 44]]","[49, 12, 44]",1,1,3.95648,0,0,0,1,1
39,19,13,45,2,meshecho,1,1,1,2,"[[13, 12, 45], [13, 45]]","[13, 12, 45]",1,1,3.884544,0,0,0,1,1
39,19,13,45,2,etx-mesh,1,1,1,2,"[[13, 12, 45], [13, 45]]","[13, 45]",1,1,3.668736,0,0,0,1,1
39,19,13,45,2,minhop-mesh,1,1,1,2,"[[13, 12, 45], [13, 45]]","[13, 45]",1,1,3.668736,0,0,0,1,1
39,19,13,45,2,meshcore-like,1,1,1,2,"[[13, 12, 45], [13, 45]]","[13, 45]",1,1,3.668736,0,0,0,1,1
39,20,8,22,2,meshecho,1,1,1,7,"[[8, 3, 22], [8, 12, 44, 22], [8, 26, 39, 22], [8, 27, 22], [8, 32, 17, 22], [8, 37, 22], [8, 38, 42, 22]]","[8, 3, 22]",0,0,3.740672,0,0,0,1,1
39,20,8,22,2,etx-mesh,1,1,1,7,"[[8, 3, 22], [8, 12, 44, 22], [8, 26, 39, 22], [8, 27, 22], [8, 32, 17, 22], [8, 37, 22], [8, 38, 42, 22]]","[8, 3, 22]",0,0,3.740672,0,0,0,1,1
39,20,8,22,2,minhop-mesh,1,1,1,7,"[[8, 3, 22], [8, 12, 44, 22], [8, 26, 39, 22], [8, 27, 22], [8, 32, 17, 22], [8, 37, 22], [8, 38, 42, 22]]","[8, 3, 22]",0,0,3.740672,0,0,0,1,1
39,20,8,22,2,meshcore-like,1,1,1,7,"[[8, 3, 22], [8, 12, 44, 22], [8, 26, 39, 22], [8, 27, 22], [8, 32, 17, 22], [8, 37, 22], [8, 38, 42, 22]]","[8, 3, 22]",0,0,3.740672,0,0,0,1,1
39,21,35,19,2,meshecho,1,1,1,3,"[[35, 22, 19], [35, 37, 19], [35, 46, 19]]","[35, 46, 19]",1,1,3.95648,0,0,0,1,1
39,21,35,19,2,etx-mesh,1,1,1,3,"[[35, 22, 19], [35, 37, 19], [35, 46, 19]]","[35, 37, 19]",1,1,3.95648,0,0,0,1,1
39,21,35,19,2,minhop-mesh,1,1,1,3,"[[35, 22, 19], [35, 37, 19], [35, 46, 19]]","[35, 46, 19]",1,1,3.95648,0,0,0,1,1
39,21,35,19,2,meshcore-like,1,1,1,3,"[[35, 22, 19], [35, 37, 19], [35, 46, 19]]","[35, 22, 19]",0,0,3.740672,0,0,0,1,1
39,22,8,42,2,meshecho,1,1,1,5,"[[8, 3, 22, 42], [8, 5, 42], [8, 14, 42], [8, 15, 42], [8, 33, 29, 42]]","[8, 5, 42]",1,1,3.95648,0,0,0,1,1
39,22,8,42,2,etx-mesh,1,1,1,5,"[[8, 3, 22, 42], [8, 5, 42], [8, 14, 42], [8, 15, 42], [8, 33, 29, 42]]","[8, 5, 42]",1,1,3.95648,0,0,0,1,1
39,22,8,42,2,minhop-mesh,1,1,1,5,"[[8, 3, 22, 42], [8, 5, 42], [8, 14, 42], [8, 15, 42], [8, 33, 29, 42]]","[8, 5, 42]",1,1,3.95648,0,0,0,1,1
39,22,8,42,2,meshcore-like,1,1,1,5,"[[8, 3, 22, 42], [8, 5, 42], [8, 14, 42], [8, 15, 42], [8, 33, 29, 42]]","[8, 5, 42]",1,1,3.95648,0,0,0,1,1
39,23,17,29,2,meshecho,1,1,1,5,"[[17, 0, 29], [17, 33, 29], [17, 40, 23, 29], [17, 44, 29], [17, 45, 29]]","[17, 44, 29]",1,1,3.95648,0,0,0,1,1
39,23,17,29,2,etx-mesh,1,1,1,5,"[[17, 0, 29], [17, 33, 29], [17, 40, 23, 29], [17, 44, 29], [17, 45, 29]]","[17, 0, 29]",1,1,3.95648,0,0,0,1,1
39,23,17,29,2,minhop-mesh,1,1,1,5,"[[17, 0, 29], [17, 33, 29], [17, 40, 23, 29], [17, 44, 29], [17, 45, 29]]","[17, 44, 29]",1,1,3.95648,0,0,0,1,1
39,23,17,29,2,meshcore-like,1,1,1,5,"[[17, 0, 29], [17, 33, 29], [17, 40, 23, 29], [17, 44, 29], [17, 45, 29]]","[17, 0, 29]",1,1,3.95648,0,0,0,1,1
39,24,8,29,2,meshecho,1,1,1,2,"[[8, 4, 44, 29], [8, 13, 42, 29]]","[8, 4, 44, 29]",1,1,4.172288,0,0,0,1,1
39,24,8,29,2,etx-mesh,1,1,1,2,"[[8, 4, 44, 29], [8, 13, 42, 29]]","[8, 13, 42, 29]",0,0,3.5968,0,0,0,1,1
39,24,8,29,2,minhop-mesh,1,1,1,2,"[[8, 4, 44, 29], [8, 13, 42, 29]]","[8, 4, 44, 29]",1,1,4.172288,0,0,0,1,1
39,24,8,29,2,meshcore-like,1,1,1,2,"[[8, 4, 44, 29], [8, 13, 42, 29]]","[8, 4, 44, 29]",1,1,4.172288,0,0,0,1,1
40,1,12,3,2,meshecho,1,1,1,9,"[[12, 8, 3], [12, 15, 3], [12, 16, 3], [12, 16, 36, 3], [12, 17, 3], [12, 18, 47, 3], [12, 22, 13, 3], [12, 22, 19, 3], [12, 22, 44, 3]]","[12, 15, 3]",0,0,3.668736,0,0,0,1,1
40,1,12,3,2,etx-mesh,1,1,1,9,"[[12, 8, 3], [12, 15, 3], [12, 16, 3], [12, 16, 36, 3], [12, 17, 3], [12, 18, 47, 3], [12, 22, 13, 3], [12, 22, 19, 3], [12, 22, 44, 3]]","[12, 16, 3]",0,0,3.740672,0,0,0,1,1
40,1,12,3,2,minhop-mesh,1,1,1,9,"[[12, 8, 3], [12, 15, 3], [12, 16, 3], [12, 16, 36, 3], [12, 17, 3], [12, 18, 47, 3], [12, 22, 13, 3], [12, 22, 19, 3], [12, 22, 44, 3]]","[12, 15, 3]",0,0,3.668736,0,0,0,1,1
40,1,12,3,2,meshcore-like,1,1,1,9,"[[12, 8, 3], [12, 15, 3], [12, 16, 3], [12, 16, 36, 3], [12, 17, 3], [12, 18, 47, 3], [12, 22, 13, 3], [12, 22, 19, 3], [12, 22, 44, 3]]","[12, 8, 3]",0,0,3.668736,0,0,0,1,1
40,2,30,48,2,meshecho,1,1,1,4,"[[30, 1, 48], [30, 7, 47, 48], [30, 7, 48], [30, 18, 48]]","[30, 1, 48]",1,1,3.95648,0,0,0,1,1
40,2,30,48,2,etx-mesh,1,1,1,4,"[[30, 1, 48], [30, 7, 47, 48], [30, 7, 48], [30, 18, 48]]","[30, 1, 48]",1,1,3.95648,0,0,0,1,1
40,2,30,48,2,minhop-mesh,1,1,1,4,"[[30, 1, 48], [30, 7, 47, 48], [30, 7, 48], [30, 18, 48]]","[30, 1, 48]",1,1,3.95648,0,0,0,1,1
40,2,30,48,2,meshcore-like,1,1,1,4,"[[30, 1, 48], [30, 7, 47, 48], [30, 7, 48], [30, 18, 48]]","[30, 1, 48]",1,1,3.95648,0,0,0,1,1
40,3,23,29,2,meshecho,1,1,1,8,"[[23, 9, 29], [23, 15, 3, 29], [23, 15, 6, 29], [23, 15, 16, 29], [23, 15, 29], [23, 22, 13, 29], [23, 29], [23, 49, 29]]","[23, 49, 29]",1,1,3.95648,0,0,0,1,1
40,3,23,29,2,etx-mesh,1,1,1,8,"[[23, 9, 29], [23, 15, 3, 29], [23, 15, 6, 29], [23, 15, 16, 29], [23, 15, 29], [23, 22, 13, 29], [23, 29], [23, 49, 29]]","[23, 29]",0,0,3.5968,0,0,0,1,1
40,3,23,29,2,minhop-mesh,1,1,1,8,"[[23, 9, 29], [23, 15, 3, 29], [23, 15, 6, 29], [23, 15, 16, 29], [23, 15, 29], [23, 22, 13, 29], [23, 29], [23, 49, 29]]","[23, 29]",0,0,3.5968,0,0,0,1,1
40,3,23,29,2,meshcore-like,1,1,1,8,"[[23, 9, 29], [23, 15, 3, 29], [23, 15, 6, 29], [23, 15, 16, 29], [23, 15, 29], [23, 22, 13, 29], [23, 29], [23, 49, 29]]","[23, 29]",0,0,3.5968,0,0,0,1,1
40,4,39,46,2,meshecho,1,1,1,0,[],null,0,0,3.524864,0,1,0,1,0
40,4,39,46,2,etx-mesh,1,1,1,0,[],null,0,0,3.524864,0,1,0,1,0
40,4,39,46,2,minhop-mesh,1,1,1,0,[],null,0,0,3.524864,0,1,0,1,0
40,4,39,46,2,meshcore-like,1,1,1,0,[],null,0,0,3.524864,0,0,0,1,0
40,5,17,40,2,meshecho,1,1,1,6,"[[17, 0, 40], [17, 39, 41, 40], [17, 42, 5, 40], [17, 42, 27, 40], [17, 42, 40], [17, 45, 40]]","[17, 0, 40]",0,0,3.740672,0,0,0,1,1
40,5,17,40,2,etx-mesh,1,1,1,6,"[[17, 0, 40], [17, 39, 41, 40], [17, 42, 5, 40], [17, 42, 27, 40], [17, 42, 40], [17, 45, 40]]","[17, 0, 40]",0,0,3.740672,0,0,0,1,1
40,5,17,40,2,minhop-mesh,1,1,1,6,"[[17, 0, 40], [17, 39, 41, 40], [17, 42, 5, 40], [17, 42, 27, 40], [17, 42, 40], [17, 45, 40]]","[17, 0, 40]",0,0,3.740672,0,0,0,1,1
40,5,17,40,2,meshcore-like,1,1,1,6,"[[17, 0, 40], [17, 39, 41, 40], [17, 42, 5, 40], [17, 42, 27, 40], [17, 42, 40], [17, 45, 40]]","[17, 0, 40]",0,0,3.740672,0,0,0,1,1
40,6,40,22,2,meshecho,1,1,1,3,"[[40, 10, 44, 22], [40, 28, 36, 22], [40, 33, 9, 22]]","[40, 10, 44, 22]",0,0,3.812608,0,0,0,1,1
40,6,40,22,2,etx-mesh,1,1,1,3,"[[40, 10, 44, 22], [40, 28, 36, 22], [40, 33, 9, 22]]","[40, 10, 44, 22]",0,0,3.812608,0,0,0,1,1
40,6,40,22,2,minhop-mesh,1,1,1,3,"[[40, 10, 44, 22], [40, 28, 36, 22], [40, 33, 9, 22]]","[40, 10, 44, 22]",0,0,3.812608,0,0,0,1,1
40,6,40,22,2,meshcore-like,1,1,1,3,"[[40, 10, 44, 22], [40, 28, 36, 22], [40, 33, 9, 22]]","[40, 10, 44, 22]",0,0,3.812608,0,0,0,1,1
40,7,42,44,2,meshecho,1,1,1,6,"[[42, 7, 3, 44], [42, 13, 44], [42, 14, 10, 44], [42, 22, 44], [42, 24, 19, 44], [42, 24, 44]]","[42, 22, 44]",0,0,3.740672,0,0,0,1,1
40,7,42,44,2,etx-mesh,1,1,1,6,"[[42, 7, 3, 44], [42, 13, 44], [42, 14, 10, 44], [42, 22, 44], [42, 24, 19, 44], [42, 24, 44]]","[42, 22, 44]",0,0,3.740672,0,0,0,1,1
40,7,42,44,2,minhop-mesh,1,1,1,6,"[[42, 7, 3, 44], [42, 13, 44], [42, 14, 10, 44], [42, 22, 44], [42, 24, 19, 44], [42, 24, 44]]","[42, 22, 44]",0,0,3.740672,0,0,0,1,1
40,7,42,44,2,meshcore-like,1,1,1,6,"[[42, 7, 3, 44], [42, 13, 44], [42, 14, 10, 44], [42, 22, 44], [42, 24, 19, 44], [42, 24, 44]]","[42, 13, 44]",0,0,3.740672,0,0,0,1,1
40,8,23,46,2,meshecho,1,1,1,5,"[[23, 2, 21, 46], [23, 8, 6, 46], [23, 36, 16, 46], [23, 38, 13, 46], [23, 46]]","[23, 36, 16, 46]",0,0,3.668736,0,0,0,1,1
40,8,23,46,2,etx-mesh,1,1,1,5,"[[23, 2, 21, 46], [23, 8, 6, 46], [23, 36, 16, 46], [23, 38, 13, 46], [23, 46]]","[23, 46]",0,0,3.5968,0,0,0,1,1
40,8,23,46,2,minhop-mesh,1,1,1,5,"[[23, 2, 21, 46], [23, 8, 6, 46], [23, 36, 16, 46], [23, 38, 13, 46], [23, 46]]","[23, 46]",0,0,3.5968,0,0,0,1,1
40,8,23,46,2,meshcore-like,1,1,1,5,"[[23, 2, 21, 46], [23, 8, 6, 46], [23, 36, 16, 46], [23, 38, 13, 46], [23, 46]]","[23, 46]",0,0,3.5968,0,0,0,1,1
40,9,6,26,2,meshecho,1,1,1,6,"[[6, 0, 26], [6, 1, 26], [6, 19, 44, 26], [6, 27, 5, 26], [6, 27, 26], [6, 39, 41, 26]]","[6, 27, 26]",1,1,3.95648,0,0,0,1,1
40,9,6,26,2,etx-mesh,1,1,1,6,"[[6, 0, 26], [6, 1, 26], [6, 19, 44, 26], [6, 27, 5, 26], [6, 27, 26], [6, 39, 41, 26]]","[6, 1, 26]",1,1,3.95648,0,0,0,1,1
40,9,6,26,2,minhop-mesh,1,1,1,6,"[[6, 0, 26], [6, 1, 26], [6, 19, 44, 26], [6, 27, 5, 26], [6, 27, 26], [6, 39, 41, 26]]","[6, 27, 26]",1,1,3.95648,0,0,0,1,1
40,9,6,26,2,meshcore-like,1,1,1,6,"[[6, 0, 26], [6, 1, 26], [6, 19, 44, 26], [6, 27, 5, 26], [6, 27, 26], [6, 39, 41, 26]]","[6, 0, 26]",0,0,3.740672,0,0,0,1,1
40,10,30,36,2,meshecho,1,1,1,9,"[[30, 3, 16, 36], [30, 3, 36], [30, 8, 36], [30, 15, 36], [30, 17, 36], [30, 20, 47, 36], [30, 28, 6, 36], [30, 38, 21, 36], [30, 38, 49, 36]]","[30, 3, 36]",1,1,3.95648,0,0,0,1,1
40,10,30,36,2,etx-mesh,1,1,1,9,"[[30, 3, 16, 36], [30, 3, 36], [30, 8, 36], [30, 15, 36], [30, 17, 36], [30, 20, 47, 36], [30, 28, 6, 36], [30, 38, 21, 36], [30, 38, 49, 36]]","[30, 3, 36]",1,1,3.95648,0,0,0,1,1
40,10,30,36,2,minhop-mesh,1,1,1,9,"[[30, 3, 16, 36], [30, 3, 36], [30, 8, 36], [30, 15, 36], [30, 17, 36], [30, 20, 47, 36], [30, 28, 6, 36], [30, 38, 21, 36], [30, 38, 49, 36]]","[30, 3, 36]",1,1,3.95648,0,0,0,1,1
40,10,30,36,2,meshcore-like,1,1,1,9,"[[30, 3, 16, 36], [30, 3, 36], [30, 8, 36], [30, 15, 36], [30, 17, 36], [30, 20, 47, 36], [30, 28, 6, 36], [30, 38, 21, 36], [30, 38, 49, 36]]","[30, 3, 36]",1,1,3.95648,0,0,0,1,1
40,11,34,32,2,meshecho,1,1,1,6,"[[34, 21, 13, 32], [34, 21, 37, 32], [34, 24, 32], [34, 28, 32], [34, 32], [34, 33, 32]]","[34, 33, 32]",1,1,3.95648,0,0,0,1,1
40,11,34,32,2,etx-mesh,1,1,1,6,"[[34, 21, 13, 32], [34, 21, 37, 32], [34, 24, 32], [34, 28, 32], [34, 32], [34, 33, 32]]","[34, 32]",0,0,3.5968,0,0,0,1,1
40,11,34,32,2,minhop-mesh,1,1,1,6,"[[34, 21, 13, 32], [34, 21, 37, 32], [34, 24, 32], [34, 28, 32], [34, 32], [34, 33, 32]]","[34, 32]",0,0,3.5968,0,0,0,1,1
40,11,34,32,2,meshcore-like,1,1,1,6,"[[34, 21, 13, 32], [34, 21, 37, 32], [34, 24, 32], [34, 28, 32], [34, 32], [34, 33, 32]]","[34, 32]",0,0,3.5968,0,0,0,1,1
40,12,48,39,2,meshecho,1,1,1,3,"[[48, 14, 39], [48, 27, 12, 39], [48, 41, 39]]","[48, 41, 39]",1,1,3.95648,0,0,0,1,1
40,12,48,39,2,etx-mesh,1,1,1,3,"[[48, 14, 39], [48, 27, 12, 39], [48, 41, 39]]","[48, 14, 39]",1,1,3.95648,0,0,0,1,1
40,12,48,39,2,minhop-mesh,1,1,1,3,"[[48, 14, 39], [48, 27, 12, 39], [48, 41, 39]]","[48, 41, 39]",1,1,3.95648,0,0,0,1,1
40,12,48,39,2,meshcore-like,1,1,1,3,"[[48, 14, 39], [48, 27, 12, 39], [48, 41, 39]]","[48, 14, 39]",1,1,3.95648,0,0,0,1,1
40,13,45,8,2,meshecho,1,1,1,9,"[[45, 3, 8], [45, 8], [45, 15, 8], [45, 16, 8], [45, 24, 38, 8], [45, 36, 6, 8], [45, 36, 8], [45, 46, 20, 8], [45, 49, 8]]","[45, 3, 8]",1,1,3.95648,0,0,0,1,1
40,13,45,8,2,etx-mesh,1,1,1,9,"[[45, 3, 8], [45, 8], [45, 15, 8], [45, 16, 8], [45, 24, 38, 8], [45, 36, 6, 8], [45, 36, 8], [45, 46, 20, 8], [45, 49, 8]]","[45, 8]",0,0,3.5968,0,0,0,1,1
40,13,45,8,2,minhop-mesh,1,1,1,9,"[[45, 3, 8], [45, 8], [45, 15, 8], [45, 16, 8], [45, 24, 38, 8], [45, 36, 6, 8], [45, 36, 8], [45, 46, 20, 8], [45, 49, 8]]","[45, 8]",0,0,3.5968,0,0,0,1,1
40,13,45,8,2,meshcore-like,1,1,1,9,"[[45, 3, 8], [45, 8], [45, 15, 8], [45, 16, 8], [45, 24, 38, 8], [45, 36, 6, 8], [45, 36, 8], [45, 46, 20, 8], [45, 49, 8]]","[45, 8]",0,0,3.5968,0,0,0,1,1
40,14,36,25,2,meshecho,1,1,1,5,"[[36, 9, 33, 25], [36, 25], [36, 31, 40, 25], [36, 39, 26, 25], [36, 42, 25]]","[36, 39, 26, 25]",0,0,3.5968,0,0,0,1,1
40,14,36,25,2,etx-mesh,1,1,1,5,"[[36, 9, 33, 25], [36, 25], [36, 31, 40, 25], [36, 39, 26, 25], [36, 42, 25]]","[36, 25]",0,0,3.5968,0,0,0,1,1
40,14,36,25,2,minhop-mesh,1,1,1,5,"[[36, 9, 33, 25], [36, 25], [36, 31, 40, 25], [36, 39, 26, 25], [36, 42, 25]]","[36, 25]",0,0,3.5968,0,0,0,1,1
40,14,36,25,2,meshcore-like,1,1,1,5,"[[36, 9, 33, 25], [36, 25], [36, 31, 40, 25], [36, 39, 26, 25], [36, 42, 25]]","[36, 25]",0,0,3.5968,0,0,0,1,1
40,15,38,45,2,meshecho,1,1,1,5,"[[38, 5, 45], [38, 23, 45], [38, 34, 1, 45], [38, 40, 45], [38, 45]]","[38, 5, 45]",1,1,3.95648,0,0,0,1,1
40,15,38,45,2,etx-mesh,1,1,1,5,"[[38, 5, 45], [38, 23, 45], [38, 34, 1, 45], [38, 40, 45], [38, 45]]","[38, 45]",0,0,3.668736,0,0,0,1,1
40,15,38,45,2,minhop-mesh,1,1,1,5,"[[38, 5, 45], [38, 23, 45], [38, 34, 1, 45], [38, 40, 45], [38, 45]]","[38, 45]",0,0,3.668736,0,0,0,1,1
40,15,38,45,2,meshcore-like,1,1,1,5,"[[38, 5, 45], [38, 23, 45], [38, 34, 1, 45], [38, 40, 45], [38, 45]]","[38, 45]",0,0,3.668736,0,0,0,1,1
40,16,25,13,2,meshecho,1,1,1,3,"[[25, 22, 13], [25, 38, 13], [25, 49, 8, 13]]","[25, 38, 13]",0,0,3.740672,0,0,0,1,1
40,16,25,13,2,etx-mesh,1,1,1,3,"[[25, 22, 13], [25, 38, 13], [25, 49, 8, 13]]","[25, 38, 13]",0,0,3.740672,0,0,0,1,1
40,16,25,13,2,minhop-mesh,1,1,1,3,"[[25, 22, 13], [25, 38, 13], [25, 49, 8, 13]]","[25, 38, 13]",0,0,3.740672,0,0,0,1,1
40,16,25,13,2,meshcore-like,1,1,1,3,"[[25, 22, 13], [25, 38, 13], [25, 49, 8, 13]]","[25, 22, 13]",0,0,3.740672,0,0,0,1,1
40,17,20,45,2,meshecho,1,1,1,4,"[[20, 5, 45], [20, 39, 41, 45], [20, 40, 45], [20, 45]]","[20, 5, 45]",1,1,3.95648,0,0,0,1,1
40,17,20,45,2,etx-mesh,1,1,1,4,"[[20, 5, 45], [20, 39, 41, 45], [20, 40, 45], [20, 45]]","[20, 45]",1,1,3.740672,0,0,0,1,1
40,17,20,45,2,minhop-mesh,1,1,1,4,"[[20, 5, 45], [20, 39, 41, 45], [20, 40, 45], [20, 45]]","[20, 45]",1,1,3.740672,0,0,0,1,1
40,17,20,45,2,meshcore-like,1,1,1,4,"[[20, 5, 45], [20, 39, 41, 45], [20, 40, 45], [20, 45]]","[20, 45]",1,1,3.740672,0,0,0,1,1
40,18,14,3,2,meshecho,1,1,1,5,"[[14, 2, 3], [14, 3], [14, 15, 3], [14, 16, 3], [14, 29, 49, 3]]","[14, 2, 3]",1,1,3.95648,0,0,0,1,1
40,18,14,3,2,etx-mesh,1,1,1,5,"[[14, 2, 3], [14, 3], [14, 15, 3], [14, 16, 3], [14, 29, 49, 3]]","[14, 3]",1,0,3.740672,0,0,0,1,1
40,18,14,3,2,minhop-mesh,1,1,1,5,"[[14, 2, 3], [14, 3], [14, 15, 3], [14, 16, 3], [14, 29, 49, 3]]","[14, 3]",1,0,3.740672,0,0,0,1,1
40,18,14,3,2,meshcore-like,1,1,1,5,"[[14, 2, 3], [14, 3], [14, 15, 3], [14, 16, 3], [14, 29, 49, 3]]","[14, 3]",1,0,3.740672,0,0,0,1,1
40,19,26,49,2,meshecho,1,1,1,8,"[[26, 9, 6, 49], [26, 9, 36, 49], [26, 9, 49], [26, 15, 49], [26, 17, 16, 49], [26, 22, 38, 49], [26, 29, 49], [26, 49]]","[26, 29, 49]",1,1,3.95648,0,0,0,1,1
40,19,26,49,2,etx-mesh,1,1,1,8,"[[26, 9, 6, 49], [26, 9, 36, 49], [26, 9, 49], [26, 15, 49], [26, 17, 16, 49], [26, 22, 38, 49], [26, 29, 49], [26, 49]]","[26, 49]",0,0,3.5968,0,0,0,1,1
40,19,26,49,2,minhop-mesh,1,1,1,8,"[[26, 9, 6, 49], [26, 9, 36, 49], [26, 9, 49], [26, 15, 49], [26, 17, 16, 49], [26, 22, 38, 49], [26, 29, 49], [26, 49]]","[26, 49]",0,0,3.5968,0,0,0,1,1
40,19,26,49,2,meshcore-like,1,1,1,8,"[[26, 9, 6, 49], [26, 9, 36, 49], [26, 9, 49], [26, 15, 49], [26, 17, 16, 49], [26, 22, 38, 49], [26, 29, 49], [26, 49]]","[26, 49]",0,0,3.5968,0,0,0,1,1
40,20,9,40,2,meshecho,1,1,1,2,"[[9, 5, 40], [9, 23, 40]]","[9, 5, 40]",1,1,3.95648,0,0,0,1,1
40,20,9,40,2,etx-mesh,1,1,1,2,"[[9, 5, 40], [9, 23, 40]]","[9, 23, 40]",1,1,3.95648,0,0,0,1,1
40,20,9,40,2,minhop-mesh,1,1,1,2,"[[9, 5, 40], [9, 23, 40]]","[9, 5, 40]",1,1,3.95648,0,0,0,1,1
40,20,9,40,2,meshcore-like,1,1,1,2,"[[9, 5, 40], [9, 23, 40]]","[9, 5, 40]",1,1,3.95648,0,0,0,1,1
40,21,26,47,2,meshecho,1,1,1,6,"[[26, 7, 47], [26, 8, 3, 47], [26, 8, 36, 47], [26, 17, 47], [26, 22, 37, 47], [26, 47]]","[26, 7, 47]",1,1,3.95648,0,0,0,1,1
40,21,26,47,2,etx-mesh,1,1,1,6,"[[26, 7, 47], [26, 8, 3, 47], [26, 8, 36, 47], [26, 17, 47], [26, 22, 37, 47], [26, 47]]","[26, 47]",0,0,3.5968,0,0,0,1,1
40,21,26,47,2,minhop-mesh,1,1,1,6,"[[26, 7, 47], [26, 8, 3, 47], [26, 8, 36, 47], [26, 17, 47], [26, 22, 37, 47], [26, 47]]","[26, 47]",0,0,3.5968,0,0,0,1,1
40,21,26,47,2,meshcore-like,1,1,1,6,"[[26, 7, 47], [26, 8, 3, 47], [26, 8, 36, 47], [26, 17, 47], [26, 22, 37, 47], [26, 47]]","[26, 47]",0,0,3.5968,0,0,0,1,1
40,22,14,16,2,meshecho,1,1,1,5,"[[14, 6, 16], [14, 6, 36, 16], [14, 15, 16], [14, 16], [14, 21, 16]]","[14, 6, 16]",1,1,3.95648,0,0,0,1,1
40,22,14,16,2,etx-mesh,1,1,1,5,"[[14, 6, 16], [14, 6, 36, 16], [14, 15, 16], [14, 16], [14, 21, 16]]","[14, 21, 16]",1,1,3.95648,0,0,0,1,1
40,22,14,16,2,minhop-mesh,1,1,1,5,"[[14, 6, 16], [14, 6, 36, 16], [14, 15, 16], [14, 16], [14, 21, 16]]","[14, 16]",0,0,3.5968,0,0,0,1,1
40,22,14,16,2,meshcore-like,1,1,1,5,"[[14, 6, 16], [14, 6, 36, 16], [14, 15, 16], [14, 16], [14, 21, 16]]","[14, 16]",0,0,3.5968,0,0,0,1,1
40,23,40,3,2,meshecho,1,1,1,8,"[[40, 3], [40, 4, 3], [40, 8, 3], [40, 13, 22, 3], [40, 15, 3], [40, 37, 6, 3], [40, 38, 3], [40, 38, 16, 3]]","[40, 8, 3]",1,1,3.95648,0,0,0,1,1
40,23,40,3,2,etx-mesh,1,1,1,8,"[[40, 3], [40, 4, 3], [40, 8, 3], [40, 13, 22, 3], [40, 15, 3], [40, 37, 6, 3], [40, 38, 3], [40, 38, 16, 3]]","[40, 3]",0,0,3.5968,0,0,0,1,1
40,23,40,3,2,minhop-mesh,1,1,1,8,"[[40, 3], [40, 4, 3], [40, 8, 3], [40, 13, 22, 3], [40, 15, 3], [40, 37, 6, 3], [40, 38, 3], [40, 38, 16, 3]]","[40, 3]",0,0,3.5968,0,0,0,1,1
40,23,40,3,2,meshcore-like,1,1,1,8,"[[40, 3], [40, 4, 3], [40, 8, 3], [40, 13, 22, 3], [40, 15, 3], [40, 37, 6, 3], [40, 38, 3], [40, 38, 16, 3]]","[40, 3]",0,0,3.5968,0,0,0,1,1
40,24,48,24,2,meshecho,1,1,1,9,"[[48, 5, 12, 24], [48, 9, 24], [48, 21, 13, 24], [48, 24], [48, 32, 24], [48, 37, 19, 24], [48, 38, 24], [48, 44, 10, 24], [48, 44, 24]]","[48, 44, 24]",0,0,3.668736,0,0,0,1,1
40,24,48,24,2,etx-mesh,1,1,1,9,"[[48, 5, 12, 24], [48, 9, 24], [48, 21, 13, 24], [48, 24], [48, 32, 24], [48, 37, 19, 24], [48, 38, 24], [48, 44, 10, 24], [48, 44, 24]]","[48, 9, 24]",1,1,3.95648,0,0,0,1,1
40,24,48,24,2,minhop-mesh,1,1,1,9,"[[48, 5, 12, 24], [48, 9, 24], [48, 21, 13, 24], [48, 24], [48, 32, 24], [48, 37, 19, 24], [48, 38, 24], [48, 44, 10, 24], [48, 44, 24]]","[48, 24]",0,0,3.5968,0,0,0,1,1
40,24,48,24,2,meshcore-like,1,1,1,9,"[[48, 5, 12, 24], [48, 9, 24], [48, 21, 13, 24], [48, 24], [48, 32, 24], [48, 37, 19, 24], [48, 38, 24], [48, 44, 10, 24], [48, 44, 24]]","[48, 24]",0,0,3.5968,0,0,0,1,1
