protocol,seed,duration_s,flows,unicast_flows,broadcast_flows,unicast_pdr,destination_unicast_pdr,broadcast_coverage,avg_delay_s,unicast_delivery_delay_s,unicast_ack_delay_s,p95_unicast_delivery_delay_s,p95_unicast_ack_delay_s,unicast_deliveries,unicast_acks,broadcast_deliveries,tx_count,data_tx,control_tx,ack_tx,total_airtime_s,channel_busy_time_s,channel_busy_ratio,tx_energy_j,rx_energy_j,total_energy_j,energy_per_delivery_j,airtime_per_delivery_s,mean_delivery_delay_s,rx_success,rx_fail,rx_attempts,packet_reception_ratio,collision_fail,collision_rate,duplicate_rx,suppressed_forwards,route_requests,route_replies,route_discovery_attempts,route_discovery_successes,route_cache_hits,route_cache_misses,fallback_forward_count,route_repair_count,mean_path_confidence,control_overhead_ratio,policy_switch_count,policy_update_count,policy_reward_total,active_profile_index,profile_lean_count,profile_balanced_count,profile_rescue_count,scenario,nodes,area_m,rate_per_min,traffic,pair_schedule,matched_rreq_timing,discovery_record_count,discovery_candidate_path_total,discovery_multi_candidate_count,discovery_candidate_fingerprints_json,discovery_records_json,scheduled_unicast_flows,scheduled_broadcast_flows,scheduled_distinct_unicast_pairs,observed_distinct_unicast_pairs,scheduled_rate_per_min,scheduled_trace_sha256,sf,path_loss_exp,random_pairs,pair_mode,edge_prr_threshold,min_graph_hops,max_graph_hops,candidate_pair_count,selected_pair_mean_graph_hops,independent_rng_streams,cached_route_count,multihop_cached_route_count,route_discovery_success_rate,rrep_rreq_tx_ratio,smart_max_timeout_retries,mean_cached_hops,direct_prr_p05,direct_prr_p25,direct_prr_p50,direct_prr_p75,direct_prr_p95,direct_prr_below_0_99,direct_prr_below_0_50
meshtastic-like,21,600.0,47,47,0,0.510638,1.0,0.0,0.411658,0.699019,0.411658,1.47897,1.51217,47,24,0,717,658,59,59,51.578112,29.420081,0.049033,20.424932,83.238697,103.66363,4.319318,2.149088,0.699019,9907,25226,35133,0.281986,22039,0.627302,6098,2157,0,0,0,0,0,0,0,0,0.0,0.082287,0,0,0.0,-1,0,0,0,icc2027_generalization_stale_fading,50,8250.0,4.0,unicast,poisson,0,0,0,0,[],[],47,0,4,4,4.7,3d196600934d97cbe00c45305cff21e787220ad127b6fe6cd359094dc09c5b5a,7,2.75,0,connected-multihop,0.9,2,4,4,2.0,1,0,0,0.0,0.0,0,0.0,0.4211618150512333,0.9974170576403413,0.9999885049868048,0.9999999739536434,0.9999999999999297,0.19020408163265307,0.05877551020408163
meshcore-like,21,600.0,47,47,0,0.170213,0.170213,0.0,0.402864,0.330928,0.402864,1.418694,1.49063,8,8,0,220,11,209,8,15.82592,6.56376,0.01094,6.267064,24.944958,31.212022,3.901503,1.97824,0.330928,1995,8785,10780,0.185065,7411,0.687477,854,0,196,5,4,1,10,37,0,0,0.0,0.95,0,0,0.0,-1,0,0,0,icc2027_generalization_stale_fading,50,8250.0,4.0,unicast,poisson,0,4,20,4,"[{""key"":[6,7,4],""candidate_count"":6,""sha256"":""803bfb50e9a6d862567141907988609efde431cd49293acc0ad7c039313b448f""},{""key"":[12,44,1],""candidate_count"":4,""sha256"":""d98abfe19869c7f862c3a4741a03a6de5d4d15de638067bd619bcd6c86e0e168""},{""key"":[42,14,3],""candidate_count"":5,""sha256"":""9345f1c3efc160a84b854fc9f033c12e978e0a174fcc79b4f8566858b59a61f3""},{""key"":[47,36,2],""candidate_count"":5,""sha256"":""0b067a67e95972cacd2e3f9b37c8fe718eeb33cdcea7861c8bae37c1d0a473a5""}]","[{""key"":[6,7,4],""started_at"":21.106849616615023,""closed_at"":23.106849616615023,""candidate_paths"":[[6,5,26,7],[6,7],[6,12,3,7],[6,34,7],[6,39,7],[6,41,7]],""selected_path"":[6,7]},{""key"":[12,44,1],""started_at"":1.0,""closed_at"":3.0,""candidate_paths"":[[12,22,13,44],[12,22,47,44],[12,33,44],[12,41,44]],""selected_path"":[12,33,44]},{""key"":[42,14,3],""started_at"":13.514616280510573,""closed_at"":15.514616280510573,""candidate_paths"":[[42,6,14],[42,10,14],[42,11,28,14],[42,25,14],[42,34,17,14]],""selected_path"":[42,6,14]},{""key"":[47,36,2],""started_at"":11.252605597196476,""closed_at"":13.252605597196476,""candidate_paths"":[[47,9,36],[47,15,36],[47,16,36],[47,41,1,36],[47,46,36]],""selected_path"":[47,9,36]}]",47,0,4,4,4.7,3d196600934d97cbe00c45305cff21e787220ad127b6fe6cd359094dc09c5b5a,7,2.75,0,connected-multihop,0.9,2,4,4,2.0,1,1,0,0.25,0.025510204081632654,0,1.0,0.4211618150512333,0.9974170576403413,0.9999885049868048,0.9999999739536434,0.9999999999999297,0.19020408163265307,0.05877551020408163
etx-mesh,21,600.0,47,47,0,0.340426,0.340426,0.0,0.345304,0.2374,0.345304,0.643872,0.76976,16,16,0,256,31,225,24,18.415616,9.085041,0.015142,7.292584,29.255677,36.548261,2.284266,1.150976,0.2374,3425,9119,12544,0.273039,7480,0.596301,828,0,196,5,4,2,21,26,0,0,0.371981,0.878906,0,0,0.0,-1,0,0,0,icc2027_generalization_stale_fading,50,8250.0,4.0,unicast,poisson,0,4,20,4,"[{""key"":[6,7,4],""candidate_count"":6,""sha256"":""803bfb50e9a6d862567141907988609efde431cd49293acc0ad7c039313b448f""},{""key"":[12,44,1],""candidate_count"":4,""sha256"":""d98abfe19869c7f862c3a4741a03a6de5d4d15de638067bd619bcd6c86e0e168""},{""key"":[42,14,3],""candidate_count"":5,""sha256"":""9345f1c3efc160a84b854fc9f033c12e978e0a174fcc79b4f8566858b59a61f3""},{""key"":[47,36,2],""candidate_count"":5,""sha256"":""0b067a67e95972cacd2e3f9b37c8fe718eeb33cdcea7861c8bae37c1d0a473a5""}]","[{""key"":[6,7,4],""started_at"":21.106849616615023,""closed_at"":23.106849616615023,""candidate_paths"":[[6,5,26,7],[6,7],[6,12,3,7],[6,34,7],[6,39,7],[6,41,7]],""selected_path"":[6,7]},{""key"":[12,44,1],""started_at"":1.0,""closed_at"":3.0,""candidate_paths"":[[12,22,13,44],[12,22,47,44],[12,33,44],[12,41,44]],""selected_path"":[12,33,44]},{""key"":[42,14,3],""started_at"":13.514616280510573,""closed_at"":15.514616280510573,""candidate_paths"":[[42,6,14],[42,10,14],[42,11,28,14],[42,25,14],[42,34,17,14]],""selected_path"":[42,10,14]},{""key"":[47,36,2],""started_at"":11.252605597196476,""closed_at"":13.252605597196476,""candidate_paths"":[[47,9,36],[47,15,36],[47,16,36],[47,41,1,36],[47,46,36]],""selected_path"":[47,16,36]}]",47,0,4,4,4.7,3d196600934d97cbe00c45305cff21e787220ad127b6fe6cd359094dc09c5b5a,7,2.75,0,connected-multihop,0.9,2,4,4,2.0,1,2,1,0.5,0.025510204081632654,0,1.5,0.4211618150512333,0.9974170576403413,0.9999885049868048,0.9999999739536434,0.9999999999999297,0.19020408163265307,0.05877551020408163
ett-mesh,21,600.0,47,47,0,0.340426,0.340426,0.0,0.345304,0.2374,0.345304,0.643872,0.76976,16,16,0,256,31,225,24,18.415616,9.085041,0.015142,7.292584,29.255677,36.548261,2.284266,1.150976,0.2374,3425,9119,12544,0.273039,7480,0.596301,828,0,196,5,4,2,21,26,0,0,0.865215,0.878906,0,0,0.0,-1,0,0,0,icc2027_generalization_stale_fading,50,8250.0,4.0,unicast,poisson,0,4,20,4,"[{""key"":[6,7,4],""candidate_count"":6,""sha256"":""803bfb50e9a6d862567141907988609efde431cd49293acc0ad7c039313b448f""},{""key"":[12,44,1],""candidate_count"":4,""sha256"":""d98abfe19869c7f862c3a4741a03a6de5d4d15de638067bd619bcd6c86e0e168""},{""key"":[42,14,3],""candidate_count"":5,""sha256"":""9345f1c3efc160a84b854fc9f033c12e978e0a174fcc79b4f8566858b59a61f3""},{""key"":[47,36,2],""candidate_count"":5,""sha256"":""0b067a67e95972cacd2e3f9b37c8fe718eeb33cdcea7861c8bae37c1d0a473a5""}]","[{""key"":[6,7,4],""started_at"":21.106849616615023,""closed_at"":23.106849616615023,""candidate_paths"":[[6,5,26,7],[6,7],[6,12,3,7],[6,34,7],[6,39,7],[6,41,7]],""selected_path"":[6,7]},{""key"":[12,44,1],""started_at"":1.0,""closed_at"":3.0,""candidate_paths"":[[12,22,13,44],[12,22,47,44],[12,33,44],[12,41,44]],""selected_path"":[12,33,44]},{""key"":[42,14,3],""started_at"":13.514616280510573,""closed_at"":15.514616280510573,""candidate_paths"":[[42,6,14],[42,10,14],[42,11,28,14],[42,25,14],[42,34,17,14]],""selected_path"":[42,10,14]},{""key"":[47,36,2],""started_at"":11.252605597196476,""closed_at"":13.252605597196476,""candidate_paths"":[[47,9,36],[47,15,36],[47,16,36],[47,41,1,36],[47,46,36]],""selected_path"":[47,16,36]}]",47,0,4,4,4.7,3d196600934d97cbe00c45305cff21e787220ad127b6fe6cd359094dc09c5b5a,7,2.75,0,connected-multihop,0.9,2,4,4,2.0,1,2,1,0.5,0.025510204081632654,0,1.5,0.4211618150512333,0.9974170576403413,0.9999885049868048,0.9999999739536434,0.9999999999999297,0.19020408163265307,0.05877551020408163
minhop-mesh,21,600.0,47,47,0,0.340426,0.361702,0.0,0.479296,0.358008,0.479296,2.172646,2.26976,17,16,0,259,32,227,26,18.631424,9.435907,0.015727,7.378044,29.583321,36.961365,2.310085,1.164464,0.358008,3644,9047,12691,0.287133,7341,0.578441,924,0,196,5,4,2,21,26,0,0,0.835939,0.876448,0,0,0.0,-1,0,0,0,icc2027_generalization_stale_fading,50,8250.0,4.0,unicast,poisson,0,4,26,4,"[{""key"":[6,7,4],""candidate_count"":6,""sha256"":""803bfb50e9a6d862567141907988609efde431cd49293acc0ad7c039313b448f""},{""key"":[12,44,1],""candidate_count"":7,""sha256"":""f265e0c7647e17647ecbcac2c76c9c7766033370aa0346f974c67aee966131be""},{""key"":[42,14,3],""candidate_count"":4,""sha256"":""84aa8566905506b870f80912929ed58fbee2fac685b1344a19bcb2c57381f21a""},{""key"":[47,36,2],""candidate_count"":9,""sha256"":""09965e8212588a356b3f36f7f8dad962c5b93274335f7e9e9b5f261758781f07""}]","[{""key"":[6,7,4],""started_at"":21.106849616615023,""closed_at"":23.106849616615023,""candidate_paths"":[[6,5,26,7],[6,7],[6,12,3,7],[6,34,7],[6,39,7],[6,41,7]],""selected_path"":[6,7]},{""key"":[12,44,1],""started_at"":1.0,""closed_at"":3.0,""candidate_paths"":[[12,11,19,44],[12,11,43,44],[12,21,37,44],[12,22,47,44],[12,33,44],[12,34,7,44],[12,41,44]],""selected_path"":[12,33,44]},{""key"":[42,14,3],""started_at"":13.514616280510573,""closed_at"":15.514616280510573,""candidate_paths"":[[42,6,14],[42,10,14],[42,18,14],[42,31,17,14]],""selected_path"":[42,18,14]},{""key"":[47,36,2],""started_at"":11.252605597196476,""closed_at"":13.252605597196476,""candidate_paths"":[[47,0,12,36],[47,9,36],[47,15,36],[47,16,36],[47,18,3,36],[47,18,34,36],[47,41,4,36],[47,45,36],[47,46,36]],""selected_path"":[47,16,36]}]",47,0,4,4,4.7,3d196600934d97cbe00c45305cff21e787220ad127b6fe6cd359094dc09c5b5a,7,2.75,0,connected-multihop,0.9,2,4,4,2.0,1,2,1,0.5,0.025510204081632654,0,1.5,0.4211618150512333,0.9974170576403413,0.9999885049868048,0.9999999739536434,0.9999999999999297,0.19020408163265307,0.05877551020408163
meshecho,21,600.0,47,47,0,0.425532,0.468085,0.0,0.440986,0.302801,0.440986,2.043872,2.226598,22,20,0,270,35,235,34,19.42272,10.055747,0.01676,7.691397,30.808318,38.499716,1.924986,0.971136,0.302801,4006,9224,13230,0.302797,7394,0.558881,803,0,196,5,4,2,21,26,0,0,0.835939,0.87037,0,0,0.0,-1,0,0,0,icc2027_generalization_stale_fading,50,8250.0,4.0,unicast,poisson,0,4,23,4,"[{""key"":[6,7,4],""candidate_count"":6,""sha256"":""803bfb50e9a6d862567141907988609efde431cd49293acc0ad7c039313b448f""},{""key"":[12,44,1],""candidate_count"":7,""sha256"":""f265e0c7647e17647ecbcac2c76c9c7766033370aa0346f974c67aee966131be""},{""key"":[42,14,3],""candidate_count"":5,""sha256"":""108f5ce453d3ca1ee7ba5817fec3e7f89d1c55a946123f19e30292794f173b83""},{""key"":[47,36,2],""candidate_count"":5,""sha256"":""3d67fa433897c60aadc4737aa09dacb4a8b6dd31214da13cd289f4b1be3f76ae""}]","[{""key"":[6,7,4],""started_at"":21.106849616615023,""closed_at"":23.106849616615023,""candidate_paths"":[[6,5,26,7],[6,7],[6,12,3,7],[6,34,7],[6,39,7],[6,41,7]],""selected_path"":[6,7]},{""key"":[12,44,1],""started_at"":1.0,""closed_at"":3.0,""candidate_paths"":[[12,11,19,44],[12,11,43,44],[12,21,37,44],[12,22,47,44],[12,33,44],[12,34,7,44],[12,41,44]],""selected_path"":[12,33,44]},{""key"":[42,14,3],""started_at"":13.514616280510573,""closed_at"":15.514616280510573,""candidate_paths"":[[42,6,14],[42,6,17,14],[42,6,33,14],[42,10,14],[42,18,14]],""selected_path"":[42,18,14]},{""key"":[47,36,2],""started_at"":11.252605597196476,""closed_at"":13.252605597196476,""candidate_paths"":[[47,4,36],[47,9,36],[47,18,36],[47,41,7,36],[47,45,36]],""selected_path"":[47,45,36]}]",47,0,4,4,4.7,3d196600934d97cbe00c45305cff21e787220ad127b6fe6cd359094dc09c5b5a,7,2.75,0,connected-multihop,0.9,2,4,4,2.0,1,2,1,0.5,0.025510204081632654,0,1.5,0.4211618150512333,0.9974170576403413,0.9999885049868048,0.9999999739536434,0.9999999999999297,0.19020408163265307,0.05877551020408163
meshtastic-like,22,600.0,35,35,0,0.6,1.0,0.0,0.477779,0.598166,0.477779,1.182461,1.246069,35,21,0,477,431,46,46,34.313472,20.568584,0.034281,13.588135,55.484314,69.072449,3.289164,1.633975,0.598166,7646,15727,23373,0.32713,13490,0.577162,4672,1624,0,0,0,0,0,0,0,0,0.0,0.096436,0,0,0.0,-1,0,0,0,icc2027_generalization_stale_fading,50,8250.0,4.0,unicast,poisson,0,0,0,0,[],[],35,0,4,4,3.5,9d1b68659f250b49210b01dd4409ad09118f9a4e81f99d4ac7d9b6ae956d0436,7,2.75,0,connected-multihop,0.9,2,4,4,2.0,1,0,0,0.0,0.0,0,0.0,0.4797611779866004,0.998760294109475,0.9999965590075816,0.9999999941250579,0.9999999999999688,0.1673469387755102,0.052244897959183675
meshcore-like,22,600.0,35,35,0,0.685714,0.714286,0.0,0.409451,0.286607,0.409451,1.743872,1.926598,25,24,0,293,51,242,40,21.077248,11.569553,0.019283,8.34659,33.439251,41.785841,1.741077,0.878219,0.286607,5191,9166,14357,0.361566,6988,0.486731,993,0,196,6,4,4,31,4,0,0,0.0,0.825939,0,0,0.0,-1,0,0,0,icc2027_generalization_stale_fading,50,8250.0,4.0,unicast,poisson,0,4,18,4,"[{""key"":[2,38,1],""candidate_count"":6,""sha256"":""eac3d87d10a20e34b508625416c93f9e986c46fa485fbd2c232846d0720d8a53""},{""key"":[8,45,3],""candidate_count"":3,""sha256"":""1a03b575f040d456f6508b25494f14b6014d7992dd83a097ca2237895feeb455""},{""key"":[17,10,2],""candidate_count"":4,""sha256"":""9075adfb90132523e51fe7669ffdbd0117cc7883f9c28f15e2392a75a07be35d""},{""key"":[22,11,4],""candidate_count"":5,""sha256"":""af703beb6059cb0ffacd16e4f7c402101b069efd06829c12ee5bbf26289d912e""}]","[{""key"":[2,38,1],""started_at"":1.0,""closed_at"":3.0,""candidate_paths"":[[2,1,38],[2,3,38],[2,9,44,38],[2,37,38],[2,38],[2,48,38]],""selected_path"":[2,38]},{""key"":[8,45,3],""started_at"":55.41847420095762,""closed_at"":57.41847420095762,""candidate_paths"":[[8,27,18,45],[8,35,34,45],[8,46,45]],""selected_path"":[8,46,45]},{""key"":[17,10,2],""started_at"":29.445778943165372,""closed_at"":31.445778943165372,""candidate_paths"":[[17,3,10],[17,7,10],[17,12,32,10],[17,36,10]],""selected_path"":[17,3,10]},{""key"":[22,11,4],""started_at"":95.63282080850882,""closed_at"":97.63282080850882,""candidate_paths"":[[22,6,30,11],[22,11],[22,24,10,11],[22,25,11],[22,25,12,11]],""selected_path"":[22,11]}]",35,0,4,4,3.5,9d1b68659f250b49210b01dd4409ad09118f9a4e81f99d4ac7d9b6ae956d0436,7,2.75,0,connected-multihop,0.9,2,4,4,2.0,1,4,2,1.0,0.030612244897959183,0,1.5,0.4797611779866004,0.998760294109475,0.9999965590075816,0.9999999941250579,0.9999999999999688,0.1673469387755102,0.052244897959183675
etx-mesh,22,600.0,35,35,0,0.771429,0.771429,0.0,0.417242,0.286692,0.417242,1.543872,1.637389,27,27,0,311,59,252,49,22.372096,12.774556,0.021291,8.85935,35.590943,44.450293,1.646307,0.828596,0.286692,5896,9343,15239,0.386902,7093,0.46545,961,0,196,7,4,4,31,4,0,0,0.333015,0.810289,0,0,0.0,-1,0,0,0,icc2027_generalization_stale_fading,50,8250.0,4.0,unicast,poisson,0,4,18,4,"[{""key"":[2,38,1],""candidate_count"":6,""sha256"":""eac3d87d10a20e34b508625416c93f9e986c46fa485fbd2c232846d0720d8a53""},{""key"":[8,45,3],""candidate_count"":3,""sha256"":""1a03b575f040d456f6508b25494f14b6014d7992dd83a097ca2237895feeb455""},{""key"":[17,10,2],""candidate_count"":4,""sha256"":""9075adfb90132523e51fe7669ffdbd0117cc7883f9c28f15e2392a75a07be35d""},{""key"":[22,11,4],""candidate_count"":5,""sha256"":""af703beb6059cb0ffacd16e4f7c402101b069efd06829c12ee5bbf26289d912e""}]","[{""key"":[2,38,1],""started_at"":1.0,""closed_at"":3.0,""candidate_paths"":[[2,1,38],[2,3,38],[2,9,44,38],[2,37,38],[2,38],[2,48,38]],""selected_path"":[2,38]},{""key"":[8,45,3],""started_at"":55.41847420095762,""closed_at"":57.41847420095762,""candidate_paths"":[[8,27,18,45],[8,35,34,45],[8,46,45]],""selected_path"":[8,46,45]},{""key"":[17,10,2],""started_at"":29.445778943165372,""closed_at"":31.445778943165372,""candidate_paths"":[[17,3,10],[17,7,10],[17,12,32,10],[17,36,10]],""selected_path"":[17,3,10]},{""key"":[22,11,4],""started_at"":95.63282080850882,""closed_at"":97.63282080850882,""candidate_paths"":[[22,6,30,11],[22,11],[22,24,10,11],[22,25,11],[22,25,12,11]],""selected_path"":[22,25,11]}]",35,0,4,4,3.5,9d1b68659f250b49210b01dd4409ad09118f9a4e81f99d4ac7d9b6ae956d0436,7,2.75,0,connected-multihop,0.9,2,4,4,2.0,1,4,3,1.0,0.03571428571428571,0,1.75,0.4797611779866004,0.998760294109475,0.9999965590075816,0.9999999941250579,0.9999999999999688,0.1673469387755102,0.052244897959183675
ett-mesh,22,600.0,35,35,0,0.771429,0.771429,0.0,0.417242,0.286692,0.417242,1.543872,1.637389,27,27,0,311,59,252,49,22.372096,12.774556,0.021291,8.85935,35.590943,44.450293,1.646307,0.828596,0.286692,5896,9343,15239,0.386902,7093,0.46545,961,0,196,7,4,4,31,4,0,0,0.846214,0.810289,0,0,0.0,-1,0,0,0,icc2027_generalization_stale_fading,50,8250.0,4.0,unicast,poisson,0,4,18,4,"[{""key"":[2,38,1],""candidate_count"":6,""sha256"":""eac3d87d10a20e34b508625416c93f9e986c46fa485fbd2c232846d0720d8a53""},{""key"":[8,45,3],""candidate_count"":3,""sha256"":""1a03b575f040d456f6508b25494f14b6014d7992dd83a097ca2237895feeb455""},{""key"":[17,10,2],""candidate_count"":4,""sha256"":""9075adfb90132523e51fe7669ffdbd0117cc7883f9c28f15e2392a75a07be35d""},{""key"":[22,11,4],""candidate_count"":5,""sha256"":""af703beb6059cb0ffacd16e4f7c402101b069efd06829c12ee5bbf26289d912e""}]","[{""key"":[2,38,1],""started_at"":1.0,""closed_at"":3.0,""candidate_paths"":[[2,1,38],[2,3,38],[2,9,44,38],[2,37,38],[2,38],[2,48,38]],""selected_path"":[2,38]},{""key"":[8,45,3],""started_at"":55.41847420095762,""closed_at"":57.41847420095762,""candidate_paths"":[[8,27,18,45],[8,35,34,45],[8,46,45]],""selected_path"":[8,46,45]},{""key"":[17,10,2],""started_at"":29.445778943165372,""closed_at"":31.445778943165372,""candidate_paths"":[[17,3,10],[17,7,10],[17,12,32,10],[17,36,10]],""selected_path"":[17,3,10]},{""key"":[22,11,4],""started_at"":95.63282080850882,""closed_at"":97.63282080850882,""candidate_paths"":[[22,6,30,11],[22,11],[22,24,10,11],[22,25,11],[22,25,12,11]],""selected_path"":[22,25,11]}]",35,0,4,4,3.5,9d1b68659f250b49210b01dd4409ad09118f9a4e81f99d4ac7d9b6ae956d0436,7,2.75,0,connected-multihop,0.9,2,4,4,2.0,1,4,3,1.0,0.03571428571428571,0,1.75,0.4797611779866004,0.998760294109475,0.9999965590075816,0.9999999941250579,0.9999999999999688,0.1673469387755102,0.052244897959183675
minhop-mesh,22,600.0,35,35,0,0.571429,0.571429,0.0,0.462566,0.336678,0.462566,2.151066,2.226598,20,20,0,278,41,237,35,19.998208,10.273522,0.017123,7.91929,31.598087,39.517378,1.975869,0.99991,0.336678,4522,9100,13622,0.331963,7138,0.524005,867,0,196,6,4,3,23,12,0,0,0.815238,0.852518,0,0,0.0,-1,0,0,0,icc2027_generalization_stale_fading,50,8250.0,4.0,unicast,poisson,0,4,23,4,"[{""key"":[2,38,1],""candidate_count"":9,""sha256"":""4d84030a017c82d88643d52a125f1d963772e39c149015fb02a276b1c5bd64a5""},{""key"":[8,45,3],""candidate_count"":4,""sha256"":""dc32c65bf2efd4c55b00aca6bb6d344d55e5b8767be3e7093f8cef6bde059d64""},{""key"":[17,10,2],""candidate_count"":5,""sha256"":""65dfd37f3fbea941daf03315a020c4472ea1bf9a6dce146c7e55f54ad015d69c""},{""key"":[22,11,4],""candidate_count"":5,""sha256"":""e2924b6a0d811d9f0283db754385cc5b6b52fdf83aab2d389255938b910ca446""}]","[{""key"":[2,38,1],""started_at"":1.0,""closed_at"":3.0,""candidate_paths"":[[2,1,38],[2,1,45,38],[2,3,38],[2,3,44,38],[2,5,38],[2,6,34,38],[2,37,38],[2,38],[2,48,38]],""selected_path"":[2,38]},{""key"":[8,45,3],""started_at"":55.41847420095762,""closed_at"":57.41847420095762,""candidate_paths"":[[8,2,18,45],[8,31,45],[8,37,34,45],[8,39,45]],""selected_path"":[8,31,45]},{""key"":[17,10,2],""started_at"":29.445778943165372,""closed_at"":31.445778943165372,""candidate_paths"":[[17,3,10],[17,7,10],[17,12,32,10],[17,31,30,10],[17,36,10]],""selected_path"":[17,3,10]},{""key"":[22,11,4],""started_at"":95.63282080850882,""closed_at"":97.63282080850882,""candidate_paths"":[[22,9,10,11],[22,9,11],[22,12,30,11],[22,28,11],[22,36,7,11]],""selected_path"":[22,9,11]}]",35,0,4,4,3.5,9d1b68659f250b49210b01dd4409ad09118f9a4e81f99d4ac7d9b6ae956d0436,7,2.75,0,connected-multihop,0.9,2,4,4,2.0,1,3,2,0.75,0.030612244897959183,0,1.6666666666666667,0.4797611779866004,0.998760294109475,0.9999965590075816,0.9999999941250579,0.9999999999999688,0.1673469387755102,0.052244897959183675
meshecho,22,600.0,35,35,0,0.685714,0.685714,0.0,0.469397,0.325525,0.469397,1.976954,2.131616,24,24,0,311,59,252,48,22.372096,12.604807,0.021008,8.85935,35.480913,44.340263,1.847511,0.932171,0.325525,5866,9373,15239,0.384933,7027,0.461119,862,0,196,8,4,4,31,4,0,0,0.793616,0.810289,0,0,0.0,-1,0,0,0,icc2027_generalization_stale_fading,50,8250.0,4.0,unicast,poisson,0,4,22,4,"[{""key"":[2,38,1],""candidate_count"":9,""sha256"":""4d84030a017c82d88643d52a125f1d963772e39c149015fb02a276b1c5bd64a5""},{""key"":[8,45,3],""candidate_count"":6,""sha256"":""84857d637d23a6b244f8261f856dbfe2a88c6b097b2c8208cbef9bbfff4f4f60""},{""key"":[17,10,2],""candidate_count"":4,""sha256"":""9075adfb90132523e51fe7669ffdbd0117cc7883f9c28f15e2392a75a07be35d""},{""key"":[22,11,4],""candidate_count"":3,""sha256"":""558153cad72d01a4c15ae5713dd8503006fb12efcb1a8b61ee49e1f0ff05d533""}]","[{""key"":[2,38,1],""started_at"":1.0,""closed_at"":3.0,""candidate_paths"":[[2,1,38],[2,1,45,38],[2,3,38],[2,3,44,38],[2,5,38],[2,6,34,38],[2,37,38],[2,38],[2,48,38]],""selected_path"":[2,38]},{""key"":[8,45,3],""started_at"":55.41847420095762,""closed_at"":57.41847420095762,""candidate_paths"":[[8,17,18,45],[8,35,44,45],[8,39,34,45],[8,39,45],[8,46,45],[8,47,0,45]],""selected_path"":[8,39,45]},{""key"":[17,10,2],""started_at"":29.445778943165372,""closed_at"":31.445778943165372,""candidate_paths"":[[17,3,10],[17,7,10],[17,12,32,10],[17,36,10]],""selected_path"":[17,3,10]},{""key"":[22,11,4],""started_at"":95.63282080850882,""closed_at"":97.63282080850882,""candidate_paths"":[[22,7,11],[22,21,14,11],[22,35,39,11]],""selected_path"":[22,21,14,11]}]",35,0,4,4,3.5,9d1b68659f250b49210b01dd4409ad09118f9a4e81f99d4ac7d9b6ae956d0436,7,2.75,0,connected-multihop,0.9,2,4,4,2.0,1,4,3,1.0,0.04081632653061224,0,2.0,0.4797611779866004,0.998760294109475,0.9999965590075816,0.9999999941250579,0.9999999999999688,0.1673469387755102,0.052244897959183675
meshtastic-like,23,600.0,33,33,0,0.575758,0.969697,0.0,0.56258,0.643407,0.56258,1.317461,1.610012,32,19,0,505,462,43,43,36.32768,20.575497,0.034292,14.385761,58.594488,72.980249,3.841066,1.911983,0.643407,7113,17632,24745,0.287452,15388,0.621863,4319,1510,0,0,0,0,0,0,0,0,0.0,0.085149,0,0,0.0,-1,0,0,0,icc2027_generalization_stale_fading,50,8250.0,4.0,unicast,poisson,0,0,0,0,[],[],33,0,4,4,3.3,cfa329d7d6f98dae1a27df27c39189ba69103d77f4d95e3426e32bd3f0905584,7,2.75,0,connected-multihop,0.9,2,4,4,2.0,1,0,0,0.0,0.0,0,0.0,0.6612809390709844,0.9990660878068988,0.9999963718534621,0.9999999909575393,0.999999999999961,0.1493877551020408,0.04081632653061224
meshcore-like,23,600.0,33,33,0,0.575758,0.575758,0.0,0.592175,0.463448,0.592175,2.287744,2.431616,19,19,0,276,40,236,34,19.854336,9.88578,0.016476,7.862317,31.233767,39.096084,2.057689,1.044965,0.463448,4290,9234,13524,0.317214,7156,0.529133,687,0,196,6,4,3,22,11,0,0,0.0,0.855072,0,0,0.0,-1,0,0,0,icc2027_generalization_stale_fading,50,8250.0,4.0,unicast,poisson,0,4,19,4,"[{""key"":[21,33,2],""candidate_count"":8,""sha256"":""021f8e0357a5997eaedc657e11d02f7df949b1e4b3767a27ec839d015e216c41""},{""key"":[42,48,3],""candidate_count"":5,""sha256"":""00eeb89ec5e791ea1b4c934de6bb0565ac19952ec77c9485b41cfe34ff4db2b8""},{""key"":[46,48,4],""candidate_count"":3,""sha256"":""d69927a95a664793cb6ac71567a20bbf9ad965ea1263e7aedfd26369dde3300d""},{""key"":[47,39,1],""candidate_count"":3,""sha256"":""9a3e286e499f003cfa678cb6dfe78272b4c13b663095a1a2bb5bb26259a007ca""}]","[{""key"":[21,33,2],""started_at"":28.550588115548372,""closed_at"":30.550588115548372,""candidate_paths"":[[21,11,33],[21,17,33],[21,27,25,33],[21,27,33],[21,27,44,33],[21,33],[21,47,7,33],[21,47,33]],""selected_path"":[21,33]},{""key"":[42,48,3],""started_at"":45.16060416754068,""closed_at"":47.16060416754068,""candidate_paths"":[[42,13,48],[42,26,27,48],[42,37,20,48],[42,39,48],[42,44,30,48]],""selected_path"":[42,13,48]},{""key"":[46,48,4],""started_at"":74.33850476051887,""closed_at"":76.33850476051887,""candidate_paths"":[[46,7,48],[46,39,48],[46,48]],""selected_path"":[46,48]},{""key"":[47,39,1],""started_at"":1.0,""closed_at"":3.0,""candidate_paths"":[[47,19,39],[47,44,45,39],[47,48,39]],""selected_path"":[47,19,39]}]",33,0,4,4,3.3,cfa329d7d6f98dae1a27df27c39189ba69103d77f4d95e3426e32bd3f0905584,7,2.75,0,connected-multihop,0.9,2,4,4,2.0,1,3,2,0.75,0.030612244897959183,0,1.6666666666666667,0.6612809390709844,0.9990660878068988,0.9999963718534621,0.9999999909575393,0.999999999999961,0.1493877551020408,0.04081632653061224
etx-mesh,23,600.0,33,33,0,0.515152,0.545455,0.0,0.627991,0.481202,0.627991,2.287744,2.431616,18,17,0,273,39,234,32,19.638528,9.669972,0.016117,7.776857,30.874336,38.651193,2.2736,1.155208,0.481202,4161,9216,13377,0.311056,7156,0.534948,687,0,196,6,4,3,22,11,0,0,0.351581,0.857143,0,0,0.0,-1,0,0,0,icc2027_generalization_stale_fading,50,8250.0,4.0,unicast,poisson,0,4,19,4,"[{""key"":[21,33,2],""candidate_count"":8,""sha256"":""021f8e0357a5997eaedc657e11d02f7df949b1e4b3767a27ec839d015e216c41""},{""key"":[42,48,3],""candidate_count"":5,""sha256"":""00eeb89ec5e791ea1b4c934de6bb0565ac19952ec77c9485b41cfe34ff4db2b8""},{""key"":[46,48,4],""candidate_count"":3,""sha256"":""d69927a95a664793cb6ac71567a20bbf9ad965ea1263e7aedfd26369dde3300d""},{""key"":[47,39,1],""candidate_count"":3,""sha256"":""9a3e286e499f003cfa678cb6dfe78272b4c13b663095a1a2bb5bb26259a007ca""}]","[{""key"":[21,33,2],""started_at"":28.550588115548372,""closed_at"":30.550588115548372,""candidate_paths"":[[21,11,33],[21,17,33],[21,27,25,33],[21,27,33],[21,27,44,33],[21,33],[21,47,7,33],[21,47,33]],""selected_path"":[21,33]},{""key"":[42,48,3],""started_at"":45.16060416754068,""closed_at"":47.16060416754068,""candidate_paths"":[[42,13,48],[42,26,27,48],[42,37,20,48],[42,39,48],[42,44,30,48]],""selected_path"":[42,13,48]},{""key"":[46,48,4],""started_at"":74.33850476051887,""closed_at"":76.33850476051887,""candidate_paths"":[[46,7,48],[46,39,48],[46,48]],""selected_path"":[46,48]},{""key"":[47,39,1],""started_at"":1.0,""closed_at"":3.0,""candidate_paths"":[[47,19,39],[47,44,45,39],[47,48,39]],""selected_path"":[47,48,39]}]",33,0,4,4,3.3,cfa329d7d6f98dae1a27df27c39189ba69103d77f4d95e3426e32bd3f0905584,7,2.75,0,connected-multihop,0.9,2,4,4,2.0,1,3,2,0.75,0.030612244897959183,0,1.6666666666666667,0.6612809390709844,0.9990660878068988,0.9999963718534621,0.9999999909575393,0.999999999999961,0.1493877551020408,0.04081632653061224
ett-mesh,23,600.0,33,33,0,0.515152,0.545455,0.0,0.627991,0.481202,0.627991,2.287744,2.431616,18,17,0,273,39,234,32,19.638528,9.669972,0.016117,7.776857,30.874336,38.651193,2.2736,1.155208,0.481202,4161,9216,13377,0.311056,7156,0.534948,687,0,196,6,4,3,22,11,0,0,0.855997,0.857143,0,0,0.0,-1,0,0,0,icc2027_generalization_stale_fading,50,8250.0,4.0,unicast,poisson,0,4,19,4,"[{""key"":[21,33,2],""candidate_count"":8,""sha256"":""021f8e0357a5997eaedc657e11d02f7df949b1e4b3767a27ec839d015e216c41""},{""key"":[42,48,3],""candidate_count"":5,""sha256"":""00eeb89ec5e791ea1b4c934de6bb0565ac19952ec77c9485b41cfe34ff4db2b8""},{""key"":[46,48,4],""candidate_count"":3,""sha256"":""d69927a95a664793cb6ac71567a20bbf9ad965ea1263e7aedfd26369dde3300d""},{""key"":[47,39,1],""candidate_count"":3,""sha256"":""9a3e286e499f003cfa678cb6dfe78272b4c13b663095a1a2bb5bb26259a007ca""}]","[{""key"":[21,33,2],""started_at"":28.550588115548372,""closed_at"":30.550588115548372,""candidate_paths"":[[21,11,33],[21,17,33],[21,27,25,33],[21,27,33],[21,27,44,33],[21,33],[21,47,7,33],[21,47,33]],""selected_path"":[21,33]},{""key"":[42,48,3],""started_at"":45.16060416754068,""closed_at"":47.16060416754068,""candidate_paths"":[[42,13,48],[42,26,27,48],[42,37,20,48],[42,39,48],[42,44,30,48]],""selected_path"":[42,13,48]},{""key"":[46,48,4],""started_at"":74.33850476051887,""closed_at"":76.33850476051887,""candidate_paths"":[[46,7,48],[46,39,48],[46,48]],""selected_path"":[46,48]},{""key"":[47,39,1],""started_at"":1.0,""closed_at"":3.0,""candidate_paths"":[[47,19,39],[47,44,45,39],[47,48,39]],""selected_path"":[47,48,39]}]",33,0,4,4,3.3,cfa329d7d6f98dae1a27df27c39189ba69103d77f4d95e3426e32bd3f0905584,7,2.75,0,connected-multihop,0.9,2,4,4,2.0,1,3,2,0.75,0.030612244897959183,0,1.6666666666666667,0.6612809390709844,0.9990660878068988,0.9999963718534621,0.9999999909575393,0.999999999999961,0.1493877551020408,0.04081632653061224
minhop-mesh,23,600.0,33,33,0,0.545455,0.545455,0.0,0.609088,0.481202,0.609088,2.287744,2.431616,18,18,0,273,39,234,32,19.638528,10.246992,0.017078,7.776857,31.055274,38.832131,2.157341,1.091029,0.481202,4314,9063,13377,0.322494,7169,0.53592,953,0,196,6,4,3,22,11,0,0,0.813728,0.857143,0,0,0.0,-1,0,0,0,icc2027_generalization_stale_fading,50,8250.0,4.0,unicast,poisson,0,4,20,4,"[{""key"":[21,33,2],""candidate_count"":7,""sha256"":""3e8e7d9148ab1636be7569344556fc180bcafb7b105c97e0bbff51be1f675f8f""},{""key"":[42,48,3],""candidate_count"":5,""sha256"":""005dbaaf457946794a1b004283424b66254e021f6db2b66ce1adb5514fccff20""},{""key"":[46,48,4],""candidate_count"":5,""sha256"":""44675c93b30bc71a4697005c8dee13fbcd84ead11275553ddb72e1f8499e01b7""},{""key"":[47,39,1],""candidate_count"":3,""sha256"":""9a3e286e499f003cfa678cb6dfe78272b4c13b663095a1a2bb5bb26259a007ca""}]","[{""key"":[21,33,2],""started_at"":28.550588115548372,""closed_at"":30.550588115548372,""candidate_paths"":[[21,9,44,33],[21,11,33],[21,13,25,33],[21,17,33],[21,23,2,33],[21,27,33],[21,33]],""selected_path"":[21,33]},{""key"":[42,48,3],""started_at"":45.16060416754068,""closed_at"":47.16060416754068,""candidate_paths"":[[42,13,48],[42,24,48],[42,28,19,48],[42,28,30,48],[42,28,39,48]],""selected_path"":[42,13,48]},{""key"":[46,48,4],""started_at"":74.33850476051887,""closed_at"":76.33850476051887,""candidate_paths"":[[46,2,42,48],[46,4,48],[46,25,28,48],[46,39,48],[46,48]],""selected_path"":[46,48]},{""key"":[47,39,1],""started_at"":1.0,""closed_at"":3.0,""candidate_paths"":[[47,19,39],[47,44,45,39],[47,48,39]],""selected_path"":[47,48,39]}]",33,0,4,4,3.3,cfa329d7d6f98dae1a27df27c39189ba69103d77f4d95e3426e32bd3f0905584,7,2.75,0,connected-multihop,0.9,2,4,4,2.0,1,3,2,0.75,0.030612244897959183,0,1.6666666666666667,0.6612809390709844,0.9990660878068988,0.9999963718534621,0.9999999909575393,0.999999999999961,0.1493877551020408,0.04081632653061224
meshecho,23,600.0,33,33,0,0.69697,0.757576,0.0,0.539231,0.383872,0.539231,2.25897,2.410035,25,23,0,301,53,248,45,21.652736,11.860046,0.019767,8.574483,34.292593,42.867076,1.863786,0.941423,0.383872,5496,9253,14749,0.372635,7136,0.483829,770,0,196,7,4,4,29,4,0,0,0.801121,0.82392,0,0,0.0,-1,0,0,0,icc2027_generalization_stale_fading,50,8250.0,4.0,unicast,poisson,0,4,16,4,"[{""key"":[21,33,2],""candidate_count"":4,""sha256"":""732c06a9b8f09ddd3c5b4030c7f16abe5ff6b343e6747729a6482c79343dd3e5""},{""key"":[42,48,3],""candidate_count"":4,""sha256"":""20737dadbe9e007bd424690be5deb833ef07ee43e24877b52c2a84bd98f6924f""},{""key"":[46,48,4],""candidate_count"":5,""sha256"":""653f092fdb9cfe41f0891c413658374ea58e8ca3606775323695ec2b57a8d944""},{""key"":[47,39,1],""candidate_count"":3,""sha256"":""9a3e286e499f003cfa678cb6dfe78272b4c13b663095a1a2bb5bb26259a007ca""}]","[{""key"":[21,33,2],""started_at"":28.550588115548372,""closed_at"":30.550588115548372,""candidate_paths"":[[21,33],[21,47,33],[21,47,44,33],[21,48,33]],""selected_path"":[21,47,33]},{""key"":[42,48,3],""started_at"":45.16060416754068,""closed_at"":47.16060416754068,""candidate_paths"":[[42,13,48],[42,24,48],[42,28,30,48],[42,28,39,48]],""selected_path"":[42,13,48]},{""key"":[46,48,4],""started_at"":74.33850476051887,""closed_at"":76.33850476051887,""candidate_paths"":[[46,4,48],[46,22,19,48],[46,25,28,48],[46,39,48],[46,48]],""selected_path"":[46,48]},{""key"":[47,39,1],""started_at"":1.0,""closed_at"":3.0,""candidate_paths"":[[47,19,39],[47,44,45,39],[47,48,39]],""selected_path"":[47,48,39]}]",33,0,4,4,3.3,cfa329d7d6f98dae1a27df27c39189ba69103d77f4d95e3426e32bd3f0905584,7,2.75,0,connected-multihop,0.9,2,4,4,2.0,1,4,3,1.0,0.03571428571428571,0,1.75,0.6612809390709844,0.9990660878068988,0.9999963718534621,0.9999999909575393,0.999999999999961,0.1493877551020408,0.04081632653061224
meshtastic-like,24,600.0,47,47,0,0.617021,0.957447,0.0,0.65208,0.682542,0.65208,1.56806,1.76474,45,29,0,680,612,68,68,48.91648,29.390694,0.048984,19.370926,79.201829,98.572756,3.399061,1.686775,0.682542,10842,22478,33320,0.32539,19452,0.583794,6499,2163,0,0,0,0,0,0,0,0,0.0,0.1,0,0,0.0,-1,0,0,0,icc2027_generalization_stale_fading,50,8250.0,4.0,unicast,poisson,0,0,0,0,[],[],47,0,4,4,4.7,46bd4a847fe378b8b4ff822fd3e24d4ce4cae15610024d5cc05a02193c9aa56b,7,2.75,0,connected-multihop,0.9,2,4,4,2.0,1,0,0,0.0,0.0,0,0.0,0.45225816074825587,0.9983722003723795,0.9999926174431409,0.9999999937145294,0.9999999999999716,0.1853061224489796,0.053877551020408164
meshcore-like,24,600.0,47,47,0,0.446809,0.468085,0.0,0.511799,0.390441,0.511799,2.143872,2.215808,22,21,0,279,46,233,32,20.070144,10.714769,0.017858,7.947777,31.818147,39.765924,1.893615,0.955721,0.390441,4511,9160,13671,0.329969,7292,0.533392,938,0,196,5,4,3,33,14,0,0,0.0,0.835125,0,0,0.0,-1,0,0,0,icc2027_generalization_stale_fading,50,8250.0,4.0,unicast,poisson,0,4,23,4,"[{""key"":[0,31,2],""candidate_count"":8,""sha256"":""f3111fc331e6237eb9c48a9b2a3fd39a71884520694ca7818172c58170bec1a4""},{""key"":[13,39,3],""candidate_count"":4,""sha256"":""923fdf34025edbd51ca005c5f4e13bc47ed281de602f456199c3f54387edc023""},{""key"":[37,8,4],""candidate_count"":4,""sha256"":""3cafdf19ab043f3633ff47c7636d0ce9912ff47b1c5798eb5aff1cdf88dac50d""},{""key"":[48,11,1],""candidate_count"":7,""sha256"":""57dea8096eeec6e9df80d5e769c09f111d1c3ad1af8239974592d5d21853409a""}]","[{""key"":[0,31,2],""started_at"":21.729368703834016,""closed_at"":23.729368703834016,""candidate_paths"":[[0,11,38,31],[0,22,31],[0,24,31],[0,24,32,31],[0,39,15,31],[0,39,31],[0,49,1,31],[0,49,31]],""selected_path"":[0,22,31]},{""key"":[13,39,3],""started_at"":37.12341235955997,""closed_at"":39.12341235955997,""candidate_paths"":[[13,22,31,39],[13,25,39],[13,39],[13,49,39]],""selected_path"":[13,39]},{""key"":[37,8,4],""started_at"":46.47637890458388,""closed_at"":48.47637890458388,""candidate_paths"":[[37,3,8],[37,27,8],[37,28,29,8],[37,28,33,8]],""selected_path"":[37,3,8]},{""key"":[48,11,1],""started_at"":1.0,""closed_at"":3.0,""candidate_paths"":[[48,11],[48,15,11],[48,15,47,11],[48,28,29,11],[48,28,33,11],[48,32,25,11],[48,38,11]],""selected_path"":[48,11]}]",47,0,4,4,4.7,46bd4a847fe378b8b4ff822fd3e24d4ce4cae15610024d5cc05a02193c9aa56b,7,2.75,0,connected-multihop,0.9,2,4,4,2.0,1,3,1,0.75,0.025510204081632654,0,1.3333333333333333,0.45225816074825587,0.9983722003723795,0.9999926174431409,0.9999999937145294,0.9999999999999716,0.1853061224489796,0.053877551020408164
etx-mesh,24,600.0,47,47,0,0.510638,0.531915,0.0,0.477797,0.360852,0.477797,2.143872,2.215808,25,24,0,300,60,240,38,21.5808,12.106313,0.020177,8.545997,34.285257,42.831254,1.784636,0.8992,0.360852,5331,9369,14700,0.362653,7319,0.497891,919,0,196,6,4,4,43,4,0,0,0.36761,0.8,0,0,0.0,-1,0,0,0,icc2027_generalization_stale_fading,50,8250.0,4.0,unicast,poisson,0,4,20,4,"[{""key"":[0,31,2],""candidate_count"":8,""sha256"":""f3111fc331e6237eb9c48a9b2a3fd39a71884520694ca7818172c58170bec1a4""},{""key"":[13,39,3],""candidate_count"":3,""sha256"":""6a233c38bdeb1ed621e3f9467e0743029ca0bad876401d33a016da94150a2931""},{""key"":[37,8,4],""candidate_count"":2,""sha256"":""bb183d4c3806dc062cd1b3e9a2e7d8e39a488906813c5705dd8bb4cf70cba94f""},{""key"":[48,11,1],""candidate_count"":7,""sha256"":""57dea8096eeec6e9df80d5e769c09f111d1c3ad1af8239974592d5d21853409a""}]","[{""key"":[0,31,2],""started_at"":21.729368703834016,""closed_at"":23.729368703834016,""candidate_paths"":[[0,11,38,31],[0,22,31],[0,24,31],[0,24,32,31],[0,39,15,31],[0,39,31],[0,49,1,31],[0,49,31]],""selected_path"":[0,49,31]},{""key"":[13,39,3],""started_at"":37.12341235955997,""closed_at"":39.12341235955997,""candidate_paths"":[[13,22,31,39],[13,34,39],[13,39]],""selected_path"":[13,39]},{""key"":[37,8,4],""started_at"":46.47637890458388,""closed_at"":48.47637890458388,""candidate_paths"":[[37,44,8],[37,49,34,8]],""selected_path"":[37,44,8]},{""key"":[48,11,1],""started_at"":1.0,""closed_at"":3.0,""candidate_paths"":[[48,11],[48,15,11],[48,15,47,11],[48,28,29,11],[48,28,33,11],[48,32,25,11],[48,38,11]],""selected_path"":[48,11]}]",47,0,4,4,4.7,46bd4a847fe378b8b4ff822fd3e24d4ce4cae15610024d5cc05a02193c9aa56b,7,2.75,0,connected-multihop,0.9,2,4,4,2.0,1,4,2,1.0,0.030612244897959183,0,1.5,0.45225816074825587,0.9983722003723795,0.9999926174431409,0.9999999937145294,0.9999999999999716,0.1853061224489796,0.053877551020408164
ett-mesh,24,600.0,47,47,0,0.510638,0.531915,0.0,0.477797,0.360852,0.477797,2.143872,2.215808,25,24,0,300,60,240,38,21.5808,12.106313,0.020177,8.545997,34.285257,42.831254,1.784636,0.8992,0.360852,5331,9369,14700,0.362653,7319,0.497891,919,0,196,6,4,4,43,4,0,0,0.856573,0.8,0,0,0.0,-1,0,0,0,icc2027_generalization_stale_fading,50,8250.0,4.0,unicast,poisson,0,4,20,4,"[{""key"":[0,31,2],""candidate_count"":8,""sha256"":""f3111fc331e6237eb9c48a9b2a3fd39a71884520694ca7818172c58170bec1a4""},{""key"":[13,39,3],""candidate_count"":3,""sha256"":""6a233c38bdeb1ed621e3f9467e0743029ca0bad876401d33a016da94150a2931""},{""key"":[37,8,4],""candidate_count"":2,""sha256"":""bb183d4c3806dc062cd1b3e9a2e7d8e39a488906813c5705dd8bb4cf70cba94f""},{""key"":[48,11,1],""candidate_count"":7,""sha256"":""57dea8096eeec6e9df80d5e769c09f111d1c3ad1af8239974592d5d21853409a""}]","[{""key"":[0,31,2],""started_at"":21.729368703834016,""closed_at"":23.729368703834016,""candidate_paths"":[[0,11,38,31],[0,22,31],[0,24,31],[0,24,32,31],[0,39,15,31],[0,39,31],[0,49,1,31],[0,49,31]],""selected_path"":[0,49,31]},{""key"":[13,39,3],""started_at"":37.12341235955997,""closed_at"":39.12341235955997,""candidate_paths"":[[13,22,31,39],[13,34,39],[13,39]],""selected_path"":[13,39]},{""key"":[37,8,4],""started_at"":46.47637890458388,""closed_at"":48.47637890458388,""candidate_paths"":[[37,44,8],[37,49,34,8]],""selected_path"":[37,44,8]},{""key"":[48,11,1],""started_at"":1.0,""closed_at"":3.0,""candidate_paths"":[[48,11],[48,15,11],[48,15,47,11],[48,28,29,11],[48,28,33,11],[48,32,25,11],[48,38,11]],""selected_path"":[48,11]}]",47,0,4,4,4.7,46bd4a847fe378b8b4ff822fd3e24d4ce4cae15610024d5cc05a02193c9aa56b,7,2.75,0,connected-multihop,0.9,2,4,4,2.0,1,4,2,1.0,0.030612244897959183,0,1.5,0.45225816074825587,0.9983722003723795,0.9999926174431409,0.9999999937145294,0.9999999999999716,0.1853061224489796,0.053877551020408164
minhop-mesh,24,600.0,47,47,0,0.723404,0.744681,0.0,0.424015,0.298858,0.424015,2.187034,2.291341,35,34,0,328,69,259,57,23.595008,14.343692,0.023906,9.343623,37.808653,47.152276,1.386832,0.693971,0.298858,6398,9674,16072,0.398084,7491,0.46609,794,0,196,6,4,4,43,4,0,0,0.8453,0.789634,0,0,0.0,-1,0,0,0,icc2027_generalization_stale_fading,50,8250.0,4.0,unicast,poisson,0,4,20,4,"[{""key"":[0,31,2],""candidate_count"":2,""sha256"":""cc6d9550c2019068e564d28789554f3760c38f9bcb8389c5c263fe673e810b89""},{""key"":[13,39,3],""candidate_count"":4,""sha256"":""32a99cbe8c3b6fdea9c5e9d44cfac308e5d879ddd2c1e891979f983294144543""},{""key"":[37,8,4],""candidate_count"":4,""sha256"":""50341071e8ccc8d11eaac72dae94dd88608cf04eff04a10de7d586c5639c45eb""},{""key"":[48,11,1],""candidate_count"":10,""sha256"":""69b52b39a3f02bf833bc385a0932f12bdb87d50384e7bec03951c3d40c4bf217""}]","[{""key"":[0,31,2],""started_at"":21.729368703834016,""closed_at"":23.729368703834016,""candidate_paths"":[[0,34,31],[0,35,31]],""selected_path"":[0,35,31]},{""key"":[13,39,3],""started_at"":37.12341235955997,""closed_at"":39.12341235955997,""candidate_paths"":[[13,22,31,39],[13,34,39],[13,39],[13,49,39]],""selected_path"":[13,39]},{""key"":[37,8,4],""started_at"":46.47637890458388,""closed_at"":48.47637890458388,""candidate_paths"":[[37,24,8],[37,27,8],[37,44,8],[37,49,42,8]],""selected_path"":[37,24,8]},{""key"":[48,11,1],""started_at"":1.0,""closed_at"":3.0,""candidate_paths"":[[48,6,11],[48,11],[48,15,11],[48,15,47,11],[48,27,11],[48,28,29,11],[48,28,33,11],[48,34,7,11],[48,38,11],[48,44,11]],""selected_path"":[48,11]}]",47,0,4,4,4.7,46bd4a847fe378b8b4ff822fd3e24d4ce4cae15610024d5cc05a02193c9aa56b,7,2.75,0,connected-multihop,0.9,2,4,4,2.0,1,4,2,1.0,0.030612244897959183,0,1.5,0.45225816074825587,0.9983722003723795,0.9999926174431409,0.9999999937145294,0.9999999999999716,0.1853061224489796,0.053877551020408164
meshecho,24,600.0,47,47,0,0.468085,0.489362,0.0,0.495075,0.376593,0.495075,2.143872,2.215808,23,22,0,280,46,234,33,20.14208,10.889492,0.018149,7.976264,31.940402,39.916666,1.814394,0.915549,0.376593,4746,8974,13720,0.345918,7039,0.513047,959,0,196,5,4,3,33,14,0,0,0.870558,0.835714,0,0,0.0,-1,0,0,0,icc2027_generalization_stale_fading,50,8250.0,4.0,unicast,poisson,0,4,28,4,"[{""key"":[0,31,2],""candidate_count"":7,""sha256"":""3c8fd74bcf914612e51fd406d6defc39218bf89456b6f66e1347bbd7000adf15""},{""key"":[13,39,3],""candidate_count"":5,""sha256"":""059cbbfa1496598f4c0ea3a60f678e0aaf99ec1cfdf311a044eae8bba8b3bd57""},{""key"":[37,8,4],""candidate_count"":5,""sha256"":""5cc662bb4b6907d2ba107dd8e1e56d80beb6f015b8012f99fa5be5603f7e88d8""},{""key"":[48,11,1],""candidate_count"":11,""sha256"":""8783cd7ad891f0c70e875409fdbf1173620307b6a44c801b77f700ca6c82be6f""}]","[{""key"":[0,31,2],""started_at"":21.729368703834016,""closed_at"":23.729368703834016,""candidate_paths"":[[0,7,31],[0,19,31],[0,20,32,31],[0,22,31],[0,29,33,31],[0,49,1,31],[0,49,31]],""selected_path"":[0,22,31]},{""key"":[13,39,3],""started_at"":37.12341235955997,""closed_at"":39.12341235955997,""candidate_paths"":[[13,22,31,39],[13,29,39],[13,34,39],[13,39],[13,49,39]],""selected_path"":[13,39]},{""key"":[37,8,4],""started_at"":46.47637890458388,""closed_at"":48.47637890458388,""candidate_paths"":[[37,11,29,8],[37,16,33,8],[37,22,7,8],[37,31,35,8],[37,49,15,8]],""selected_path"":[37,31,35,8]},{""key"":[48,11,1],""started_at"":1.0,""closed_at"":3.0,""candidate_paths"":[[48,6,11],[48,11],[48,15,11],[48,15,47,11],[48,27,11],[48,28,29,11],[48,28,33,11],[48,34,7,11],[48,35,24,11],[48,38,11],[48,44,11]],""selected_path"":[48,11]}]",47,0,4,4,4.7,46bd4a847fe378b8b4ff822fd3e24d4ce4cae15610024d5cc05a02193c9aa56b,7,2.75,0,connected-multihop,0.9,2,4,4,2.0,1,3,1,0.75,0.025510204081632654,0,1.3333333333333333,0.45225816074825587,0.9983722003723795,0.9999926174431409,0.9999999937145294,0.9999999999999716,0.1853061224489796,0.053877551020408164
meshtastic-like,25,600.0,41,41,0,0.487805,0.97561,0.0,0.64167,0.767099,0.64167,1.727069,1.761121,40,20,0,651,596,55,55,46.830336,26.130183,0.04355,18.544813,75.536618,94.081431,4.704072,2.341517,0.767099,8922,22977,31899,0.279695,20031,0.627951,5424,1889,0,0,0,0,0,0,0,0,0.0,0.084485,0,0,0.0,-1,0,0,0,icc2027_generalization_stale_fading,50,8250.0,4.0,unicast,poisson,0,0,0,0,[],[],41,0,4,4,4.1,9737789004a6f6c4957fe42a4dbd43ff6c5306b5ed5854ee79f6c1f572620099,7,2.75,0,connected-multihop,0.9,2,4,4,2.0,1,0,0,0.0,0.0,0,0.0,0.5543346306363188,0.998778434898927,0.9999965618208139,0.9999999899347337,0.999999999999958,0.16979591836734695,0.04897959183673469
meshcore-like,25,600.0,41,41,0,0.439024,0.487805,0.0,0.481991,0.336678,0.481991,2.151066,2.248179,20,18,0,284,47,237,34,20.429824,10.643336,0.017739,8.09021,32.287607,40.377817,2.243212,1.13499,0.336678,4438,9478,13916,0.318913,7398,0.531618,813,0,196,7,4,3,27,14,0,0,0.0,0.834507,0,0,0.0,-1,0,0,0,icc2027_generalization_stale_fading,50,8250.0,4.0,unicast,poisson,0,4,17,4,"[{""key"":[11,34,1],""candidate_count"":4,""sha256"":""a206a89fe2f428d570690eb4e68025555a98c589b55133bb856c5e23da6236a2""},{""key"":[30,26,2],""candidate_count"":4,""sha256"":""7096fb85e5bc94a1e90428b9c43ed79b771e184e08c3014dfeafbf7c6e6505db""},{""key"":[31,1,3],""candidate_count"":6,""sha256"":""86abd6878ef63d968e54ccb7bc3813a7a5cb99d967d80d7682ebfefff942ea9a""},{""key"":[39,7,4],""candidate_count"":3,""sha256"":""5c75261d8eb9927fddb86ec0a96159463413b9e31987c7d70a5c167ce1b769e6""}]","[{""key"":[11,34,1],""started_at"":1.0,""closed_at"":3.0,""candidate_paths"":[[11,1,34],[11,3,13,34],[11,20,34],[11,32,5,34]],""selected_path"":[11,1,34]},{""key"":[30,26,2],""started_at"":2.2095259969356,""closed_at"":4.2095259969356,""candidate_paths"":[[30,12,14,26],[30,12,26],[30,12,32,26],[30,12,46,26]],""selected_path"":[30,12,26]},{""key"":[31,1,3],""started_at"":85.4390729839876,""closed_at"":87.4390729839876,""candidate_paths"":[[31,0,34,1],[31,1],[31,5,1],[31,18,14,1],[31,23,32,1],[31,46,20,1]],""selected_path"":[31,1]},{""key"":[39,7,4],""started_at"":117.4391001263806,""closed_at"":119.4391001263806,""candidate_paths"":[[39,15,7],[39,41,24,7],[39,45,34,7]],""selected_path"":[39,15,7]}]",41,0,4,4,4.1,9737789004a6f6c4957fe42a4dbd43ff6c5306b5ed5854ee79f6c1f572620099,7,2.75,0,connected-multihop,0.9,2,4,4,2.0,1,3,2,0.75,0.03571428571428571,0,1.6666666666666667,0.5543346306363188,0.998778434898927,0.9999965618208139,0.9999999899347337,0.999999999999958,0.16979591836734695,0.04897959183673469
etx-mesh,25,600.0,41,41,0,0.439024,0.487805,0.0,0.481991,0.336678,0.481991,2.151066,2.248179,20,18,0,284,47,237,34,20.429824,10.643336,0.017739,8.09021,32.287607,40.377817,2.243212,1.13499,0.336678,4438,9478,13916,0.318913,7398,0.531618,813,0,196,7,4,3,27,14,0,0,0.343433,0.834507,0,0,0.0,-1,0,0,0,icc2027_generalization_stale_fading,50,8250.0,4.0,unicast,poisson,0,4,17,4,"[{""key"":[11,34,1],""candidate_count"":4,""sha256"":""a206a89fe2f428d570690eb4e68025555a98c589b55133bb856c5e23da6236a2""},{""key"":[30,26,2],""candidate_count"":4,""sha256"":""7096fb85e5bc94a1e90428b9c43ed79b771e184e08c3014dfeafbf7c6e6505db""},{""key"":[31,1,3],""candidate_count"":6,""sha256"":""86abd6878ef63d968e54ccb7bc3813a7a5cb99d967d80d7682ebfefff942ea9a""},{""key"":[39,7,4],""candidate_count"":3,""sha256"":""5c75261d8eb9927fddb86ec0a96159463413b9e31987c7d70a5c167ce1b769e6""}]","[{""key"":[11,34,1],""started_at"":1.0,""closed_at"":3.0,""candidate_paths"":[[11,1,34],[11,3,13,34],[11,20,34],[11,32,5,34]],""selected_path"":[11,1,34]},{""key"":[30,26,2],""started_at"":2.2095259969356,""closed_at"":4.2095259969356,""candidate_paths"":[[30,12,14,26],[30,12,26],[30,12,32,26],[30,12,46,26]],""selected_path"":[30,12,26]},{""key"":[31,1,3],""started_at"":85.4390729839876,""closed_at"":87.4390729839876,""candidate_paths"":[[31,0,34,1],[31,1],[31,5,1],[31,18,14,1],[31,23,32,1],[31,46,20,1]],""selected_path"":[31,1]},{""key"":[39,7,4],""started_at"":117.4391001263806,""closed_at"":119.4391001263806,""candidate_paths"":[[39,15,7],[39,41,24,7],[39,45,34,7]],""selected_path"":[39,15,7]}]",41,0,4,4,4.1,9737789004a6f6c4957fe42a4dbd43ff6c5306b5ed5854ee79f6c1f572620099,7,2.75,0,connected-multihop,0.9,2,4,4,2.0,1,3,2,0.75,0.03571428571428571,0,1.6666666666666667,0.5543346306363188,0.998778434898927,0.9999965618208139,0.9999999899347337,0.999999999999958,0.16979591836734695,0.04897959183673469
ett-mesh,25,600.0,41,41,0,0.439024,0.487805,0.0,0.481991,0.336678,0.481991,2.151066,2.248179,20,18,0,284,47,237,34,20.429824,10.643336,0.017739,8.09021,32.287607,40.377817,2.243212,1.13499,0.336678,4438,9478,13916,0.318913,7398,0.531618,813,0,196,7,4,3,27,14,0,0,0.849799,0.834507,0,0,0.0,-1,0,0,0,icc2027_generalization_stale_fading,50,8250.0,4.0,unicast,poisson,0,4,17,4,"[{""key"":[11,34,1],""candidate_count"":4,""sha256"":""a206a89fe2f428d570690eb4e68025555a98c589b55133bb856c5e23da6236a2""},{""key"":[30,26,2],""candidate_count"":4,""sha256"":""7096fb85e5bc94a1e90428b9c43ed79b771e184e08c3014dfeafbf7c6e6505db""},{""key"":[31,1,3],""candidate_count"":6,""sha256"":""86abd6878ef63d968e54ccb7bc3813a7a5cb99d967d80d7682ebfefff942ea9a""},{""key"":[39,7,4],""candidate_count"":3,""sha256"":""5c75261d8eb9927fddb86ec0a96159463413b9e31987c7d70a5c167ce1b769e6""}]","[{""key"":[11,34,1],""started_at"":1.0,""closed_at"":3.0,""candidate_paths"":[[11,1,34],[11,3,13,34],[11,20,34],[11,32,5,34]],""selected_path"":[11,1,34]},{""key"":[30,26,2],""started_at"":2.2095259969356,""closed_at"":4.2095259969356,""candidate_paths"":[[30,12,14,26],[30,12,26],[30,12,32,26],[30,12,46,26]],""selected_path"":[30,12,26]},{""key"":[31,1,3],""started_at"":85.4390729839876,""closed_at"":87.4390729839876,""candidate_paths"":[[31,0,34,1],[31,1],[31,5,1],[31,18,14,1],[31,23,32,1],[31,46,20,1]],""selected_path"":[31,1]},{""key"":[39,7,4],""started_at"":117.4391001263806,""closed_at"":119.4391001263806,""candidate_paths"":[[39,15,7],[39,41,24,7],[39,45,34,7]],""selected_path"":[39,15,7]}]",41,0,4,4,4.1,9737789004a6f6c4957fe42a4dbd43ff6c5306b5ed5854ee79f6c1f572620099,7,2.75,0,connected-multihop,0.9,2,4,4,2.0,1,3,2,0.75,0.03571428571428571,0,1.6666666666666667,0.5543346306363188,0.998778434898927,0.9999965618208139,0.9999999899347337,0.999999999999958,0.16979591836734695,0.04897959183673469
minhop-mesh,25,600.0,41,41,0,0.463415,0.560976,0.0,0.366504,0.308402,0.366504,1.943872,0.48055,23,19,0,292,50,242,39,21.005312,11.332997,0.018888,8.318104,33.241198,41.559301,2.187332,1.105543,0.308402,4855,9453,14308,0.339321,7358,0.514258,822,0,196,7,4,3,27,14,0,0,0.804563,0.828767,0,0,0.0,-1,0,0,0,icc2027_generalization_stale_fading,50,8250.0,4.0,unicast,poisson,0,4,17,3,"[{""key"":[11,34,1],""candidate_count"":3,""sha256"":""51825caa2f74a2dcb1e0beb5e88ac4c1e0a4a8ba93a9cae9de726f3bbf88f61c""},{""key"":[30,26,2],""candidate_count"":1,""sha256"":""b63d7bc8717ffbf1add84344a906c0f9cb041baeb4fe23ca240ccc65ee43acad""},{""key"":[31,1,3],""candidate_count"":8,""sha256"":""31e0f9231b5c18e92300ffac5f34cf229014faa3a41acda6e48f14623c69ecf7""},{""key"":[39,7,4],""candidate_count"":5,""sha256"":""83d1758d765b6d860c38b641750c4945347c6a4296e4691b164541d671cfb796""}]","[{""key"":[11,34,1],""started_at"":1.0,""closed_at"":3.0,""candidate_paths"":[[11,1,34],[11,20,34],[11,32,5,34]],""selected_path"":[11,1,34]},{""key"":[30,26,2],""started_at"":2.2095259969356,""closed_at"":4.2095259969356,""candidate_paths"":[[30,12,26]],""selected_path"":[30,12,26]},{""key"":[31,1,3],""started_at"":85.4390729839876,""closed_at"":87.4390729839876,""candidate_paths"":[[31,0,34,1],[31,1],[31,5,1],[31,6,19,1],[31,25,1],[31,25,17,1],[31,48,20,1],[31,48,45,1]],""selected_path"":[31,1]},{""key"":[39,7,4],""started_at"":117.4391001263806,""closed_at"":119.4391001263806,""candidate_paths"":[[39,10,11,7],[39,10,29,7],[39,15,4,7],[39,15,7],[39,30,7]],""selected_path"":[39,30,7]}]",41,0,4,4,4.1,9737789004a6f6c4957fe42a4dbd43ff6c5306b5ed5854ee79f6c1f572620099,7,2.75,0,connected-multihop,0.9,2,4,4,2.0,1,3,2,0.75,0.03571428571428571,0,1.6666666666666667,0.5543346306363188,0.998778434898927,0.9999965618208139,0.9999999899347337,0.999999999999958,0.16979591836734695,0.04897959183673469
meshecho,25,600.0,41,41,0,0.365854,0.390244,0.0,0.382711,0.250888,0.382711,0.67984,0.930906,16,15,0,257,30,227,26,18.487552,8.646256,0.01441,7.321071,29.003831,36.324902,2.42166,1.232503,0.250888,3393,9200,12593,0.269435,7333,0.582308,714,0,196,5,4,2,18,23,0,0,0.832257,0.883268,0,0,0.0,-1,0,0,0,icc2027_generalization_stale_fading,50,8250.0,4.0,unicast,poisson,0,4,20,4,"[{""key"":[11,34,1],""candidate_count"":3,""sha256"":""51825caa2f74a2dcb1e0beb5e88ac4c1e0a4a8ba93a9cae9de726f3bbf88f61c""},{""key"":[30,26,2],""candidate_count"":8,""sha256"":""84e72312705ac29e6953922d6263f442c75ee032ce1e55ddec816e3468b8b2e6""},{""key"":[31,1,3],""candidate_count"":4,""sha256"":""8061101a3e6cc40b0c7974907b97e30df6caf69ea3d6bd7ca768916dc1318cf9""},{""key"":[39,7,4],""candidate_count"":5,""sha256"":""a6dfe3040ecc7d868ca7edf9b36488d688756395493bc1bc8e0e65a0a310d4ce""}]","[{""key"":[11,34,1],""started_at"":1.0,""closed_at"":3.0,""candidate_paths"":[[11,1,34],[11,20,34],[11,32,5,34]],""selected_path"":[11,1,34]},{""key"":[30,26,2],""started_at"":2.2095259969356,""closed_at"":4.2095259969356,""candidate_paths"":[[30,12,1,26],[30,12,2,26],[30,12,14,26],[30,12,26],[30,12,32,26],[30,12,33,26],[30,12,46,26],[30,48,43,26]],""selected_path"":[30,12,26]},{""key"":[31,1,3],""started_at"":85.4390729839876,""closed_at"":87.4390729839876,""candidate_paths"":[[31,1],[31,5,1],[31,37,20,1],[31,46,33,1]],""selected_path"":[31,1]},{""key"":[39,7,4],""started_at"":117.4391001263806,""closed_at"":119.4391001263806,""candidate_paths"":[[39,10,11,7],[39,15,7],[39,20,7],[39,30,7],[39,37,4,7]],""selected_path"":[39,30,7]}]",41,0,4,4,4.1,9737789004a6f6c4957fe42a4dbd43ff6c5306b5ed5854ee79f6c1f572620099,7,2.75,0,connected-multihop,0.9,2,4,4,2.0,1,2,1,0.5,0.025510204081632654,0,1.5,0.5543346306363188,0.998778434898927,0.9999965618208139,0.9999999899347337,0.999999999999958,0.16979591836734695,0.04897959183673469
meshtastic-like,26,600.0,52,52,0,0.596154,1.0,0.0,0.555347,0.654094,0.555347,1.364631,1.505282,52,31,0,791,717,74,74,56.901376,32.6059,0.054343,22.532945,91.94327,114.476215,3.692781,1.835528,0.654094,11541,27218,38759,0.297763,23590,0.608633,6920,2380,0,0,0,0,0,0,0,0,0.0,0.093552,0,0,0.0,-1,0,0,0,icc2027_generalization_stale_fading,50,8250.0,4.0,unicast,poisson,0,0,0,0,[],[],52,0,4,4,5.2,a665430e5e6b17d188f54a5d281c59a837db587b37e54fd404e800532db2eb4e,7,2.75,0,connected-multihop,0.9,2,4,4,2.0,1,0,0,0.0,0.0,0,0.0,0.31420965410366136,0.9957889177892351,0.9999736572412398,0.9999999739878038,0.9999999999998803,0.2163265306122449,0.06693877551020408
meshcore-like,26,600.0,52,52,0,0.692308,0.692308,0.0,0.406848,0.262976,0.406848,0.67984,0.823712,36,36,0,350,75,275,72,25.1776,15.31076,0.025518,9.97033,40.268428,50.238758,1.395521,0.699378,0.262976,7394,9756,17150,0.431137,7333,0.42758,755,0,196,7,4,3,36,16,0,0,0.0,0.785714,0,0,0.0,-1,0,0,0,icc2027_generalization_stale_fading,50,8250.0,4.0,unicast,poisson,0,4,19,4,"[{""key"":[28,0,2],""candidate_count"":5,""sha256"":""55050bb71881fdcdb8c80a99ec563c1bad4c08f62083735fb4c8007f44675464""},{""key"":[39,35,4],""candidate_count"":4,""sha256"":""3dc438ffab3bbb320b578924536620b0a9fd201bf161beaf02e0597d625dabf5""},{""key"":[40,4,1],""candidate_count"":8,""sha256"":""d09ebcfc8f0060e2f01c7a78d9a95b8e2a4552f5ce01e0bb6ffa8c48c89527c9""},{""key"":[42,16,3],""candidate_count"":2,""sha256"":""0911ed9ec5dae4f98afed5c82f33fac8d05ab6b2f28785bbbc862049557686a1""}]","[{""key"":[28,0,2],""started_at"":4.401379577244526,""closed_at"":6.401379577244526,""candidate_paths"":[[28,18,1,0],[28,18,25,0],[28,30,0],[28,43,22,0],[28,49,0]],""selected_path"":[28,30,0]},{""key"":[39,35,4],""started_at"":36.04235081308468,""closed_at"":38.04235081308468,""candidate_paths"":[[39,25,35],[39,30,35],[39,42,49,35],[39,48,35]],""selected_path"":[39,25,35]},{""key"":[40,4,1],""started_at"":1.0,""closed_at"":3.0,""candidate_paths"":[[40,2,4],[40,2,17,4],[40,4],[40,12,4],[40,23,3,4],[40,38,34,4],[40,46,4],[40,46,27,4]],""selected_path"":[40,4]},{""key"":[42,16,3],""started_at"":28.653014482986645,""closed_at"":30.653014482986645,""candidate_paths"":[[42,25,16],[42,45,16]],""selected_path"":[42,25,16]}]",52,0,4,4,5.2,a665430e5e6b17d188f54a5d281c59a837db587b37e54fd404e800532db2eb4e,7,2.75,0,connected-multihop,0.9,2,4,4,2.0,1,3,3,0.75,0.03571428571428571,0,2.0,0.31420965410366136,0.9957889177892351,0.9999736572412398,0.9999999739878038,0.9999999999998803,0.2163265306122449,0.06693877551020408
etx-mesh,26,600.0,52,52,0,0.730769,0.730769,0.0,0.456997,0.313125,0.456997,2.287744,2.431616,38,38,0,356,77,279,76,25.609216,15.790675,0.026318,10.14125,41.01174,51.15299,1.346131,0.673927,0.313125,7686,9758,17444,0.44061,7401,0.424272,809,0,196,7,4,3,36,16,0,0,0.290748,0.783708,0,0,0.0,-1,0,0,0,icc2027_generalization_stale_fading,50,8250.0,4.0,unicast,poisson,0,4,22,4,"[{""key"":[28,0,2],""candidate_count"":5,""sha256"":""55050bb71881fdcdb8c80a99ec563c1bad4c08f62083735fb4c8007f44675464""},{""key"":[39,35,4],""candidate_count"":4,""sha256"":""58e46ba11d6678b0611a6f97b9604530df3ae0d249863503e24ab2aac2217028""},{""key"":[40,4,1],""candidate_count"":8,""sha256"":""d09ebcfc8f0060e2f01c7a78d9a95b8e2a4552f5ce01e0bb6ffa8c48c89527c9""},{""key"":[42,16,3],""candidate_count"":5,""sha256"":""38d6b272a6cf6029afb43eb4f194ae896f4a8a4e7567cf264e45bb0dcf272245""}]","[{""key"":[28,0,2],""started_at"":4.401379577244526,""closed_at"":6.401379577244526,""candidate_paths"":[[28,18,1,0],[28,18,25,0],[28,30,0],[28,43,22,0],[28,49,0]],""selected_path"":[28,49,0]},{""key"":[39,35,4],""started_at"":36.04235081308468,""closed_at"":38.04235081308468,""candidate_paths"":[[39,6,49,35],[39,30,35],[39,35],[39,48,35]],""selected_path"":[39,48,35]},{""key"":[40,4,1],""started_at"":1.0,""closed_at"":3.0,""candidate_paths"":[[40,2,4],[40,2,17,4],[40,4],[40,12,4],[40,23,3,4],[40,38,34,4],[40,46,4],[40,46,27,4]],""selected_path"":[40,4]},{""key"":[42,16,3],""started_at"":28.653014482986645,""closed_at"":30.653014482986645,""candidate_paths"":[[42,25,16],[42,36,16],[42,41,10,16],[42,43,13,16],[42,45,16]],""selected_path"":[42,36,16]}]",52,0,4,4,5.2,a665430e5e6b17d188f54a5d281c59a837db587b37e54fd404e800532db2eb4e,7,2.75,0,connected-multihop,0.9,2,4,4,2.0,1,3,3,0.75,0.03571428571428571,0,2.0,0.31420965410366136,0.9957889177892351,0.9999736572412398,0.9999999739878038,0.9999999999998803,0.2163265306122449,0.06693877551020408
ett-mesh,26,600.0,52,52,0,0.730769,0.730769,0.0,0.456997,0.313125,0.456997,2.287744,2.431616,38,38,0,356,77,279,76,25.609216,15.790675,0.026318,10.14125,41.01174,51.15299,1.346131,0.673927,0.313125,7686,9758,17444,0.44061,7401,0.424272,809,0,196,7,4,3,36,16,0,0,0.830125,0.783708,0,0,0.0,-1,0,0,0,icc2027_generalization_stale_fading,50,8250.0,4.0,unicast,poisson,0,4,22,4,"[{""key"":[28,0,2],""candidate_count"":5,""sha256"":""55050bb71881fdcdb8c80a99ec563c1bad4c08f62083735fb4c8007f44675464""},{""key"":[39,35,4],""candidate_count"":4,""sha256"":""58e46ba11d6678b0611a6f97b9604530df3ae0d249863503e24ab2aac2217028""},{""key"":[40,4,1],""candidate_count"":8,""sha256"":""d09ebcfc8f0060e2f01c7a78d9a95b8e2a4552f5ce01e0bb6ffa8c48c89527c9""},{""key"":[42,16,3],""candidate_count"":5,""sha256"":""38d6b272a6cf6029afb43eb4f194ae896f4a8a4e7567cf264e45bb0dcf272245""}]","[{""key"":[28,0,2],""started_at"":4.401379577244526,""closed_at"":6.401379577244526,""candidate_paths"":[[28,18,1,0],[28,18,25,0],[28,30,0],[28,43,22,0],[28,49,0]],""selected_path"":[28,49,0]},{""key"":[39,35,4],""started_at"":36.04235081308468,""closed_at"":38.04235081308468,""candidate_paths"":[[39,6,49,35],[39,30,35],[39,35],[39,48,35]],""selected_path"":[39,48,35]},{""key"":[40,4,1],""started_at"":1.0,""closed_at"":3.0,""candidate_paths"":[[40,2,4],[40,2,17,4],[40,4],[40,12,4],[40,23,3,4],[40,38,34,4],[40,46,4],[40,46,27,4]],""selected_path"":[40,4]},{""key"":[42,16,3],""started_at"":28.653014482986645,""closed_at"":30.653014482986645,""candidate_paths"":[[42,25,16],[42,36,16],[42,41,10,16],[42,43,13,16],[42,45,16]],""selected_path"":[42,36,16]}]",52,0,4,4,5.2,a665430e5e6b17d188f54a5d281c59a837db587b37e54fd404e800532db2eb4e,7,2.75,0,connected-multihop,0.9,2,4,4,2.0,1,3,3,0.75,0.03571428571428571,0,2.0,0.31420965410366136,0.9957889177892351,0.9999736572412398,0.9999999739878038,0.9999999999998803,0.2163265306122449,0.06693877551020408
minhop-mesh,26,600.0,52,52,0,0.692308,0.75,0.0,0.323317,0.239058,0.323317,0.343872,0.287744,39,36,0,358,84,274,71,25.753088,16.190593,0.026984,10.198223,41.307598,51.505821,1.430717,0.715364,0.239058,7758,9784,17542,0.442253,7238,0.41261,888,0,196,7,4,4,48,4,0,0,0.722357,0.765363,0,0,0.0,-1,0,0,0,icc2027_generalization_stale_fading,50,8250.0,4.0,unicast,poisson,0,4,23,4,"[{""key"":[28,0,2],""candidate_count"":6,""sha256"":""550182570bf603a075b8594ed5573700806b6a024fa28eb982e40bcd3c1f3dc6""},{""key"":[39,35,4],""candidate_count"":2,""sha256"":""018f4178d67e06c778bf7935c948d217baee7e48a7bf02e9b77d4adf1ba608e4""},{""key"":[40,4,1],""candidate_count"":8,""sha256"":""c92cd24fec6bfdad138160897412cd6b4703ba309d72b2864c84ccde16fa75ca""},{""key"":[42,16,3],""candidate_count"":7,""sha256"":""f79293ee215e10ad229f92f1c61fc4a71dd1ffa59590be65f82799f03157b973""}]","[{""key"":[28,0,2],""started_at"":4.401379577244526,""closed_at"":6.401379577244526,""candidate_paths"":[[28,2,1,0],[28,8,0],[28,18,25,0],[28,24,22,0],[28,30,0],[28,49,0]],""selected_path"":[28,49,0]},{""key"":[39,35,4],""started_at"":36.04235081308468,""closed_at"":38.04235081308468,""candidate_paths"":[[39,30,35],[39,48,35]],""selected_path"":[39,48,35]},{""key"":[40,4,1],""started_at"":1.0,""closed_at"":3.0,""candidate_paths"":[[40,2,4],[40,4],[40,11,27,4],[40,12,4],[40,16,22,4],[40,23,3,4],[40,38,19,4],[40,38,43,4]],""selected_path"":[40,4]},{""key"":[42,16,3],""started_at"":28.653014482986645,""closed_at"":30.653014482986645,""candidate_paths"":[[42,5,16],[42,25,16],[42,35,20,16],[42,38,16],[42,40,10,16],[42,45,16],[42,46,16]],""selected_path"":[42,45,16]}]",52,0,4,4,5.2,a665430e5e6b17d188f54a5d281c59a837db587b37e54fd404e800532db2eb4e,7,2.75,0,connected-multihop,0.9,2,4,4,2.0,1,4,3,1.0,0.03571428571428571,0,1.75,0.31420965410366136,0.9957889177892351,0.9999736572412398,0.9999999739878038,0.9999999999998803,0.2163265306122449,0.06693877551020408
meshecho,26,600.0,52,52,0,0.711538,0.730769,0.0,0.461571,0.313125,0.461571,2.287744,2.431616,38,37,0,357,77,280,76,25.681152,15.80461,0.026341,10.169736,41.055752,51.225488,1.384473,0.694085,0.313125,7667,9826,17493,0.43829,7320,0.418453,825,0,196,8,4,3,36,16,0,0,0.749566,0.784314,0,0,0.0,-1,0,0,0,icc2027_generalization_stale_fading,50,8250.0,4.0,unicast,poisson,0,4,21,4,"[{""key"":[28,0,2],""candidate_count"":5,""sha256"":""6ef25b30d71d25a71c4322c7ebb6eb96adb90ba8c2ae95b5c5b170e7359b20b6""},{""key"":[39,35,4],""candidate_count"":3,""sha256"":""5aaf5c4d976e5b5686e6d364ef80d8a5c618e96edd2dfd258f20e6dbf00f0a05""},{""key"":[40,4,1],""candidate_count"":8,""sha256"":""fcc19a04d4223793e3bfdc07457f9de5184338aa21addf21b7b1dbd52a02354a""},{""key"":[42,16,3],""candidate_count"":5,""sha256"":""94f5e7f128198d44294c9a0192d748b07800a4f20263d61be96fab34702dd535""}]","[{""key"":[28,0,2],""started_at"":4.401379577244526,""closed_at"":6.401379577244526,""candidate_paths"":[[28,9,0],[28,16,22,0],[28,21,25,0],[28,30,0],[28,49,0]],""selected_path"":[28,49,0]},{""key"":[39,35,4],""started_at"":36.04235081308468,""closed_at"":38.04235081308468,""candidate_paths"":[[39,6,49,35],[39,20,35],[39,30,0,35]],""selected_path"":[39,20,35]},{""key"":[40,4,1],""started_at"":1.0,""closed_at"":3.0,""candidate_paths"":[[40,2,4],[40,2,17,4],[40,4],[40,11,27,4],[40,12,4],[40,16,22,4],[40,38,19,4],[40,38,43,4]],""selected_path"":[40,12,4]},{""key"":[42,16,3],""started_at"":28.653014482986645,""closed_at"":30.653014482986645,""candidate_paths"":[[42,5,16],[42,22,16],[42,25,16],[42,39,13,16],[42,45,16]],""selected_path"":[42,45,16]}]",52,0,4,4,5.2,a665430e5e6b17d188f54a5d281c59a837db587b37e54fd404e800532db2eb4e,7,2.75,0,connected-multihop,0.9,2,4,4,2.0,1,3,3,0.75,0.04081632653061224,0,2.0,0.31420965410366136,0.9957889177892351,0.9999736572412398,0.9999999739878038,0.9999999999998803,0.2163265306122449,0.06693877551020408
meshtastic-like,27,600.0,47,47,0,0.574468,1.0,0.0,0.508309,0.558222,0.508309,1.322216,1.806082,47,27,0,617,553,64,64,44.384512,26.894044,0.044823,17.576267,71.890967,89.467233,3.313601,1.643871,0.558222,9890,20343,30233,0.327126,17558,0.580756,5858,2161,0,0,0,0,0,0,0,0,0.0,0.103728,0,0,0.0,-1,0,0,0,icc2027_generalization_stale_fading,50,8250.0,4.0,unicast,poisson,0,0,0,0,[],[],47,0,4,4,4.7,948c48c71cc7dc83b0c28d1ef96dd5849ba66d86acf8bd5d5f2eeb6db125797b,7,2.75,0,connected-multihop,0.9,2,4,4,2.0,1,0,0,0.0,0.0,0,0.0,0.5092026737044983,0.9985663956276044,0.9999930647226376,0.9999999919032022,0.9999999999999403,0.1763265306122449,0.04979591836734694
meshcore-like,27,600.0,47,47,0,0.765957,0.829787,0.0,0.452412,0.299563,0.452412,2.158259,2.26976,39,36,0,358,82,276,73,25.753088,15.878364,0.026464,10.198223,41.292927,51.49115,1.43031,0.715364,0.299563,7660,9882,17542,0.436666,7589,0.432619,742,0,196,7,4,4,43,4,0,0,0.0,0.77095,0,0,0.0,-1,0,0,0,icc2027_generalization_stale_fading,50,8250.0,4.0,unicast,poisson,0,4,20,4,"[{""key"":[1,4,1],""candidate_count"":6,""sha256"":""69116c95b6ba1ba1b9012983f6b9a5ff0cfbe6fca09fcabbf1742a36d827b66e""},{""key"":[2,45,3],""candidate_count"":4,""sha256"":""fd7d823fcd227e5406e0ccc0611d29b5d9dde4a254a8c1eda64bbd35010c6337""},{""key"":[31,21,4],""candidate_count"":6,""sha256"":""f831cd3845d230b8c65890ba6166cd6aed2f4223df897c95e83d59abc65fa1ce""},{""key"":[33,34,2],""candidate_count"":4,""sha256"":""6a7295bcefdeee4dc20fa181f26346a9a987f9d9fc4aa760440d9207c5365b6b""}]","[{""key"":[1,4,1],""started_at"":1.0,""closed_at"":3.0,""candidate_paths"":[[1,9,4],[1,34,4],[1,35,36,4],[1,35,48,4],[1,46,4],[1,47,4]],""selected_path"":[1,9,4]},{""key"":[2,45,3],""started_at"":31.06873098037064,""closed_at"":33.06873098037064,""candidate_paths"":[[2,8,45],[2,37,45],[2,39,45],[2,48,40,45]],""selected_path"":[2,8,45]},{""key"":[31,21,4],""started_at"":34.59288215543253,""closed_at"":36.59288215543253,""candidate_paths"":[[31,18,21],[31,21],[31,26,21],[31,33,48,21],[31,34,21],[31,37,21]],""selected_path"":[31,21]},{""key"":[33,34,2],""started_at"":17.8211374466704,""closed_at"":19.8211374466704,""candidate_paths"":[[33,21,26,34],[33,21,34],[33,37,34],[33,38,10,34]],""selected_path"":[33,21,34]}]",47,0,4,4,4.7,948c48c71cc7dc83b0c28d1ef96dd5849ba66d86acf8bd5d5f2eeb6db125797b,7,2.75,0,connected-multihop,0.9,2,4,4,2.0,1,4,3,1.0,0.03571428571428571,0,1.75,0.5092026737044983,0.9985663956276044,0.9999930647226376,0.9999999919032022,0.9999999999999403,0.1763265306122449,0.04979591836734694
etx-mesh,27,600.0,47,47,0,0.702128,0.723404,0.0,0.34399,0.20058,0.34399,0.143872,0.287744,34,33,0,347,79,268,65,24.961792,14.914488,0.024857,9.88487,39.96279,49.84766,1.510535,0.756418,0.20058,7129,9874,17003,0.419279,7679,0.451626,699,0,196,7,4,4,43,4,0,0,0.325812,0.772334,0,0,0.0,-1,0,0,0,icc2027_generalization_stale_fading,50,8250.0,4.0,unicast,poisson,0,4,18,4,"[{""key"":[1,4,1],""candidate_count"":6,""sha256"":""69116c95b6ba1ba1b9012983f6b9a5ff0cfbe6fca09fcabbf1742a36d827b66e""},{""key"":[2,45,3],""candidate_count"":4,""sha256"":""c11b6447a42305f1a37d8bfe354333b964b78c87f4a3966e8b70f295aa094735""},{""key"":[31,21,4],""candidate_count"":4,""sha256"":""f7cd48aa2a812d74af7974d6d3836219616e721f73c4b6c0e64d260b33f9a8eb""},{""key"":[33,34,2],""candidate_count"":4,""sha256"":""6a7295bcefdeee4dc20fa181f26346a9a987f9d9fc4aa760440d9207c5365b6b""}]","[{""key"":[1,4,1],""started_at"":1.0,""closed_at"":3.0,""candidate_paths"":[[1,9,4],[1,34,4],[1,35,36,4],[1,35,48,4],[1,46,4],[1,47,4]],""selected_path"":[1,9,4]},{""key"":[2,45,3],""started_at"":31.06873098037064,""closed_at"":33.06873098037064,""candidate_paths"":[[2,35,36,45],[2,39,45],[2,44,45],[2,46,40,45]],""selected_path"":[2,39,45]},{""key"":[31,21,4],""started_at"":34.59288215543253,""closed_at"":36.59288215543253,""candidate_paths"":[[31,10,21],[31,21],[31,33,48,21],[31,34,21]],""selected_path"":[31,21]},{""key"":[33,34,2],""started_at"":17.8211374466704,""closed_at"":19.8211374466704,""candidate_paths"":[[33,21,26,34],[33,21,34],[33,37,34],[33,38,10,34]],""selected_path"":[33,37,34]}]",47,0,4,4,4.7,948c48c71cc7dc83b0c28d1ef96dd5849ba66d86acf8bd5d5f2eeb6db125797b,7,2.75,0,connected-multihop,0.9,2,4,4,2.0,1,4,3,1.0,0.03571428571428571,0,1.75,0.5092026737044983,0.9985663956276044,0.9999930647226376,0.9999999919032022,0.9999999999999403,0.1763265306122449,0.04979591836734694
ett-mesh,27,600.0,47,47,0,0.702128,0.723404,0.0,0.34399,0.20058,0.34399,0.143872,0.287744,34,33,0,347,79,268,65,24.961792,14.914488,0.024857,9.88487,39.96279,49.84766,1.510535,0.756418,0.20058,7129,9874,17003,0.419279,7679,0.451626,699,0,196,7,4,4,43,4,0,0,0.841292,0.772334,0,0,0.0,-1,0,0,0,icc2027_generalization_stale_fading,50,8250.0,4.0,unicast,poisson,0,4,18,4,"[{""key"":[1,4,1],""candidate_count"":6,""sha256"":""69116c95b6ba1ba1b9012983f6b9a5ff0cfbe6fca09fcabbf1742a36d827b66e""},{""key"":[2,45,3],""candidate_count"":4,""sha256"":""c11b6447a42305f1a37d8bfe354333b964b78c87f4a3966e8b70f295aa094735""},{""key"":[31,21,4],""candidate_count"":4,""sha256"":""f7cd48aa2a812d74af7974d6d3836219616e721f73c4b6c0e64d260b33f9a8eb""},{""key"":[33,34,2],""candidate_count"":4,""sha256"":""6a7295bcefdeee4dc20fa181f26346a9a987f9d9fc4aa760440d9207c5365b6b""}]","[{""key"":[1,4,1],""started_at"":1.0,""closed_at"":3.0,""candidate_paths"":[[1,9,4],[1,34,4],[1,35,36,4],[1,35,48,4],[1,46,4],[1,47,4]],""selected_path"":[1,9,4]},{""key"":[2,45,3],""started_at"":31.06873098037064,""closed_at"":33.06873098037064,""candidate_paths"":[[2,35,36,45],[2,39,45],[2,44,45],[2,46,40,45]],""selected_path"":[2,39,45]},{""key"":[31,21,4],""started_at"":34.59288215543253,""closed_at"":36.59288215543253,""candidate_paths"":[[31,10,21],[31,21],[31,33,48,21],[31,34,21]],""selected_path"":[31,21]},{""key"":[33,34,2],""started_at"":17.8211374466704,""closed_at"":19.8211374466704,""candidate_paths"":[[33,21,26,34],[33,21,34],[33,37,34],[33,38,10,34]],""selected_path"":[33,37,34]}]",47,0,4,4,4.7,948c48c71cc7dc83b0c28d1ef96dd5849ba66d86acf8bd5d5f2eeb6db125797b,7,2.75,0,connected-multihop,0.9,2,4,4,2.0,1,4,3,1.0,0.03571428571428571,0,1.75,0.5092026737044983,0.9985663956276044,0.9999930647226376,0.9999999919032022,0.9999999999999403,0.1763265306122449,0.04979591836734694
minhop-mesh,27,600.0,47,47,0,0.787234,0.787234,0.0,0.502016,0.365921,0.502016,2.287744,2.431616,37,37,0,353,80,273,70,25.393408,15.786452,0.026311,10.05579,40.708547,50.764337,1.372009,0.686308,0.365921,7549,9748,17297,0.436434,7312,0.422732,918,0,196,7,4,4,43,4,0,0,0.791794,0.773371,0,0,0.0,-1,0,0,0,icc2027_generalization_stale_fading,50,8250.0,4.0,unicast,poisson,0,4,22,4,"[{""key"":[1,4,1],""candidate_count"":5,""sha256"":""2413b0e80eeed0d352a44568c22257889a0513f9bdb27dfc3eaff84960582b29""},{""key"":[2,45,3],""candidate_count"":4,""sha256"":""ce5037074efda626789e7add31004f5428ed99b207b08628f7be869764491630""},{""key"":[31,21,4],""candidate_count"":7,""sha256"":""06cc5591974862383f23d32ba1601d28820dfc938f5dba0960e6a072b63babf5""},{""key"":[33,34,2],""candidate_count"":6,""sha256"":""6eda0cf0c6d3bfb0702083ccf6cc47c69e88c1c4870f4db6733d3252fa0f82ce""}]","[{""key"":[1,4,1],""started_at"":1.0,""closed_at"":3.0,""candidate_paths"":[[1,35,30,4],[1,35,36,4],[1,35,48,4],[1,46,4],[1,47,4]],""selected_path"":[1,46,4]},{""key"":[2,45,3],""started_at"":31.06873098037064,""closed_at"":33.06873098037064,""candidate_paths"":[[2,39,45],[2,44,45],[2,48,13,45],[2,48,33,45]],""selected_path"":[2,39,45]},{""key"":[31,21,4],""started_at"":34.59288215543253,""closed_at"":36.59288215543253,""candidate_paths"":[[31,8,21],[31,10,21],[31,21],[31,25,44,21],[31,26,21],[31,35,36,21],[31,37,34,21]],""selected_path"":[31,21]},{""key"":[33,34,2],""started_at"":17.8211374466704,""closed_at"":19.8211374466704,""candidate_paths"":[[33,13,34],[33,21,26,34],[33,21,34],[33,22,30,34],[33,37,18,34],[33,38,10,34]],""selected_path"":[33,21,34]}]",47,0,4,4,4.7,948c48c71cc7dc83b0c28d1ef96dd5849ba66d86acf8bd5d5f2eeb6db125797b,7,2.75,0,connected-multihop,0.9,2,4,4,2.0,1,4,3,1.0,0.03571428571428571,0,1.75,0.5092026737044983,0.9985663956276044,0.9999930647226376,0.9999999919032022,0.9999999999999403,0.1763265306122449,0.04979591836734694
meshecho,27,600.0,47,47,0,0.765957,0.787234,0.0,0.511964,0.365921,0.511964,2.287744,2.431616,37,36,0,353,80,273,70,25.393408,15.385088,0.025642,10.05579,40.481152,50.536942,1.403804,0.705372,0.365921,7468,9829,17297,0.431751,7241,0.418628,693,0,196,7,4,4,43,4,0,0,0.791794,0.773371,0,0,0.0,-1,0,0,0,icc2027_generalization_stale_fading,50,8250.0,4.0,unicast,poisson,0,4,13,4,"[{""key"":[1,4,1],""candidate_count"":5,""sha256"":""2413b0e80eeed0d352a44568c22257889a0513f9bdb27dfc3eaff84960582b29""},{""key"":[2,45,3],""candidate_count"":3,""sha256"":""e3b6eb33ad87f852963897b218c6e8baff6ea41f6fac6b2b8f51598a5039b36f""},{""key"":[31,21,4],""candidate_count"":3,""sha256"":""e20e9ee27f8a446b366478cb63922349286ef3cd0dcfaad054029a28aaa85467""},{""key"":[33,34,2],""candidate_count"":2,""sha256"":""744c696236294966dab4456951447ec2f05d67ba06317d928c14fccc256b3735""}]","[{""key"":[1,4,1],""started_at"":1.0,""closed_at"":3.0,""candidate_paths"":[[1,35,30,4],[1,35,36,4],[1,35,48,4],[1,46,4],[1,47,4]],""selected_path"":[1,46,4]},{""key"":[2,45,3],""started_at"":31.06873098037064,""closed_at"":33.06873098037064,""candidate_paths"":[[2,9,33,45],[2,39,13,45],[2,39,45]],""selected_path"":[2,39,45]},{""key"":[31,21,4],""started_at"":34.59288215543253,""closed_at"":36.59288215543253,""candidate_paths"":[[31,10,21],[31,21],[31,34,21]],""selected_path"":[31,21]},{""key"":[33,34,2],""started_at"":17.8211374466704,""closed_at"":19.8211374466704,""candidate_paths"":[[33,20,26,34],[33,21,34]],""selected_path"":[33,21,34]}]",47,0,4,4,4.7,948c48c71cc7dc83b0c28d1ef96dd5849ba66d86acf8bd5d5f2eeb6db125797b,7,2.75,0,connected-multihop,0.9,2,4,4,2.0,1,4,3,1.0,0.03571428571428571,0,1.75,0.5092026737044983,0.9985663956276044,0.9999930647226376,0.9999999919032022,0.9999999999999403,0.1763265306122449,0.04979591836734694
meshtastic-like,28,600.0,47,47,0,0.574468,1.0,0.0,0.346861,0.480736,0.346861,1.173982,1.271462,47,27,0,677,614,63,63,48.700672,28.902385,0.048171,19.285466,78.781272,98.066738,3.632101,1.803729,0.480736,10421,22752,33173,0.314141,19762,0.595725,6238,2161,0,0,0,0,0,0,0,0,0.0,0.093058,0,0,0.0,-1,0,0,0,icc2027_generalization_stale_fading,50,8250.0,4.0,unicast,poisson,0,0,0,0,[],[],47,0,4,4,4.7,a3f64f90a7dbdfaa4faf2447655fd3dacea393cb8dc48b74c06526d46bdffdb2,7,2.75,0,connected-multihop,0.9,2,4,4,2.0,1,0,0,0.0,0.0,0,0.0,0.5202689761725316,0.9991207252499431,0.9999942539837856,0.9999999885085596,0.9999999999998826,0.156734693877551,0.04897959183673469
meshcore-like,28,600.0,47,47,0,0.723404,0.723404,0.0,0.476909,0.333037,0.476909,2.287744,2.431616,34,34,0,340,69,271,68,24.45824,14.446773,0.024078,9.685463,38.923621,48.609084,1.429679,0.71936,0.333037,6930,9730,16660,0.415966,7221,0.433433,703,0,196,7,4,3,32,15,0,0,0.0,0.797059,0,0,0.0,-1,0,0,0,icc2027_generalization_stale_fading,50,8250.0,4.0,unicast,poisson,0,4,19,4,"[{""key"":[12,10,2],""candidate_count"":5,""sha256"":""ff2319551b5949e811f3d11ac7a84714f79f008d040e30051e94ebdd49bb3ab6""},{""key"":[15,45,4],""candidate_count"":7,""sha256"":""2cec0b878af822d22d883eb27a82ede1a23118b8b933eb76d8b775d6c9fbbfa2""},{""key"":[16,11,1],""candidate_count"":3,""sha256"":""562c5577c1e05ba57eed07063cd21410ea60165756f6b70f3ec0b7e3796ba4d4""},{""key"":[20,41,3],""candidate_count"":4,""sha256"":""3e81e5e4e8458f044da5a2802f858064cacf1a6826987b72f89d349eb9a1b53b""}]","[{""key"":[12,10,2],""started_at"":3.0777534695355917,""closed_at"":5.077753469535592,""candidate_paths"":[[12,35,5,10],[12,35,10],[12,35,39,10],[12,35,48,10],[12,44,36,10]],""selected_path"":[12,35,10]},{""key"":[15,45,4],""started_at"":24.909833348292374,""closed_at"":26.909833348292374,""candidate_paths"":[[15,8,40,45],[15,10,35,45],[15,22,49,45],[15,31,45],[15,33,37,45],[15,42,45],[15,47,45]],""selected_path"":[15,31,45]},{""key"":[16,11,1],""started_at"":1.0,""closed_at"":3.0,""candidate_paths"":[[16,0,47,11],[16,1,11],[16,11]],""selected_path"":[16,11]},{""key"":[20,41,3],""started_at"":5.594976220449462,""closed_at"":7.594976220449462,""candidate_paths"":[[20,5,41],[20,35,41],[20,39,41],[20,48,41]],""selected_path"":[20,5,41]}]",47,0,4,4,4.7,a3f64f90a7dbdfaa4faf2447655fd3dacea393cb8dc48b74c06526d46bdffdb2,7,2.75,0,connected-multihop,0.9,2,4,4,2.0,1,3,3,0.75,0.03571428571428571,0,2.0,0.5202689761725316,0.9991207252499431,0.9999942539837856,0.9999999885085596,0.9999999999998826,0.156734693877551,0.04897959183673469
etx-mesh,28,600.0,47,47,0,0.425532,0.425532,0.0,0.502131,0.358259,0.502131,2.287744,2.431616,20,20,0,286,43,243,40,20.573696,10.675706,0.017793,8.147184,32.544343,40.691526,2.034576,1.028685,0.358259,4702,9312,14014,0.335522,7345,0.524119,664,0,196,7,4,2,21,26,0,0,0.296356,0.84965,0,0,0.0,-1,0,0,0,icc2027_generalization_stale_fading,50,8250.0,4.0,unicast,poisson,0,4,22,4,"[{""key"":[12,10,2],""candidate_count"":8,""sha256"":""1d60327b9095b45918488ad379f0aac426306e7b603dc6c2ee5aa1407861367f""},{""key"":[15,45,4],""candidate_count"":6,""sha256"":""284b49ba16289d2b306fe92ee86c1783f120f803d31edc8a9a5b45dcde18fb26""},{""key"":[16,11,1],""candidate_count"":3,""sha256"":""562c5577c1e05ba57eed07063cd21410ea60165756f6b70f3ec0b7e3796ba4d4""},{""key"":[20,41,3],""candidate_count"":5,""sha256"":""7f7b47525b61f70b2ab79e4d8de223ef42b93c5f810528dd34ed51294d25f431""}]","[{""key"":[12,10,2],""started_at"":3.0777534695355917,""closed_at"":5.077753469535592,""candidate_paths"":[[12,16,10],[12,20,10],[12,22,10],[12,22,25,10],[12,22,39,10],[12,22,42,10],[12,23,5,10],[12,44,10]],""selected_path"":[12,16,10]},{""key"":[15,45,4],""started_at"":24.909833348292374,""closed_at"":26.909833348292374,""candidate_paths"":[[15,1,40,45],[15,22,49,45],[15,31,45],[15,36,45],[15,42,45],[15,47,45]],""selected_path"":[15,42,45]},{""key"":[16,11,1],""started_at"":1.0,""closed_at"":3.0,""candidate_paths"":[[16,0,47,11],[16,1,11],[16,11]],""selected_path"":[16,1,11]},{""key"":[20,41,3],""started_at"":5.594976220449462,""closed_at"":7.594976220449462,""candidate_paths"":[[20,5,41],[20,10,44,41],[20,14,31,41],[20,47,45,41],[20,48,41]],""selected_path"":[20,48,41]}]",47,0,4,4,4.7,a3f64f90a7dbdfaa4faf2447655fd3dacea393cb8dc48b74c06526d46bdffdb2,7,2.75,0,connected-multihop,0.9,2,4,4,2.0,1,2,2,0.5,0.03571428571428571,0,2.0,0.5202689761725316,0.9991207252499431,0.9999942539837856,0.9999999885085596,0.9999999999998826,0.156734693877551,0.04897959183673469
ett-mesh,28,600.0,47,47,0,0.425532,0.425532,0.0,0.502131,0.358259,0.502131,2.287744,2.431616,20,20,0,286,43,243,40,20.573696,10.675706,0.017793,8.147184,32.544343,40.691526,2.034576,1.028685,0.358259,4702,9312,14014,0.335522,7345,0.524119,664,0,196,7,4,2,21,26,0,0,0.837247,0.84965,0,0,0.0,-1,0,0,0,icc2027_generalization_stale_fading,50,8250.0,4.0,unicast,poisson,0,4,22,4,"[{""key"":[12,10,2],""candidate_count"":8,""sha256"":""1d60327b9095b45918488ad379f0aac426306e7b603dc6c2ee5aa1407861367f""},{""key"":[15,45,4],""candidate_count"":6,""sha256"":""284b49ba16289d2b306fe92ee86c1783f120f803d31edc8a9a5b45dcde18fb26""},{""key"":[16,11,1],""candidate_count"":3,""sha256"":""562c5577c1e05ba57eed07063cd21410ea60165756f6b70f3ec0b7e3796ba4d4""},{""key"":[20,41,3],""candidate_count"":5,""sha256"":""7f7b47525b61f70b2ab79e4d8de223ef42b93c5f810528dd34ed51294d25f431""}]","[{""key"":[12,10,2],""started_at"":3.0777534695355917,""closed_at"":5.077753469535592,""candidate_paths"":[[12,16,10],[12,20,10],[12,22,10],[12,22,25,10],[12,22,39,10],[12,22,42,10],[12,23,5,10],[12,44,10]],""selected_path"":[12,16,10]},{""key"":[15,45,4],""started_at"":24.909833348292374,""closed_at"":26.909833348292374,""candidate_paths"":[[15,1,40,45],[15,22,49,45],[15,31,45],[15,36,45],[15,42,45],[15,47,45]],""selected_path"":[15,42,45]},{""key"":[16,11,1],""started_at"":1.0,""closed_at"":3.0,""candidate_paths"":[[16,0,47,11],[16,1,11],[16,11]],""selected_path"":[16,1,11]},{""key"":[20,41,3],""started_at"":5.594976220449462,""closed_at"":7.594976220449462,""candidate_paths"":[[20,5,41],[20,10,44,41],[20,14,31,41],[20,47,45,41],[20,48,41]],""selected_path"":[20,48,41]}]",47,0,4,4,4.7,a3f64f90a7dbdfaa4faf2447655fd3dacea393cb8dc48b74c06526d46bdffdb2,7,2.75,0,connected-multihop,0.9,2,4,4,2.0,1,2,2,0.5,0.03571428571428571,0,2.0,0.5202689761725316,0.9991207252499431,0.9999942539837856,0.9999999885085596,0.9999999999998826,0.156734693877551,0.04897959183673469
minhop-mesh,28,600.0,47,47,0,0.680851,0.680851,0.0,0.488732,0.34486,0.488732,2.287744,2.431616,32,32,0,334,67,267,64,24.026624,14.051813,0.02342,9.514543,38.180309,47.694852,1.490464,0.750832,0.34486,6685,9681,16366,0.408469,7266,0.443969,634,0,196,7,4,3,32,15,0,0,0.742021,0.799401,0,0,0.0,-1,0,0,0,icc2027_generalization_stale_fading,50,8250.0,4.0,unicast,poisson,0,4,22,4,"[{""key"":[12,10,2],""candidate_count"":7,""sha256"":""51d013597a3000386fa2dee14e4698b325334adb56eb205a7da365dca98f4acc""},{""key"":[15,45,4],""candidate_count"":7,""sha256"":""9f487a68b49e339fa55358bde8b17dd116d6ccc8007c7195d2808f7cc85af8b9""},{""key"":[16,11,1],""candidate_count"":5,""sha256"":""4f893db994364d16b77cb00e59329d3c7f76e476c1902f0a3530fa38c484d580""},{""key"":[20,41,3],""candidate_count"":3,""sha256"":""0886dd68df868f922ac888c354de2a1973c49b18e83f2478f2b3ae0cc9272153""}]","[{""key"":[12,10,2],""started_at"":3.0777534695355917,""closed_at"":5.077753469535592,""candidate_paths"":[[12,5,10],[12,9,10],[12,25,39,10],[12,27,10],[12,35,10],[12,42,49,10],[12,44,10]],""selected_path"":[12,35,10]},{""key"":[15,45,4],""started_at"":24.909833348292374,""closed_at"":26.909833348292374,""candidate_paths"":[[15,8,40,45],[15,10,35,45],[15,12,45],[15,31,45],[15,36,45],[15,42,45],[15,47,45]],""selected_path"":[15,47,45]},{""key"":[16,11,1],""started_at"":1.0,""closed_at"":3.0,""candidate_paths"":[[16,0,47,11],[16,1,11],[16,2,11],[16,11],[16,24,11]],""selected_path"":[16,11]},{""key"":[20,41,3],""started_at"":5.594976220449462,""closed_at"":7.594976220449462,""candidate_paths"":[[20,37,41],[20,39,41],[20,48,41]],""selected_path"":[20,48,41]}]",47,0,4,4,4.7,a3f64f90a7dbdfaa4faf2447655fd3dacea393cb8dc48b74c06526d46bdffdb2,7,2.75,0,connected-multihop,0.9,2,4,4,2.0,1,3,3,0.75,0.03571428571428571,0,2.0,0.5202689761725316,0.9991207252499431,0.9999942539837856,0.9999999885085596,0.9999999999998826,0.156734693877551,0.04897959183673469
meshecho,28,600.0,47,47,0,0.659574,0.680851,0.0,0.495215,0.34486,0.495215,2.287744,2.431616,32,31,0,335,67,268,64,24.09856,14.248656,0.023748,9.54303,38.351466,47.894496,1.544984,0.777373,0.34486,6835,9580,16415,0.416387,7210,0.439232,674,0,196,8,4,3,32,15,0,0,0.755686,0.8,0,0,0.0,-1,0,0,0,icc2027_generalization_stale_fading,50,8250.0,4.0,unicast,poisson,0,4,23,4,"[{""key"":[12,10,2],""candidate_count"":8,""sha256"":""3b3bc856505fd532201f45e333dfa5e5b5f9d658bb8620acd65f7b5616baa8ef""},{""key"":[15,45,4],""candidate_count"":5,""sha256"":""fb925d8f6bf011423c929c10ed9f76eacfd400214568a0dbad67e6999493dfe2""},{""key"":[16,11,1],""candidate_count"":4,""sha256"":""7f55d1d738d85d5a3ee9f73590c5fb7b5b8dc6609df1ae16f670194cbeb48c9c""},{""key"":[20,41,3],""candidate_count"":6,""sha256"":""367e293b99c2d35d86a612378966987dec9238d4477f3db3af9853b27e303f8a""}]","[{""key"":[12,10,2],""started_at"":3.0777534695355917,""closed_at"":5.077753469535592,""candidate_paths"":[[12,16,10],[12,20,10],[12,20,33,10],[12,22,10],[12,22,25,10],[12,22,39,10],[12,23,5,10],[12,44,10]],""selected_path"":[12,22,10]},{""key"":[15,45,4],""started_at"":24.909833348292374,""closed_at"":26.909833348292374,""candidate_paths"":[[15,1,40,45],[15,12,45],[15,42,45],[15,47,44,45],[15,47,45]],""selected_path"":[15,47,45]},{""key"":[16,11,1],""started_at"":1.0,""closed_at"":3.0,""candidate_paths"":[[16,1,11],[16,2,11],[16,11],[16,24,11]],""selected_path"":[16,1,11]},{""key"":[20,41,3],""started_at"":5.594976220449462,""closed_at"":7.594976220449462,""candidate_paths"":[[20,1,24,41],[20,5,41],[20,35,41],[20,39,41],[20,47,45,31,41],[20,48,41]],""selected_path"":[20,48,41]}]",47,0,4,4,4.7,a3f64f90a7dbdfaa4faf2447655fd3dacea393cb8dc48b74c06526d46bdffdb2,7,2.75,0,connected-multihop,0.9,2,4,4,2.0,1,3,3,0.75,0.04081632653061224,0,2.0,0.5202689761725316,0.9991207252499431,0.9999942539837856,0.9999999885085596,0.9999999999998826,0.156734693877551,0.04897959183673469
meshtastic-like,29,600.0,33,33,0,0.484848,1.0,0.0,0.578237,0.738841,0.578237,1.398344,1.51198,33,16,0,487,440,47,47,35.032832,20.0841,0.033473,13.873001,56.66041,70.533411,4.408338,2.189552,0.738841,7150,16713,23863,0.299627,14609,0.612203,4389,1517,0,0,0,0,0,0,0,0,0.0,0.096509,0,0,0.0,-1,0,0,0,icc2027_generalization_stale_fading,50,8250.0,4.0,unicast,poisson,0,0,0,0,[],[],33,0,4,4,3.3,e0302d9d36ddc4110398c76cb800b397988c62d42c5ecacceae70c0fae68a32a,7,2.75,0,connected-multihop,0.9,2,4,4,2.0,1,0,0,0.0,0.0,0,0.0,0.7052885499509026,0.99886877936693,0.9999934630056581,0.999999991165433,0.9999999999999857,0.156734693877551,0.04
meshcore-like,29,600.0,33,33,0,0.242424,0.272727,0.0,0.796736,0.596309,0.796736,2.230195,2.356083,9,8,0,242,24,218,16,17.408512,7.706891,0.012845,6.893771,27.174893,34.068664,4.258583,2.176064,0.596309,2859,8999,11858,0.241103,7182,0.605667,779,0,196,6,4,2,15,18,0,0,0.0,0.900826,0,0,0.0,-1,0,0,0,icc2027_generalization_stale_fading,50,8250.0,4.0,unicast,poisson,0,4,21,4,"[{""key"":[4,2,1],""candidate_count"":5,""sha256"":""0dbb3baa276697c279c54cd1cca258e5d37c0950d09de8bee59df88c9001219d""},{""key"":[43,46,3],""candidate_count"":7,""sha256"":""459a86f096da778c575d1a3a4e1a976305f900ff0fe79926acea587de8e193be""},{""key"":[48,26,2],""candidate_count"":3,""sha256"":""2d9b83808200aff7fe68a77a17e488f51579f3fe5b51a7389d75336f0c2cd00e""},{""key"":[48,45,4],""candidate_count"":6,""sha256"":""375c946c3ccf673d441acd20714ca2905f94ea7ac862a8b35df0298b666b6f25""}]","[{""key"":[4,2,1],""started_at"":1.0,""closed_at"":3.0,""candidate_paths"":[[4,2],[4,14,2],[4,30,2],[4,32,2],[4,49,29,2]],""selected_path"":[4,2]},{""key"":[43,46,3],""started_at"":57.70716062299107,""closed_at"":59.70716062299107,""candidate_paths"":[[43,3,46],[43,7,46],[43,13,27,46],[43,13,46],[43,28,46],[43,45,46],[43,46]],""selected_path"":[43,46]},{""key"":[48,26,2],""started_at"":37.295187005931595,""closed_at"":39.295187005931595,""candidate_paths"":[[48,27,46,26],[48,33,12,26],[48,34,26]],""selected_path"":[48,34,26]},{""key"":[48,45,4],""started_at"":120.74387474594599,""closed_at"":122.74387474594599,""candidate_paths"":[[48,8,36,45],[48,13,45],[48,23,45],[48,27,45],[48,30,12,45],[48,46,45]],""selected_path"":[48,13,45]}]",33,0,4,4,3.3,e0302d9d36ddc4110398c76cb800b397988c62d42c5ecacceae70c0fae68a32a,7,2.75,0,connected-multihop,0.9,2,4,4,2.0,1,2,1,0.5,0.030612244897959183,0,1.5,0.7052885499509026,0.99886877936693,0.9999934630056581,0.999999991165433,0.9999999999999857,0.156734693877551,0.04
etx-mesh,29,600.0,33,33,0,0.242424,0.272727,0.0,0.796736,0.596309,0.796736,2.230195,2.356083,9,8,0,242,24,218,16,17.408512,7.706891,0.012845,6.893771,27.174893,34.068664,4.258583,2.176064,0.596309,2859,8999,11858,0.241103,7182,0.605667,779,0,196,6,4,2,15,18,0,0,0.380085,0.900826,0,0,0.0,-1,0,0,0,icc2027_generalization_stale_fading,50,8250.0,4.0,unicast,poisson,0,4,21,4,"[{""key"":[4,2,1],""candidate_count"":5,""sha256"":""0dbb3baa276697c279c54cd1cca258e5d37c0950d09de8bee59df88c9001219d""},{""key"":[43,46,3],""candidate_count"":7,""sha256"":""459a86f096da778c575d1a3a4e1a976305f900ff0fe79926acea587de8e193be""},{""key"":[48,26,2],""candidate_count"":3,""sha256"":""2d9b83808200aff7fe68a77a17e488f51579f3fe5b51a7389d75336f0c2cd00e""},{""key"":[48,45,4],""candidate_count"":6,""sha256"":""375c946c3ccf673d441acd20714ca2905f94ea7ac862a8b35df0298b666b6f25""}]","[{""key"":[4,2,1],""started_at"":1.0,""closed_at"":3.0,""candidate_paths"":[[4,2],[4,14,2],[4,30,2],[4,32,2],[4,49,29,2]],""selected_path"":[4,2]},{""key"":[43,46,3],""started_at"":57.70716062299107,""closed_at"":59.70716062299107,""candidate_paths"":[[43,3,46],[43,7,46],[43,13,27,46],[43,13,46],[43,28,46],[43,45,46],[43,46]],""selected_path"":[43,46]},{""key"":[48,26,2],""started_at"":37.295187005931595,""closed_at"":39.295187005931595,""candidate_paths"":[[48,27,46,26],[48,33,12,26],[48,34,26]],""selected_path"":[48,34,26]},{""key"":[48,45,4],""started_at"":120.74387474594599,""closed_at"":122.74387474594599,""candidate_paths"":[[48,8,36,45],[48,13,45],[48,23,45],[48,27,45],[48,30,12,45],[48,46,45]],""selected_path"":[48,13,45]}]",33,0,4,4,3.3,e0302d9d36ddc4110398c76cb800b397988c62d42c5ecacceae70c0fae68a32a,7,2.75,0,connected-multihop,0.9,2,4,4,2.0,1,2,1,0.5,0.030612244897959183,0,1.5,0.7052885499509026,0.99886877936693,0.9999934630056581,0.999999991165433,0.9999999999999857,0.156734693877551,0.04
ett-mesh,29,600.0,33,33,0,0.242424,0.272727,0.0,0.796736,0.596309,0.796736,2.230195,2.356083,9,8,0,242,24,218,16,17.408512,7.706891,0.012845,6.893771,27.174893,34.068664,4.258583,2.176064,0.596309,2859,8999,11858,0.241103,7182,0.605667,779,0,196,6,4,2,15,18,0,0,0.865096,0.900826,0,0,0.0,-1,0,0,0,icc2027_generalization_stale_fading,50,8250.0,4.0,unicast,poisson,0,4,21,4,"[{""key"":[4,2,1],""candidate_count"":5,""sha256"":""0dbb3baa276697c279c54cd1cca258e5d37c0950d09de8bee59df88c9001219d""},{""key"":[43,46,3],""candidate_count"":7,""sha256"":""459a86f096da778c575d1a3a4e1a976305f900ff0fe79926acea587de8e193be""},{""key"":[48,26,2],""candidate_count"":3,""sha256"":""2d9b83808200aff7fe68a77a17e488f51579f3fe5b51a7389d75336f0c2cd00e""},{""key"":[48,45,4],""candidate_count"":6,""sha256"":""375c946c3ccf673d441acd20714ca2905f94ea7ac862a8b35df0298b666b6f25""}]","[{""key"":[4,2,1],""started_at"":1.0,""closed_at"":3.0,""candidate_paths"":[[4,2],[4,14,2],[4,30,2],[4,32,2],[4,49,29,2]],""selected_path"":[4,2]},{""key"":[43,46,3],""started_at"":57.70716062299107,""closed_at"":59.70716062299107,""candidate_paths"":[[43,3,46],[43,7,46],[43,13,27,46],[43,13,46],[43,28,46],[43,45,46],[43,46]],""selected_path"":[43,46]},{""key"":[48,26,2],""started_at"":37.295187005931595,""closed_at"":39.295187005931595,""candidate_paths"":[[48,27,46,26],[48,33,12,26],[48,34,26]],""selected_path"":[48,34,26]},{""key"":[48,45,4],""started_at"":120.74387474594599,""closed_at"":122.74387474594599,""candidate_paths"":[[48,8,36,45],[48,13,45],[48,23,45],[48,27,45],[48,30,12,45],[48,46,45]],""selected_path"":[48,13,45]}]",33,0,4,4,3.3,e0302d9d36ddc4110398c76cb800b397988c62d42c5ecacceae70c0fae68a32a,7,2.75,0,connected-multihop,0.9,2,4,4,2.0,1,2,1,0.5,0.030612244897959183,0,1.5,0.7052885499509026,0.99886877936693,0.9999934630056581,0.999999991165433,0.9999999999999857,0.156734693877551,0.04
minhop-mesh,29,600.0,33,33,0,0.606061,0.666667,0.0,0.56976,0.41006,0.56976,2.28055,2.431616,22,20,0,287,48,239,37,20.645632,11.005769,0.018343,8.17567,32.725281,40.900951,2.045048,1.032282,0.41006,4794,9269,14063,0.340895,7227,0.513902,853,0,196,6,4,4,29,4,0,0,0.840348,0.832753,0,0,0.0,-1,0,0,0,icc2027_generalization_stale_fading,50,8250.0,4.0,unicast,poisson,0,4,20,4,"[{""key"":[4,2,1],""candidate_count"":4,""sha256"":""379558470b6d725040bea85998172c1c93cecd5b7425ccc5a44764fcc64c9efa""},{""key"":[43,46,3],""candidate_count"":7,""sha256"":""929dd4fc5e4654ba88b4ae4add84586ef5661f4953372f78c8cb406a34efb879""},{""key"":[48,26,2],""candidate_count"":2,""sha256"":""88d30dfba4ee61c0bea2d81c619b31617cded24eddabc013ecc80bade605e79e""},{""key"":[48,45,4],""candidate_count"":7,""sha256"":""7df55d7f5b5aa407ba397bc6c59638554c48d8fa046f92b2d5aece968da89283""}]","[{""key"":[4,2,1],""started_at"":1.0,""closed_at"":3.0,""candidate_paths"":[[4,2],[4,14,2],[4,30,2],[4,49,29,2]],""selected_path"":[4,2]},{""key"":[43,46,3],""started_at"":57.70716062299107,""closed_at"":59.70716062299107,""candidate_paths"":[[43,13,46],[43,14,46],[43,25,1,46],[43,25,46],[43,36,46],[43,45,46],[43,46]],""selected_path"":[43,46]},{""key"":[48,26,2],""started_at"":37.295187005931595,""closed_at"":39.295187005931595,""candidate_paths"":[[48,23,26],[48,28,26]],""selected_path"":[48,28,26]},{""key"":[48,45,4],""started_at"":120.74387474594599,""closed_at"":122.74387474594599,""candidate_paths"":[[48,2,45],[48,3,36,45],[48,23,45],[48,26,45],[48,32,12,45],[48,32,45],[48,46,45]],""selected_path"":[48,23,45]}]",33,0,4,4,3.3,e0302d9d36ddc4110398c76cb800b397988c62d42c5ecacceae70c0fae68a32a,7,2.75,0,connected-multihop,0.9,2,4,4,2.0,1,4,2,1.0,0.030612244897959183,0,1.5,0.7052885499509026,0.99886877936693,0.9999934630056581,0.999999991165433,0.9999999999999857,0.156734693877551,0.04
meshecho,29,600.0,33,33,0,0.545455,0.606061,0.0,0.593102,0.436678,0.593102,2.287744,2.431616,20,18,0,281,46,235,33,20.214016,10.59676,0.017661,8.00475,31.837708,39.842458,2.21347,1.123001,0.436678,4657,9112,13769,0.338224,6925,0.502941,957,0,196,6,4,4,29,4,0,0,0.840348,0.836299,0,0,0.0,-1,0,0,0,icc2027_generalization_stale_fading,50,8250.0,4.0,unicast,poisson,0,4,24,4,"[{""key"":[4,2,1],""candidate_count"":5,""sha256"":""377909a09c7aadea445c8112544162711f85d0d384405b72075eb64884f766c7""},{""key"":[43,46,3],""candidate_count"":8,""sha256"":""d3b5a3cf590cecb4a07463961e8fc2efae3dba3dee063ada7a1538663e6ef454""},{""key"":[48,26,2],""candidate_count"":6,""sha256"":""1409ff20d341a1b360c6521ee6771287e5280e14b4a6116898309ba908439bf8""},{""key"":[48,45,4],""candidate_count"":5,""sha256"":""1f355771cefdba14f2afa77e464bcc96c7466d22495208c484a26bc7836e27b3""}]","[{""key"":[4,2,1],""started_at"":1.0,""closed_at"":3.0,""candidate_paths"":[[4,2],[4,14,2],[4,30,2],[4,42,40,2],[4,49,29,2]],""selected_path"":[4,2]},{""key"":[43,46,3],""started_at"":57.70716062299107,""closed_at"":59.70716062299107,""candidate_paths"":[[43,7,46],[43,13,14,46],[43,13,46],[43,25,46],[43,39,30,46],[43,45,46],[43,46],[43,49,32,46]],""selected_path"":[43,46]},{""key"":[48,26,2],""started_at"":37.295187005931595,""closed_at"":39.295187005931595,""candidate_paths"":[[48,14,12,26],[48,14,30,26],[48,23,26],[48,25,26],[48,28,26],[48,40,13,26]],""selected_path"":[48,28,26]},{""key"":[48,45,4],""started_at"":120.74387474594599,""closed_at"":122.74387474594599,""candidate_paths"":[[48,2,45],[48,3,36,45],[48,23,45],[48,26,45],[48,46,45]],""selected_path"":[48,23,45]}]",33,0,4,4,3.3,e0302d9d36ddc4110398c76cb800b397988c62d42c5ecacceae70c0fae68a32a,7,2.75,0,connected-multihop,0.9,2,4,4,2.0,1,4,2,1.0,0.030612244897959183,0,1.5,0.7052885499509026,0.99886877936693,0.9999934630056581,0.999999991165433,0.9999999999999857,0.156734693877551,0.04
meshtastic-like,30,600.0,45,45,0,0.622222,1.0,0.0,0.32258,0.466347,0.32258,1.229937,1.351336,45,28,0,687,634,53,53,49.420032,27.697818,0.046163,19.570333,79.546589,99.116922,3.53989,1.765001,0.466347,9944,23719,33663,0.295399,20361,0.604848,6120,2090,0,0,0,0,0,0,0,0,0.0,0.077147,0,0,0.0,-1,0,0,0,icc2027_generalization_stale_fading,50,8250.0,4.0,unicast,poisson,0,0,0,0,[],[],45,0,4,4,4.5,654a3cd426955ff42c4c96e3a6e7701be3165fc48c0411f528eb9c5ff6c12aef,7,2.75,0,connected-multihop,0.9,2,4,4,2.0,1,0,0,0.0,0.0,0,0.0,0.6314699894221911,0.9993869338857296,0.9999966285971186,0.9999999944784399,0.9999999999999774,0.1436734693877551,0.04163265306122449
meshcore-like,30,600.0,45,45,0,0.733333,0.8,0.0,0.514909,0.364096,0.514909,2.287744,2.431616,36,33,0,343,76,267,64,24.674048,15.046611,0.025078,9.770923,39.439538,49.210461,1.491226,0.747698,0.364096,7177,9630,16807,0.427024,7312,0.435057,763,0,196,7,4,4,41,4,0,0,0.0,0.778426,0,0,0.0,-1,0,0,0,icc2027_generalization_stale_fading,50,8250.0,4.0,unicast,poisson,0,4,15,3,"[{""key"":[4,8,1],""candidate_count"":6,""sha256"":""1fb444688c2b60556f217da7a490be5d0e5a6e1ba182a7d20b15258a0ede4c8b""},{""key"":[11,34,3],""candidate_count"":4,""sha256"":""7ef073f7731a30a6d759586d40f37c709e74146c9c189dac83e79626ef419328""},{""key"":[18,7,2],""candidate_count"":4,""sha256"":""9683eac3c6d7a7d8817b700d388c06c5faf0830dabb1d4534366da89a95bf02c""},{""key"":[40,20,4],""candidate_count"":1,""sha256"":""f98fe74a1b1587cc652589d2092962d22d2162d8f9116e5a628d5001f3222540""}]","[{""key"":[4,8,1],""started_at"":1.0,""closed_at"":3.0,""candidate_paths"":[[4,2,3,8],[4,17,46,8],[4,20,8],[4,27,37,8],[4,38,8],[4,45,8]],""selected_path"":[4,20,8]},{""key"":[11,34,3],""started_at"":45.708047218481,""closed_at"":47.708047218481,""candidate_paths"":[[11,7,31,34],[11,7,34],[11,47,34],[11,49,36,34]],""selected_path"":[11,7,34]},{""key"":[18,7,2],""started_at"":25.446350207620345,""closed_at"":27.446350207620345,""candidate_paths"":[[18,19,31,7],[18,28,0,7],[18,44,7],[18,47,33,7]],""selected_path"":[18,44,7]},{""key"":[40,20,4],""started_at"":56.93756840362981,""closed_at"":58.93756840362981,""candidate_paths"":[[40,20]],""selected_path"":[40,20]}]",45,0,4,4,4.5,654a3cd426955ff42c4c96e3a6e7701be3165fc48c0411f528eb9c5ff6c12aef,7,2.75,0,connected-multihop,0.9,2,4,4,2.0,1,4,3,1.0,0.03571428571428571,0,1.75,0.6314699894221911,0.9993869338857296,0.9999966285971186,0.9999999944784399,0.9999999999999774,0.1436734693877551,0.04163265306122449
etx-mesh,30,600.0,45,45,0,0.755556,0.844444,0.0,0.445173,0.296088,0.445173,2.165453,2.291341,38,34,0,349,78,271,68,25.105664,15.539141,0.025899,9.941843,40.180405,50.122247,1.474184,0.738402,0.296088,7612,9489,17101,0.44512,7272,0.425238,786,0,196,7,4,4,41,4,0,0,0.338414,0.776504,0,0,0.0,-1,0,0,0,icc2027_generalization_stale_fading,50,8250.0,4.0,unicast,poisson,0,4,16,3,"[{""key"":[4,8,1],""candidate_count"":6,""sha256"":""1fb444688c2b60556f217da7a490be5d0e5a6e1ba182a7d20b15258a0ede4c8b""},{""key"":[11,34,3],""candidate_count"":5,""sha256"":""6842139fde4f83ffa76d14ac0ed0664feed49169bd1ab389587ea00809b3e637""},{""key"":[18,7,2],""candidate_count"":4,""sha256"":""9683eac3c6d7a7d8817b700d388c06c5faf0830dabb1d4534366da89a95bf02c""},{""key"":[40,20,4],""candidate_count"":1,""sha256"":""f98fe74a1b1587cc652589d2092962d22d2162d8f9116e5a628d5001f3222540""}]","[{""key"":[4,8,1],""started_at"":1.0,""closed_at"":3.0,""candidate_paths"":[[4,2,3,8],[4,17,46,8],[4,20,8],[4,27,37,8],[4,38,8],[4,45,8]],""selected_path"":[4,45,8]},{""key"":[11,34,3],""started_at"":45.708047218481,""closed_at"":47.708047218481,""candidate_paths"":[[11,7,31,34],[11,7,34],[11,25,39,34],[11,47,34],[11,48,34]],""selected_path"":[11,47,34]},{""key"":[18,7,2],""started_at"":25.446350207620345,""closed_at"":27.446350207620345,""candidate_paths"":[[18,19,31,7],[18,28,0,7],[18,44,7],[18,47,33,7]],""selected_path"":[18,44,7]},{""key"":[40,20,4],""started_at"":56.93756840362981,""closed_at"":58.93756840362981,""candidate_paths"":[[40,20]],""selected_path"":[40,20]}]",45,0,4,4,4.5,654a3cd426955ff42c4c96e3a6e7701be3165fc48c0411f528eb9c5ff6c12aef,7,2.75,0,connected-multihop,0.9,2,4,4,2.0,1,4,3,1.0,0.03571428571428571,0,1.75,0.6314699894221911,0.9993869338857296,0.9999966285971186,0.9999999944784399,0.9999999999999774,0.1436734693877551,0.04163265306122449
ett-mesh,30,600.0,45,45,0,0.755556,0.844444,0.0,0.445173,0.296088,0.445173,2.165453,2.291341,38,34,0,349,78,271,68,25.105664,15.539141,0.025899,9.941843,40.180405,50.122247,1.474184,0.738402,0.296088,7612,9489,17101,0.44512,7272,0.425238,786,0,196,7,4,4,41,4,0,0,0.85288,0.776504,0,0,0.0,-1,0,0,0,icc2027_generalization_stale_fading,50,8250.0,4.0,unicast,poisson,0,4,16,3,"[{""key"":[4,8,1],""candidate_count"":6,""sha256"":""1fb444688c2b60556f217da7a490be5d0e5a6e1ba182a7d20b15258a0ede4c8b""},{""key"":[11,34,3],""candidate_count"":5,""sha256"":""6842139fde4f83ffa76d14ac0ed0664feed49169bd1ab389587ea00809b3e637""},{""key"":[18,7,2],""candidate_count"":4,""sha256"":""9683eac3c6d7a7d8817b700d388c06c5faf0830dabb1d4534366da89a95bf02c""},{""key"":[40,20,4],""candidate_count"":1,""sha256"":""f98fe74a1b1587cc652589d2092962d22d2162d8f9116e5a628d5001f3222540""}]","[{""key"":[4,8,1],""started_at"":1.0,""closed_at"":3.0,""candidate_paths"":[[4,2,3,8],[4,17,46,8],[4,20,8],[4,27,37,8],[4,38,8],[4,45,8]],""selected_path"":[4,45,8]},{""key"":[11,34,3],""started_at"":45.708047218481,""closed_at"":47.708047218481,""candidate_paths"":[[11,7,31,34],[11,7,34],[11,25,39,34],[11,47,34],[11,48,34]],""selected_path"":[11,47,34]},{""key"":[18,7,2],""started_at"":25.446350207620345,""closed_at"":27.446350207620345,""candidate_paths"":[[18,19,31,7],[18,28,0,7],[18,44,7],[18,47,33,7]],""selected_path"":[18,44,7]},{""key"":[40,20,4],""started_at"":56.93756840362981,""closed_at"":58.93756840362981,""candidate_paths"":[[40,20]],""selected_path"":[40,20]}]",45,0,4,4,4.5,654a3cd426955ff42c4c96e3a6e7701be3165fc48c0411f528eb9c5ff6c12aef,7,2.75,0,connected-multihop,0.9,2,4,4,2.0,1,4,3,1.0,0.03571428571428571,0,1.75,0.6314699894221911,0.9993869338857296,0.9999966285971186,0.9999999944784399,0.9999999999999774,0.1436734693877551,0.04163265306122449
minhop-mesh,30,600.0,45,45,0,0.622222,0.688889,0.0,0.397202,0.258981,0.397202,1.143872,1.540986,31,28,0,326,70,256,53,23.451136,13.933232,0.023222,9.28665,37.444332,46.730982,1.668964,0.837541,0.258981,6593,9381,15974,0.412733,7281,0.455803,848,0,196,7,4,4,41,4,0,0,0.804618,0.785276,0,0,0.0,-1,0,0,0,icc2027_generalization_stale_fading,50,8250.0,4.0,unicast,poisson,0,4,20,4,"[{""key"":[4,8,1],""candidate_count"":6,""sha256"":""4fa1a576106130c2d3081e512b5863cff56eca312e2db5c79c5fbc238d0be57d""},{""key"":[11,34,3],""candidate_count"":5,""sha256"":""511df7236345e1dbf08930d4f00d1e41fd4e293a2e10c0444c4de4817409b7ec""},{""key"":[18,7,2],""candidate_count"":3,""sha256"":""eeb18433a58e37322de3acd64e6cb77ef3264c6499589c7074f1bab9db9586c4""},{""key"":[40,20,4],""candidate_count"":6,""sha256"":""adb7bbd31f522acb799c288a3acbd614f4e6ec6ba6aff55db24aa690b1a8b7a1""}]","[{""key"":[4,8,1],""started_at"":1.0,""closed_at"":3.0,""candidate_paths"":[[4,2,3,8],[4,16,8],[4,20,8],[4,27,37,8],[4,38,8],[4,45,8]],""selected_path"":[4,45,8]},{""key"":[11,34,3],""started_at"":45.708047218481,""closed_at"":47.708047218481,""candidate_paths"":[[11,7,34],[11,13,34],[11,19,31,34],[11,33,34],[11,47,34]],""selected_path"":[11,33,34]},{""key"":[18,7,2],""started_at"":25.446350207620345,""closed_at"":27.446350207620345,""candidate_paths"":[[18,44,7],[18,47,24,7],[18,47,34,7]],""selected_path"":[18,44,7]},{""key"":[40,20,4],""started_at"":56.93756840362981,""closed_at"":58.93756840362981,""candidate_paths"":[[40,8,20],[40,11,32,20],[40,14,16,20],[40,14,42,20],[40,20],[40,38,19,20]],""selected_path"":[40,20]}]",45,0,4,4,4.5,654a3cd426955ff42c4c96e3a6e7701be3165fc48c0411f528eb9c5ff6c12aef,7,2.75,0,connected-multihop,0.9,2,4,4,2.0,1,4,3,1.0,0.03571428571428571,0,1.75,0.6314699894221911,0.9993869338857296,0.9999966285971186,0.9999999944784399,0.9999999999999774,0.1436734693877551,0.04163265306122449
meshecho,30,600.0,45,45,0,0.733333,0.844444,0.0,0.454303,0.352505,0.454303,2.287744,2.302131,38,33,0,346,77,269,66,24.889856,15.095753,0.02516,9.856383,39.676713,49.533096,1.501003,0.754238,0.352505,7333,9621,16954,0.432523,7257,0.428041,758,0,196,7,4,4,41,4,0,0,0.804618,0.777457,0,0,0.0,-1,0,0,0,icc2027_generalization_stale_fading,50,8250.0,4.0,unicast,poisson,0,4,24,4,"[{""key"":[4,8,1],""candidate_count"":7,""sha256"":""8304e0540f11bb763bbb0dffa51d8757f29e002f14e99078d228b2ff4ca228b8""},{""key"":[11,34,3],""candidate_count"":5,""sha256"":""6842139fde4f83ffa76d14ac0ed0664feed49169bd1ab389587ea00809b3e637""},{""key"":[18,7,2],""candidate_count"":5,""sha256"":""fa97d3aa5d9d503e11cffbe9f1b9f71c82eb7f3cdfac99eec293db798e4b6fd5""},{""key"":[40,20,4],""candidate_count"":7,""sha256"":""662e57fc22b15446ebcd566ff3c677a52adf574e34ecf88b35a9b1a262c9f35a""}]","[{""key"":[4,8,1],""started_at"":1.0,""closed_at"":3.0,""candidate_paths"":[[4,2,3,8],[4,5,46,8],[4,5,47,8],[4,16,8],[4,20,8],[4,38,8],[4,45,8]],""selected_path"":[4,45,8]},{""key"":[11,34,3],""started_at"":45.708047218481,""closed_at"":47.708047218481,""candidate_paths"":[[11,7,31,34],[11,7,34],[11,25,39,34],[11,47,34],[11,48,34]],""selected_path"":[11,7,34]},{""key"":[18,7,2],""started_at"":25.446350207620345,""closed_at"":27.446350207620345,""candidate_paths"":[[18,19,31,7],[18,23,0,7],[18,44,7],[18,47,34,7],[18,47,34,33,7]],""selected_path"":[18,44,7]},{""key"":[40,20,4],""started_at"":56.93756840362981,""closed_at"":58.93756840362981,""candidate_paths"":[[40,8,20],[40,11,32,20],[40,14,42,20],[40,17,20],[40,20],[40,38,19,20],[40,38,20]],""selected_path"":[40,20]}]",45,0,4,4,4.5,654a3cd426955ff42c4c96e3a6e7701be3165fc48c0411f528eb9c5ff6c12aef,7,2.75,0,connected-multihop,0.9,2,4,4,2.0,1,4,3,1.0,0.03571428571428571,0,1.75,0.6314699894221911,0.9993869338857296,0.9999966285971186,0.9999999944784399,0.9999999999999774,0.1436734693877551,0.04163265306122449
meshtastic-like,31,600.0,49,49,0,0.591837,1.0,0.0,0.427802,0.566271,0.427802,1.412383,1.622525,49,29,0,737,671,66,66,53.016832,30.550309,0.050917,20.994665,85.612894,106.607559,3.676123,1.828167,0.566271,10788,25325,36113,0.298729,21945,0.607676,6496,2259,0,0,0,0,0,0,0,0,0.0,0.089552,0,0,0.0,-1,0,0,0,icc2027_generalization_stale_fading,50,8250.0,4.0,unicast,poisson,0,0,0,0,[],[],49,0,4,4,4.9,a319c4dcde6dc1e2eeb88f4023e19b381b88e8c5d390aabff91c972fdfd17154,7,2.75,0,connected-multihop,0.9,2,4,4,2.0,1,0,0,0.0,0.0,0,0.0,0.5439727116783023,0.997232062528041,0.9999911766229891,0.9999999903200324,0.9999999999998875,0.18857142857142858,0.045714285714285714
meshcore-like,31,600.0,49,49,0,0.326531,0.326531,0.0,0.515264,0.389376,0.515264,2.17984,2.26976,16,16,0,265,36,229,28,19.06304,10.142243,0.016904,7.548964,30.316852,37.865816,2.366614,1.19144,0.389376,3998,8987,12985,0.307894,7296,0.561879,889,0,196,5,4,2,22,27,0,0,0.0,0.864151,0,0,0.0,-1,0,0,0,icc2027_generalization_stale_fading,50,8250.0,4.0,unicast,poisson,0,4,23,4,"[{""key"":[7,30,1],""candidate_count"":5,""sha256"":""daf39bcb0c84f320aa9195499f4945cf2bc028caef1f7b2ce5a3f86b66c5c4bd""},{""key"":[20,1,4],""candidate_count"":6,""sha256"":""936b713c5c69c692332dafcd229da97f56bb4a61c47d012c99056e071f0f7e1d""},{""key"":[23,14,2],""candidate_count"":5,""sha256"":""af1082c6ff597a78a9887bf19a66986464ab7ba9ecbda60b0c595057051c2c0d""},{""key"":[48,47,3],""candidate_count"":7,""sha256"":""7f039c3b8ea6e0a941e529d1d3fd2eefb965d3eefddd17fb7c8074acc5b0a7ab""}]","[{""key"":[7,30,1],""started_at"":1.0,""closed_at"":3.0,""candidate_paths"":[[7,1,30],[7,14,5,30],[7,28,48,30],[7,30],[7,37,24,30]],""selected_path"":[7,30]},{""key"":[20,1,4],""started_at"":31.166662578970108,""closed_at"":33.166662578970104,""candidate_paths"":[[20,21,1],[20,30,1],[20,31,14,1],[20,35,1],[20,35,47,1],[20,45,1]],""selected_path"":[20,21,1]},{""key"":[23,14,2],""started_at"":2.3591373886384046,""closed_at"":4.359137388638405,""candidate_paths"":[[23,0,14],[23,0,45,14],[23,8,14],[23,33,44,14],[23,47,32,14]],""selected_path"":[23,0,14]},{""key"":[48,47,3],""started_at"":21.774341775572275,""closed_at"":23.774341775572275,""candidate_paths"":[[48,5,33,47],[48,15,38,47],[48,23,47],[48,27,9,47],[48,29,0,47],[48,32,47],[48,47]],""selected_path"":[48,47]}]",49,0,4,4,4.9,a319c4dcde6dc1e2eeb88f4023e19b381b88e8c5d390aabff91c972fdfd17154,7,2.75,0,connected-multihop,0.9,2,4,4,2.0,1,2,1,0.5,0.025510204081632654,0,1.5,0.5439727116783023,0.997232062528041,0.9999911766229891,0.9999999903200324,0.9999999999998875,0.18857142857142858,0.045714285714285714
etx-mesh,31,600.0,49,49,0,0.183673,0.22449,0.0,0.676238,0.494429,0.676238,2.215808,2.345293,11,9,0,248,30,218,17,17.840128,8.919331,0.014866,7.064691,28.28008,35.344771,3.927197,1.982236,0.494429,3231,8921,12152,0.265882,7296,0.600395,889,0,196,5,4,2,22,27,0,0,0.37898,0.879032,0,0,0.0,-1,0,0,0,icc2027_generalization_stale_fading,50,8250.0,4.0,unicast,poisson,0,4,23,4,"[{""key"":[7,30,1],""candidate_count"":5,""sha256"":""daf39bcb0c84f320aa9195499f4945cf2bc028caef1f7b2ce5a3f86b66c5c4bd""},{""key"":[20,1,4],""candidate_count"":6,""sha256"":""936b713c5c69c692332dafcd229da97f56bb4a61c47d012c99056e071f0f7e1d""},{""key"":[23,14,2],""candidate_count"":5,""sha256"":""af1082c6ff597a78a9887bf19a66986464ab7ba9ecbda60b0c595057051c2c0d""},{""key"":[48,47,3],""candidate_count"":7,""sha256"":""7f039c3b8ea6e0a941e529d1d3fd2eefb965d3eefddd17fb7c8074acc5b0a7ab""}]","[{""key"":[7,30,1],""started_at"":1.0,""closed_at"":3.0,""candidate_paths"":[[7,1,30],[7,14,5,30],[7,28,48,30],[7,30],[7,37,24,30]],""selected_path"":[7,30]},{""key"":[20,1,4],""started_at"":31.166662578970108,""closed_at"":33.166662578970104,""candidate_paths"":[[20,21,1],[20,30,1],[20,31,14,1],[20,35,1],[20,35,47,1],[20,45,1]],""selected_path"":[20,35,1]},{""key"":[23,14,2],""started_at"":2.3591373886384046,""closed_at"":4.359137388638405,""candidate_paths"":[[23,0,14],[23,0,45,14],[23,8,14],[23,33,44,14],[23,47,32,14]],""selected_path"":[23,0,14]},{""key"":[48,47,3],""started_at"":21.774341775572275,""closed_at"":23.774341775572275,""candidate_paths"":[[48,5,33,47],[48,15,38,47],[48,23,47],[48,27,9,47],[48,29,0,47],[48,32,47],[48,47]],""selected_path"":[48,47]}]",49,0,4,4,4.9,a319c4dcde6dc1e2eeb88f4023e19b381b88e8c5d390aabff91c972fdfd17154,7,2.75,0,connected-multihop,0.9,2,4,4,2.0,1,2,1,0.5,0.025510204081632654,0,1.5,0.5439727116783023,0.997232062528041,0.9999911766229891,0.9999999903200324,0.9999999999998875,0.18857142857142858,0.045714285714285714
ett-mesh,31,600.0,49,49,0,0.183673,0.22449,0.0,0.676238,0.494429,0.676238,2.215808,2.345293,11,9,0,248,30,218,17,17.840128,8.919331,0.014866,7.064691,28.28008,35.344771,3.927197,1.982236,0.494429,3231,8921,12152,0.265882,7296,0.600395,889,0,196,5,4,2,22,27,0,0,0.867131,0.879032,0,0,0.0,-1,0,0,0,icc2027_generalization_stale_fading,50,8250.0,4.0,unicast,poisson,0,4,23,4,"[{""key"":[7,30,1],""candidate_count"":5,""sha256"":""daf39bcb0c84f320aa9195499f4945cf2bc028caef1f7b2ce5a3f86b66c5c4bd""},{""key"":[20,1,4],""candidate_count"":6,""sha256"":""936b713c5c69c692332dafcd229da97f56bb4a61c47d012c99056e071f0f7e1d""},{""key"":[23,14,2],""candidate_count"":5,""sha256"":""af1082c6ff597a78a9887bf19a66986464ab7ba9ecbda60b0c595057051c2c0d""},{""key"":[48,47,3],""candidate_count"":7,""sha256"":""7f039c3b8ea6e0a941e529d1d3fd2eefb965d3eefddd17fb7c8074acc5b0a7ab""}]","[{""key"":[7,30,1],""started_at"":1.0,""closed_at"":3.0,""candidate_paths"":[[7,1,30],[7,14,5,30],[7,28,48,30],[7,30],[7,37,24,30]],""selected_path"":[7,30]},{""key"":[20,1,4],""started_at"":31.166662578970108,""closed_at"":33.166662578970104,""candidate_paths"":[[20,21,1],[20,30,1],[20,31,14,1],[20,35,1],[20,35,47,1],[20,45,1]],""selected_path"":[20,35,1]},{""key"":[23,14,2],""started_at"":2.3591373886384046,""closed_at"":4.359137388638405,""candidate_paths"":[[23,0,14],[23,0,45,14],[23,8,14],[23,33,44,14],[23,47,32,14]],""selected_path"":[23,0,14]},{""key"":[48,47,3],""started_at"":21.774341775572275,""closed_at"":23.774341775572275,""candidate_paths"":[[48,5,33,47],[48,15,38,47],[48,23,47],[48,27,9,47],[48,29,0,47],[48,32,47],[48,47]],""selected_path"":[48,47]}]",49,0,4,4,4.9,a319c4dcde6dc1e2eeb88f4023e19b381b88e8c5d390aabff91c972fdfd17154,7,2.75,0,connected-multihop,0.9,2,4,4,2.0,1,2,1,0.5,0.025510204081632654,0,1.5,0.5439727116783023,0.997232062528041,0.9999911766229891,0.9999999903200324,0.9999999999998875,0.18857142857142858,0.045714285714285714
minhop-mesh,31,600.0,49,49,0,0.367347,0.408163,0.0,0.334912,0.315098,0.334912,2.151066,0.609325,20,18,0,275,45,230,29,19.7824,10.066521,0.016778,7.83383,31.348687,39.182517,2.176806,1.099022,0.315098,4335,9140,13475,0.321707,7227,0.536327,895,0,196,5,4,3,33,16,0,0,0.762491,0.836364,0,0,0.0,-1,0,0,0,icc2027_generalization_stale_fading,50,8250.0,4.0,unicast,poisson,0,4,24,4,"[{""key"":[7,30,1],""candidate_count"":5,""sha256"":""9bf48e32a16621596a29b500ce6c7d03c8cf3ff612c126ca1ed6f1931cb0e365""},{""key"":[20,1,4],""candidate_count"":9,""sha256"":""7e45a54c52b1f7cf6083aaf7a7717b7db73bcc7273e206898e3f9b7338d1952f""},{""key"":[23,14,2],""candidate_count"":5,""sha256"":""a8a19732843af8552a4f6fcfb85decaf5798b9f3d7aaacaee8ccb9f12e5aee42""},{""key"":[48,47,3],""candidate_count"":5,""sha256"":""333a93f78e9e360aa2617e2b3009e404c820e3799193d4faac39e6fad1cfdd80""}]","[{""key"":[7,30,1],""started_at"":1.0,""closed_at"":3.0,""candidate_paths"":[[7,1,30],[7,14,5,30],[7,28,48,30],[7,30],[7,44,27,30]],""selected_path"":[7,30]},{""key"":[20,1,4],""started_at"":31.166662578970108,""closed_at"":33.166662578970104,""candidate_paths"":[[20,0,6,1],[20,3,19,1],[20,21,1],[20,30,1],[20,33,1],[20,33,14,1],[20,33,26,1],[20,38,15,1],[20,38,34,1]],""selected_path"":[20,30,1]},{""key"":[23,14,2],""started_at"":2.3591373886384046,""closed_at"":4.359137388638405,""candidate_paths"":[[23,5,14],[23,14],[23,26,1,14],[23,34,14],[23,37,44,14]],""selected_path"":[23,14]},{""key"":[48,47,3],""started_at"":21.774341775572275,""closed_at"":23.774341775572275,""candidate_paths"":[[48,17,9,47],[48,17,10,47],[48,23,47],[48,32,47],[48,47]],""selected_path"":[48,47]}]",49,0,4,4,4.9,a319c4dcde6dc1e2eeb88f4023e19b381b88e8c5d390aabff91c972fdfd17154,7,2.75,0,connected-multihop,0.9,2,4,4,2.0,1,3,1,0.75,0.025510204081632654,0,1.3333333333333333,0.5439727116783023,0.997232062528041,0.9999911766229891,0.9999999903200324,0.9999999999998875,0.18857142857142858,0.045714285714285714
meshecho,31,600.0,49,49,0,0.469388,0.510204,0.0,0.439763,0.29524,0.439763,1.743872,2.023002,25,23,0,301,56,245,43,21.652736,12.248483,0.020414,8.574483,34.478421,43.052904,1.871865,0.941423,0.29524,5323,9426,14749,0.360906,7314,0.495898,778,0,196,6,4,3,33,16,0,0,0.805117,0.813953,0,0,0.0,-1,0,0,0,icc2027_generalization_stale_fading,50,8250.0,4.0,unicast,poisson,0,4,20,4,"[{""key"":[7,30,1],""candidate_count"":6,""sha256"":""9f979f3c5d17f1ea6ef9e4e8a957b5bd4254d904320729134195d3cd890359ce""},{""key"":[20,1,4],""candidate_count"":3,""sha256"":""f36d9082e2ebd7119880015283ec05b5d701a71985c201d07a28d711ecc16929""},{""key"":[23,14,2],""candidate_count"":4,""sha256"":""994aaaeafe07e3549720fc08bf4eb492cd81aa6a59720be1159f9515443cdde4""},{""key"":[48,47,3],""candidate_count"":7,""sha256"":""6b8e59fb1987ee17411ae3d89e953317c8506879a9d488f40bd422e373fdb8be""}]","[{""key"":[7,30,1],""started_at"":1.0,""closed_at"":3.0,""candidate_paths"":[[7,1,30],[7,12,19,30],[7,14,5,30],[7,28,48,30],[7,30],[7,44,27,30]],""selected_path"":[7,30]},{""key"":[20,1,4],""started_at"":31.166662578970108,""closed_at"":33.166662578970104,""candidate_paths"":[[20,21,26,1],[20,30,1],[20,30,14,1]],""selected_path"":[20,30,1]},{""key"":[23,14,2],""started_at"":2.3591373886384046,""closed_at"":4.359137388638405,""candidate_paths"":[[23,11,14],[23,40,5,14],[23,40,34,14],[23,47,1,14]],""selected_path"":[23,11,14]},{""key"":[48,47,3],""started_at"":21.774341775572275,""closed_at"":23.774341775572275,""candidate_paths"":[[48,2,47],[48,15,7,47],[48,32,10,47],[48,32,25,47],[48,32,47],[48,34,47],[48,47]],""selected_path"":[48,47]}]",49,0,4,4,4.9,a319c4dcde6dc1e2eeb88f4023e19b381b88e8c5d390aabff91c972fdfd17154,7,2.75,0,connected-multihop,0.9,2,4,4,2.0,1,3,2,0.75,0.030612244897959183,0,1.6666666666666667,0.5439727116783023,0.997232062528041,0.9999911766229891,0.9999999903200324,0.9999999999998875,0.18857142857142858,0.045714285714285714
meshtastic-like,32,600.0,40,40,0,0.65,1.0,0.0,0.6017,0.660171,0.6017,1.311266,1.537996,40,26,0,473,415,58,58,34.025728,23.025162,0.038375,13.474188,55.498985,68.973173,2.652814,1.308682,0.660171,9253,13924,23177,0.399232,11294,0.487293,5580,1848,0,0,0,0,0,0,0,0,0.0,0.122622,0,0,0.0,-1,0,0,0,icc2027_generalization_stale_fading,50,8250.0,4.0,unicast,poisson,0,0,0,0,[],[],40,0,4,4,4.0,a0a57a46fcfd96d98119bc3609d2f7b782542d7edfadd14f25780f250027c3d0,7,2.75,0,connected-multihop,0.9,2,4,4,2.0,1,0,0,0.0,0.0,0,0.0,0.14656011528606777,0.9899108707122267,0.9999607038417435,0.9999999612530406,0.9999999999999827,0.25142857142857145,0.08897959183673469
meshcore-like,32,600.0,40,40,0,0.45,0.45,0.0,0.406848,0.262976,0.406848,0.465453,0.609325,18,18,0,277,39,238,36,19.926272,11.13214,0.018554,7.890804,31.862159,39.752962,2.208498,1.107015,0.262976,4459,9114,13573,0.32852,7293,0.537317,1030,0,196,6,4,2,18,22,0,0,0.0,0.859206,0,0,0.0,-1,0,0,0,icc2027_generalization_stale_fading,50,8250.0,4.0,unicast,poisson,0,4,23,4,"[{""key"":[21,15,1],""candidate_count"":9,""sha256"":""3d2a5133d5d443ebab04a6a6b2b9073ec2f605b238d1cfdef0a69a145ac5e586""},{""key"":[29,40,2],""candidate_count"":5,""sha256"":""5cfc41c6f7dee56f6c899dee5d40ba49b9fa4d4522c1c1592e2554431bb8d1ec""},{""key"":[32,47,4],""candidate_count"":3,""sha256"":""9ad0b6f2421fff6290c85e5647605e34b9e04ab3752fff909730fe11ffd96974""},{""key"":[48,30,3],""candidate_count"":6,""sha256"":""650e0b3278ef41dbbeacb8e6ae6520f9b1d497d21f58fc8428a09a659b656b4f""}]","[{""key"":[21,15,1],""started_at"":1.0,""closed_at"":3.0,""candidate_paths"":[[21,7,26,15],[21,13,15],[21,14,15],[21,14,19,15],[21,14,30,15],[21,15],[21,17,15],[21,31,15],[21,49,15]],""selected_path"":[21,15]},{""key"":[29,40,2],""started_at"":16.165408648948432,""closed_at"":18.165408648948432,""candidate_paths"":[[29,18,23,40],[29,18,30,40],[29,32,40],[29,37,40],[29,40]],""selected_path"":[29,40]},{""key"":[32,47,4],""started_at"":33.31182948955551,""closed_at"":35.31182948955551,""candidate_paths"":[[32,14,26,47],[32,21,47],[32,24,11,47]],""selected_path"":[32,21,47]},{""key"":[48,30,3],""started_at"":25.331215028021813,""closed_at"":27.331215028021813,""candidate_paths"":[[48,13,45,30],[48,15,17,30],[48,18,30],[48,23,10,30],[48,23,30],[48,39,30]],""selected_path"":[48,18,30]}]",40,0,4,4,4.0,a0a57a46fcfd96d98119bc3609d2f7b782542d7edfadd14f25780f250027c3d0,7,2.75,0,connected-multihop,0.9,2,4,4,2.0,1,2,2,0.5,0.030612244897959183,0,2.0,0.14656011528606777,0.9899108707122267,0.9999607038417435,0.9999999612530406,0.9999999999999827,0.25142857142857145,0.08897959183673469
etx-mesh,32,600.0,40,40,0,0.625,0.675,0.0,0.373499,0.223275,0.373499,0.143872,0.287744,27,25,0,315,58,257,54,22.65984,13.882556,0.023138,8.973297,36.405163,45.37846,1.815138,0.906394,0.223275,5873,9562,15435,0.380499,7410,0.480078,965,0,196,7,4,3,27,13,0,0,0.292779,0.815873,0,0,0.0,-1,0,0,0,icc2027_generalization_stale_fading,50,8250.0,4.0,unicast,poisson,0,4,23,4,"[{""key"":[21,15,1],""candidate_count"":9,""sha256"":""3d2a5133d5d443ebab04a6a6b2b9073ec2f605b238d1cfdef0a69a145ac5e586""},{""key"":[29,40,2],""candidate_count"":5,""sha256"":""0d26807c7d9b659822dac36b73238313b1408fdebb825e6d597ca4d8609b26ee""},{""key"":[32,47,4],""candidate_count"":3,""sha256"":""9ad0b6f2421fff6290c85e5647605e34b9e04ab3752fff909730fe11ffd96974""},{""key"":[48,30,3],""candidate_count"":6,""sha256"":""d9fae274da7ce98a12085c64af2e5139f78c246751fc6b4adf19f1cfeabda54b""}]","[{""key"":[21,15,1],""started_at"":1.0,""closed_at"":3.0,""candidate_paths"":[[21,7,26,15],[21,13,15],[21,14,15],[21,14,19,15],[21,14,30,15],[21,15],[21,17,15],[21,31,15],[21,49,15]],""selected_path"":[21,17,15]},{""key"":[29,40,2],""started_at"":16.165408648948432,""closed_at"":18.165408648948432,""candidate_paths"":[[29,12,49,40],[29,15,13,40],[29,32,40],[29,37,40],[29,40]],""selected_path"":[29,40]},{""key"":[32,47,4],""started_at"":33.31182948955551,""closed_at"":35.31182948955551,""candidate_paths"":[[32,14,26,47],[32,21,47],[32,24,11,47]],""selected_path"":[32,21,47]},{""key"":[48,30,3],""started_at"":25.331215028021813,""closed_at"":27.331215028021813,""candidate_paths"":[[48,11,7,30],[48,18,0,30],[48,18,30],[48,23,15,30],[48,23,30],[48,27,19,30]],""selected_path"":[48,23,30]}]",40,0,4,4,4.0,a0a57a46fcfd96d98119bc3609d2f7b782542d7edfadd14f25780f250027c3d0,7,2.75,0,connected-multihop,0.9,2,4,4,2.0,1,3,3,0.75,0.03571428571428571,0,2.0,0.14656011528606777,0.9899108707122267,0.9999607038417435,0.9999999612530406,0.9999999999999827,0.25142857142857145,0.08897959183673469
ett-mesh,32,600.0,40,40,0,0.625,0.675,0.0,0.373499,0.223275,0.373499,0.143872,0.287744,27,25,0,315,58,257,54,22.65984,13.882556,0.023138,8.973297,36.405163,45.37846,1.815138,0.906394,0.223275,5873,9562,15435,0.380499,7410,0.480078,965,0,196,7,4,3,27,13,0,0,0.831844,0.815873,0,0,0.0,-1,0,0,0,icc2027_generalization_stale_fading,50,8250.0,4.0,unicast,poisson,0,4,23,4,"[{""key"":[21,15,1],""candidate_count"":9,""sha256"":""3d2a5133d5d443ebab04a6a6b2b9073ec2f605b238d1cfdef0a69a145ac5e586""},{""key"":[29,40,2],""candidate_count"":5,""sha256"":""0d26807c7d9b659822dac36b73238313b1408fdebb825e6d597ca4d8609b26ee""},{""key"":[32,47,4],""candidate_count"":3,""sha256"":""9ad0b6f2421fff6290c85e5647605e34b9e04ab3752fff909730fe11ffd96974""},{""key"":[48,30,3],""candidate_count"":6,""sha256"":""d9fae274da7ce98a12085c64af2e5139f78c246751fc6b4adf19f1cfeabda54b""}]","[{""key"":[21,15,1],""started_at"":1.0,""closed_at"":3.0,""candidate_paths"":[[21,7,26,15],[21,13,15],[21,14,15],[21,14,19,15],[21,14,30,15],[21,15],[21,17,15],[21,31,15],[21,49,15]],""selected_path"":[21,17,15]},{""key"":[29,40,2],""started_at"":16.165408648948432,""closed_at"":18.165408648948432,""candidate_paths"":[[29,12,49,40],[29,15,13,40],[29,32,40],[29,37,40],[29,40]],""selected_path"":[29,40]},{""key"":[32,47,4],""started_at"":33.31182948955551,""closed_at"":35.31182948955551,""candidate_paths"":[[32,14,26,47],[32,21,47],[32,24,11,47]],""selected_path"":[32,21,47]},{""key"":[48,30,3],""started_at"":25.331215028021813,""closed_at"":27.331215028021813,""candidate_paths"":[[48,11,7,30],[48,18,0,30],[48,18,30],[48,23,15,30],[48,23,30],[48,27,19,30]],""selected_path"":[48,23,30]}]",40,0,4,4,4.0,a0a57a46fcfd96d98119bc3609d2f7b782542d7edfadd14f25780f250027c3d0,7,2.75,0,connected-multihop,0.9,2,4,4,2.0,1,3,3,0.75,0.03571428571428571,0,2.0,0.14656011528606777,0.9899108707122267,0.9999607038417435,0.9999999612530406,0.9999999999999827,0.25142857142857145,0.08897959183673469
minhop-mesh,32,600.0,40,40,0,0.65,0.675,0.0,0.405622,0.276034,0.405622,1.543872,1.733792,27,26,0,295,48,247,45,21.22112,12.316504,0.020528,8.403564,34.099429,42.502993,1.63473,0.816197,0.276034,5045,9410,14455,0.349014,7396,0.511657,972,0,196,6,4,3,27,13,0,0,0.791361,0.837288,0,0,0.0,-1,0,0,0,icc2027_generalization_stale_fading,50,8250.0,4.0,unicast,poisson,0,4,24,4,"[{""key"":[21,15,1],""candidate_count"":8,""sha256"":""15573bd0ddc49f5cafe4e1c45e1196a77764fcb3b2fe3fb7a403b8172e1904f7""},{""key"":[29,40,2],""candidate_count"":5,""sha256"":""91b8792009f7200f108489bf56e63504fb918da6c30b09e205831aa34690064a""},{""key"":[32,47,4],""candidate_count"":6,""sha256"":""83c47d2dc2bf985eb1e6c8dc645e461a722f5e6295d66bfd36f2863e8a3526b1""},{""key"":[48,30,3],""candidate_count"":5,""sha256"":""660cf41cd93e2d29763dae43328ddced1935f3bb3c19fafb408ef10ae02ddc7e""}]","[{""key"":[21,15,1],""started_at"":1.0,""closed_at"":3.0,""candidate_paths"":[[21,7,26,15],[21,9,15],[21,14,15],[21,14,19,15],[21,14,30,15],[21,15],[21,31,15],[21,49,15]],""selected_path"":[21,15]},{""key"":[29,40,2],""started_at"":16.165408648948432,""closed_at"":18.165408648948432,""candidate_paths"":[[29,12,8,40],[29,12,17,40],[29,32,40],[29,37,40],[29,40]],""selected_path"":[29,40]},{""key"":[32,47,4],""started_at"":33.31182948955551,""closed_at"":35.31182948955551,""candidate_paths"":[[32,6,9,47],[32,6,47],[32,14,18,47],[32,21,47],[32,23,26,47],[32,27,11,47]],""selected_path"":[32,21,47]},{""key"":[48,30,3],""started_at"":25.331215028021813,""closed_at"":27.331215028021813,""candidate_paths"":[[48,7,30],[48,9,17,30],[48,14,30],[48,18,30],[48,39,30]],""selected_path"":[48,18,30]}]",40,0,4,4,4.0,a0a57a46fcfd96d98119bc3609d2f7b782542d7edfadd14f25780f250027c3d0,7,2.75,0,connected-multihop,0.9,2,4,4,2.0,1,3,2,0.75,0.030612244897959183,0,1.6666666666666667,0.14656011528606777,0.9899108707122267,0.9999607038417435,0.9999999612530406,0.9999999999999827,0.25142857142857145,0.08897959183673469
meshecho,32,600.0,40,40,0,0.775,0.85,0.0,0.46969,0.313995,0.46969,2.194227,2.323712,34,31,0,330,67,263,60,23.73888,14.758621,0.024598,9.400596,38.241437,47.642033,1.53684,0.76577,0.313995,6441,9729,16170,0.39833,7383,0.456586,922,0,196,7,4,4,36,4,0,0,0.788708,0.79697,0,0,0.0,-1,0,0,0,icc2027_generalization_stale_fading,50,8250.0,4.0,unicast,poisson,0,4,24,4,"[{""key"":[21,15,1],""candidate_count"":7,""sha256"":""2af24b1105fe190f704f8ee6a1a451f12c2950aef8dfcafbbb1624164185f708""},{""key"":[29,40,2],""candidate_count"":4,""sha256"":""7d0dbe76b650079a5441094acb449b1ee3a73bfca6b3f2847bd81fa87b834793""},{""key"":[32,47,4],""candidate_count"":7,""sha256"":""86ec5b53e89eb422020d660514224bdb6c7649b8c88a4df6e35c189c8a92d413""},{""key"":[48,30,3],""candidate_count"":6,""sha256"":""daaad77c5840723975303bbfd333cc5210c4c74f67c7c5aa03b8d4416ecebc9f""}]","[{""key"":[21,15,1],""started_at"":1.0,""closed_at"":3.0,""candidate_paths"":[[21,7,26,15],[21,9,15],[21,14,15],[21,14,18,15],[21,15],[21,31,15],[21,49,15]],""selected_path"":[21,31,15]},{""key"":[29,40,2],""started_at"":16.165408648948432,""closed_at"":18.165408648948432,""candidate_paths"":[[29,12,8,40],[29,12,17,40],[29,37,40],[29,40]],""selected_path"":[29,40]},{""key"":[32,47,4],""started_at"":33.31182948955551,""closed_at"":35.31182948955551,""candidate_paths"":[[32,2,47],[32,14,19,47],[32,16,47],[32,21,47],[32,24,47],[32,30,26,47],[32,44,11,47]],""selected_path"":[32,21,47]},{""key"":[48,30,3],""started_at"":25.331215028021813,""closed_at"":27.331215028021813,""candidate_paths"":[[48,5,30],[48,9,30],[48,10,30],[48,14,15,30],[48,18,30],[48,26,30]],""selected_path"":[48,18,30]}]",40,0,4,4,4.0,a0a57a46fcfd96d98119bc3609d2f7b782542d7edfadd14f25780f250027c3d0,7,2.75,0,connected-multihop,0.9,2,4,4,2.0,1,4,3,1.0,0.03571428571428571,0,1.75,0.14656011528606777,0.9899108707122267,0.9999607038417435,0.9999999612530406,0.9999999999999827,0.25142857142857145,0.08897959183673469
meshtastic-like,33,600.0,45,45,0,0.422222,1.0,0.0,0.631378,0.708992,0.631378,1.251917,1.466456,45,19,0,651,586,65,65,46.830336,27.949029,0.046582,18.544813,75.869152,94.413965,4.969156,2.464755,0.708992,9836,22063,31899,0.308348,19259,0.603749,6115,2061,0,0,0,0,0,0,0,0,0.0,0.099846,0,0,0.0,-1,0,0,0,icc2027_generalization_stale_fading,50,8250.0,4.0,unicast,poisson,0,0,0,0,[],[],45,0,4,4,4.5,a7403a0997ae17ec52c9e152f1533e49515ef82dfeaac9d529ef6420b207e8b3,7,2.75,0,connected-multihop,0.9,2,4,4,2.0,1,0,0,0.0,0.0,0,0.0,0.5177968886780069,0.9983971630943456,0.9999944427093447,0.9999999834879212,0.9999999999999023,0.17061224489795918,0.04816326530612245
meshcore-like,33,600.0,45,45,0,0.377778,0.466667,0.0,0.459565,0.303518,0.459565,2.143872,2.25897,21,17,0,274,43,231,30,19.710464,10.615111,0.017692,7.805344,31.341351,39.146695,2.302747,1.159439,0.303518,4305,9121,13426,0.320647,7214,0.537316,955,0,196,5,4,3,31,14,0,0,0.0,0.843066,0,0,0.0,-1,0,0,0,icc2027_generalization_stale_fading,50,8250.0,4.0,unicast,poisson,0,4,21,4,"[{""key"":[9,41,3],""candidate_count"":4,""sha256"":""e15932745def9320b096c469bf399094d42e788ceef70604d6a8bbe0f9bbcf50""},{""key"":[16,9,2],""candidate_count"":7,""sha256"":""be159e35a48764e4295b278d95d13f24810fb7dbe919b5245b31e0645b56ec20""},{""key"":[24,11,4],""candidate_count"":5,""sha256"":""b551dc370dedf912c456ff6a6dae36074e2c95f1cf561b712d75ef37d85acac9""},{""key"":[46,10,1],""candidate_count"":5,""sha256"":""a44aacc7ad68e4e9d8a6087463b2a40b8dc57ebe63fed51286051857b1a786f6""}]","[{""key"":[9,41,3],""started_at"":41.429118770509554,""closed_at"":43.429118770509554,""candidate_paths"":[[9,7,41],[9,21,42,41],[9,24,41],[9,35,41]],""selected_path"":[9,7,41]},{""key"":[16,9,2],""started_at"":37.99259919106219,""closed_at"":39.99259919106219,""candidate_paths"":[[16,0,1,9],[16,2,22,9],[16,9],[16,13,9],[16,17,20,9],[16,18,9],[16,28,10,9]],""selected_path"":[16,9]},{""key"":[24,11,4],""started_at"":51.84546562068912,""closed_at"":53.84546562068912,""candidate_paths"":[[24,17,11],[24,18,44,11],[24,27,11],[24,37,12,11],[24,37,45,11]],""selected_path"":[24,17,11]},{""key"":[46,10,1],""started_at"":1.0,""closed_at"":3.0,""candidate_paths"":[[46,10],[46,22,10],[46,28,10],[46,39,10],[46,49,14,10]],""selected_path"":[46,10]}]",45,0,4,4,4.5,a7403a0997ae17ec52c9e152f1533e49515ef82dfeaac9d529ef6420b207e8b3,7,2.75,0,connected-multihop,0.9,2,4,4,2.0,1,3,1,0.75,0.025510204081632654,0,1.3333333333333333,0.5177968886780069,0.9983971630943456,0.9999944427093447,0.9999999834879212,0.9999999999999023,0.17061224489795918,0.04816326530612245
etx-mesh,33,600.0,45,45,0,0.422222,0.488889,0.0,0.449051,0.299532,0.449051,2.043872,2.237389,22,19,0,279,45,234,33,20.070144,10.974791,0.018291,7.947777,31.940402,39.888179,2.099378,1.056323,0.299532,4626,9045,13671,0.338381,7214,0.527686,955,0,196,5,4,3,31,14,0,0,0.401273,0.83871,0,0,0.0,-1,0,0,0,icc2027_generalization_stale_fading,50,8250.0,4.0,unicast,poisson,0,4,21,4,"[{""key"":[9,41,3],""candidate_count"":4,""sha256"":""e15932745def9320b096c469bf399094d42e788ceef70604d6a8bbe0f9bbcf50""},{""key"":[16,9,2],""candidate_count"":7,""sha256"":""be159e35a48764e4295b278d95d13f24810fb7dbe919b5245b31e0645b56ec20""},{""key"":[24,11,4],""candidate_count"":5,""sha256"":""b551dc370dedf912c456ff6a6dae36074e2c95f1cf561b712d75ef37d85acac9""},{""key"":[46,10,1],""candidate_count"":5,""sha256"":""a44aacc7ad68e4e9d8a6087463b2a40b8dc57ebe63fed51286051857b1a786f6""}]","[{""key"":[9,41,3],""started_at"":41.429118770509554,""closed_at"":43.429118770509554,""candidate_paths"":[[9,7,41],[9,21,42,41],[9,24,41],[9,35,41]],""selected_path"":[9,24,41]},{""key"":[16,9,2],""started_at"":37.99259919106219,""closed_at"":39.99259919106219,""candidate_paths"":[[16,0,1,9],[16,2,22,9],[16,9],[16,13,9],[16,17,20,9],[16,18,9],[16,28,10,9]],""selected_path"":[16,9]},{""key"":[24,11,4],""started_at"":51.84546562068912,""closed_at"":53.84546562068912,""candidate_paths"":[[24,17,11],[24,18,44,11],[24,27,11],[24,37,12,11],[24,37,45,11]],""selected_path"":[24,27,11]},{""key"":[46,10,1],""started_at"":1.0,""closed_at"":3.0,""candidate_paths"":[[46,10],[46,22,10],[46,28,10],[46,39,10],[46,49,14,10]],""selected_path"":[46,10]}]",45,0,4,4,4.5,a7403a0997ae17ec52c9e152f1533e49515ef82dfeaac9d529ef6420b207e8b3,7,2.75,0,connected-multihop,0.9,2,4,4,2.0,1,3,1,0.75,0.025510204081632654,0,1.3333333333333333,0.5177968886780069,0.9983971630943456,0.9999944427093447,0.9999999834879212,0.9999999999999023,0.17061224489795918,0.04816326530612245
ett-mesh,33,600.0,45,45,0,0.422222,0.488889,0.0,0.449051,0.299532,0.449051,2.043872,2.237389,22,19,0,279,45,234,33,20.070144,10.974791,0.018291,7.947777,31.940402,39.888179,2.099378,1.056323,0.299532,4626,9045,13671,0.338381,7214,0.527686,955,0,196,5,4,3,31,14,0,0,0.871212,0.83871,0,0,0.0,-1,0,0,0,icc2027_generalization_stale_fading,50,8250.0,4.0,unicast,poisson,0,4,21,4,"[{""key"":[9,41,3],""candidate_count"":4,""sha256"":""e15932745def9320b096c469bf399094d42e788ceef70604d6a8bbe0f9bbcf50""},{""key"":[16,9,2],""candidate_count"":7,""sha256"":""be159e35a48764e4295b278d95d13f24810fb7dbe919b5245b31e0645b56ec20""},{""key"":[24,11,4],""candidate_count"":5,""sha256"":""b551dc370dedf912c456ff6a6dae36074e2c95f1cf561b712d75ef37d85acac9""},{""key"":[46,10,1],""candidate_count"":5,""sha256"":""a44aacc7ad68e4e9d8a6087463b2a40b8dc57ebe63fed51286051857b1a786f6""}]","[{""key"":[9,41,3],""started_at"":41.429118770509554,""closed_at"":43.429118770509554,""candidate_paths"":[[9,7,41],[9,21,42,41],[9,24,41],[9,35,41]],""selected_path"":[9,24,41]},{""key"":[16,9,2],""started_at"":37.99259919106219,""closed_at"":39.99259919106219,""candidate_paths"":[[16,0,1,9],[16,2,22,9],[16,9],[16,13,9],[16,17,20,9],[16,18,9],[16,28,10,9]],""selected_path"":[16,9]},{""key"":[24,11,4],""started_at"":51.84546562068912,""closed_at"":53.84546562068912,""candidate_paths"":[[24,17,11],[24,18,44,11],[24,27,11],[24,37,12,11],[24,37,45,11]],""selected_path"":[24,27,11]},{""key"":[46,10,1],""started_at"":1.0,""closed_at"":3.0,""candidate_paths"":[[46,10],[46,22,10],[46,28,10],[46,39,10],[46,49,14,10]],""selected_path"":[46,10]}]",45,0,4,4,4.5,a7403a0997ae17ec52c9e152f1533e49515ef82dfeaac9d529ef6420b207e8b3,7,2.75,0,connected-multihop,0.9,2,4,4,2.0,1,3,1,0.75,0.025510204081632654,0,1.3333333333333333,0.5177968886780069,0.9983971630943456,0.9999944427093447,0.9999999834879212,0.9999999999999023,0.17061224489795918,0.04816326530612245
minhop-mesh,33,600.0,45,45,0,0.555556,0.622222,0.0,0.47595,0.335035,0.47595,2.143872,2.215808,28,25,0,306,61,245,43,22.012416,12.836402,0.021394,8.716917,35.199726,43.916643,1.756666,0.880497,0.335035,5612,9382,14994,0.374283,7265,0.484527,1005,0,196,6,4,4,41,4,0,0,0.847103,0.800654,0,0,0.0,-1,0,0,0,icc2027_generalization_stale_fading,50,8250.0,4.0,unicast,poisson,0,4,20,4,"[{""key"":[9,41,3],""candidate_count"":3,""sha256"":""334831be71ea2689d99e0824f1ef89a6e6bcf4efb94c385de42d46845a8f4374""},{""key"":[16,9,2],""candidate_count"":7,""sha256"":""bdebc53d5f59f214b14140276f6e60cd60047f61948fa65848c6f94dbfa46ade""},{""key"":[24,11,4],""candidate_count"":4,""sha256"":""982ad9c238ef965febc44f10d426bc1a74131b1436fe3c052b762da5fecc559e""},{""key"":[46,10,1],""candidate_count"":6,""sha256"":""8ae73c874a6ad311cfba9859bcb77a921be309193836c59ced9c2c00b632ae28""}]","[{""key"":[9,41,3],""started_at"":41.429118770509554,""closed_at"":43.429118770509554,""candidate_paths"":[[9,1,34,41],[9,27,41],[9,30,46,41]],""selected_path"":[9,27,41]},{""key"":[16,9,2],""started_at"":37.99259919106219,""closed_at"":39.99259919106219,""candidate_paths"":[[16,2,22,9],[16,9],[16,18,9],[16,26,44,9],[16,28,10,9],[16,30,20,9],[16,36,9]],""selected_path"":[16,9]},{""key"":[24,11,4],""started_at"":51.84546562068912,""closed_at"":53.84546562068912,""candidate_paths"":[[24,2,32,11],[24,17,11],[24,28,10,11],[24,37,45,11]],""selected_path"":[24,17,11]},{""key"":[46,10,1],""started_at"":1.0,""closed_at"":3.0,""candidate_paths"":[[46,10],[46,22,10],[46,25,26,10],[46,28,10],[46,37,45,10],[46,39,10]],""selected_path"":[46,10]}]",45,0,4,4,4.5,a7403a0997ae17ec52c9e152f1533e49515ef82dfeaac9d529ef6420b207e8b3,7,2.75,0,connected-multihop,0.9,2,4,4,2.0,1,4,2,1.0,0.030612244897959183,0,1.5,0.5177968886780069,0.9983971630943456,0.9999944427093447,0.9999999834879212,0.9999999999999023,0.17061224489795918,0.04816326530612245
meshecho,33,600.0,45,45,0,0.422222,0.466667,0.0,0.441479,0.306944,0.441479,2.143872,2.237389,21,19,0,276,44,232,31,19.854336,10.65798,0.017763,7.862317,31.500283,39.3626,2.071716,1.044965,0.306944,4493,9031,13524,0.332224,7001,0.517672,996,0,196,5,4,3,31,14,0,0,0.875135,0.84058,0,0,0.0,-1,0,0,0,icc2027_generalization_stale_fading,50,8250.0,4.0,unicast,poisson,0,4,27,4,"[{""key"":[9,41,3],""candidate_count"":7,""sha256"":""7b18322e891df7e2186251d88a608b3152c3567c3feba80071728390b3f605b2""},{""key"":[16,9,2],""candidate_count"":8,""sha256"":""0eb4f9e59b1e0250e4a8d88ba962fc0e6f835f1c76b00e45829e07045422a43a""},{""key"":[24,11,4],""candidate_count"":5,""sha256"":""2f584f75fa3fabe3a3662e4c4f1e5bbc15e66c0acebfa392bd41c45e2df3b96c""},{""key"":[46,10,1],""candidate_count"":7,""sha256"":""2a836c55ac5d57a8e95b21410aca6b6c8a099a480edaa7bf4f80bf169847c379""}]","[{""key"":[9,41,3],""started_at"":41.429118770509554,""closed_at"":43.429118770509554,""candidate_paths"":[[9,1,34,41],[9,21,42,41],[9,27,41],[9,38,46,41],[9,38,47,41],[9,40,41],[9,48,37,41]],""selected_path"":[9,27,41]},{""key"":[16,9,2],""started_at"":37.99259919106219,""closed_at"":39.99259919106219,""candidate_paths"":[[16,2,22,9],[16,9],[16,13,9],[16,18,9],[16,26,44,9],[16,28,10,9],[16,36,9],[16,39,9]],""selected_path"":[16,9]},{""key"":[24,11,4],""started_at"":51.84546562068912,""closed_at"":53.84546562068912,""candidate_paths"":[[24,9,10,11],[24,17,11],[24,26,11],[24,38,16,11],[24,49,11]],""selected_path"":[24,17,11]},{""key"":[46,10,1],""started_at"":1.0,""closed_at"":3.0,""candidate_paths"":[[46,10],[46,22,10],[46,22,44,10],[46,25,26,10],[46,28,10],[46,37,45,10],[46,39,10]],""selected_path"":[46,10]}]",45,0,4,4,4.5,a7403a0997ae17ec52c9e152f1533e49515ef82dfeaac9d529ef6420b207e8b3,7,2.75,0,connected-multihop,0.9,2,4,4,2.0,1,3,1,0.75,0.025510204081632654,0,1.3333333333333333,0.5177968886780069,0.9983971630943456,0.9999944427093447,0.9999999834879212,0.9999999999999023,0.17061224489795918,0.04816326530612245
meshtastic-like,34,600.0,40,40,0,0.5,1.0,0.0,0.844399,0.802199,0.844399,1.525379,2.790673,40,20,0,551,491,60,60,39.636736,24.182997,0.040305,15.696147,64.254905,79.951052,3.997553,1.981837,0.802199,8825,18125,26950,0.327458,15764,0.584935,5133,1824,0,0,0,0,0,0,0,0,0.0,0.108893,0,0,0.0,-1,0,0,0,icc2027_generalization_stale_fading,50,8250.0,4.0,unicast,poisson,0,0,0,0,[],[],40,0,4,4,4.0,99e1612cb0cd4525724f259fa9432132f5dbcabd3237863d78b84e6994f79b62,7,2.75,0,connected-multihop,0.9,2,4,4,2.0,1,0,0,0.0,0.0,0,0.0,0.6354196001358925,0.9992454588258496,0.9999962261757863,0.9999999926262026,0.9999999999999575,0.15183673469387754,0.04163265306122449
meshcore-like,34,600.0,40,40,0,0.175,0.2,0.0,0.287744,0.143872,0.287744,0.143872,0.287744,8,7,0,246,28,218,16,17.696256,8.150062,0.013583,7.007717,27.910869,34.918587,4.98837,2.528037,0.143872,2930,9124,12054,0.243073,7502,0.622366,851,0,196,6,4,2,18,22,0,0,0.0,0.886179,0,0,0.0,-1,0,0,0,icc2027_generalization_stale_fading,50,8250.0,4.0,unicast,poisson,0,4,15,4,"[{""key"":[5,32,1],""candidate_count"":5,""sha256"":""9d86a605c949fb0df7407a92acd622ff51306ca939751b25fdb8e490a5111ffb""},{""key"":[5,44,4],""candidate_count"":2,""sha256"":""0c43e37058ec13b72618702f0eb6d2ae204ebb43e30c7d56bd158fce4bbf138d""},{""key"":[19,45,2],""candidate_count"":6,""sha256"":""d5fc3dde50a0c4fcd2a1d21d86af93f524d2f4df6598b4c5a204be46c63557cf""},{""key"":[30,23,3],""candidate_count"":2,""sha256"":""96809fe84de52a50238dce28cf2342b9981e8a29a1c27d8622f0d20a490878a9""}]","[{""key"":[5,32,1],""started_at"":1.0,""closed_at"":3.0,""candidate_paths"":[[5,13,28,32],[5,13,41,32],[5,22,32],[5,31,32],[5,49,32]],""selected_path"":[5,22,32]},{""key"":[5,44,4],""started_at"":24.23713210789741,""closed_at"":26.23713210789741,""candidate_paths"":[[5,43,42,44],[5,43,49,44]],""selected_path"":[5,43,42,44]},{""key"":[19,45,2],""started_at"":11.292418302994681,""closed_at"":13.292418302994681,""candidate_paths"":[[19,7,45],[19,11,22,45],[19,11,45],[19,31,45],[19,35,45],[19,35,49,45]],""selected_path"":[19,7,45]},{""key"":[30,23,3],""started_at"":23.52526636631802,""closed_at"":25.52526636631802,""candidate_paths"":[[30,23],[30,46,1,23]],""selected_path"":[30,23]}]",40,0,4,4,4.0,99e1612cb0cd4525724f259fa9432132f5dbcabd3237863d78b84e6994f79b62,7,2.75,0,connected-multihop,0.9,2,4,4,2.0,1,2,1,0.5,0.030612244897959183,0,1.5,0.6354196001358925,0.9992454588258496,0.9999962261757863,0.9999999926262026,0.9999999999999575,0.15183673469387754,0.04163265306122449
etx-mesh,34,600.0,40,40,0,0.45,0.5,0.0,0.525952,0.354662,0.525952,2.287744,2.431616,20,18,0,290,49,241,39,20.86144,11.301266,0.018835,8.26113,33.17518,41.43631,2.302017,1.158969,0.354662,4875,9335,14210,0.343068,7472,0.525827,787,0,196,6,4,3,27,13,0,0,0.346365,0.831034,0,0,0.0,-1,0,0,0,icc2027_generalization_stale_fading,50,8250.0,4.0,unicast,poisson,0,4,17,4,"[{""key"":[5,32,1],""candidate_count"":5,""sha256"":""9d86a605c949fb0df7407a92acd622ff51306ca939751b25fdb8e490a5111ffb""},{""key"":[5,44,4],""candidate_count"":3,""sha256"":""431208bc9720ce5ec31ce6c5d5adef439ac51e284b9967aa4ddbb2fbaf5304db""},{""key"":[19,45,2],""candidate_count"":6,""sha256"":""982e4dcd8cf3f62cafe14ed7adbae1a81b68e1f9ecabb794bedf4f73b4f2844f""},{""key"":[30,23,3],""candidate_count"":3,""sha256"":""f77fa6e29c9e3e041fec8a69104343f934c8c8634c1a657ede362085c7b4e715""}]","[{""key"":[5,32,1],""started_at"":1.0,""closed_at"":3.0,""candidate_paths"":[[5,13,28,32],[5,13,41,32],[5,22,32],[5,31,32],[5,49,32]],""selected_path"":[5,49,32]},{""key"":[5,44,4],""started_at"":24.23713210789741,""closed_at"":26.23713210789741,""candidate_paths"":[[5,17,44],[5,43,10,44],[5,43,42,44]],""selected_path"":[5,17,44]},{""key"":[19,45,2],""started_at"":11.292418302994681,""closed_at"":13.292418302994681,""candidate_paths"":[[19,7,45],[19,11,22,45],[19,11,45],[19,31,45],[19,35,45],[19,41,49,45]],""selected_path"":[19,11,45]},{""key"":[30,23,3],""started_at"":23.52526636631802,""closed_at"":25.52526636631802,""candidate_paths"":[[30,23],[30,29,23],[30,40,1,23]],""selected_path"":[30,23]}]",40,0,4,4,4.0,99e1612cb0cd4525724f259fa9432132f5dbcabd3237863d78b84e6994f79b62,7,2.75,0,connected-multihop,0.9,2,4,4,2.0,1,3,2,0.75,0.030612244897959183,0,1.6666666666666667,0.6354196001358925,0.9992454588258496,0.9999962261757863,0.9999999926262026,0.9999999999999575,0.15183673469387754,0.04163265306122449
ett-mesh,34,600.0,40,40,0,0.45,0.5,0.0,0.525952,0.354662,0.525952,2.287744,2.431616,20,18,0,290,49,241,39,20.86144,11.301266,0.018835,8.26113,33.17518,41.43631,2.302017,1.158969,0.354662,4875,9335,14210,0.343068,7472,0.525827,787,0,196,6,4,3,27,13,0,0,0.853669,0.831034,0,0,0.0,-1,0,0,0,icc2027_generalization_stale_fading,50,8250.0,4.0,unicast,poisson,0,4,17,4,"[{""key"":[5,32,1],""candidate_count"":5,""sha256"":""9d86a605c949fb0df7407a92acd622ff51306ca939751b25fdb8e490a5111ffb""},{""key"":[5,44,4],""candidate_count"":3,""sha256"":""431208bc9720ce5ec31ce6c5d5adef439ac51e284b9967aa4ddbb2fbaf5304db""},{""key"":[19,45,2],""candidate_count"":6,""sha256"":""982e4dcd8cf3f62cafe14ed7adbae1a81b68e1f9ecabb794bedf4f73b4f2844f""},{""key"":[30,23,3],""candidate_count"":3,""sha256"":""f77fa6e29c9e3e041fec8a69104343f934c8c8634c1a657ede362085c7b4e715""}]","[{""key"":[5,32,1],""started_at"":1.0,""closed_at"":3.0,""candidate_paths"":[[5,13,28,32],[5,13,41,32],[5,22,32],[5,31,32],[5,49,32]],""selected_path"":[5,49,32]},{""key"":[5,44,4],""started_at"":24.23713210789741,""closed_at"":26.23713210789741,""candidate_paths"":[[5,17,44],[5,43,10,44],[5,43,42,44]],""selected_path"":[5,17,44]},{""key"":[19,45,2],""started_at"":11.292418302994681,""closed_at"":13.292418302994681,""candidate_paths"":[[19,7,45],[19,11,22,45],[19,11,45],[19,31,45],[19,35,45],[19,41,49,45]],""selected_path"":[19,11,45]},{""key"":[30,23,3],""started_at"":23.52526636631802,""closed_at"":25.52526636631802,""candidate_paths"":[[30,23],[30,29,23],[30,40,1,23]],""selected_path"":[30,23]}]",40,0,4,4,4.0,99e1612cb0cd4525724f259fa9432132f5dbcabd3237863d78b84e6994f79b62,7,2.75,0,connected-multihop,0.9,2,4,4,2.0,1,3,2,0.75,0.030612244897959183,0,1.6666666666666667,0.6354196001358925,0.9992454588258496,0.9999962261757863,0.9999999926262026,0.9999999999999575,0.15183673469387754,0.04163265306122449
minhop-mesh,34,600.0,40,40,0,0.35,0.4,0.0,0.440878,0.268872,0.440878,0.67984,1.038099,16,14,0,276,44,232,30,19.854336,10.505366,0.017509,7.862317,31.561411,39.423728,2.815981,1.418167,0.268872,4330,9194,13524,0.320172,7405,0.547545,907,0,196,6,4,3,27,13,0,0,0.792144,0.84058,0,0,0.0,-1,0,0,0,icc2027_generalization_stale_fading,50,8250.0,4.0,unicast,poisson,0,4,19,4,"[{""key"":[5,32,1],""candidate_count"":8,""sha256"":""0c6de6da8f86d3d813d96cd6188ea1d9cd9ba78a2ef0f3bc02780d0843ddf0bc""},{""key"":[5,44,4],""candidate_count"":2,""sha256"":""e8b4936f2c0caecf82750909983195578e09df219174beb9c2fa74b052f5b778""},{""key"":[19,45,2],""candidate_count"":6,""sha256"":""982e4dcd8cf3f62cafe14ed7adbae1a81b68e1f9ecabb794bedf4f73b4f2844f""},{""key"":[30,23,3],""candidate_count"":3,""sha256"":""f77fa6e29c9e3e041fec8a69104343f934c8c8634c1a657ede362085c7b4e715""}]","[{""key"":[5,32,1],""started_at"":1.0,""closed_at"":3.0,""candidate_paths"":[[5,13,6,32],[5,13,7,32],[5,13,14,32],[5,13,41,32],[5,23,47,32],[5,31,32],[5,36,32],[5,49,32]],""selected_path"":[5,49,32]},{""key"":[5,44,4],""started_at"":24.23713210789741,""closed_at"":26.23713210789741,""candidate_paths"":[[5,17,44],[5,43,42,44]],""selected_path"":[5,17,44]},{""key"":[19,45,2],""started_at"":11.292418302994681,""closed_at"":13.292418302994681,""candidate_paths"":[[19,7,45],[19,11,22,45],[19,11,45],[19,31,45],[19,35,45],[19,41,49,45]],""selected_path"":[19,35,45]},{""key"":[30,23,3],""started_at"":23.52526636631802,""closed_at"":25.52526636631802,""candidate_paths"":[[30,23],[30,29,23],[30,40,1,23]],""selected_path"":[30,23]}]",40,0,4,4,4.0,99e1612cb0cd4525724f259fa9432132f5dbcabd3237863d78b84e6994f79b62,7,2.75,0,connected-multihop,0.9,2,4,4,2.0,1,3,2,0.75,0.030612244897959183,0,1.6666666666666667,0.6354196001358925,0.9992454588258496,0.9999962261757863,0.9999999926262026,0.9999999999999575,0.15183673469387754,0.04163265306122449
meshecho,34,600.0,40,40,0,0.45,0.525,0.0,0.513963,0.337774,0.513963,2.143872,2.248179,21,18,0,291,49,242,40,20.933376,11.307521,0.018846,8.289617,33.211856,41.501473,2.305637,1.162965,0.337774,4952,9307,14259,0.347289,7352,0.515604,832,0,196,6,4,3,27,13,0,0,0.792144,0.831615,0,0,0.0,-1,0,0,0,icc2027_generalization_stale_fading,50,8250.0,4.0,unicast,poisson,0,4,20,4,"[{""key"":[5,32,1],""candidate_count"":8,""sha256"":""0c6de6da8f86d3d813d96cd6188ea1d9cd9ba78a2ef0f3bc02780d0843ddf0bc""},{""key"":[5,44,4],""candidate_count"":2,""sha256"":""e8b4936f2c0caecf82750909983195578e09df219174beb9c2fa74b052f5b778""},{""key"":[19,45,2],""candidate_count"":7,""sha256"":""f086c9a7a11a2123b4f3cf8bd9ab3900b156f74624af73466bb2235fac9ff4c4""},{""key"":[30,23,3],""candidate_count"":3,""sha256"":""2279547f255d7f2ecccc3b536623b6cb2e178e54fb90bafc032ec3c1bc92c312""}]","[{""key"":[5,32,1],""started_at"":1.0,""closed_at"":3.0,""candidate_paths"":[[5,13,6,32],[5,13,7,32],[5,13,14,32],[5,13,41,32],[5,23,47,32],[5,31,32],[5,36,32],[5,49,32]],""selected_path"":[5,49,32]},{""key"":[5,44,4],""started_at"":24.23713210789741,""closed_at"":26.23713210789741,""candidate_paths"":[[5,17,44],[5,43,42,44]],""selected_path"":[5,17,44]},{""key"":[19,45,2],""started_at"":11.292418302994681,""closed_at"":13.292418302994681,""candidate_paths"":[[19,4,45],[19,6,32,45],[19,11,45],[19,31,45],[19,35,49,45],[19,40,16,45],[19,40,22,45]],""selected_path"":[19,11,45]},{""key"":[30,23,3],""started_at"":23.52526636631802,""closed_at"":25.52526636631802,""candidate_paths"":[[30,23],[30,24,23],[30,39,1,23]],""selected_path"":[30,23]}]",40,0,4,4,4.0,99e1612cb0cd4525724f259fa9432132f5dbcabd3237863d78b84e6994f79b62,7,2.75,0,connected-multihop,0.9,2,4,4,2.0,1,3,2,0.75,0.030612244897959183,0,1.6666666666666667,0.6354196001358925,0.9992454588258496,0.9999962261757863,0.9999999926262026,0.9999999999999575,0.15183673469387754,0.04163265306122449
meshtastic-like,35,600.0,36,36,0,0.527778,1.0,0.0,0.440606,0.573235,0.440606,1.500065,1.657558,36,19,0,586,539,47,47,42.154496,22.944517,0.038241,16.69318,67.832093,84.525273,4.448699,2.218658,0.573235,7777,20937,28714,0.270843,18214,0.634325,4714,1655,0,0,0,0,0,0,0,0,0.0,0.080205,0,0,0.0,-1,0,0,0,icc2027_generalization_stale_fading,50,8250.0,4.0,unicast,poisson,0,0,0,0,[],[],36,0,4,4,3.6,a5f9871b4c552da23281b2575cff7e89c35257147a7148978fcae89cfcb18a0a,7,2.75,0,connected-multihop,0.9,2,4,4,2.0,1,0,0,0.0,0.0,0,0.0,0.47893001825235215,0.998897496139575,0.9999958158180241,0.9999999885258685,0.9999999999999698,0.17142857142857143,0.05061224489795919
meshcore-like,35,600.0,36,36,0,0.611111,0.666667,0.0,0.531043,0.38488,0.531043,2.266163,2.420826,24,22,0,285,43,242,40,20.50176,10.541758,0.01757,8.118697,32.407417,40.526114,1.842096,0.931898,0.38488,4664,9301,13965,0.333978,7389,0.529108,726,0,196,6,4,3,24,12,0,0,0.0,0.849123,0,0,0.0,-1,0,0,0,icc2027_generalization_stale_fading,50,8250.0,4.0,unicast,poisson,0,4,23,4,"[{""key"":[14,41,4],""candidate_count"":7,""sha256"":""68dc03b6ef44beb2be4a2390b9792f96c9a69b204897bd8060ace2961da0d0fe""},{""key"":[26,27,1],""candidate_count"":6,""sha256"":""0625765a9b8589b8476bb1a54f3ada0232d42b4bd0ff7d567605212787380e37""},{""key"":[27,30,3],""candidate_count"":6,""sha256"":""68fdd47246bee1ecb2515896749034136b8519e3f4b79ca178c47c394f6ea530""},{""key"":[40,2,2],""candidate_count"":4,""sha256"":""275479f729de1ef55e075aa9821a2f743034efcc10569c6b6d25c344acd78ecd""}]","[{""key"":[14,41,4],""started_at"":21.172954717197793,""closed_at"":23.172954717197793,""candidate_paths"":[[14,3,41],[14,5,41],[14,7,8,41],[14,24,41],[14,33,41],[14,34,41],[14,35,46,41]],""selected_path"":[14,3,41]},{""key"":[26,27,1],""started_at"":1.0,""closed_at"":3.0,""candidate_paths"":[[26,12,27],[26,17,27],[26,40,9,27],[26,40,20,27],[26,40,27],[26,43,27]],""selected_path"":[26,12,27]},{""key"":[27,30,3],""started_at"":14.647180923049065,""closed_at"":16.647180923049063,""candidate_paths"":[[27,10,30],[27,16,1,30],[27,16,19,30],[27,30],[27,36,28,30],[27,38,30]],""selected_path"":[27,30]},{""key"":[40,2,2],""started_at"":11.907534522272735,""closed_at"":13.907534522272735,""candidate_paths"":[[40,0,2],[40,2],[40,4,2],[40,14,2]],""selected_path"":[40,2]}]",36,0,4,4,3.6,a5f9871b4c552da23281b2575cff7e89c35257147a7148978fcae89cfcb18a0a,7,2.75,0,connected-multihop,0.9,2,4,4,2.0,1,3,2,0.75,0.030612244897959183,0,1.6666666666666667,0.47893001825235215,0.998897496139575,0.9999958158180241,0.9999999885258685,0.9999999999999698,0.17142857142857143,0.05061224489795919
etx-mesh,35,600.0,36,36,0,0.583333,0.666667,0.0,0.542629,0.38488,0.542629,2.266163,2.431616,24,21,0,285,43,242,40,20.50176,10.541758,0.01757,8.118697,32.407417,40.526114,1.929815,0.976274,0.38488,4652,9313,13965,0.333119,7384,0.52875,726,0,196,6,4,3,24,12,0,0,0.319324,0.849123,0,0,0.0,-1,0,0,0,icc2027_generalization_stale_fading,50,8250.0,4.0,unicast,poisson,0,4,23,4,"[{""key"":[14,41,4],""candidate_count"":7,""sha256"":""68dc03b6ef44beb2be4a2390b9792f96c9a69b204897bd8060ace2961da0d0fe""},{""key"":[26,27,1],""candidate_count"":6,""sha256"":""0625765a9b8589b8476bb1a54f3ada0232d42b4bd0ff7d567605212787380e37""},{""key"":[27,30,3],""candidate_count"":6,""sha256"":""68fdd47246bee1ecb2515896749034136b8519e3f4b79ca178c47c394f6ea530""},{""key"":[40,2,2],""candidate_count"":4,""sha256"":""275479f729de1ef55e075aa9821a2f743034efcc10569c6b6d25c344acd78ecd""}]","[{""key"":[14,41,4],""started_at"":21.172954717197793,""closed_at"":23.172954717197793,""candidate_paths"":[[14,3,41],[14,5,41],[14,7,8,41],[14,24,41],[14,33,41],[14,34,41],[14,35,46,41]],""selected_path"":[14,33,41]},{""key"":[26,27,1],""started_at"":1.0,""closed_at"":3.0,""candidate_paths"":[[26,12,27],[26,17,27],[26,40,9,27],[26,40,20,27],[26,40,27],[26,43,27]],""selected_path"":[26,12,27]},{""key"":[27,30,3],""started_at"":14.647180923049065,""closed_at"":16.647180923049063,""candidate_paths"":[[27,10,30],[27,16,1,30],[27,16,19,30],[27,30],[27,36,28,30],[27,38,30]],""selected_path"":[27,30]},{""key"":[40,2,2],""started_at"":11.907534522272735,""closed_at"":13.907534522272735,""candidate_paths"":[[40,0,2],[40,2],[40,4,2],[40,14,2]],""selected_path"":[40,2]}]",36,0,4,4,3.6,a5f9871b4c552da23281b2575cff7e89c35257147a7148978fcae89cfcb18a0a,7,2.75,0,connected-multihop,0.9,2,4,4,2.0,1,3,2,0.75,0.030612244897959183,0,1.6666666666666667,0.47893001825235215,0.998897496139575,0.9999958158180241,0.9999999885258685,0.9999999999999698,0.17142857142857143,0.05061224489795919
ett-mesh,35,600.0,36,36,0,0.583333,0.666667,0.0,0.542629,0.38488,0.542629,2.266163,2.431616,24,21,0,285,43,242,40,20.50176,10.541758,0.01757,8.118697,32.407417,40.526114,1.929815,0.976274,0.38488,4652,9313,13965,0.333119,7384,0.52875,726,0,196,6,4,3,24,12,0,0,0.846731,0.849123,0,0,0.0,-1,0,0,0,icc2027_generalization_stale_fading,50,8250.0,4.0,unicast,poisson,0,4,23,4,"[{""key"":[14,41,4],""candidate_count"":7,""sha256"":""68dc03b6ef44beb2be4a2390b9792f96c9a69b204897bd8060ace2961da0d0fe""},{""key"":[26,27,1],""candidate_count"":6,""sha256"":""0625765a9b8589b8476bb1a54f3ada0232d42b4bd0ff7d567605212787380e37""},{""key"":[27,30,3],""candidate_count"":6,""sha256"":""68fdd47246bee1ecb2515896749034136b8519e3f4b79ca178c47c394f6ea530""},{""key"":[40,2,2],""candidate_count"":4,""sha256"":""275479f729de1ef55e075aa9821a2f743034efcc10569c6b6d25c344acd78ecd""}]","[{""key"":[14,41,4],""started_at"":21.172954717197793,""closed_at"":23.172954717197793,""candidate_paths"":[[14,3,41],[14,5,41],[14,7,8,41],[14,24,41],[14,33,41],[14,34,41],[14,35,46,41]],""selected_path"":[14,33,41]},{""key"":[26,27,1],""started_at"":1.0,""closed_at"":3.0,""candidate_paths"":[[26,12,27],[26,17,27],[26,40,9,27],[26,40,20,27],[26,40,27],[26,43,27]],""selected_path"":[26,12,27]},{""key"":[27,30,3],""started_at"":14.647180923049065,""closed_at"":16.647180923049063,""candidate_paths"":[[27,10,30],[27,16,1,30],[27,16,19,30],[27,30],[27,36,28,30],[27,38,30]],""selected_path"":[27,30]},{""key"":[40,2,2],""started_at"":11.907534522272735,""closed_at"":13.907534522272735,""candidate_paths"":[[40,0,2],[40,2],[40,4,2],[40,14,2]],""selected_path"":[40,2]}]",36,0,4,4,3.6,a5f9871b4c552da23281b2575cff7e89c35257147a7148978fcae89cfcb18a0a,7,2.75,0,connected-multihop,0.9,2,4,4,2.0,1,3,2,0.75,0.030612244897959183,0,1.6666666666666667,0.47893001825235215,0.998897496139575,0.9999958158180241,0.9999999885258685,0.9999999999999698,0.17142857142857143,0.05061224489795919
minhop-mesh,35,600.0,36,36,0,0.666667,0.666667,0.0,0.353093,0.221211,0.353093,0.143872,0.287744,24,24,0,303,56,247,44,21.796608,12.146021,0.020243,8.631457,34.705815,43.337272,1.80572,0.908192,0.221211,5546,9301,14847,0.373543,7301,0.491749,1016,0,196,7,4,4,32,4,0,0,0.71989,0.815182,0,0,0.0,-1,0,0,0,icc2027_generalization_stale_fading,50,8250.0,4.0,unicast,poisson,0,4,25,4,"[{""key"":[14,41,4],""candidate_count"":7,""sha256"":""f379ab5a0bb7a15d008cc6d5900235c19c4a4bdf81444e1dc9d54796d236193b""},{""key"":[26,27,1],""candidate_count"":6,""sha256"":""0625765a9b8589b8476bb1a54f3ada0232d42b4bd0ff7d567605212787380e37""},{""key"":[27,30,3],""candidate_count"":7,""sha256"":""c26656c2f7f1340998e00769f5c84dcfd05adb2dfa86d704bdc755367d975f3e""},{""key"":[40,2,2],""candidate_count"":5,""sha256"":""3ccb3e043c60a0bb0a8fcdea61be734479351ef6c29dd799b8e2a2e16679effc""}]","[{""key"":[14,41,4],""started_at"":21.172954717197793,""closed_at"":23.172954717197793,""candidate_paths"":[[14,3,41],[14,7,8,41],[14,24,41],[14,32,16,41],[14,33,41],[14,34,41],[14,35,46,41]],""selected_path"":[14,33,41]},{""key"":[26,27,1],""started_at"":1.0,""closed_at"":3.0,""candidate_paths"":[[26,12,27],[26,17,27],[26,40,9,27],[26,40,20,27],[26,40,27],[26,43,27]],""selected_path"":[26,40,27]},{""key"":[27,30,3],""started_at"":14.647180923049065,""closed_at"":16.647180923049063,""candidate_paths"":[[27,3,19,30],[27,10,30],[27,10,31,30],[27,25,13,30],[27,30],[27,38,30],[27,39,2,30]],""selected_path"":[27,30]},{""key"":[40,2,2],""started_at"":11.907534522272735,""closed_at"":13.907534522272735,""candidate_paths"":[[40,0,2],[40,12,34,2],[40,28,31,2],[40,32,19,2],[40,37,29,2]],""selected_path"":[40,0,2]}]",36,0,4,4,3.6,a5f9871b4c552da23281b2575cff7e89c35257147a7148978fcae89cfcb18a0a,7,2.75,0,connected-multihop,0.9,2,4,4,2.0,1,4,3,1.0,0.03571428571428571,0,1.75,0.47893001825235215,0.998897496139575,0.9999958158180241,0.9999999885258685,0.9999999999999698,0.17142857142857143,0.05061224489795919
meshecho,35,600.0,36,36,0,0.833333,0.833333,0.0,0.573594,0.429722,0.573594,2.287744,2.431616,30,30,0,330,66,264,60,23.73888,13.91129,0.023185,9.400596,37.828214,47.22881,1.574294,0.791296,0.429722,6713,9457,16170,0.415152,7151,0.442239,948,0,196,8,4,4,32,4,0,0,0.755918,0.8,0,0,0.0,-1,0,0,0,icc2027_generalization_stale_fading,50,8250.0,4.0,unicast,poisson,0,4,24,4,"[{""key"":[14,41,4],""candidate_count"":8,""sha256"":""e71425f8d7449c24cec83081c65cc6cf838f4e492f35a38d1bb9695fa6407f08""},{""key"":[26,27,1],""candidate_count"":6,""sha256"":""0625765a9b8589b8476bb1a54f3ada0232d42b4bd0ff7d567605212787380e37""},{""key"":[27,30,3],""candidate_count"":6,""sha256"":""fd6deb3e235a958fbd93e69c4dd9bdfb36225cc7e8c8e796a72d9ef448181298""},{""key"":[40,2,2],""candidate_count"":4,""sha256"":""246b206db24cf448216749c1b6d2801157631a7b1fb018b11c37c1c732d4f77a""}]","[{""key"":[14,41,4],""started_at"":21.172954717197793,""closed_at"":23.172954717197793,""candidate_paths"":[[14,3,41],[14,7,8,41],[14,24,41],[14,29,10,28,41],[14,32,16,41],[14,33,41],[14,34,41],[14,35,46,41]],""selected_path"":[14,33,41]},{""key"":[26,27,1],""started_at"":1.0,""closed_at"":3.0,""candidate_paths"":[[26,12,27],[26,17,27],[26,40,9,27],[26,40,20,27],[26,40,27],[26,43,27]],""selected_path"":[26,40,27]},{""key"":[27,30,3],""started_at"":14.647180923049065,""closed_at"":16.647180923049063,""candidate_paths"":[[27,10,30],[27,12,26,30],[27,16,32,30],[27,38,30],[27,47,18,30],[27,49,30]],""selected_path"":[27,10,30]},{""key"":[40,2,2],""started_at"":11.907534522272735,""closed_at"":13.907534522272735,""candidate_paths"":[[40,0,2],[40,14,2],[40,19,31,2],[40,48,34,2]],""selected_path"":[40,0,2]}]",36,0,4,4,3.6,a5f9871b4c552da23281b2575cff7e89c35257147a7148978fcae89cfcb18a0a,7,2.75,0,connected-multihop,0.9,2,4,4,2.0,1,4,4,1.0,0.04081632653061224,0,2.0,0.47893001825235215,0.998897496139575,0.9999958158180241,0.9999999885258685,0.9999999999999698,0.17142857142857143,0.05061224489795919
meshtastic-like,36,600.0,33,33,0,0.666667,1.0,0.0,0.610352,0.598203,0.610352,1.461901,1.69166,33,22,0,512,465,47,47,36.831232,20.456329,0.034094,14.585168,59.276672,73.86184,3.357356,1.674147,0.598203,7127,17961,25088,0.28408,15631,0.623047,4223,1503,0,0,0,0,0,0,0,0,0.0,0.091797,0,0,0.0,-1,0,0,0,icc2027_generalization_stale_fading,50,8250.0,4.0,unicast,poisson,0,0,0,0,[],[],33,0,4,4,3.3,ee22ffb37e31b472dc98f2223a37ca58e4a7dee7654991972df7895d633396d1,7,2.75,0,connected-multihop,0.9,2,4,4,2.0,1,0,0,0.0,0.0,0,0.0,0.7000149933113213,0.99956605741109,0.9999981116985418,0.9999999971374072,0.9999999999999641,0.13224489795918368,0.04
meshcore-like,36,600.0,33,33,0,0.333333,0.424242,0.0,0.618682,0.41931,0.618682,2.194227,2.323712,14,11,0,248,26,222,21,17.840128,8.033505,0.013389,7.064691,27.842407,34.907097,3.173372,1.62183,0.41931,3234,8918,12152,0.266129,7048,0.579987,773,0,196,5,4,2,15,18,0,0,0.0,0.895161,0,0,0.0,-1,0,0,0,icc2027_generalization_stale_fading,50,8250.0,4.0,unicast,poisson,0,4,22,4,"[{""key"":[19,36,2],""candidate_count"":6,""sha256"":""c3fe017a8e0c4d6680414bedd5da1121ffedf678e87286b9fa22dc0febbdfe4a""},{""key"":[24,28,3],""candidate_count"":3,""sha256"":""46ad140c689b3ed985f52878dad43817472996b95281fe692b311fa9b2f47ce6""},{""key"":[32,29,4],""candidate_count"":6,""sha256"":""617f743645f81235d94b3be524d71c374b3c13a790d3d538830c73b792e81254""},{""key"":[37,10,1],""candidate_count"":7,""sha256"":""869498bc1aa6c155836d178a45bc23a7e5e42e1a092f2b6855aa9ebdeeb177a7""}]","[{""key"":[19,36,2],""started_at"":6.399117056531828,""closed_at"":8.399117056531828,""candidate_paths"":[[19,8,36],[19,15,36],[19,30,36],[19,35,46,36],[19,36],[19,48,33,36]],""selected_path"":[19,36]},{""key"":[24,28,3],""started_at"":48.56605769524613,""closed_at"":50.56605769524613,""candidate_paths"":[[24,9,5,28],[24,13,28],[24,28]],""selected_path"":[24,28]},{""key"":[32,29,4],""started_at"":67.66184993843757,""closed_at"":69.66184993843757,""candidate_paths"":[[32,6,29],[32,16,29],[32,26,29],[32,27,8,29],[32,29],[32,42,29]],""selected_path"":[32,29]},{""key"":[37,10,1],""started_at"":1.0,""closed_at"":3.0,""candidate_paths"":[[37,7,6,10],[37,7,10],[37,7,23,10],[37,15,10],[37,30,10],[37,33,10],[37,36,10]],""selected_path"":[37,7,10]}]",33,0,4,4,3.3,ee22ffb37e31b472dc98f2223a37ca58e4a7dee7654991972df7895d633396d1,7,2.75,0,connected-multihop,0.9,2,4,4,2.0,1,2,1,0.5,0.025510204081632654,0,1.5,0.7000149933113213,0.99956605741109,0.9999981116985418,0.9999999971374072,0.9999999999999641,0.13224489795918368,0.04
etx-mesh,36,600.0,33,33,0,0.333333,0.424242,0.0,0.618682,0.41931,0.618682,2.194227,2.323712,14,11,0,248,26,222,21,17.840128,8.033505,0.013389,7.064691,27.842407,34.907097,3.173372,1.62183,0.41931,3234,8918,12152,0.266129,7048,0.579987,773,0,196,5,4,2,15,18,0,0,0.371265,0.895161,0,0,0.0,-1,0,0,0,icc2027_generalization_stale_fading,50,8250.0,4.0,unicast,poisson,0,4,22,4,"[{""key"":[19,36,2],""candidate_count"":6,""sha256"":""c3fe017a8e0c4d6680414bedd5da1121ffedf678e87286b9fa22dc0febbdfe4a""},{""key"":[24,28,3],""candidate_count"":3,""sha256"":""46ad140c689b3ed985f52878dad43817472996b95281fe692b311fa9b2f47ce6""},{""key"":[32,29,4],""candidate_count"":6,""sha256"":""617f743645f81235d94b3be524d71c374b3c13a790d3d538830c73b792e81254""},{""key"":[37,10,1],""candidate_count"":7,""sha256"":""869498bc1aa6c155836d178a45bc23a7e5e42e1a092f2b6855aa9ebdeeb177a7""}]","[{""key"":[19,36,2],""started_at"":6.399117056531828,""closed_at"":8.399117056531828,""candidate_paths"":[[19,8,36],[19,15,36],[19,30,36],[19,35,46,36],[19,36],[19,48,33,36]],""selected_path"":[19,36]},{""key"":[24,28,3],""started_at"":48.56605769524613,""closed_at"":50.56605769524613,""candidate_paths"":[[24,9,5,28],[24,13,28],[24,28]],""selected_path"":[24,28]},{""key"":[32,29,4],""started_at"":67.66184993843757,""closed_at"":69.66184993843757,""candidate_paths"":[[32,6,29],[32,16,29],[32,26,29],[32,27,8,29],[32,29],[32,42,29]],""selected_path"":[32,29]},{""key"":[37,10,1],""started_at"":1.0,""closed_at"":3.0,""candidate_paths"":[[37,7,6,10],[37,7,10],[37,7,23,10],[37,15,10],[37,30,10],[37,33,10],[37,36,10]],""selected_path"":[37,7,10]}]",33,0,4,4,3.3,ee22ffb37e31b472dc98f2223a37ca58e4a7dee7654991972df7895d633396d1,7,2.75,0,connected-multihop,0.9,2,4,4,2.0,1,2,1,0.5,0.025510204081632654,0,1.5,0.7000149933113213,0.99956605741109,0.9999981116985418,0.9999999971374072,0.9999999999999641,0.13224489795918368,0.04
ett-mesh,36,600.0,33,33,0,0.333333,0.424242,0.0,0.618682,0.41931,0.618682,2.194227,2.323712,14,11,0,248,26,222,21,17.840128,8.033505,0.013389,7.064691,27.842407,34.907097,3.173372,1.62183,0.41931,3234,8918,12152,0.266129,7048,0.579987,773,0,196,5,4,2,15,18,0,0,0.860622,0.895161,0,0,0.0,-1,0,0,0,icc2027_generalization_stale_fading,50,8250.0,4.0,unicast,poisson,0,4,22,4,"[{""key"":[19,36,2],""candidate_count"":6,""sha256"":""c3fe017a8e0c4d6680414bedd5da1121ffedf678e87286b9fa22dc0febbdfe4a""},{""key"":[24,28,3],""candidate_count"":3,""sha256"":""46ad140c689b3ed985f52878dad43817472996b95281fe692b311fa9b2f47ce6""},{""key"":[32,29,4],""candidate_count"":6,""sha256"":""617f743645f81235d94b3be524d71c374b3c13a790d3d538830c73b792e81254""},{""key"":[37,10,1],""candidate_count"":7,""sha256"":""869498bc1aa6c155836d178a45bc23a7e5e42e1a092f2b6855aa9ebdeeb177a7""}]","[{""key"":[19,36,2],""started_at"":6.399117056531828,""closed_at"":8.399117056531828,""candidate_paths"":[[19,8,36],[19,15,36],[19,30,36],[19,35,46,36],[19,36],[19,48,33,36]],""selected_path"":[19,36]},{""key"":[24,28,3],""started_at"":48.56605769524613,""closed_at"":50.56605769524613,""candidate_paths"":[[24,9,5,28],[24,13,28],[24,28]],""selected_path"":[24,28]},{""key"":[32,29,4],""started_at"":67.66184993843757,""closed_at"":69.66184993843757,""candidate_paths"":[[32,6,29],[32,16,29],[32,26,29],[32,27,8,29],[32,29],[32,42,29]],""selected_path"":[32,29]},{""key"":[37,10,1],""started_at"":1.0,""closed_at"":3.0,""candidate_paths"":[[37,7,6,10],[37,7,10],[37,7,23,10],[37,15,10],[37,30,10],[37,33,10],[37,36,10]],""selected_path"":[37,7,10]}]",33,0,4,4,3.3,ee22ffb37e31b472dc98f2223a37ca58e4a7dee7654991972df7895d633396d1,7,2.75,0,connected-multihop,0.9,2,4,4,2.0,1,2,1,0.5,0.025510204081632654,0,1.5,0.7000149933113213,0.99956605741109,0.9999981116985418,0.9999999971374072,0.9999999999999641,0.13224489795918368,0.04
minhop-mesh,36,600.0,33,33,0,0.333333,0.393939,0.0,0.443404,0.286651,0.443404,1.001421,1.35968,13,11,0,248,26,222,21,17.840128,8.223916,0.013707,7.064691,27.888864,34.953554,3.177596,1.62183,0.286651,3298,8854,12152,0.271396,7015,0.577271,894,0,196,5,4,2,15,18,0,0,0.89762,0.895161,0,0,0.0,-1,0,0,0,icc2027_generalization_stale_fading,50,8250.0,4.0,unicast,poisson,0,4,24,4,"[{""key"":[19,36,2],""candidate_count"":6,""sha256"":""e00462840c4174ee641c562e426ca1563bfe42c20f450aa16e89e4a1d8c65fc3""},{""key"":[24,28,3],""candidate_count"":8,""sha256"":""b5aa78e856da5e6f8d9c87b7239143c65c1961bab1ba1c90b8ddb4347773997d""},{""key"":[32,29,4],""candidate_count"":3,""sha256"":""1005039b9ddd0f72ccf0e7dc0259caf337e4a612ac26061441c8a66c5a32cedb""},{""key"":[37,10,1],""candidate_count"":7,""sha256"":""869498bc1aa6c155836d178a45bc23a7e5e42e1a092f2b6855aa9ebdeeb177a7""}]","[{""key"":[19,36,2],""started_at"":6.399117056531828,""closed_at"":8.399117056531828,""candidate_paths"":[[19,7,36],[19,8,36],[19,15,36],[19,36],[19,37,41,36],[19,40,13,36]],""selected_path"":[19,36]},{""key"":[24,28,3],""started_at"":48.56605769524613,""closed_at"":50.56605769524613,""candidate_paths"":[[24,13,15,28],[24,13,28],[24,28],[24,33,22,28],[24,36,28],[24,46,5,28],[24,46,28],[24,46,37,28]],""selected_path"":[24,28]},{""key"":[32,29,4],""started_at"":67.66184993843757,""closed_at"":69.66184993843757,""candidate_paths"":[[32,6,29],[32,29],[32,40,8,29]],""selected_path"":[32,29]},{""key"":[37,10,1],""started_at"":1.0,""closed_at"":3.0,""candidate_paths"":[[37,7,6,10],[37,7,10],[37,7,23,10],[37,15,10],[37,30,10],[37,33,10],[37,36,10]],""selected_path"":[37,7,10]}]",33,0,4,4,3.3,ee22ffb37e31b472dc98f2223a37ca58e4a7dee7654991972df7895d633396d1,7,2.75,0,connected-multihop,0.9,2,4,4,2.0,1,2,1,0.5,0.025510204081632654,0,1.5,0.7000149933113213,0.99956605741109,0.9999981116985418,0.9999999971374072,0.9999999999999641,0.13224489795918368,0.04
meshecho,36,600.0,33,33,0,0.69697,0.727273,0.0,0.536103,0.396869,0.536103,2.287744,2.431616,24,23,0,297,52,245,42,21.364992,11.380343,0.018967,8.460537,33.566396,42.026933,1.827258,0.928913,0.396869,5162,9391,14553,0.354703,7064,0.485398,656,0,196,7,4,4,29,4,0,0,0.837459,0.824916,0,0,0.0,-1,0,0,0,icc2027_generalization_stale_fading,50,8250.0,4.0,unicast,poisson,0,4,21,4,"[{""key"":[19,36,2],""candidate_count"":5,""sha256"":""4f7af6b648e7c80e5ddd8f23954fa3ad615afb39ebe54d15a114ea5694777a39""},{""key"":[24,28,3],""candidate_count"":6,""sha256"":""3a275e025ab075bd7e79a9367ee618b887f05a0ae8c3c7d2f11b92230cfe9689""},{""key"":[32,29,4],""candidate_count"":3,""sha256"":""1005039b9ddd0f72ccf0e7dc0259caf337e4a612ac26061441c8a66c5a32cedb""},{""key"":[37,10,1],""candidate_count"":7,""sha256"":""869498bc1aa6c155836d178a45bc23a7e5e42e1a092f2b6855aa9ebdeeb177a7""}]","[{""key"":[19,36,2],""started_at"":6.399117056531828,""closed_at"":8.399117056531828,""candidate_paths"":[[19,8,36],[19,15,36],[19,30,36],[19,48,33,36],[19,49,46,36]],""selected_path"":[19,15,36]},{""key"":[24,28,3],""started_at"":48.56605769524613,""closed_at"":50.56605769524613,""candidate_paths"":[[24,13,28],[24,14,37,28],[24,28],[24,36,28],[24,47,5,28],[24,47,12,28]],""selected_path"":[24,13,28]},{""key"":[32,29,4],""started_at"":67.66184993843757,""closed_at"":69.66184993843757,""candidate_paths"":[[32,6,29],[32,29],[32,40,8,29]],""selected_path"":[32,29]},{""key"":[37,10,1],""started_at"":1.0,""closed_at"":3.0,""candidate_paths"":[[37,7,6,10],[37,7,10],[37,7,23,10],[37,15,10],[37,30,10],[37,33,10],[37,36,10]],""selected_path"":[37,7,10]}]",33,0,4,4,3.3,ee22ffb37e31b472dc98f2223a37ca58e4a7dee7654991972df7895d633396d1,7,2.75,0,connected-multihop,0.9,2,4,4,2.0,1,4,3,1.0,0.03571428571428571,0,1.75,0.7000149933113213,0.99956605741109,0.9999981116985418,0.9999999971374072,0.9999999999999641,0.13224489795918368,0.04
meshtastic-like,37,600.0,52,52,0,0.557692,0.980769,0.0,0.348488,0.449759,0.348488,1.315206,1.315593,51,29,0,796,737,59,59,57.261056,33.435297,0.055725,22.675378,92.459187,115.134565,3.970157,1.974519,0.449759,11574,27430,39004,0.296739,23639,0.606066,7246,2397,0,0,0,0,0,0,0,0,0.0,0.074121,0,0,0.0,-1,0,0,0,icc2027_generalization_stale_fading,50,8250.0,4.0,unicast,poisson,0,0,0,0,[],[],52,0,4,4,5.2,e324413f320ab7b9dfdde74de73a4d41a82befa09f16bd489c3b823b6089a0c4,7,2.75,0,connected-multihop,0.9,2,4,4,2.0,1,0,0,0.0,0.0,0,0.0,0.3862813398910735,0.9968037345427366,0.9999842207245093,0.9999999852736774,0.9999999999998033,0.19673469387755102,0.054693877551020405
meshcore-like,37,600.0,52,52,0,0.192308,0.192308,0.0,0.502131,0.358259,0.502131,1.323002,1.466874,10,10,0,244,23,221,20,17.552384,8.727502,0.014546,6.950744,27.918205,34.868949,3.486895,1.755238,0.358259,3038,8918,11956,0.254098,7466,0.624456,980,0,196,5,4,1,12,40,0,0,0.0,0.905738,0,0,0.0,-1,0,0,0,icc2027_generalization_stale_fading,50,8250.0,4.0,unicast,poisson,0,4,21,4,"[{""key"":[1,33,2],""candidate_count"":5,""sha256"":""540e1a0e61d78b650d801ab0735ca4e8afae53319c84fa474d8d027efd0a332a""},{""key"":[16,32,4],""candidate_count"":3,""sha256"":""34e12a54c8d5c26f4d9b3919a1c6f4a56e33b9ebbc4cbb46e1812d7bd75010cc""},{""key"":[34,25,3],""candidate_count"":5,""sha256"":""b71884c936d2135f881a920a73b47e87d06d092efcb8bdea09159bd3a8a32d68""},{""key"":[39,6,1],""candidate_count"":8,""sha256"":""9aaeb07fe83511fb758f9db7d1c163a60c16ce5d7c785af0f5c39d51f44c04ba""}]","[{""key"":[1,33,2],""started_at"":3.030725279735279,""closed_at"":5.030725279735279,""candidate_paths"":[[1,8,33],[1,14,33],[1,23,6,33],[1,23,18,33],[1,23,20,33]],""selected_path"":[1,8,33]},{""key"":[16,32,4],""started_at"":13.504976821110857,""closed_at"":15.504976821110857,""candidate_paths"":[[16,27,1,32],[16,27,30,32],[16,40,32]],""selected_path"":[16,40,32]},{""key"":[34,25,3],""started_at"":11.285476789729566,""closed_at"":13.285476789729566,""candidate_paths"":[[34,5,13,25],[34,8,44,25],[34,15,25],[34,18,25],[34,43,24,25]],""selected_path"":[34,15,25]},{""key"":[39,6,1],""started_at"":1.0,""closed_at"":3.0,""candidate_paths"":[[39,6],[39,21,6],[39,34,6],[39,34,40,6],[39,36,48,6],[39,38,33,6],[39,41,6],[39,46,9,6]],""selected_path"":[39,6]}]",52,0,4,4,5.2,e324413f320ab7b9dfdde74de73a4d41a82befa09f16bd489c3b823b6089a0c4,7,2.75,0,connected-multihop,0.9,2,4,4,2.0,1,1,1,0.25,0.025510204081632654,0,2.0,0.3862813398910735,0.9968037345427366,0.9999842207245093,0.9999999852736774,0.9999999999998033,0.19673469387755102,0.054693877551020405
etx-mesh,37,600.0,52,52,0,0.134615,0.173077,0.0,0.287744,0.38208,0.287744,1.430195,0.287744,9,7,0,240,22,218,17,17.26464,8.288128,0.013814,6.836797,27.358276,34.195073,4.88501,2.466377,0.38208,2909,8851,11760,0.247364,7452,0.633673,934,0,196,5,4,1,12,40,0,0,0.299429,0.908333,0,0,0.0,-1,0,0,0,icc2027_generalization_stale_fading,50,8250.0,4.0,unicast,poisson,0,4,25,4,"[{""key"":[1,33,2],""candidate_count"":5,""sha256"":""540e1a0e61d78b650d801ab0735ca4e8afae53319c84fa474d8d027efd0a332a""},{""key"":[16,32,4],""candidate_count"":7,""sha256"":""37fc1e813518cda68062163bb841b152acc3f9b7e82ec6d271e4996855b937b6""},{""key"":[34,25,3],""candidate_count"":5,""sha256"":""b71884c936d2135f881a920a73b47e87d06d092efcb8bdea09159bd3a8a32d68""},{""key"":[39,6,1],""candidate_count"":8,""sha256"":""9aaeb07fe83511fb758f9db7d1c163a60c16ce5d7c785af0f5c39d51f44c04ba""}]","[{""key"":[1,33,2],""started_at"":3.030725279735279,""closed_at"":5.030725279735279,""candidate_paths"":[[1,8,33],[1,14,33],[1,23,6,33],[1,23,18,33],[1,23,20,33]],""selected_path"":[1,14,33]},{""key"":[16,32,4],""started_at"":13.504976821110857,""closed_at"":15.504976821110857,""candidate_paths"":[[16,27,11,32],[16,27,30,32],[16,27,32],[16,27,34,32],[16,40,10,32],[16,40,32],[16,41,32]],""selected_path"":[16,41,32]},{""key"":[34,25,3],""started_at"":11.285476789729566,""closed_at"":13.285476789729566,""candidate_paths"":[[34,5,13,25],[34,8,44,25],[34,15,25],[34,18,25],[34,43,24,25]],""selected_path"":[34,18,25]},{""key"":[39,6,1],""started_at"":1.0,""closed_at"":3.0,""candidate_paths"":[[39,6],[39,21,6],[39,34,6],[39,34,40,6],[39,36,48,6],[39,38,33,6],[39,41,6],[39,46,9,6]],""selected_path"":[39,6]}]",52,0,4,4,5.2,e324413f320ab7b9dfdde74de73a4d41a82befa09f16bd489c3b823b6089a0c4,7,2.75,0,connected-multihop,0.9,2,4,4,2.0,1,1,1,0.25,0.025510204081632654,0,2.0,0.3862813398910735,0.9968037345427366,0.9999842207245093,0.9999999852736774,0.9999999999998033,0.19673469387755102,0.054693877551020405
ett-mesh,37,600.0,52,52,0,0.134615,0.173077,0.0,0.287744,0.38208,0.287744,1.430195,0.287744,9,7,0,240,22,218,17,17.26464,8.288128,0.013814,6.836797,27.358276,34.195073,4.88501,2.466377,0.38208,2909,8851,11760,0.247364,7452,0.633673,934,0,196,5,4,1,12,40,0,0,0.837136,0.908333,0,0,0.0,-1,0,0,0,icc2027_generalization_stale_fading,50,8250.0,4.0,unicast,poisson,0,4,25,4,"[{""key"":[1,33,2],""candidate_count"":5,""sha256"":""540e1a0e61d78b650d801ab0735ca4e8afae53319c84fa474d8d027efd0a332a""},{""key"":[16,32,4],""candidate_count"":7,""sha256"":""37fc1e813518cda68062163bb841b152acc3f9b7e82ec6d271e4996855b937b6""},{""key"":[34,25,3],""candidate_count"":5,""sha256"":""b71884c936d2135f881a920a73b47e87d06d092efcb8bdea09159bd3a8a32d68""},{""key"":[39,6,1],""candidate_count"":8,""sha256"":""9aaeb07fe83511fb758f9db7d1c163a60c16ce5d7c785af0f5c39d51f44c04ba""}]","[{""key"":[1,33,2],""started_at"":3.030725279735279,""closed_at"":5.030725279735279,""candidate_paths"":[[1,8,33],[1,14,33],[1,23,6,33],[1,23,18,33],[1,23,20,33]],""selected_path"":[1,14,33]},{""key"":[16,32,4],""started_at"":13.504976821110857,""closed_at"":15.504976821110857,""candidate_paths"":[[16,27,11,32],[16,27,30,32],[16,27,32],[16,27,34,32],[16,40,10,32],[16,40,32],[16,41,32]],""selected_path"":[16,41,32]},{""key"":[34,25,3],""started_at"":11.285476789729566,""closed_at"":13.285476789729566,""candidate_paths"":[[34,5,13,25],[34,8,44,25],[34,15,25],[34,18,25],[34,43,24,25]],""selected_path"":[34,18,25]},{""key"":[39,6,1],""started_at"":1.0,""closed_at"":3.0,""candidate_paths"":[[39,6],[39,21,6],[39,34,6],[39,34,40,6],[39,36,48,6],[39,38,33,6],[39,41,6],[39,46,9,6]],""selected_path"":[39,6]}]",52,0,4,4,5.2,e324413f320ab7b9dfdde74de73a4d41a82befa09f16bd489c3b823b6089a0c4,7,2.75,0,connected-multihop,0.9,2,4,4,2.0,1,1,1,0.25,0.025510204081632654,0,2.0,0.3862813398910735,0.9968037345427366,0.9999842207245093,0.9999999852736774,0.9999999999998033,0.19673469387755102,0.054693877551020405
minhop-mesh,37,600.0,52,52,0,0.346154,0.346154,0.0,0.525952,0.38208,0.525952,2.287744,2.431616,18,18,0,286,48,238,36,20.573696,11.337473,0.018896,8.147184,32.847536,40.994719,2.277484,1.142983,0.38208,4622,9392,14014,0.329813,7505,0.535536,865,0,196,6,4,2,24,28,0,0,0.746055,0.832168,0,0,0.0,-1,0,0,0,icc2027_generalization_stale_fading,50,8250.0,4.0,unicast,poisson,0,4,21,4,"[{""key"":[1,33,2],""candidate_count"":9,""sha256"":""80f00a09d0f7aa1370bc845da48ec929b461a3b211ac352a9c9605ef8b066f42""},{""key"":[16,32,4],""candidate_count"":3,""sha256"":""93ea8f7a06074d252cb900f95eb39e18875e9c26d247a655e260d4e466d951a3""},{""key"":[34,25,3],""candidate_count"":5,""sha256"":""bd3e5241ca3d73e1b16afdc8314aca35953c4e6ddbee1943eb4ca9d4b7b36636""},{""key"":[39,6,1],""candidate_count"":4,""sha256"":""6b09365285f94c97baa79bc0b43885294fad8e60bbfc85541dbe9a34c0efbe1c""}]","[{""key"":[1,33,2],""started_at"":3.030725279735279,""closed_at"":5.030725279735279,""candidate_paths"":[[1,8,33],[1,24,33],[1,29,33],[1,48,6,33],[1,48,10,33],[1,48,20,33],[1,48,33],[1,48,38,33],[1,48,45,33]],""selected_path"":[1,48,33]},{""key"":[16,32,4],""started_at"":13.504976821110857,""closed_at"":15.504976821110857,""candidate_paths"":[[16,27,30,32],[16,28,32],[16,40,32]],""selected_path"":[16,40,32]},{""key"":[34,25,3],""started_at"":11.285476789729566,""closed_at"":13.285476789729566,""candidate_paths"":[[34,7,42,25],[34,15,25],[34,29,13,25],[34,46,25],[34,47,9,25]],""selected_path"":[34,15,25]},{""key"":[39,6,1],""started_at"":1.0,""closed_at"":3.0,""candidate_paths"":[[39,6],[39,23,43,6],[39,34,6],[39,38,33,6]],""selected_path"":[39,6]}]",52,0,4,4,5.2,e324413f320ab7b9dfdde74de73a4d41a82befa09f16bd489c3b823b6089a0c4,7,2.75,0,connected-multihop,0.9,2,4,4,2.0,1,2,2,0.5,0.030612244897959183,0,2.0,0.3862813398910735,0.9968037345427366,0.9999842207245093,0.9999999852736774,0.9999999999998033,0.19673469387755102,0.054693877551020405
meshecho,37,600.0,52,52,0,0.288462,0.307692,0.0,0.349141,0.2374,0.349141,0.643872,0.866163,16,15,0,261,34,227,24,18.775296,9.107843,0.01518,7.435017,29.612662,37.04768,2.469845,1.251686,0.2374,3552,9237,12789,0.277739,7445,0.582141,720,0,196,7,4,2,24,28,0,0,0.836571,0.869732,0,0,0.0,-1,0,0,0,icc2027_generalization_stale_fading,50,8250.0,4.0,unicast,poisson,0,4,19,4,"[{""key"":[1,33,2],""candidate_count"":7,""sha256"":""9ecf17c0623d05fb3739ea6265dc4e86cc33f593284efc2facf516967919f145""},{""key"":[16,32,4],""candidate_count"":4,""sha256"":""eefcf31488f0b0010ccb4e81382b24babe7a28faf70323cb5815d44a47ccce88""},{""key"":[34,25,3],""candidate_count"":4,""sha256"":""029e9e740db804a9e7058d8c05e53165768516056a8ef2894747af7e6622b569""},{""key"":[39,6,1],""candidate_count"":4,""sha256"":""4e7111cc5483c50ef33f94b3809d7025fffc1e1812fe868be590a16dd8063fbd""}]","[{""key"":[1,33,2],""started_at"":3.030725279735279,""closed_at"":5.030725279735279,""candidate_paths"":[[1,14,33],[1,17,6,33],[1,17,20,33],[1,17,47,33],[1,24,26,33],[1,24,45,33],[1,44,33]],""selected_path"":[1,14,33]},{""key"":[16,32,4],""started_at"":13.504976821110857,""closed_at"":15.504976821110857,""candidate_paths"":[[16,10,32],[16,11,31,32],[16,27,32],[16,32]],""selected_path"":[16,32]},{""key"":[34,25,3],""started_at"":11.285476789729566,""closed_at"":13.285476789729566,""candidate_paths"":[[34,4,24,25],[34,15,25],[34,36,42,25],[34,43,13,25]],""selected_path"":[34,15,25]},{""key"":[39,6,1],""started_at"":1.0,""closed_at"":3.0,""candidate_paths"":[[39,6],[39,23,43,6],[39,25,49,6],[39,34,6]],""selected_path"":[39,34,6]}]",52,0,4,4,5.2,e324413f320ab7b9dfdde74de73a4d41a82befa09f16bd489c3b823b6089a0c4,7,2.75,0,connected-multihop,0.9,2,4,4,2.0,1,2,1,0.5,0.03571428571428571,0,1.5,0.3862813398910735,0.9968037345427366,0.9999842207245093,0.9999999852736774,0.9999999999998033,0.19673469387755102,0.054693877551020405
meshtastic-like,38,600.0,36,36,0,0.666667,1.0,0.0,0.472515,0.568142,0.472515,1.165312,1.300869,36,24,0,477,428,49,49,34.313472,21.568545,0.035948,13.588135,55.758166,69.346301,2.889429,1.429728,0.568142,7781,15592,23373,0.332905,13723,0.58713,4639,1599,0,0,0,0,0,0,0,0,0.0,0.102725,0,0,0.0,-1,0,0,0,icc2027_generalization_stale_fading,50,8250.0,4.0,unicast,poisson,0,0,0,0,[],[],36,0,4,4,3.6,3aab77c111641b991044760530f48959394e8f518c12da87bd97531f0c818952,7,2.75,0,connected-multihop,0.9,2,4,4,2.0,1,0,0,0.0,0.0,0,0.0,0.6616260607337525,0.9992050438804394,0.9999972718559133,0.9999999961881794,0.9999999999999661,0.1404081632653061,0.035918367346938776
meshcore-like,38,600.0,36,36,0,0.583333,0.611111,0.0,0.603611,0.48135,0.603611,2.143872,2.215808,22,21,0,277,45,232,31,19.926272,10.538237,0.017564,7.890804,31.610313,39.501116,1.881006,0.94887,0.48135,4482,9091,13573,0.330214,7186,0.529433,969,0,196,5,4,4,32,4,0,0,0.0,0.837545,0,0,0.0,-1,0,0,0,icc2027_generalization_stale_fading,50,8250.0,4.0,unicast,poisson,0,4,24,4,"[{""key"":[16,6,2],""candidate_count"":7,""sha256"":""ee877d6217d023578ce730e5020f39270769dff7ecc50d6a4b27d8c9c2f175af""},{""key"":[29,42,1],""candidate_count"":9,""sha256"":""d8b9033776ce5c1031181d48784a34696163859d5306680a2a979db3342daa01""},{""key"":[30,9,4],""candidate_count"":4,""sha256"":""0cde7ea44ac5002af529c390119eeb35b2c3ca07fe5000892112eab47d5c75de""},{""key"":[42,25,3],""candidate_count"":4,""sha256"":""dfd835a9e8bb2c76f3c487d5a53673aff9da6399a78c7d7d2caf75c4dd11976e""}]","[{""key"":[16,6,2],""started_at"":5.917939928330964,""closed_at"":7.917939928330964,""candidate_paths"":[[16,5,21,6],[16,6],[16,13,6],[16,13,8,6],[16,28,27,6],[16,37,6],[16,45,41,6]],""selected_path"":[16,6]},{""key"":[29,42,1],""started_at"":1.0,""closed_at"":3.0,""candidate_paths"":[[29,4,44,42],[29,18,42],[29,22,36,42],[29,22,42],[29,22,49,42],[29,33,1,42],[29,42],[29,43,47,42],[29,48,42]],""selected_path"":[29,42]},{""key"":[30,9,4],""started_at"":59.029109488423316,""closed_at"":61.029109488423316,""candidate_paths"":[[30,7,3,9],[30,9],[30,14,9],[30,24,19,9]],""selected_path"":[30,9]},{""key"":[42,25,3],""started_at"":45.78619743531913,""closed_at"":47.78619743531913,""candidate_paths"":[[42,10,25],[42,29,26,25],[42,39,25],[42,44,32,25]],""selected_path"":[42,10,25]}]",36,0,4,4,3.6,3aab77c111641b991044760530f48959394e8f518c12da87bd97531f0c818952,7,2.75,0,connected-multihop,0.9,2,4,4,2.0,1,4,1,1.0,0.025510204081632654,0,1.25,0.6616260607337525,0.9992050438804394,0.9999972718559133,0.9999999961881794,0.9999999999999661,0.1404081632653061,0.035918367346938776
etx-mesh,38,600.0,36,36,0,0.583333,0.611111,0.0,0.603611,0.48135,0.603611,2.143872,2.215808,22,21,0,277,45,232,31,19.926272,10.538237,0.017564,7.890804,31.610313,39.501116,1.881006,0.94887,0.48135,4482,9091,13573,0.330214,7186,0.529433,969,0,196,5,4,4,32,4,0,0,0.417292,0.837545,0,0,0.0,-1,0,0,0,icc2027_generalization_stale_fading,50,8250.0,4.0,unicast,poisson,0,4,24,4,"[{""key"":[16,6,2],""candidate_count"":7,""sha256"":""ee877d6217d023578ce730e5020f39270769dff7ecc50d6a4b27d8c9c2f175af""},{""key"":[29,42,1],""candidate_count"":9,""sha256"":""d8b9033776ce5c1031181d48784a34696163859d5306680a2a979db3342daa01""},{""key"":[30,9,4],""candidate_count"":4,""sha256"":""0cde7ea44ac5002af529c390119eeb35b2c3ca07fe5000892112eab47d5c75de""},{""key"":[42,25,3],""candidate_count"":4,""sha256"":""dfd835a9e8bb2c76f3c487d5a53673aff9da6399a78c7d7d2caf75c4dd11976e""}]","[{""key"":[16,6,2],""started_at"":5.917939928330964,""closed_at"":7.917939928330964,""candidate_paths"":[[16,5,21,6],[16,6],[16,13,6],[16,13,8,6],[16,28,27,6],[16,37,6],[16,45,41,6]],""selected_path"":[16,6]},{""key"":[29,42,1],""started_at"":1.0,""closed_at"":3.0,""candidate_paths"":[[29,4,44,42],[29,18,42],[29,22,36,42],[29,22,42],[29,22,49,42],[29,33,1,42],[29,42],[29,43,47,42],[29,48,42]],""selected_path"":[29,42]},{""key"":[30,9,4],""started_at"":59.029109488423316,""closed_at"":61.029109488423316,""candidate_paths"":[[30,7,3,9],[30,9],[30,14,9],[30,24,19,9]],""selected_path"":[30,9]},{""key"":[42,25,3],""started_at"":45.78619743531913,""closed_at"":47.78619743531913,""candidate_paths"":[[42,10,25],[42,29,26,25],[42,39,25],[42,44,32,25]],""selected_path"":[42,10,25]}]",36,0,4,4,3.6,3aab77c111641b991044760530f48959394e8f518c12da87bd97531f0c818952,7,2.75,0,connected-multihop,0.9,2,4,4,2.0,1,4,1,1.0,0.025510204081632654,0,1.25,0.6616260607337525,0.9992050438804394,0.9999972718559133,0.9999999961881794,0.9999999999999661,0.1404081632653061,0.035918367346938776
ett-mesh,38,600.0,36,36,0,0.583333,0.611111,0.0,0.603611,0.48135,0.603611,2.143872,2.215808,22,21,0,277,45,232,31,19.926272,10.538237,0.017564,7.890804,31.610313,39.501116,1.881006,0.94887,0.48135,4482,9091,13573,0.330214,7186,0.529433,969,0,196,5,4,4,32,4,0,0,0.878512,0.837545,0,0,0.0,-1,0,0,0,icc2027_generalization_stale_fading,50,8250.0,4.0,unicast,poisson,0,4,24,4,"[{""key"":[16,6,2],""candidate_count"":7,""sha256"":""ee877d6217d023578ce730e5020f39270769dff7ecc50d6a4b27d8c9c2f175af""},{""key"":[29,42,1],""candidate_count"":9,""sha256"":""d8b9033776ce5c1031181d48784a34696163859d5306680a2a979db3342daa01""},{""key"":[30,9,4],""candidate_count"":4,""sha256"":""0cde7ea44ac5002af529c390119eeb35b2c3ca07fe5000892112eab47d5c75de""},{""key"":[42,25,3],""candidate_count"":4,""sha256"":""dfd835a9e8bb2c76f3c487d5a53673aff9da6399a78c7d7d2caf75c4dd11976e""}]","[{""key"":[16,6,2],""started_at"":5.917939928330964,""closed_at"":7.917939928330964,""candidate_paths"":[[16,5,21,6],[16,6],[16,13,6],[16,13,8,6],[16,28,27,6],[16,37,6],[16,45,41,6]],""selected_path"":[16,6]},{""key"":[29,42,1],""started_at"":1.0,""closed_at"":3.0,""candidate_paths"":[[29,4,44,42],[29,18,42],[29,22,36,42],[29,22,42],[29,22,49,42],[29,33,1,42],[29,42],[29,43,47,42],[29,48,42]],""selected_path"":[29,42]},{""key"":[30,9,4],""started_at"":59.029109488423316,""closed_at"":61.029109488423316,""candidate_paths"":[[30,7,3,9],[30,9],[30,14,9],[30,24,19,9]],""selected_path"":[30,9]},{""key"":[42,25,3],""started_at"":45.78619743531913,""closed_at"":47.78619743531913,""candidate_paths"":[[42,10,25],[42,29,26,25],[42,39,25],[42,44,32,25]],""selected_path"":[42,10,25]}]",36,0,4,4,3.6,3aab77c111641b991044760530f48959394e8f518c12da87bd97531f0c818952,7,2.75,0,connected-multihop,0.9,2,4,4,2.0,1,4,1,1.0,0.025510204081632654,0,1.25,0.6616260607337525,0.9992050438804394,0.9999972718559133,0.9999999961881794,0.9999999999999661,0.1404081632653061,0.035918367346938776
minhop-mesh,38,600.0,36,36,0,0.611111,0.638889,0.0,0.488535,0.373465,0.488535,2.143872,2.215808,23,22,0,278,45,233,32,19.998208,10.533235,0.017555,7.91929,31.757019,39.676309,1.803469,0.909009,0.373465,4611,9011,13622,0.338497,7179,0.527015,930,0,196,5,4,4,32,4,0,0,0.873647,0.838129,0,0,0.0,-1,0,0,0,icc2027_generalization_stale_fading,50,8250.0,4.0,unicast,poisson,0,4,25,4,"[{""key"":[16,6,2],""candidate_count"":9,""sha256"":""161c66fd9ad7ec360fab8cd68379e9bbff791e69e77e18b0929456e041ed1bb4""},{""key"":[29,42,1],""candidate_count"":8,""sha256"":""4be70bd72e9103ce48dfb6c080d4208685b25b88059614c3f2e1ea1955fcf28c""},{""key"":[30,9,4],""candidate_count"":6,""sha256"":""335dfc3267bc8e7ab4fb7cf309b3002181e422438b81ce378c754e78cb4d8338""},{""key"":[42,25,3],""candidate_count"":2,""sha256"":""75fe8633245711067729b67f94ab90573bcef99ef1921f04c71203d9ec7a80fb""}]","[{""key"":[16,6,2],""started_at"":5.917939928330964,""closed_at"":7.917939928330964,""candidate_paths"":[[16,1,27,6],[16,6],[16,13,6],[16,17,15,6],[16,17,30,6],[16,28,6],[16,37,6],[16,38,21,6],[16,47,6]],""selected_path"":[16,6]},{""key"":[29,42,1],""started_at"":1.0,""closed_at"":3.0,""candidate_paths"":[[29,4,44,42],[29,18,42],[29,22,36,42],[29,22,42],[29,33,1,42],[29,42],[29,43,47,42],[29,48,42]],""selected_path"":[29,42]},{""key"":[30,9,4],""started_at"":59.029109488423316,""closed_at"":61.029109488423316,""candidate_paths"":[[30,7,9],[30,9],[30,14,3,9],[30,14,9],[30,24,19,9],[30,25,9]],""selected_path"":[30,9]},{""key"":[42,25,3],""started_at"":45.78619743531913,""closed_at"":47.78619743531913,""candidate_paths"":[[42,14,11,25],[42,40,25]],""selected_path"":[42,40,25]}]",36,0,4,4,3.6,3aab77c111641b991044760530f48959394e8f518c12da87bd97531f0c818952,7,2.75,0,connected-multihop,0.9,2,4,4,2.0,1,4,1,1.0,0.025510204081632654,0,1.25,0.6616260607337525,0.9992050438804394,0.9999972718559133,0.9999999961881794,0.9999999999999661,0.1404081632653061,0.035918367346938776
meshecho,38,600.0,36,36,0,0.611111,0.666667,0.0,0.582714,0.447232,0.582714,2.143872,2.215808,24,22,0,279,45,234,33,20.070144,10.450105,0.017417,7.947777,31.752129,39.699906,1.804541,0.912279,0.447232,4488,9183,13671,0.328286,7197,0.526443,841,0,196,5,4,4,32,4,0,0,0.873675,0.83871,0,0,0.0,-1,0,0,0,icc2027_generalization_stale_fading,50,8250.0,4.0,unicast,poisson,0,4,23,4,"[{""key"":[16,6,2],""candidate_count"":5,""sha256"":""70c43186207f021ee5a6c467b65cb2a980d71dca66e830169436e4b9bae6f4ca""},{""key"":[29,42,1],""candidate_count"":7,""sha256"":""6c380b0ce72de426ae11140e918ac083148d50730eb6d860cf723600acdc36a8""},{""key"":[30,9,4],""candidate_count"":5,""sha256"":""51bc6aa794d82261294de750755eda24f88e6d91b523fa154016d70be16155ad""},{""key"":[42,25,3],""candidate_count"":6,""sha256"":""f06cff8d72d2b2bc8c410ab6abe7124bbf24616a8c475b41803e80d8eb8b9522""}]","[{""key"":[16,6,2],""started_at"":5.917939928330964,""closed_at"":7.917939928330964,""candidate_paths"":[[16,6],[16,28,6],[16,28,8,6],[16,28,27,6],[16,37,6]],""selected_path"":[16,6]},{""key"":[29,42,1],""started_at"":1.0,""closed_at"":3.0,""candidate_paths"":[[29,14,9,42],[29,18,42],[29,22,36,42],[29,22,42],[29,33,1,42],[29,42],[29,48,42]],""selected_path"":[29,42]},{""key"":[30,9,4],""started_at"":59.029109488423316,""closed_at"":61.029109488423316,""candidate_paths"":[[30,9],[30,14,3,9],[30,14,9],[30,24,19,9],[30,39,9]],""selected_path"":[30,9]},{""key"":[42,25,3],""started_at"":45.78619743531913,""closed_at"":47.78619743531913,""candidate_paths"":[[42,10,25],[42,24,28,25],[42,29,26,25],[42,33,32,25],[42,35,12,25],[42,39,25]],""selected_path"":[42,10,25]}]",36,0,4,4,3.6,3aab77c111641b991044760530f48959394e8f518c12da87bd97531f0c818952,7,2.75,0,connected-multihop,0.9,2,4,4,2.0,1,4,1,1.0,0.025510204081632654,0,1.25,0.6616260607337525,0.9992050438804394,0.9999972718559133,0.9999999961881794,0.9999999999999661,0.1404081632653061,0.035918367346938776
meshtastic-like,39,600.0,46,46,0,0.5,0.978261,0.0,0.504619,0.592566,0.504619,1.385568,1.548235,45,23,0,675,615,60,60,48.5568,27.567267,0.045945,19.228493,78.353378,97.581871,4.24269,2.111165,0.592566,9884,23191,33075,0.298836,20043,0.605986,6074,2114,0,0,0,0,0,0,0,0,0.0,0.088889,0,0,0.0,-1,0,0,0,icc2027_generalization_stale_fading,50,8250.0,4.0,unicast,poisson,0,0,0,0,[],[],46,0,4,4,4.6,16ceb3e5fbeac8d116491daeff6866bc23ef1d945024dff6886a537463143976,7,2.75,0,connected-multihop,0.9,2,4,4,2.0,1,0,0,0.0,0.0,0,0.0,0.5986869604555719,0.9985622110828428,0.9999946754155578,0.9999999931854868,0.9999999999999553,0.16653061224489796,0.04244897959183674
meshcore-like,39,600.0,46,46,0,0.26087,0.326087,0.0,0.388469,0.248431,0.388469,0.743872,1.155373,15,12,0,266,42,224,23,19.134976,9.885495,0.016476,7.57745,30.37309,37.95054,3.162545,1.594581,0.248431,3899,9135,13034,0.299141,7333,0.562605,876,0,196,5,4,3,31,15,0,0,0.0,0.842105,0,0,0.0,-1,0,0,0,icc2027_generalization_stale_fading,50,8250.0,4.0,unicast,poisson,0,4,16,4,"[{""key"":[4,16,3],""candidate_count"":3,""sha256"":""98e37b945ac38ca74adc95dad7244aa76bc0fb54e134d2cd7744836a56c6fec9""},{""key"":[8,39,4],""candidate_count"":6,""sha256"":""77487790cefe3d94179043afef945e8158cc7c1c775bfbb98fb207206fa58af4""},{""key"":[42,40,2],""candidate_count"":2,""sha256"":""099c19881fd38037f68ad02d9244c5ee8fecbbcbc39fde7d919d9e3d660b91ce""},{""key"":[46,14,1],""candidate_count"":5,""sha256"":""b2f31a24e817732e06c23b6f24b495f5856815fca3078bd83a50aa36c410c61e""}]","[{""key"":[4,16,3],""started_at"":11.047800428901063,""closed_at"":13.047800428901063,""candidate_paths"":[[4,30,16],[4,34,16],[4,47,18,16]],""selected_path"":[4,30,16]},{""key"":[8,39,4],""started_at"":17.363738543523162,""closed_at"":19.363738543523162,""candidate_paths"":[[8,13,15,39],[8,13,39],[8,31,6,39],[8,31,41,39],[8,32,25,39],[8,39]],""selected_path"":[8,39]},{""key"":[42,40,2],""started_at"":3.2346965419599223,""closed_at"":5.234696541959922,""candidate_paths"":[[42,43,40],[42,44,40]],""selected_path"":[42,43,40]},{""key"":[46,14,1],""started_at"":1.0,""closed_at"":3.0,""candidate_paths"":[[46,12,4,14],[46,14],[46,17,14],[46,22,42,14],[46,34,14]],""selected_path"":[46,14]}]",46,0,4,4,4.6,16ceb3e5fbeac8d116491daeff6866bc23ef1d945024dff6886a537463143976,7,2.75,0,connected-multihop,0.9,2,4,4,2.0,1,3,1,0.75,0.025510204081632654,0,1.3333333333333333,0.5986869604555719,0.9985622110828428,0.9999946754155578,0.9999999931854868,0.9999999999999553,0.16653061224489796,0.04244897959183674
etx-mesh,39,600.0,46,46,0,0.347826,0.391304,0.0,0.49728,0.350108,0.49728,2.165453,2.26976,18,16,0,274,45,229,28,19.710464,10.471877,0.017453,7.805344,31.351132,39.156475,2.44728,1.231904,0.350108,4269,9157,13426,0.317965,7420,0.552659,835,0,196,5,4,3,31,15,0,0,0.397036,0.835766,0,0,0.0,-1,0,0,0,icc2027_generalization_stale_fading,50,8250.0,4.0,unicast,poisson,0,4,14,4,"[{""key"":[4,16,3],""candidate_count"":3,""sha256"":""98e37b945ac38ca74adc95dad7244aa76bc0fb54e134d2cd7744836a56c6fec9""},{""key"":[8,39,4],""candidate_count"":4,""sha256"":""f66d7c014081a6f3b2dbdb4895024c5bb109841faeb22296d444c9ccc6d3984a""},{""key"":[42,40,2],""candidate_count"":2,""sha256"":""099c19881fd38037f68ad02d9244c5ee8fecbbcbc39fde7d919d9e3d660b91ce""},{""key"":[46,14,1],""candidate_count"":5,""sha256"":""b2f31a24e817732e06c23b6f24b495f5856815fca3078bd83a50aa36c410c61e""}]","[{""key"":[4,16,3],""started_at"":11.047800428901063,""closed_at"":13.047800428901063,""candidate_paths"":[[4,30,16],[4,34,16],[4,47,18,16]],""selected_path"":[4,34,16]},{""key"":[8,39,4],""started_at"":17.363738543523162,""closed_at"":19.363738543523162,""candidate_paths"":[[8,13,39],[8,24,27,39],[8,38,6,39],[8,39]],""selected_path"":[8,39]},{""key"":[42,40,2],""started_at"":3.2346965419599223,""closed_at"":5.234696541959922,""candidate_paths"":[[42,43,40],[42,44,40]],""selected_path"":[42,44,40]},{""key"":[46,14,1],""started_at"":1.0,""closed_at"":3.0,""candidate_paths"":[[46,12,4,14],[46,14],[46,17,14],[46,22,42,14],[46,34,14]],""selected_path"":[46,14]}]",46,0,4,4,4.6,16ceb3e5fbeac8d116491daeff6866bc23ef1d945024dff6886a537463143976,7,2.75,0,connected-multihop,0.9,2,4,4,2.0,1,3,1,0.75,0.025510204081632654,0,1.3333333333333333,0.5986869604555719,0.9985622110828428,0.9999946754155578,0.9999999931854868,0.9999999999999553,0.16653061224489796,0.04244897959183674
ett-mesh,39,600.0,46,46,0,0.347826,0.391304,0.0,0.49728,0.350108,0.49728,2.165453,2.26976,18,16,0,274,45,229,28,19.710464,10.471877,0.017453,7.805344,31.351132,39.156475,2.44728,1.231904,0.350108,4269,9157,13426,0.317965,7420,0.552659,835,0,196,5,4,3,31,15,0,0,0.866895,0.835766,0,0,0.0,-1,0,0,0,icc2027_generalization_stale_fading,50,8250.0,4.0,unicast,poisson,0,4,14,4,"[{""key"":[4,16,3],""candidate_count"":3,""sha256"":""98e37b945ac38ca74adc95dad7244aa76bc0fb54e134d2cd7744836a56c6fec9""},{""key"":[8,39,4],""candidate_count"":4,""sha256"":""f66d7c014081a6f3b2dbdb4895024c5bb109841faeb22296d444c9ccc6d3984a""},{""key"":[42,40,2],""candidate_count"":2,""sha256"":""099c19881fd38037f68ad02d9244c5ee8fecbbcbc39fde7d919d9e3d660b91ce""},{""key"":[46,14,1],""candidate_count"":5,""sha256"":""b2f31a24e817732e06c23b6f24b495f5856815fca3078bd83a50aa36c410c61e""}]","[{""key"":[4,16,3],""started_at"":11.047800428901063,""closed_at"":13.047800428901063,""candidate_paths"":[[4,30,16],[4,34,16],[4,47,18,16]],""selected_path"":[4,34,16]},{""key"":[8,39,4],""started_at"":17.363738543523162,""closed_at"":19.363738543523162,""candidate_paths"":[[8,13,39],[8,24,27,39],[8,38,6,39],[8,39]],""selected_path"":[8,39]},{""key"":[42,40,2],""started_at"":3.2346965419599223,""closed_at"":5.234696541959922,""candidate_paths"":[[42,43,40],[42,44,40]],""selected_path"":[42,44,40]},{""key"":[46,14,1],""started_at"":1.0,""closed_at"":3.0,""candidate_paths"":[[46,12,4,14],[46,14],[46,17,14],[46,22,42,14],[46,34,14]],""selected_path"":[46,14]}]",46,0,4,4,4.6,16ceb3e5fbeac8d116491daeff6866bc23ef1d945024dff6886a537463143976,7,2.75,0,connected-multihop,0.9,2,4,4,2.0,1,3,1,0.75,0.025510204081632654,0,1.3333333333333333,0.5986869604555719,0.9985622110828428,0.9999946754155578,0.9999999931854868,0.9999999999999553,0.16653061224489796,0.04244897959183674
minhop-mesh,39,600.0,46,46,0,0.5,0.586957,0.0,0.486061,0.334123,0.486061,2.143872,2.215808,27,23,0,296,57,239,38,21.293056,11.864645,0.019774,8.43205,33.913601,42.345652,1.841115,0.925785,0.334123,5226,9278,14504,0.360314,7321,0.504757,896,0,196,5,4,4,42,4,0,0,0.887785,0.807432,0,0,0.0,-1,0,0,0,icc2027_generalization_stale_fading,50,8250.0,4.0,unicast,poisson,0,4,21,4,"[{""key"":[4,16,3],""candidate_count"":3,""sha256"":""06b0242dd8148a77cdf2fb5f7a1b710978721c8038cfa42a8f5fe2ae65b444d6""},{""key"":[8,39,4],""candidate_count"":6,""sha256"":""d6ce022db2e1dfbf22ac8023e97c9f7fc39ab626cfcaee84a821f1067cdd32fd""},{""key"":[42,40,2],""candidate_count"":6,""sha256"":""c78b51bc04e65b445c2e304c14d5921a3282720a7a1c9e3c922931a492df4cab""},{""key"":[46,14,1],""candidate_count"":6,""sha256"":""52c4ddfed9029ff8c52804c2fb1f4c28a36a61763315d11e677073b3528caba8""}]","[{""key"":[4,16,3],""started_at"":11.047800428901063,""closed_at"":13.047800428901063,""candidate_paths"":[[4,2,20,16],[4,30,16],[4,34,16]],""selected_path"":[4,34,16]},{""key"":[8,39,4],""started_at"":17.363738543523162,""closed_at"":19.363738543523162,""candidate_paths"":[[8,9,18,39],[8,13,15,39],[8,13,39],[8,14,39],[8,31,19,39],[8,39]],""selected_path"":[8,39]},{""key"":[42,40,2],""started_at"":3.2346965419599223,""closed_at"":5.234696541959922,""candidate_paths"":[[42,0,40],[42,2,21,40],[42,7,40],[42,26,36,40],[42,26,40],[42,40]],""selected_path"":[42,40]},{""key"":[46,14,1],""started_at"":1.0,""closed_at"":3.0,""candidate_paths"":[[46,9,21,14],[46,14],[46,17,14],[46,22,18,14],[46,22,42,14],[46,34,14]],""selected_path"":[46,14]}]",46,0,4,4,4.6,16ceb3e5fbeac8d116491daeff6866bc23ef1d945024dff6886a537463143976,7,2.75,0,connected-multihop,0.9,2,4,4,2.0,1,4,1,1.0,0.025510204081632654,0,1.25,0.5986869604555719,0.9985622110828428,0.9999946754155578,0.9999999931854868,0.9999999999999553,0.16653061224489796,0.04244897959183674
meshecho,39,600.0,46,46,0,0.391304,0.391304,0.0,0.581113,0.465216,0.581113,2.165453,2.248179,18,18,0,275,45,230,29,19.7824,10.496106,0.017494,7.83383,31.419595,39.253425,2.180746,1.099022,0.465216,4383,9092,13475,0.325269,7261,0.53885,818,0,196,5,4,3,31,15,0,0,0.875661,0.836364,0,0,0.0,-1,0,0,0,icc2027_generalization_stale_fading,50,8250.0,4.0,unicast,poisson,0,4,22,4,"[{""key"":[4,16,3],""candidate_count"":3,""sha256"":""212dc00695b7b19cfe66f354871b8ddf79fdc535c12362a03600acf28f99536e""},{""key"":[8,39,4],""candidate_count"":6,""sha256"":""792fb07d0f4f65f19a9d03457dbb54bfe8a6f72ba2b260f62db313e412dd0c8d""},{""key"":[42,40,2],""candidate_count"":9,""sha256"":""8bec13c7388bbbbef98df5ccb35b8cdf137120471af184f8dfaeedfbaf7a9112""},{""key"":[46,14,1],""candidate_count"":4,""sha256"":""53975288de209c52f0e128adb9de2394e7a2b365b6bd8f40ff25dd1592972d10""}]","[{""key"":[4,16,3],""started_at"":11.047800428901063,""closed_at"":13.047800428901063,""candidate_paths"":[[4,30,16],[4,34,16],[4,42,5,16]],""selected_path"":[4,34,16]},{""key"":[8,39,4],""started_at"":17.363738543523162,""closed_at"":19.363738543523162,""candidate_paths"":[[8,1,39],[8,9,18,39],[8,13,39],[8,14,39],[8,31,19,39],[8,39]],""selected_path"":[8,39]},{""key"":[42,40,2],""started_at"":3.2346965419599223,""closed_at"":5.234696541959922,""candidate_paths"":[[42,0,30,40],[42,0,40],[42,22,37,40],[42,26,40],[42,32,28,7,40],[42,32,28,40],[42,32,40],[42,34,23,40],[42,40]],""selected_path"":[42,40]},{""key"":[46,14,1],""started_at"":1.0,""closed_at"":3.0,""candidate_paths"":[[46,14],[46,17,14],[46,22,18,14],[46,34,14]],""selected_path"":[46,14]}]",46,0,4,4,4.6,16ceb3e5fbeac8d116491daeff6866bc23ef1d945024dff6886a537463143976,7,2.75,0,connected-multihop,0.9,2,4,4,2.0,1,3,1,0.75,0.025510204081632654,0,1.3333333333333333,0.5986869604555719,0.9985622110828428,0.9999946754155578,0.9999999931854868,0.9999999999999553,0.16653061224489796,0.04244897959183674
meshtastic-like,40,600.0,49,49,0,0.489796,1.0,0.0,0.945121,0.89843,0.945121,1.63223,1.65054,49,24,0,683,610,73,73,49.132288,30.561669,0.050936,19.456386,79.793545,99.249931,4.135414,2.047179,0.89843,10955,22512,33467,0.327337,19335,0.577733,6795,2255,0,0,0,0,0,0,0,0,0.0,0.106881,0,0,0.0,-1,0,0,0,icc2027_generalization_stale_fading,50,8250.0,4.0,unicast,poisson,0,0,0,0,[],[],49,0,4,4,4.9,668c018561fc4a691a7d8efa0d4da6bf8a9d0bc35bcca411d9c53fe5a17be6dc,7,2.75,0,connected-multihop,0.9,2,4,4,2.0,1,0,0,0.0,0.0,0,0.0,0.1556859442368379,0.9918970401673821,0.9999745730362483,0.9999999758021579,0.9999999999999697,0.24326530612244898,0.08571428571428572
meshcore-like,40,600.0,49,49,0,0.183673,0.183673,0.0,0.374087,0.302151,0.374087,1.315098,1.387034,9,9,0,221,12,209,9,15.897856,6.722785,0.011205,6.295551,25.010975,31.306526,3.478503,1.766428,0.302151,2026,8803,10829,0.18709,7355,0.679195,826,0,196,4,4,1,11,38,0,0,0.0,0.945701,0,0,0.0,-1,0,0,0,icc2027_generalization_stale_fading,50,8250.0,4.0,unicast,poisson,0,4,18,4,"[{""key"":[12,3,1],""candidate_count"":4,""sha256"":""cc012f97974aa9d93a2218f28e8db5d7ab2d6bbc259f87e947684a87fa126ea8""},{""key"":[23,29,3],""candidate_count"":7,""sha256"":""dd194764d6ad8ea11403e5dd3c603645c5d7b1220119cf3fb16fb895bfc48cc4""},{""key"":[30,48,2],""candidate_count"":5,""sha256"":""0d2cdf5e35a6f2e28c8959989331d86e985493f497239d10587cf230c26d29f3""},{""key"":[39,46,4],""candidate_count"":2,""sha256"":""78f9a6ee6d4247f0203fb3152478f81fa7da54eb9793edfd8a35d1ee94be763c""}]","[{""key"":[12,3,1],""started_at"":1.0,""closed_at"":3.0,""candidate_paths"":[[12,7,3],[12,8,3],[12,15,3],[12,16,36,3]],""selected_path"":[12,7,3]},{""key"":[23,29,3],""started_at"":10.132530012523022,""closed_at"":12.132530012523022,""candidate_paths"":[[23,7,38,29],[23,17,6,29],[23,17,49,29],[23,20,29],[23,29],[23,35,21,29],[23,35,29]],""selected_path"":[23,29]},{""key"":[30,48,2],""started_at"":2.390160328296516,""closed_at"":4.390160328296516,""candidate_paths"":[[30,9,48],[30,26,48],[30,31,48],[30,40,46,48],[30,42,28,48]],""selected_path"":[30,9,48]},{""key"":[39,46,4],""started_at"":17.687138356398265,""closed_at"":19.687138356398265,""candidate_paths"":[[39,8,49,46],[39,18,7,46]],""selected_path"":[39,8,49,46]}]",49,0,4,4,4.9,668c018561fc4a691a7d8efa0d4da6bf8a9d0bc35bcca411d9c53fe5a17be6dc,7,2.75,0,connected-multihop,0.9,2,4,4,2.0,1,1,0,0.25,0.02040816326530612,0,1.0,0.1556859442368379,0.9918970401673821,0.9999745730362483,0.9999999758021579,0.9999999999999697,0.24326530612244898,0.08571428571428572
etx-mesh,40,600.0,49,49,0,0.571429,0.591837,0.0,0.325774,0.195474,0.325774,0.143872,0.287744,29,28,0,310,58,252,50,22.30016,12.794632,0.021324,8.830863,35.620284,44.451148,1.587541,0.796434,0.195474,5432,9758,15190,0.357604,7527,0.495523,786,0,196,6,4,3,33,16,0,0,0.33662,0.812903,0,0,0.0,-1,0,0,0,icc2027_generalization_stale_fading,50,8250.0,4.0,unicast,poisson,0,4,16,4,"[{""key"":[12,3,1],""candidate_count"":4,""sha256"":""cc012f97974aa9d93a2218f28e8db5d7ab2d6bbc259f87e947684a87fa126ea8""},{""key"":[23,29,3],""candidate_count"":5,""sha256"":""5dea46dc58aa6dbb68d0d27078b461fa8a586c6f55e2115142154b1f2f51f02a""},{""key"":[30,48,2],""candidate_count"":5,""sha256"":""0d2cdf5e35a6f2e28c8959989331d86e985493f497239d10587cf230c26d29f3""},{""key"":[39,46,4],""candidate_count"":2,""sha256"":""c3ed82721825e027084b1973fa2f783de5f87c226dc52a3d7ba7223bcba3d265""}]","[{""key"":[12,3,1],""started_at"":1.0,""closed_at"":3.0,""candidate_paths"":[[12,7,3],[12,8,3],[12,15,3],[12,16,36,3]],""selected_path"":[12,7,3]},{""key"":[23,29,3],""started_at"":10.132530012523022,""closed_at"":12.132530012523022,""candidate_paths"":[[23,22,37,29],[23,22,46,29],[23,29],[23,35,21,29],[23,35,29]],""selected_path"":[23,29]},{""key"":[30,48,2],""started_at"":2.390160328296516,""closed_at"":4.390160328296516,""candidate_paths"":[[30,9,48],[30,26,48],[30,31,48],[30,40,46,48],[30,42,28,48]],""selected_path"":[30,26,48]},{""key"":[39,46,4],""started_at"":17.687138356398265,""closed_at"":19.687138356398265,""candidate_paths"":[[39,17,20,46],[39,22,46]],""selected_path"":[39,22,46]}]",49,0,4,4,4.9,668c018561fc4a691a7d8efa0d4da6bf8a9d0bc35bcca411d9c53fe5a17be6dc,7,2.75,0,connected-multihop,0.9,2,4,4,2.0,1,3,2,0.75,0.030612244897959183,0,1.6666666666666667,0.1556859442368379,0.9918970401673821,0.9999745730362483,0.9999999758021579,0.9999999999999697,0.24326530612244898,0.08571428571428572
ett-mesh,40,600.0,49,49,0,0.571429,0.591837,0.0,0.325774,0.195474,0.325774,0.143872,0.287744,29,28,0,310,58,252,50,22.30016,12.794632,0.021324,8.830863,35.620284,44.451148,1.587541,0.796434,0.195474,5432,9758,15190,0.357604,7527,0.495523,786,0,196,6,4,3,33,16,0,0,0.84676,0.812903,0,0,0.0,-1,0,0,0,icc2027_generalization_stale_fading,50,8250.0,4.0,unicast,poisson,0,4,16,4,"[{""key"":[12,3,1],""candidate_count"":4,""sha256"":""cc012f97974aa9d93a2218f28e8db5d7ab2d6bbc259f87e947684a87fa126ea8""},{""key"":[23,29,3],""candidate_count"":5,""sha256"":""5dea46dc58aa6dbb68d0d27078b461fa8a586c6f55e2115142154b1f2f51f02a""},{""key"":[30,48,2],""candidate_count"":5,""sha256"":""0d2cdf5e35a6f2e28c8959989331d86e985493f497239d10587cf230c26d29f3""},{""key"":[39,46,4],""candidate_count"":2,""sha256"":""c3ed82721825e027084b1973fa2f783de5f87c226dc52a3d7ba7223bcba3d265""}]","[{""key"":[12,3,1],""started_at"":1.0,""closed_at"":3.0,""candidate_paths"":[[12,7,3],[12,8,3],[12,15,3],[12,16,36,3]],""selected_path"":[12,7,3]},{""key"":[23,29,3],""started_at"":10.132530012523022,""closed_at"":12.132530012523022,""candidate_paths"":[[23,22,37,29],[23,22,46,29],[23,29],[23,35,21,29],[23,35,29]],""selected_path"":[23,29]},{""key"":[30,48,2],""started_at"":2.390160328296516,""closed_at"":4.390160328296516,""candidate_paths"":[[30,9,48],[30,26,48],[30,31,48],[30,40,46,48],[30,42,28,48]],""selected_path"":[30,26,48]},{""key"":[39,46,4],""started_at"":17.687138356398265,""closed_at"":19.687138356398265,""candidate_paths"":[[39,17,20,46],[39,22,46]],""selected_path"":[39,22,46]}]",49,0,4,4,4.9,668c018561fc4a691a7d8efa0d4da6bf8a9d0bc35bcca411d9c53fe5a17be6dc,7,2.75,0,connected-multihop,0.9,2,4,4,2.0,1,3,2,0.75,0.030612244897959183,0,1.6666666666666667,0.1556859442368379,0.9918970401673821,0.9999745730362483,0.9999999758021579,0.9999999999999697,0.24326530612244898,0.08571428571428572
minhop-mesh,40,600.0,49,49,0,0.326531,0.326531,0.0,0.336312,0.232904,0.336312,0.643872,0.76976,16,16,0,256,31,225,23,18.415616,9.278828,0.015465,7.292584,29.192104,36.484688,2.280293,1.150976,0.232904,3566,8978,12544,0.284279,7255,0.578364,969,0,196,6,4,2,22,27,0,0,0.840774,0.878906,0,0,0.0,-1,0,0,0,icc2027_generalization_stale_fading,50,8250.0,4.0,unicast,poisson,0,4,22,4,"[{""key"":[12,3,1],""candidate_count"":6,""sha256"":""1fa96bb1a5eb07b92905333c84d304927d0c6b051d4b2b23d67b57d3b755fb67""},{""key"":[23,29,3],""candidate_count"":6,""sha256"":""e88b09eef7c26093165f383162e927b1f05e1cbea2554c116d69638711e70717""},{""key"":[30,48,2],""candidate_count"":6,""sha256"":""0ea87a41226c1a131f9e9ea66230c374f51c0e2075ced6ca01e4be18355e7231""},{""key"":[39,46,4],""candidate_count"":4,""sha256"":""4c071ac530a04d2e1d90440b77eeb6a7cee965c1c65915131a19eafecc303621""}]","[{""key"":[12,3,1],""started_at"":1.0,""closed_at"":3.0,""candidate_paths"":[[12,7,3],[12,8,3],[12,15,3],[12,16,36,3],[12,37,17,3],[12,46,3]],""selected_path"":[12,8,3]},{""key"":[23,29,3],""started_at"":10.132530012523022,""closed_at"":12.132530012523022,""candidate_paths"":[[23,2,21,29],[23,8,29],[23,15,29],[23,20,29],[23,29],[23,49,29]],""selected_path"":[23,29]},{""key"":[30,48,2],""started_at"":2.390160328296516,""closed_at"":4.390160328296516,""candidate_paths"":[[30,1,23,48],[30,1,28,48],[30,1,48],[30,26,35,48],[30,26,48],[30,42,48]],""selected_path"":[30,26,48]},{""key"":[39,46,4],""started_at"":17.687138356398265,""closed_at"":19.687138356398265,""candidate_paths"":[[39,15,46],[39,16,46],[39,31,45,46],[39,35,46]],""selected_path"":[39,15,46]}]",49,0,4,4,4.9,668c018561fc4a691a7d8efa0d4da6bf8a9d0bc35bcca411d9c53fe5a17be6dc,7,2.75,0,connected-multihop,0.9,2,4,4,2.0,1,2,1,0.5,0.030612244897959183,0,1.5,0.1556859442368379,0.9918970401673821,0.9999745730362483,0.9999999758021579,0.9999999999999697,0.24326530612244898,0.08571428571428572
meshecho,40,600.0,49,49,0,0.632653,0.653061,0.0,0.377786,0.21986,0.377786,0.215808,0.431616,32,31,0,342,71,271,67,24.602112,15.10338,0.025172,9.742436,39.427312,49.169749,1.586121,0.793617,0.21986,7039,9719,16758,0.420038,7356,0.438955,905,0,196,8,4,3,33,16,0,0,0.805413,0.792398,0,0,0.0,-1,0,0,0,icc2027_generalization_stale_fading,50,8250.0,4.0,unicast,poisson,0,4,20,4,"[{""key"":[12,3,1],""candidate_count"":6,""sha256"":""550a4be4daf1e24feb798ba1e05bf1bd82ab7e5ec16b71feec7dbee4ebebc3fb""},{""key"":[23,29,3],""candidate_count"":5,""sha256"":""f6c9b2c16de2819cb124c97efbd1a87ea6f624b5f1c6db32c6989594bdde42c2""},{""key"":[30,48,2],""candidate_count"":6,""sha256"":""601ac9761c5939140ec0172d56fbf319ecd18cd9548d54b5e0785de651614c03""},{""key"":[39,46,4],""candidate_count"":3,""sha256"":""5ae63b1fd6d332d13b482db2bce0bf39994edd54da13641ce134283b44c88ffe""}]","[{""key"":[12,3,1],""started_at"":1.0,""closed_at"":3.0,""candidate_paths"":[[12,7,3],[12,8,3],[12,15,3],[12,16,36,3],[12,24,19,3],[12,37,17,3]],""selected_path"":[12,8,3]},{""key"":[23,29,3],""started_at"":10.132530012523022,""closed_at"":12.132530012523022,""candidate_paths"":[[23,2,21,29],[23,15,29],[23,20,29],[23,29],[23,49,29]],""selected_path"":[23,29]},{""key"":[30,48,2],""started_at"":2.390160328296516,""closed_at"":4.390160328296516,""candidate_paths"":[[30,1,48],[30,6,36,48],[30,11,48],[30,42,28,48],[30,42,48],[30,44,10,48]],""selected_path"":[30,1,48]},{""key"":[39,46,4],""started_at"":17.687138356398265,""closed_at"":19.687138356398265,""candidate_paths"":[[39,18,7,46],[39,37,22,46],[39,40,45,46]],""selected_path"":[39,18,7,46]}]",49,0,4,4,4.9,668c018561fc4a691a7d8efa0d4da6bf8a9d0bc35bcca411d9c53fe5a17be6dc,7,2.75,0,connected-multihop,0.9,2,4,4,2.0,1,3,2,0.75,0.04081632653061224,0,2.0,0.1556859442368379,0.9918970401673821,0.9999745730362483,0.9999999758021579,0.9999999999999697,0.24326530612244898,0.08571428571428572
